# TUFS Basic Japanese Wordnet	jpn	http://www.coelang.tufs.ac.jp/mt/ja/	CC BY 4.0
05755883-n	jpn:lemma	勉強
05755883-n	jpn:exe	先週は　忙しかったので、　勉強が　できませんでした。
04971928-n	jpn:lemma	茶色
04971928-n	jpn:exe	木村さんの　髪の　色は　茶色です。
15163797-n	jpn:lemma	日曜日
15163797-n	jpn:exe	日曜日に　テニスを　します。
15043763-n	jpn:lemma	雪
15043763-n	jpn:exe	雪が　降っても、　学校に　行きます。
00251013-n	jpn:lemma	掃除
00251013-n	jpn:exe	家へ　帰ったら　掃除を　しようと　思います。
08058098-n	jpn:lemma	会社
08058098-n	jpn:exe	林さんは　コンピューターの　会社で　働いて　います。
01382086-a	jpn:lemma	大きい
01382086-a	jpn:exe	わたしの　家の　犬は　大きいです。
01453084-a	jpn:lemma	大きい
01453084-a	jpn:exe	わたしの　家の　犬は　大きいです。
00527870-a	jpn:lemma	大きい
00527870-a	jpn:exe	わたしの　家の　犬は　大きいです。
01677433-a	jpn:lemma	大きい
01677433-a	jpn:exe	わたしの　家の　犬は　大きいです。
10129825-n	jpn:lemma	お姉さん
10129825-n	jpn:exe	木村さんの　お姉さんは　とても　きれいな　人です。
00065495-v	jpn:lemma	元気
00065495-v	jpn:exe	山田さんは　とても　元気な　人です。
80001734-n	jpn:lemma	授業
80001734-n	jpn:exe	あしたは　授業が　ないから、　学校へ　行きません。
00889472-n	jpn:lemma	授業
00889472-n	jpn:exe	あしたは　授業が　ないから、　学校へ　行きません。
02608347-v	jpn:lemma	始まります
02608347-v	jpn:exe	朝　九時から　授業が　始まります。
03623556-n	jpn:lemma	ナイフ
03623556-n	jpn:exe	フランス料理は　ナイフと　フォークを　使って　食べます。
03624134-n	jpn:lemma	ナイフ
03624134-n	jpn:exe	フランス料理は　ナイフと　フォークを　使って　食べます。
01776727-v	jpn:lemma	嫌い
01776727-v	jpn:exe	わたしは　掃除や　洗濯が　嫌いです。
01774136-v	jpn:lemma	嫌い
01774136-v	jpn:exe	わたしは　掃除や　洗濯が　嫌いです。
02783161-n	jpn:lemma	ボールペン
02783161-n	jpn:exe	ボールペンを　持って　こなかった　人は、　えんぴつでも　いいです。
02632567-v	jpn:lemma	欲しい
02632567-v	jpn:exe	わたしは　日本語の　辞書が　欲しいです。
01579608-a	jpn:lemma	すぐ／すぐに
01579608-a	jpn:exe	妻は　すぐに　帰って　来ます。
03427296-n	jpn:lemma	門
03427296-n	jpn:exe	家の　門の　前に　猫が　います。
04026417-n	jpn:lemma	財布
04026417-n	jpn:exe	きのう、　新しい　財布を　買いました。
11456462-n	jpn:lemma	晴れ
11456462-n	jpn:exe	東京は　晴れでした。
90000501-n	jpn:lemma	去年
90000501-n	jpn:exe	去年から　勉強して　います。
77000072-n	jpn:lemma	こちら
77000072-n	jpn:exe	こちらは　小林さんです。
08489497-n	jpn:lemma	こちら
08489497-n	jpn:exe	こちらは　小林さんです。
03561345-n	jpn:lemma	絵
03561345-n	jpn:exe	この　絵は　色が　きれいです。
03234306-n	jpn:lemma	絵
03234306-n	jpn:exe	この　絵は　色が　きれいです。
03876519-n	jpn:lemma	絵
03876519-n	jpn:exe	この　絵は　色が　きれいです。
07110615-n	jpn:lemma	声
07110615-n	jpn:exe	松井さんは　声が　大きいです。
05202284-n	jpn:lemma	声
05202284-n	jpn:exe	松井さんは　声が　大きいです。
09411430-n	jpn:lemma	川
09411430-n	jpn:exe	うちは　あの　川の　向こうに　あります。
15236859-n	jpn:lemma	秋
15236859-n	jpn:exe	夏が　終わると、　秋が　来ます。
02242464-v	jpn:lemma	売ります
02242464-v	jpn:exe	あの　店は　おいしい　お菓子を　売って　います。
00271022-a	jpn:lemma	明るい
00271022-a	jpn:exe	この　教室は　明るくて、　きれいです。
00396523-a	jpn:lemma	明るい
00396523-a	jpn:exe	この　教室は　明るくて、　きれいです。
00269989-a	jpn:lemma	明るい
00269989-a	jpn:exe	この　教室は　明るくて、　きれいです。
00278551-a	jpn:lemma	明るい
00278551-a	jpn:exe	この　教室は　明るくて、　きれいです。
02924116-n	jpn:lemma	バス
02924116-n	jpn:exe	バスで　学校に　行きます。
01614426-v	jpn:lemma	はります
01614426-v	jpn:exe	封筒に　切手を　はります。
80001230-x	jpn:lemma	ええ
80001230-x	jpn:exe	ええ、　好きです。
01184932-a	jpn:lemma	重い
01184932-a	jpn:exe	この　かばんは　大きくて、　重いです。
07881800-n	jpn:lemma	飲み物
07881800-n	jpn:exe	来週　そちらへ　行く　とき、　飲み物を　買って　いきます。　
01119192-a	jpn:lemma	上手
01119192-a	jpn:exe	松井さんは　料理が　上手です。
02226162-a	jpn:lemma	上手
02226162-a	jpn:exe	松井さんは　料理が　上手です。
01838916-a	jpn:lemma	上手
01838916-a	jpn:exe	松井さんは　料理が　上手です。
03467517-n	jpn:lemma	ギター
03467517-n	jpn:exe	松井さんは　ギターを　弾く　ことが　できます。
03613294-n	jpn:lemma	かぎ
03613294-n	jpn:exe	これは　わたしの　家の　かぎです。
01553629-a	jpn:lemma	多い
01553629-a	jpn:exe	この　学校は　留学生が　多いです。
01551633-a	jpn:lemma	多い
01551633-a	jpn:exe	この　学校は　留学生が　多いです。
01552419-a	jpn:lemma	多い
01552419-a	jpn:exe	この　学校は　留学生が　多いです。
00127137-a	jpn:lemma	古い
00127137-a	jpn:exe	日本の　古い　映画です。
01638438-a	jpn:lemma	古い
01638438-a	jpn:exe	日本の　古い　映画です。
01729384-a	jpn:lemma	古い
01729384-a	jpn:exe	日本の　古い　映画です。
10694258-n	jpn:lemma	先生
10694258-n	jpn:exe	きょうは　先生が　病気で、　授業が　休みに　なりました。
07859284-n	jpn:lemma	砂糖
07859284-n	jpn:exe	わたしは　砂糖を　入れて、　コーヒーを　飲みます。
09605289-n	jpn:lemma	大人
09605289-n	jpn:exe	大人に　なったら、　お酒を　飲む　ことが　できます。
04081281-n	jpn:lemma	レストラン
04081281-n	jpn:exe	きょうは　レストランで　晩ごはんを　食べます。
04081281-n	jpn:lemma	食堂
04081281-n	jpn:exe	朝　七時に　起きて、　食堂で　朝ごはんを　食べて、　８時から　練習します。
10448983-n	jpn:lemma	警官
10448983-n	jpn:exe	わたしは　警官に　名前を　聞かれました。
10448983-n	jpn:lemma	おまわりさん
10448983-n	jpn:exe	おまわりさんが　駅までの　道を　教えて　くれました。
90000507-n	jpn:lemma	今週
90000507-n	jpn:exe	今週、　日本語の　授業は　休みです。
02686568-n	jpn:lemma	飛行機
02686568-n	jpn:exe	飛行機で　東京と　大阪を　行ったり　来たり　します。
02691156-n	jpn:lemma	飛行機
02691156-n	jpn:exe	飛行機で　東京と　大阪を　行ったり　来たり　します。
08420278-n	jpn:lemma	銀行
08420278-n	jpn:exe	銀行は　午前　九時から　午後　三時までです。
02787772-n	jpn:lemma	銀行
02787772-n	jpn:exe	銀行は　午前　九時から　午後　三時までです。
02018049-v	jpn:lemma	乗ります
02018049-v	jpn:exe	飛行機に　乗ります。
02324026-v	jpn:lemma	借ります
02324026-v	jpn:exe	山田さんに　お金を　借ります。
01447257-v	jpn:lemma	押します
01447257-v	jpn:exe	お金を　入れて、　ボタンを　押します。
02398378-a	jpn:lemma	辛い
02398378-a	jpn:exe	いいえ、　辛くないです。
02397732-a	jpn:lemma	辛い
02397732-a	jpn:exe	いいえ、　辛くないです。
06628228-n	jpn:lemma	はがき
06628228-n	jpn:exe	松井さんに　はがきを　出します。
06627938-n	jpn:lemma	はがき
06627938-n	jpn:exe	松井さんに　はがきを　出します。
03959485-n	jpn:lemma	お皿
03959485-n	jpn:exe	新しい　お皿を　使います。
00393105-a	jpn:lemma	白い
00393105-a	jpn:exe	きのう　デパートで　白い　靴を　買いました。
08625073-n	jpn:lemma	右
08625073-n	jpn:exe	田中さんの　右に　山田さんが　います。
02728440-n	jpn:lemma	洋服
02728440-n	jpn:exe	デパートで　新しい　洋服を　買いました。
15165289-n	jpn:lemma	朝
15165289-n	jpn:exe	いつも　朝　八時の　電車に　乗ります。
15165289-n	jpn:lemma	午前
15165289-n	jpn:exe	今、　午前　七時です。
00109151-r	jpn:lemma	そちら
00109151-r	jpn:exe	そちらは　イさんです。
03720163-n	jpn:lemma	地図
03720163-n	jpn:exe	道が　分からなかったので、　地図を　見ました。
00024996-a	jpn:lemma	新しい
00024996-a	jpn:exe	先生から　聞きましたが、　来月から　新しい　生徒が　来るそうです。
01642477-a	jpn:lemma	新しい
01642477-a	jpn:exe	先生から　聞きましたが、　来月から　新しい　生徒が　来るそうです。
01641648-a	jpn:lemma	新しい
01641648-a	jpn:exe	先生から　聞きましたが、　来月から　新しい　生徒が　来るそうです。
01687167-a	jpn:lemma	新しい
01687167-a	jpn:exe	先生から　聞きましたが、　来月から　新しい　生徒が　来るそうです。
02584699-a	jpn:lemma	新しい
02584699-a	jpn:exe	先生から　聞きましたが、　来月から　新しい　生徒が　来るそうです。
01686439-a	jpn:lemma	新しい
01686439-a	jpn:exe	先生から　聞きましたが、　来月から　新しい　生徒が　来るそうです。
02070491-a	jpn:lemma	新しい
02070491-a	jpn:exe	先生から　聞きましたが、　来月から　新しい　生徒が　来るそうです。
02013758-a	jpn:lemma	新しい
02013758-a	jpn:exe	先生から　聞きましたが、　来月から　新しい　生徒が　来るそうです。
01640850-a	jpn:lemma	新しい
01640850-a	jpn:exe	先生から　聞きましたが、　来月から　新しい　生徒が　来るそうです。
00894552-n	jpn:lemma	練習
00894552-n	jpn:exe	月曜日と　水曜日と　金曜日に　サッカーの　練習が　あります。
01292683-a	jpn:lemma	好き
01292683-a	jpn:exe	母は　料理が　好きです。
01777210-v	jpn:lemma	好き
01777210-v	jpn:exe	母は　料理が　好きです。
03038685-n	jpn:lemma	教室
03038685-n	jpn:exe	教室から　出ます。
00296131-r	jpn:lemma	たぶん
00296131-r	jpn:exe	林さんは　たぶん　その　ニュースを　知って　います。　
00154449-r	jpn:lemma	たぶん
00154449-r	jpn:exe	林さんは　たぶん　その　ニュースを　知って　います。　
03001627-n	jpn:lemma	いす
03001627-n	jpn:exe	いすに　座って、　話を　します。
01734929-v	jpn:lemma	コピーします
01734929-v	jpn:exe	これを　五枚　コピーします。
01914947-v	jpn:lemma	走ります
01914947-v	jpn:exe	田中さんが　走って　いるのを　見ました。
01926311-v	jpn:lemma	走ります
01926311-v	jpn:exe	田中さんが　走って　いるのを　見ました。
02005496-v	jpn:lemma	帰ります
02005496-v	jpn:exe	きょうは　もう　家へ　帰ります。
04379243-n	jpn:lemma	テーブル
04379243-n	jpn:exe	テーブルの　上に　花瓶が　あります。
04298308-n	jpn:lemma	階段
04298308-n	jpn:exe	エレベーターに　乗らないで、　階段を　使います。
00037919-v	jpn:lemma	浴びます
00037919-v	jpn:exe	毎晩　シャワーを　浴びてから、　寝ます。
01532589-v	jpn:lemma	掃除します
01532589-v	jpn:exe	家へ　帰ったら、　掃除しようと　思います。
01533442-v	jpn:lemma	掃除します
01533442-v	jpn:exe	家へ　帰ったら、　掃除しようと　思います。
07663592-n	jpn:lemma	牛肉
07663592-n	jpn:exe	牛肉は　肉の　中で　一番　高いです。
08182962-n	jpn:lemma	大勢
08182962-n	jpn:exe	パーティーに　人が　大勢　来ました。
08182379-n	jpn:lemma	大勢
08182379-n	jpn:exe	パーティーに　人が　大勢　来ました。
80000079-n	jpn:lemma	先月
80000079-n	jpn:exe	先月　海外へ　旅行に　行きました。
10020890-n	jpn:lemma	医者
10020890-n	jpn:exe	山田さんは、　お父さんが　医者です。
10305802-n	jpn:lemma	医者
10305802-n	jpn:exe	山田さんは、　お父さんが　医者です。
03710193-n	jpn:lemma	ポスト
03710193-n	jpn:exe	郵便局の　前や　駅の　そばに　ポストが　あります。
03989074-n	jpn:lemma	ポスト
03989074-n	jpn:exe	郵便局の　前や　駅の　そばに　ポストが　あります。
04489008-n	jpn:lemma	ズボン
04489008-n	jpn:exe	この　ズボンは　わたしには　小さいので、　はけません。
04230808-n	jpn:lemma	スカート
04230808-n	jpn:exe	小林さんは　スカートより　ズボンの　ほうが　好きです。
08544813-n	jpn:lemma	国 (brk:1)
08544813-n	jpn:exe	日本は　狭い　国です。
08490199-n	jpn:lemma	国 (brk:1)
08490199-n	jpn:exe	日本は　狭い　国です。
00081737-r	jpn:lemma	毎年
00081737-r	jpn:exe	毎年　家族で　旅行に　行きます。
05538625-n	jpn:lemma	頭
05538625-n	jpn:exe	木村さんは　とても　頭が　いいです。
02418686-v	jpn:lemma	遊びます
02418686-v	jpn:exe	きのう　一日　勉強したので、　きょうは　遊びます。
04965661-n	jpn:lemma	黄色
04965661-n	jpn:exe	誕生日に　黄色の　ハンカチを　もらいました。
02561888-a	jpn:lemma	狭い
02561888-a	jpn:exe	この　町は　道が　狭いです。
00476663-a	jpn:lemma	狭い
00476663-a	jpn:exe	この　町は　道が　狭いです。
00009966-r	jpn:lemma	どうぞ
00009966-r	jpn:exe	つまらない　ものですけど、　どうぞ。
10103485-n	jpn:lemma	外国人
10103485-n	jpn:exe	外国人と　話すのは　とても　楽しいです。
02958343-n	jpn:lemma	自動車
02958343-n	jpn:exe	これは　自動車の　雑誌です。
10332385-n	jpn:lemma	母
10332385-n	jpn:exe	母に　誕生日の　プレゼントを　あげました。
10332385-n	jpn:lemma	お母さん
10332385-n	jpn:exe	山田さんの　お母さんは　料理が　とても　上手です。
02410855-v	jpn:lemma	働きます
02410855-v	jpn:exe	山田さんは、　お父さんが　よく　働きます。
07668702-n	jpn:lemma	ぶた肉
07668702-n	jpn:exe	わたしは　ぶた肉が　食べられません。
00081836-n	jpn:lemma	買い物
00081836-n	jpn:exe	スーパーで　晩ごはんの　買い物を　しました。
04203889-n	jpn:lemma	買い物
04203889-n	jpn:exe	スーパーで　晩ごはんの　買い物を　しました。
13836136-n	jpn:lemma	西
13836136-n	jpn:exe	ここから　少し　西へ　行くと、　海が　あります。
02368336-a	jpn:lemma	甘い
02368336-a	jpn:exe	この　お菓子は　甘いです。
04254777-n	jpn:lemma	靴下
04254777-n	jpn:exe	この　靴下は、　じょうぶで　安いです。
01845229-v	jpn:lemma	旅行します
01845229-v	jpn:exe	来年　海外を　旅行しようと　思って　います。
01846916-v	jpn:lemma	旅行します
01846916-v	jpn:exe	来年　海外を　旅行しようと　思って　います。
01845720-v	jpn:lemma	旅行します
01845720-v	jpn:exe	来年　海外を　旅行しようと　思って　います。
10112591-n	jpn:lemma	友達
10112591-n	jpn:exe	友達と　ヨーロッパを　旅行しようと　思って　ます。
08588294-n	jpn:lemma	中
08588294-n	jpn:exe	箱の　中に　小さい　犬が　います。
08588152-n	jpn:lemma	中
08588152-n	jpn:exe	箱の　中に　小さい　犬が　います。
77000021-n	jpn:lemma	あなた
77000021-n	jpn:exe	あなたの　お仕事は　何ですか。
02771169-v	jpn:lemma	晴れます
02771169-v	jpn:exe	あした　晴れたら、　テニスを　しましょう。
77000061-a	jpn:lemma	この
77000061-a	jpn:exe	この　建物は　古くて、　有名です。
80001619-a	jpn:lemma	この
80001619-a	jpn:exe	この　建物は　古くて、　有名です。
77000075-a	jpn:lemma	この
77000075-a	jpn:exe	この　建物は　古くて、　有名です。
04018667-n	jpn:lemma	お手洗い
04018667-n	jpn:exe	お手洗いは　二階に　あります。
08649345-n	jpn:lemma	横
08649345-n	jpn:exe	この　箱は　縦が　短くて、　横が　長いです。
08649345-n	jpn:lemma	そば
08649345-n	jpn:exe	松井さんの　うちは　わたしの　うちの　そばです。
08649345-n	jpn:lemma	隣
08649345-n	jpn:exe	その　喫茶店は　本屋の　隣に　あります。
05136150-n	jpn:lemma	横
05136150-n	jpn:exe	この　箱は　縦が　短くて、　横が　長いです。
15165490-n	jpn:lemma	昼
15165490-n	jpn:exe	毎日　昼は　一時間　休みます。
04272054-n	jpn:lemma	眼鏡
04272054-n	jpn:exe	あの　眼鏡を　かけて　いる　人は　松井さんです。
80000746-n	jpn:lemma	漢字
80000746-n	jpn:exe	わたしは　漢字が　書けます。
10287213-n	jpn:lemma	男
10287213-n	jpn:exe	あの　男の　人は　背が　高くて、　足が　長いです。
09624168-n	jpn:lemma	男
09624168-n	jpn:exe	あの　男の　人は　背が　高くて、　足が　長いです。
15164105-n	jpn:lemma	火曜日
15164105-n	jpn:exe	火曜日までに　本を　返さなければ　なりません。
77000099-n	jpn:lemma	みんな
77000099-n	jpn:exe	みんな、　この　大学の　学生です。
00479391-v	jpn:lemma	消します
00479391-v	jpn:exe	寝る　前に　電気を　消します。
08489627-n	jpn:lemma	あっち
08489627-n	jpn:exe	食堂は　あっちの　建物に　あります。
01168468-v	jpn:lemma	食べます
01168468-v	jpn:exe	ケーキを　食べたのは　山田さんです。
01166351-v	jpn:lemma	食べます
01166351-v	jpn:exe	ケーキを　食べたのは　山田さんです。
01179865-v	jpn:lemma	食べます
01179865-v	jpn:exe	ケーキを　食べたのは　山田さんです。
02818832-n	jpn:lemma	ベッド
02818832-n	jpn:exe	わたしは　いつも　ベッドで　寝ます。
90000503-n	jpn:lemma	来年
90000503-n	jpn:exe	来年から　兄は　銀行に　勤めます。
08168367-n	jpn:lemma	外国
08168367-n	jpn:exe	あの　電話で　外国に　電話が　できますか。
02560548-a	jpn:lemma	広い
02560548-a	jpn:exe	わたしの　部屋は　あまり　広くありません。
01384212-a	jpn:lemma	広い
01384212-a	jpn:exe	わたしの　部屋は　あまり　広くありません。
01031256-v	jpn:lemma	出します
01031256-v	jpn:exe	答えを　書いた　紙を　出して　ください。
01995211-v	jpn:lemma	出します
01995211-v	jpn:exe	答えを　書いた　紙を　出して　ください。
00255710-n	jpn:lemma	洗濯
00255710-n	jpn:exe	あしたの　朝　洗濯を　しなければ　なりません。
07110457-n	jpn:lemma	話
07110457-n	jpn:exe	松井さんは　小林さんと　話を　して　います。
00893243-n	jpn:lemma	話
00893243-n	jpn:exe	松井さんは　小林さんと　話を　して　います。
07221094-n	jpn:lemma	話
07221094-n	jpn:exe	松井さんは　小林さんと　話を　して　います。
07139316-n	jpn:lemma	話
07139316-n	jpn:exe	松井さんは　小林さんと　話を　して　います。
00031798-r	jpn:lemma	もう(1)
00031798-r	jpn:exe	くすりを　飲みましたから、　もう　だいじょうぶです。
07555863-n	jpn:lemma	食べ物
07555863-n	jpn:exe	すきな　食べ物は　何ですか。
07560652-n	jpn:lemma	食べ物
07560652-n	jpn:exe	すきな　食べ物は　何ですか。
00157412-r	jpn:lemma	時々
00157412-r	jpn:exe	木村さんは　時々　晩ごはんを　作ります。
00021212-r	jpn:lemma	時々
00021212-r	jpn:exe	木村さんは　時々　晩ごはんを　作ります。
03740161-n	jpn:lemma	薬
03740161-n	jpn:exe	かぜを　ひいたので、　薬を　飲みます。
02318272-a	jpn:lemma	まっすぐ
02318272-a	jpn:exe	駅を　出て、　あの　道を　まっすぐ　行って　ください。
02310895-a	jpn:lemma	まっすぐ
02310895-a	jpn:exe	駅を　出て、　あの　道を　まっすぐ　行って　ください。
02314584-a	jpn:lemma	まっすぐ
02314584-a	jpn:exe	駅を　出て、　あの　道を　まっすぐ　行って　ください。
10787470-n	jpn:lemma	女
10787470-n	jpn:exe	あの　きれいな　女の　人は　木村さんです。
04404997-n	jpn:lemma	カメラ
04404997-n	jpn:exe	新しい　カメラを　買いました。
02942699-n	jpn:lemma	カメラ
02942699-n	jpn:exe	新しい　カメラを　買いました。
04370048-n	jpn:lemma	セーター
04370048-n	jpn:exe	暑いので、　セーターを　脱ぎます。
02626604-v	jpn:lemma	なります
02626604-v	jpn:exe	夏に　なると、　暑く　なります。
02623529-v	jpn:lemma	なります
02623529-v	jpn:exe	夏に　なると、　暑く　なります。
04398497-n	jpn:lemma	喫茶店
04398497-n	jpn:exe	学校が　終わってから、　友達と　喫茶店で　お茶を　飲みました。
00081591-r	jpn:lemma	毎週
00081591-r	jpn:exe	毎週　土曜日、　サッカーの　練習を　します。
01535246-v	jpn:lemma	洗います
01535246-v	jpn:exe	おふろで　体を　洗います。
01535246-v	jpn:lemma	洗濯します
01535246-v	jpn:exe	あしたの　朝　洗濯しなければ　なりません。
00036362-v	jpn:lemma	洗います
00036362-v	jpn:exe	おふろで　体を　洗います。
01536168-v	jpn:lemma	洗います
01536168-v	jpn:exe	おふろで　体を　洗います。
00606093-v	jpn:lemma	練習します
00606093-v	jpn:exe	たくさん　練習すれば、　日本語が　上手に　なります。
01723224-v	jpn:lemma	練習します
01723224-v	jpn:exe	たくさん　練習すれば、　日本語が　上手に　なります。
15156187-n	jpn:lemma	きのう
15156187-n	jpn:exe	きのう　母に　手紙を　出しました。
01919428-a	jpn:lemma	静か
01919428-a	jpn:exe	山田さんは　いつも　元気ですけれども、　きょうは　静かです。
01918984-a	jpn:lemma	静か
01918984-a	jpn:exe	山田さんは　いつも　元気ですけれども、　きょうは　静かです。
04437953-n	jpn:lemma	時計
04437953-n	jpn:exe	この　時計は　きっと　高いに　ちがいありません。
03046257-n	jpn:lemma	時計
03046257-n	jpn:exe	この　時計は　きっと　高いに　ちがいありません。
00842199-a	jpn:lemma	強い
00842199-a	jpn:exe	ブラジルは　サッカーが　とても　強い　国です。
15163979-n	jpn:lemma	月曜日
15163979-n	jpn:exe	月曜日は　朝から　学校へ　行きます。
00059413-r	jpn:lemma	よく(1)
00059413-r	jpn:exe	木村さんと　よく　あの　喫茶店へ　行きます。
00035058-r	jpn:lemma	よく(1)
00035058-r	jpn:exe	木村さんと　よく　あの　喫茶店へ　行きます。
05687338-n	jpn:lemma	問題
05687338-n	jpn:exe	問題は　十五ページに　書いて　あります。
06784003-n	jpn:lemma	問題
06784003-n	jpn:exe	問題は　十五ページに　書いて　あります。
03281145-n	jpn:lemma	エレベーター
03281145-n	jpn:exe	あそこに　エレベーターが　あります。
05320899-n	jpn:lemma	耳
05320899-n	jpn:exe	あの　犬は　耳が　大きいです。
00007846-n	jpn:lemma	だれか
00007846-n	jpn:exe	だれか　わたしの　ボールペンを　持って　いませんか。
03436182-n	jpn:lemma	ラジカセ
03436182-n	jpn:exe	ラジカセは　ラジオも　音楽も　聞く　ことが　できます。
04284002-n	jpn:lemma	スプーン
04284002-n	jpn:exe	スプーンで　コーヒーに　砂糖を　入れます。
13134947-n	jpn:lemma	果物
13134947-n	jpn:exe	わたしは　毎朝　野菜と　果物を　食べます。
11683989-n	jpn:lemma	果物
11683989-n	jpn:exe	わたしは　毎朝　野菜と　果物を　食べます。
02730813-v	jpn:lemma	言います
02730813-v	jpn:exe	朝　起きた　ときには　「おはよう　ございます」と　言います。
01009240-v	jpn:lemma	言います
01009240-v	jpn:exe	朝　起きた　ときには　「おはよう　ございます」と　言います。
00941990-v	jpn:lemma	言います
00941990-v	jpn:exe	朝　起きた　ときには　「おはよう　ございます」と　言います。
00979870-v	jpn:lemma	言います
00979870-v	jpn:exe	朝　起きた　ときには　「おはよう　ございます」と　言います。
09854218-n	jpn:lemma	姉
09854218-n	jpn:exe	今　姉は　東京に　一人で　住んで　います。
04507155-n	jpn:lemma	傘
04507155-n	jpn:exe	電車に　傘を　忘れて　しまいました。
02229324-a	jpn:lemma	下手
02229324-a	jpn:exe	歌が　下手ですから、　練習しようと　思って　います。
01870636-a	jpn:lemma	下手
01870636-a	jpn:exe	歌が　下手ですから、　練習しようと　思って　います。
01128103-a	jpn:lemma	下手
01128103-a	jpn:exe	歌が　下手ですから、　練習しようと　思って　います。
02229000-a	jpn:lemma	下手
02229000-a	jpn:exe	歌が　下手ですから、　練習しようと　思って　います。
15270431-n	jpn:lemma	～時間
15270431-n	jpn:exe	きのうは　八時間　寝ました。
15227846-n	jpn:lemma	～時間
15227846-n	jpn:exe	きのうは　八時間　寝ました。
15269513-n	jpn:lemma	～時間
15269513-n	jpn:exe	きのうは　八時間　寝ました。
00744916-a	jpn:lemma	難しい
00744916-a	jpn:exe	この　本は　漢字が　多くて　難しいです。
04401088-n	jpn:lemma	電話
04401088-n	jpn:exe	木村さんに　電話を　貸して　もらいました。
06272803-n	jpn:lemma	電話
06272803-n	jpn:exe	木村さんに　電話を　貸して　もらいました。
02870092-n	jpn:lemma	本
02870092-n	jpn:exe	わたしは　父に　本を　もらいました。
06410904-n	jpn:lemma	本
06410904-n	jpn:exe	わたしは　父に　本を　もらいました。
14974264-n	jpn:lemma	紙
14974264-n	jpn:exe	この　紙に　問題の　答えを　書きます。
80000677-n	jpn:lemma	紙
80000677-n	jpn:exe	この　紙に　問題の　答えを　書きます。
06255777-n	jpn:lemma	紙
06255777-n	jpn:exe	この　紙に　問題の　答えを　書きます。
04960277-n	jpn:lemma	黒
04960277-n	jpn:exe	会社へ　行く　とき、　黒の　スーツを　着ます。
02770717-v	jpn:lemma	曇ります
02770717-v	jpn:exe	きのうは　ずっと　曇って　いました。
02529945-a	jpn:lemma	涼しい
02529945-a	jpn:exe	秋は　涼しいです。
02207206-v	jpn:lemma	買います
02207206-v	jpn:exe	シャツを　買いに　いきます。
02208265-v	jpn:lemma	買います
02208265-v	jpn:exe	シャツを　買いに　いきます。
00422620-a	jpn:lemma	汚い
00422620-a	jpn:exe	この　辺の　海は　汚いです。
01908889-a	jpn:lemma	汚い
01908889-a	jpn:exe	この　辺の　海は　汚いです。
00419289-a	jpn:lemma	汚い
00419289-a	jpn:exe	この　辺の　海は　汚いです。
01345109-v	jpn:lemma	閉めます
01345109-v	jpn:exe	窓が　閉めて　あります。
01960911-v	jpn:lemma	泳ぎます
01960911-v	jpn:exe	わたしは　夏休みに　テニスを　したり　泳いだり　しました。
00933154-a	jpn:lemma	高い (brk:2)
00933154-a	jpn:exe	わたしは　高い　所に　住みたいです。
04199027-n	jpn:lemma	靴
04199027-n	jpn:exe	どの　靴を　買いますか。
04330340-n	jpn:lemma	ストーブ
04330340-n	jpn:exe	ストーブを　つけると、　暖かいです。
07823951-n	jpn:lemma	カレー
07823951-n	jpn:exe	カレーは　インドの　食べ物です。
06947032-n	jpn:lemma	英語
06947032-n	jpn:exe	辞書を　使って、　英語を　勉強します。
07575726-n	jpn:lemma	晩ごはん
07575726-n	jpn:exe	きょうの　晩ごはんは　カレーです。
07575726-n	jpn:lemma	夕飯
07575726-n	jpn:exe	きょうは　友だちと　夕飯を　食べて　きました。
03485794-n	jpn:lemma	ハンカチ
03485794-n	jpn:exe	きのう　教室に　ハンカチを　忘れました。
01198101-v	jpn:lemma	吸います
01198101-v	jpn:exe	たばこを　吸うと、　体に　悪いです。
02741003-v	jpn:lemma	かけます (brk:1)
02741003-v	jpn:exe	目が　悪いので、　眼鏡を　かけます。
01206474-a	jpn:lemma	低い
01206474-a	jpn:exe	この　山は　低いです。
13832355-n	jpn:lemma	東
13832355-n	jpn:exe	この　町の　東側は　全部　森です。
11525955-n	jpn:lemma	風
11525955-n	jpn:exe	きょうは　風が　ありません。
02324182-v	jpn:lemma	貸します
02324182-v	jpn:exe	わたしは　小林さんに　ノートを　貸して　あげました。
01437963-a	jpn:lemma	長い (brk:1)
01437963-a	jpn:exe	わたしの　妹は　背が　低くて、　髪が　長いです。
01433493-a	jpn:lemma	長い (brk:1)
01433493-a	jpn:exe	わたしの　妹は　背が　低くて、　髪が　長いです。
01444022-a	jpn:lemma	長い (brk:1)
01444022-a	jpn:exe	わたしの　妹は　背が　低くて、　髪が　長いです。
80001077-n	jpn:lemma	いくつ
80001077-n	jpn:exe	テーブルの　上に　いくつ　コップが　ありますか。
80001077-n	jpn:lemma	いくら
80001077-n	jpn:exe	この　ボールペンは　いくらですか。
10665698-n	jpn:lemma	生徒
10665698-n	jpn:exe	授業中、　先生は　生徒に　質問を　しました。
10665698-n	jpn:lemma	学生
10665698-n	jpn:exe	わたしは　学生ですが、　兄は　会社員です。
10251779-n	jpn:lemma	生徒
10251779-n	jpn:exe	授業中、　先生は　生徒に　質問を　しました。
08615374-n	jpn:lemma	公園
08615374-n	jpn:exe	家の　前は　公園です。
77000064-n	jpn:lemma	どの
77000064-n	jpn:exe	どの　人が　林さんですか。
03290771-n	jpn:lemma	玄関
03290771-n	jpn:exe	玄関や　廊下を　掃除します。
03290771-n	jpn:lemma	入口
03290771-n	jpn:exe	駅の　入口で　切符を　見せます。
10286084-n	jpn:lemma	兄弟
10286084-n	jpn:exe	わたしは　兄弟が　二人　います。
09876454-n	jpn:lemma	兄弟
09876454-n	jpn:exe	わたしは　兄弟が　二人　います。
80001731-n	jpn:lemma	留学生
80001731-n	jpn:exe	来月　中国から　留学生が　来ます。
00934199-a	jpn:lemma	安い
00934199-a	jpn:exe	安ければ、　買います。
00935103-a	jpn:lemma	安い
00935103-a	jpn:exe	安ければ、　買います。
02747802-n	jpn:lemma	灰皿
02747802-n	jpn:exe	テーブルの　上に　灰皿が　あります。
15203791-n	jpn:lemma	～年
15203791-n	jpn:exe	イさんは　日本に　三年　いる　つもりです。
03619890-n	jpn:lemma	台所
03619890-n	jpn:exe	新しい　家は　台所が　広いので、　とても　便利です。
00273734-v	jpn:lemma	教えます
00273734-v	jpn:exe	木村さんに　英語を　教えます。
00829107-v	jpn:lemma	教えます
00829107-v	jpn:exe	木村さんに　英語を　教えます。
00963570-v	jpn:lemma	話します
00963570-v	jpn:exe	松井さんは　小林さんと　話して　います。
00815686-v	jpn:lemma	答えます
00815686-v	jpn:exe	問題が　難しかったので、　答える　ことが　できませんでした。
00635523-v	jpn:lemma	答えます
00635523-v	jpn:exe	問題が　難しかったので、　答える　ことが　できませんでした。
03417345-n	jpn:lemma	庭
03417345-n	jpn:exe	庭に　車が　ありません。　母は　出かけて　いるようです。
03417749-n	jpn:lemma	庭
03417749-n	jpn:exe	庭に　車が　ありません。　母は　出かけて　いるようです。
01775164-v	jpn:lemma	大好き
01775164-v	jpn:exe	わたしは　動物が　大好きです。
01828736-v	jpn:lemma	大好き
01828736-v	jpn:exe	わたしは　動物が　大好きです。
06418901-n	jpn:lemma	辞書
06418901-n	jpn:exe	日本語の　辞書は　それです。
15164570-n	jpn:lemma	土曜日
15164570-n	jpn:exe	土曜日は　林さんの　家で　晩ごはんを　食べます。
00284798-n	jpn:lemma	散歩
00284798-n	jpn:exe	わたしは　毎朝　散歩に　行きます。
00284101-n	jpn:lemma	散歩
00284101-n	jpn:exe	わたしは　毎朝　散歩に　行きます。
01712704-v	jpn:lemma	やります
01712704-v	jpn:exe	その　仕事は　自分で　やります。
08277393-n	jpn:lemma	学校
08277393-n	jpn:exe	毎日、　学校へ　行きます。
08276720-n	jpn:lemma	学校
08276720-n	jpn:exe	毎日、　学校へ　行きます。
00161630-r	jpn:lemma	ゆっくり
00161630-r	jpn:exe	もっと　ゆっくり　話して　ください。
90000506-n	jpn:lemma	先週
90000506-n	jpn:exe	先週、　母の　誕生日でした。
03057021-n	jpn:lemma	上着
03057021-n	jpn:exe	上着を　持って　出かけます。
03057021-n	jpn:lemma	コート
03057021-n	jpn:exe	外は　寒いので、　コートを　着て、　会社へ　行きます。
03589791-n	jpn:lemma	上着
03589791-n	jpn:exe	上着を　持って　出かけます。
06929279-n	jpn:lemma	日本語
06929279-n	jpn:exe	妹は　日本語の　先生に　なろうと　思って　います。
03303965-n	jpn:lemma	出口
03303965-n	jpn:exe	この　出口を　出ると、　図書館に　一番　近いです。
10142391-n	jpn:lemma	おじいさん
10142391-n	jpn:exe	わたしは　おじいさんに　道を　教えて　あげました。
07934530-n	jpn:lemma	紅茶
07934530-n	jpn:exe	わたしは　コーヒーより　紅茶の　ほうが　好きです。
07933274-n	jpn:lemma	紅茶
07933274-n	jpn:exe	わたしは　コーヒーより　紅茶の　ほうが　好きです。
07933274-n	jpn:lemma	お茶
07933274-n	jpn:exe	お茶など　いかがですか。
10146559-n	jpn:lemma	八百屋
10146559-n	jpn:exe	スーパーより　八百屋の　ほうが　安いです。
03457686-n	jpn:lemma	八百屋
03457686-n	jpn:exe	スーパーより　八百屋の　ほうが　安いです。
03147509-n	jpn:lemma	カップ
03147509-n	jpn:exe	友達に　かわいい　カップを　もらいました。
03972524-n	jpn:lemma	ポケット
03972524-n	jpn:exe	ポケットの　中に　お金を　入れます。
04968895-n	jpn:lemma	青
04968895-n	jpn:exe	わたしの　好きな　色は　青です。
01555416-a	jpn:lemma	少ない
01555416-a	jpn:exe	あそこの　スーパーは　魚が　少ないです。
01552885-a	jpn:lemma	少ない
01552885-a	jpn:exe	あそこの　スーパーは　魚が　少ないです。
00017865-v	jpn:lemma	寝ます
00017865-v	jpn:exe	十一時に　寝ます。
00450147-a	jpn:lemma	近い
00450147-a	jpn:exe	近いなら　歩きましょう。
00444519-a	jpn:lemma	近い
00444519-a	jpn:exe	近いなら　歩きましょう。
00445169-a	jpn:lemma	近い
00445169-a	jpn:exe	近いなら　歩きましょう。
00584367-n	jpn:lemma	仕事
00584367-n	jpn:exe	その　仕事は　わたしが　しましょう。
07574602-n	jpn:lemma	朝ごはん
07574602-n	jpn:exe	きょうは　朝ごはんを　食べませんでした。
08078020-n	jpn:lemma	家族
08078020-n	jpn:exe	わたしの　家族は　五人です。
10236304-n	jpn:lemma	家族
10236304-n	jpn:exe	わたしの　家族は　五人です。
07970406-n	jpn:lemma	家族
07970406-n	jpn:exe	わたしの　家族は　五人です。
07970406-n	jpn:lemma	家庭
07970406-n	jpn:exe	この　料理は　家庭で　作れます。
04197391-n	jpn:lemma	シャツ
04197391-n	jpn:exe	シャツを　買いに　いきます。
09918248-n	jpn:lemma	子ども
09918248-n	jpn:exe	子どもが　公園で　遊んで　います。
12212361-n	jpn:lemma	野菜
12212361-n	jpn:exe	野菜を　切って、　洗います。
07707451-n	jpn:lemma	野菜
07707451-n	jpn:exe	野菜を　切って、　洗います。
03365991-n	jpn:lemma	～階
03365991-n	jpn:exe	三階へは　どう　行けば　いいですか。
00976508-a	jpn:lemma	速い
00976508-a	jpn:exe	松井さんは　走るのが　速いです。
00981818-a	jpn:lemma	速い
00981818-a	jpn:exe	松井さんは　走るのが　速いです。
00979862-a	jpn:lemma	速い
00979862-a	jpn:exe	松井さんは　走るのが　速いです。
01367431-a	jpn:lemma	にぎやか
01367431-a	jpn:exe	隣の　教室は　とても　にぎやかです。
07644382-n	jpn:lemma	とり肉
07644382-n	jpn:exe	とり肉は　安いですが、　牛肉の　ほうが　おいしいです。
07644967-n	jpn:lemma	とり肉
07644967-n	jpn:exe	とり肉は　安いですが、　牛肉の　ほうが　おいしいです。
07813107-n	jpn:lemma	塩
07813107-n	jpn:exe	イさんに　塩を　取って　あげました。
07825972-n	jpn:lemma	しょうゆ
07825972-n	jpn:exe	しょうゆを　つけて、　さしみを　食べます。
02005948-v	jpn:lemma	着きます
02005948-v	jpn:exe	電車が　駅に　着きます。
02930766-n	jpn:lemma	タクシー
02930766-n	jpn:exe	タクシーで　うちへ　帰ります。
04371225-n	jpn:lemma	プール
04371225-n	jpn:exe	プールへ　行きませんか。
00604617-a	jpn:lemma	便利
00604617-a	jpn:exe	飛行機は　速くて、　便利です。
15237250-n	jpn:lemma	夏
15237250-n	jpn:exe	夏は　毎日　帽子を　かぶって　出かけます。
03757138-n	jpn:lemma	地下鉄
03757138-n	jpn:exe	地下鉄は　安くて、　早くて、　とても　便利です。
04349306-n	jpn:lemma	地下鉄
04349306-n	jpn:exe	地下鉄は　安くて、　早くて、　とても　便利です。
77000090-n	jpn:lemma	いかが
77000090-n	jpn:exe	お菓子を　一つ　いかがですか。
80001331-x	jpn:lemma	いかが
80001331-x	jpn:exe	お菓子を　一つ　いかがですか。
77000104-n	jpn:lemma	いつ
77000104-n	jpn:exe	いつから　日本語を　勉強して　いますか。
04105893-n	jpn:lemma	部屋
04105893-n	jpn:exe	ここは　とても　静かな　部屋です。 
06415419-n	jpn:lemma	ノート
06415419-n	jpn:exe	机の　上に　本と　ノートが　あります。
01376705-a	jpn:lemma	有名
01376705-a	jpn:exe	この　大学は　古くて、　有名です。
01375831-a	jpn:lemma	有名
01375831-a	jpn:exe	この　大学は　古くて、　有名です。
02935891-n	jpn:lemma	食堂
02935891-n	jpn:exe	朝　七時に　起きて、　食堂で　朝ごはんを　食べて、　８時から　練習します。
01984902-v	jpn:lemma	座ります
01984902-v	jpn:exe	あそこに　座って、　お弁当を　食べましょう。
00120223-r	jpn:lemma	～ながら
00120223-r	jpn:exe	テレビを　見ながら、　ごはんを　食べます。
00120095-r	jpn:lemma	～ながら
00120095-r	jpn:exe	テレビを　見ながら、　ごはんを　食べます。
02386612-a	jpn:lemma	小さい
02386612-a	jpn:exe	わたしの　うちは　小さくて、　狭いです。
02386612-a	jpn:lemma	短い (brk:2)
02386612-a	jpn:exe	一日は　とても　短いです。
02345713-a	jpn:lemma	悪い
02345713-a	jpn:exe	きょうは　天気が　悪いです。
00478311-a	jpn:lemma	悪い
00478311-a	jpn:exe	きょうは　天気が　悪いです。
01174222-a	jpn:lemma	悪い
01174222-a	jpn:exe	きょうは　天気が　悪いです。
03025755-n	jpn:lemma	おはし
03025755-n	jpn:exe	日本人は　おはしを　使って、　ごはんを　食べます。
15166191-n	jpn:lemma	午後
15166191-n	jpn:exe	土曜日の　午後、　テニスを　しませんか。
80000080-n	jpn:lemma	今月
80000080-n	jpn:exe	今月は　仕事が　とても　忙しかったです。
06624161-n	jpn:lemma	手紙
06624161-n	jpn:exe	田中さんに　手紙を　出します。
01909812-v	jpn:lemma	曲がります
01909812-v	jpn:exe	この　道は　曲がって　います。
07929519-n	jpn:lemma	コーヒー
07929519-n	jpn:exe	わたしは　毎朝　コーヒーを　飲みます。
01729431-v	jpn:lemma	歌います
01729431-v	jpn:exe	カラオケで　よく　この　歌を　歌います。
11501381-n	jpn:lemma	雨
11501381-n	jpn:exe	あしたは　雨なので、　バスで　学校へ　行きます。
90000511-n	jpn:lemma	おととい
90000511-n	jpn:exe	おととい　寒かったので、　雪が　降りました。
00118032-r	jpn:lemma	では
00118032-r	jpn:exe	では、　授業を　始めます。
00118032-r	jpn:lemma	じゃあ
00118032-r	jpn:exe	じゃあ、　お願いします。
04468005-n	jpn:lemma	電車
04468005-n	jpn:exe	大きい　台風が　来て、　電車が　止まりました。
02834778-n	jpn:lemma	自転車
02834778-n	jpn:exe	あの　大学へ　行くなら、　自転車が　便利です。
06597466-n	jpn:lemma	雑誌
06597466-n	jpn:exe	この　雑誌は　おもしろいです。
06595351-n	jpn:lemma	雑誌
06595351-n	jpn:exe	この　雑誌は　おもしろいです。
03704210-n	jpn:lemma	雑誌
03704210-n	jpn:exe	この　雑誌は　おもしろいです。
08238463-n	jpn:lemma	クラス
08238463-n	jpn:exe	クラスで　旅行に　出かけました。
00050454-v	jpn:lemma	脱ぎます
00050454-v	jpn:exe	日本では　家に　入る　とき、　靴を　脱ぎます。
02649830-v	jpn:lemma	住みます
02649830-v	jpn:exe	わたしは　東京に　住んで　いるけれども、　弟は　京都に　住んで　います。
15155891-n	jpn:lemma	あした
15155891-n	jpn:exe	あした　大使館へ　行かなければ　なりません。
04208936-n	jpn:lemma	シャワー
04208936-n	jpn:exe	暑かったので、　家へ　帰って、　シャワーを　浴びました。
00625119-v	jpn:lemma	読みます
00625119-v	jpn:exe	この　漢字は　「やま」と　読みます。
02774152-n	jpn:lemma	かばん
02774152-n	jpn:exe	その　大きい　かばんは　わたしのです。
02773037-n	jpn:lemma	かばん
02773037-n	jpn:exe	その　大きい　かばんは　わたしのです。
13250542-n	jpn:lemma	お金
13250542-n	jpn:exe	わたしは　弟に　お金を　貸して　あげました。
13384557-n	jpn:lemma	お金
13384557-n	jpn:exe	わたしは　弟に　お金を　貸して　あげました。
05600637-n	jpn:lemma	顔
05600637-n	jpn:exe	朝　起きて、　顔を　洗います。
00024356-r	jpn:lemma	いいえ
00024356-r	jpn:exe	いいえ、　できません。
03176763-n	jpn:lemma	デパート
03176763-n	jpn:exe	デパートや　スーパーで　買い物を　します。
01725051-v	jpn:lemma	弾きます
01725051-v	jpn:exe	わたしは　来月の　コンサートで　ピアノを　弾きます。
77000089-a	jpn:lemma	こんな
77000089-a	jpn:exe	わたしは　こんな　帽子が　欲しいです。
15164354-n	jpn:lemma	木曜日
15164354-n	jpn:exe	木曜日の　午後、　銀行へ　お金を　振り込みに　行きます。
00056916-r	jpn:lemma	どうぞ
00056916-r	jpn:exe	つまらない　ものですけど、　どうぞ。
00816481-a	jpn:lemma	遅い (brk:2)
00816481-a	jpn:exe	きのうは　疲れて　いたので、　今朝　遅く　起きました。
01901186-a	jpn:lemma	遅い (brk:2)
01901186-a	jpn:exe	きのうは　疲れて　いたので、　今朝　遅く　起きました。
04956594-n	jpn:lemma	色
04956594-n	jpn:exe	この　色は　とても　きれいです。
04674968-n	jpn:lemma	色
04674968-n	jpn:exe	この　色は　とても　きれいです。
07109730-n	jpn:lemma	ことば
07109730-n	jpn:exe	ことばの　意味が　分からない　とき、　辞書を　使います。
06282651-n	jpn:lemma	ことば
06282651-n	jpn:exe	ことばの　意味が　分からない　とき、　辞書を　使います。
00121135-r	jpn:lemma	そう
00121135-r	jpn:exe	そうなんです。
04962784-n	jpn:lemma	赤
04962784-n	jpn:exe	わたしは　赤より　青の　ほうが　好きです。
03871083-n	jpn:lemma	荷物
03871083-n	jpn:exe	その　荷物は　わたしが　持ちましょう。
02774630-n	jpn:lemma	荷物
02774630-n	jpn:exe	その　荷物は　わたしが　持ちましょう。
07891726-n	jpn:lemma	お酒
07891726-n	jpn:exe	わたしは　あまり　お酒を　飲みません。
07884567-n	jpn:lemma	お酒
07884567-n	jpn:exe	わたしは　あまり　お酒を　飲みません。
07891433-n	jpn:lemma	お酒
07891433-n	jpn:exe	わたしは　あまり　お酒を　飲みません。
15164463-n	jpn:lemma	金曜日
15164463-n	jpn:exe	次の　日が　休みなので、　金曜日は　いつも　友達と　遊びます。
03581125-n	jpn:lemma	交差点
03581125-n	jpn:exe	あの　交差点を　渡って、　左に　曲がります。
02410393-a	jpn:lemma	厚い
02410393-a	jpn:exe	この　雑誌は　厚くて、　重いです。
02410393-a	jpn:lemma	太い
02410393-a	jpn:exe	公園に　太い　木が　あります。
02415390-a	jpn:lemma	厚い
02415390-a	jpn:exe	この　雑誌は　厚くて、　重いです。
02529264-a	jpn:lemma	暖かい
02529264-a	jpn:exe	きょうは　とても　暖かいので、　散歩に　行きます。
01546111-v	jpn:lemma	立ちます
01546111-v	jpn:exe	立って　ください。
10142747-n	jpn:lemma	おばあさん
10142747-n	jpn:exe	林さんの　おばあさんは　眼鏡を　かけて　います。
07679356-n	jpn:lemma	パン
07679356-n	jpn:exe	パンや　卵などを　食べます。
03259505-n	jpn:lemma	家
03259505-n	jpn:exe	となりの　家の　犬は　大きく　ありません。
03544360-n	jpn:lemma	家
03544360-n	jpn:exe	となりの　家の　犬は　大きく　ありません。
03544360-n	jpn:lemma	うち
03544360-n	jpn:exe	わたしが　晩ごはんを　食べて　いる　とき、　友だちが　うちへ　来ました。
08559508-n	jpn:lemma	家
08559508-n	jpn:exe	となりの　家の　犬は　大きく　ありません。
08559508-n	jpn:lemma	うち
08559508-n	jpn:exe	わたしが　晩ごはんを　食べて　いる　とき、　友だちが　うちへ　来ました。
15167349-n	jpn:lemma	夜
15167349-n	jpn:exe	あそこの　スーパーは　夜も　開いて　います。
15155747-n	jpn:lemma	夜
15155747-n	jpn:exe	あそこの　スーパーは　夜も　開いて　います。
15167027-n	jpn:lemma	夜
15167027-n	jpn:exe	あそこの　スーパーは　夜も　開いて　います。
15167027-n	jpn:lemma	ゆうべ
15167027-n	jpn:exe	ゆうべ　木村さんと　晩ごはんを　食べに　行きました。
15167474-n	jpn:lemma	夜
15167474-n	jpn:exe	あそこの　スーパーは　夜も　開いて　います。
03438257-n	jpn:lemma	コップ
03438257-n	jpn:exe	飲んだら、　コップを　きれいに　洗います。
08613593-n	jpn:lemma	外
08613593-n	jpn:exe	外に　出ても　いいですか。
03338821-n	jpn:lemma	フィルム
03338821-n	jpn:exe	カメラに　フィルムを　入れます。
06613686-n	jpn:lemma	フィルム
06613686-n	jpn:exe	カメラに　フィルムを　入れます。
06613686-n	jpn:lemma	映画
06613686-n	jpn:exe	きのう　見た　映画は　おもしろかったです。
06262567-n	jpn:lemma	フィルム
06262567-n	jpn:exe	カメラに　フィルムを　入れます。
04096066-n	jpn:lemma	道
04096066-n	jpn:exe	道が　わからない　とき、　電話で　聞いて　ください。
77000079-a	jpn:lemma	あの(1)
77000079-a	jpn:exe	あの　人は　小林さんです。
14524198-n	jpn:lemma	曇り
14524198-n	jpn:exe	あしたは　曇りだそうです。
13828795-n	jpn:lemma	縦
13828795-n	jpn:exe	この　紙を　縦に　切ります。
00543233-n	jpn:lemma	音楽
00543233-n	jpn:exe	わたしは　音楽が　すきです。
05718556-n	jpn:lemma	音楽
05718556-n	jpn:exe	わたしは　音楽が　すきです。
05718935-n	jpn:lemma	音楽
05718935-n	jpn:exe	わたしは　音楽が　すきです。
07020895-n	jpn:lemma	音楽
07020895-n	jpn:exe	わたしは　音楽が　すきです。
00409709-r	jpn:lemma	近く
00409709-r	jpn:exe	学校は　家の　近くです。
08641113-n	jpn:lemma	近く
08641113-n	jpn:exe	学校は　家の　近くです。
03112099-n	jpn:lemma	廊下
03112099-n	jpn:exe	玄関と　廊下も　掃除します。
03661043-n	jpn:lemma	図書館
03661043-n	jpn:exe	図書館で　勉強しようと　しましたが、　休みでした。
07840804-n	jpn:lemma	卵
07840804-n	jpn:exe	わたしは　毎朝　パンと　卵を　食べます。
90000502-n	jpn:lemma	今年
90000502-n	jpn:exe	今年の　三月　十五日に　日本に　来ました。
03908204-n	jpn:lemma	鉛筆
03908204-n	jpn:exe	松井さんに　鉛筆を　貸して　もらいました。
14796748-n	jpn:lemma	鉛筆
14796748-n	jpn:exe	松井さんに　鉛筆を　貸して　もらいました。
05282433-n	jpn:lemma	歯
05282433-n	jpn:exe	ごはんを　食べたら、　歯を　磨きます。
05282746-n	jpn:lemma	歯
05282746-n	jpn:exe	ごはんを　食べたら、　歯を　磨きます。
01649720-a	jpn:lemma	若い
01649720-a	jpn:exe	隣の　クラスの　先生は　まだ　若いです。
01646941-a	jpn:lemma	若い
01646941-a	jpn:exe	隣の　クラスの　先生は　まだ　若いです。
00514884-a	jpn:lemma	～中
00514884-a	jpn:exe	きのうは　一日中　うちに　いませんでした。
00988232-a	jpn:lemma	細い
00988232-a	jpn:exe	あの　人は　足が　細くて、　長いです。
77000084-n	jpn:lemma	どちら
77000084-n	jpn:exe	国は　どちらですか。
00220082-a	jpn:lemma	きれい
00220082-a	jpn:exe	きれいで　静かな　アパートに　住んで　います。
01586342-a	jpn:lemma	きれい
01586342-a	jpn:exe	きれいで　静かな　アパートに　住んで　います。
01586342-a	jpn:lemma	いい
01586342-a	jpn:exe	この　コンピューターは　高いですが、　とても　いいです。
01346003-v	jpn:lemma	開けます
01346003-v	jpn:exe	窓が　開けて　あります。
09853467-n	jpn:lemma	兄
09853467-n	jpn:exe	わたしは　学生ですが、　兄は　会社員です。
09853467-n	jpn:lemma	お兄さん
09853467-n	jpn:exe	来週　イさんの　お兄さんが　日本へ　遊びに　来ます。
03102654-n	jpn:lemma	冷蔵庫
03102654-n	jpn:exe	冷蔵庫の　中に　何も　ありません。
03273913-n	jpn:lemma	冷蔵庫
03273913-n	jpn:exe	冷蔵庫の　中に　何も　ありません。
02399595-a	jpn:lemma	まずい
02399595-a	jpn:exe	あの　店は　安いですが、　まずいです。
01716971-a	jpn:lemma	まずい
01716971-a	jpn:exe	あの　店は　安いですが、　まずいです。
07845335-n	jpn:lemma	牛乳
07845335-n	jpn:exe	わたしは　牛乳が　嫌いなので、　あまり　飲みません。
07844042-n	jpn:lemma	牛乳
07844042-n	jpn:exe	わたしは　牛乳が　嫌いなので、　あまり　飲みません。
10780632-n	jpn:lemma	奥さん
10780632-n	jpn:exe	田中さんの　奥さんは　大学の　先生です。
08625462-n	jpn:lemma	左
08625462-n	jpn:exe	田中さんの　左に　木村さんが　います。
90000508-n	jpn:lemma	来週
90000508-n	jpn:exe	来週、　姉が　結婚します。
01848718-v	jpn:lemma	行きます
01848718-v	jpn:exe	授業が　終わったら、　友達の　家へ　行きます。
06518719-n	jpn:lemma	切符
06518719-n	jpn:exe	電車に　乗る　とき、　切符を　買います。
01470670-v	jpn:lemma	会います
01470670-v	jpn:exe	あした　イさんに　会って、　お土産を　渡します。
02428924-v	jpn:lemma	会います
02428924-v	jpn:exe	あした　イさんに　会って、　お土産を　渡します。
10285313-n	jpn:lemma	男の子
10285313-n	jpn:exe	あそこで　男の子が　木に　登って　います。
03542333-n	jpn:lemma	ホテル
03542333-n	jpn:exe	ホテルに　泊まります。
02913152-n	jpn:lemma	建物
02913152-n	jpn:exe	この　建物の　三階に　あります。
07649854-n	jpn:lemma	肉
07649854-n	jpn:exe	わたしは　肉より　魚の　ほうが　好きです。
09397391-n	jpn:lemma	池
09397391-n	jpn:exe	公園に　大きな　池が　あります。
07935152-n	jpn:lemma	お茶
07935152-n	jpn:exe	お茶など　いかがですか。
03082979-n	jpn:lemma	コンピューター
03082979-n	jpn:exe	わたしは　今　コンピューターが　ほしいです。
00312553-n	jpn:lemma	旅行
00312553-n	jpn:exe	本屋で　旅行の　本を　買いました。
04043733-n	jpn:lemma	ラジオ
04043733-n	jpn:exe	ラジオで　ニュースを　聞きます。
01442186-a	jpn:lemma	短い (brk:2)
01442186-a	jpn:exe	一日は　とても　短いです。
01436003-a	jpn:lemma	短い (brk:2)
01436003-a	jpn:exe	一日は　とても　短いです。
01442826-a	jpn:lemma	短い (brk:2)
01442826-a	jpn:exe	一日は　とても　短いです。
14513694-n	jpn:lemma	家庭
14513694-n	jpn:exe	この　料理は　家庭で　作れます。
15274074-n	jpn:lemma	休み
15274074-n	jpn:exe	学校は　休みです。
15183428-n	jpn:lemma	休み
15183428-n	jpn:exe	学校は　休みです。
15137890-n	jpn:lemma	休み
15137890-n	jpn:exe	学校は　休みです。
00027918-r	jpn:lemma	まだ
00027918-r	jpn:exe	今　まだ　十時です。
00031304-r	jpn:lemma	まだ
00031304-r	jpn:exe	今　まだ　十時です。
03925226-n	jpn:lemma	写真
03925226-n	jpn:exe	日本へ　来た　とき、　空港で　写真を　撮りました。
03931044-n	jpn:lemma	写真
03931044-n	jpn:exe	日本へ　来た　とき、　空港で　写真を　撮りました。
04248607-n	jpn:lemma	写真
04248607-n	jpn:exe	日本へ　来た　とき、　空港で　写真を　撮りました。
15164233-n	jpn:lemma	水曜日
15164233-n	jpn:exe	あそこの　病院は　水曜日と　日曜日が　休みです。
11524662-n	jpn:lemma	天気
11524662-n	jpn:exe	きょうは　とても　天気が　いいです。
07193184-n	jpn:lemma	質問
07193184-n	jpn:exe	先生から　質問を　出しました。
07196682-n	jpn:lemma	質問
07196682-n	jpn:exe	先生から　質問を　出しました。
05797597-n	jpn:lemma	質問
05797597-n	jpn:exe	先生から　質問を　出しました。
07193596-n	jpn:lemma	質問
07193596-n	jpn:exe	先生から　質問を　出しました。
01904930-v	jpn:lemma	歩きます
01904930-v	jpn:exe	近いなら　歩きましょう。
03383948-n	jpn:lemma	フォーク
03383948-n	jpn:exe	ケーキを　食べる　とき、　フォークを　使います。
08286569-n	jpn:lemma	大学
08286569-n	jpn:exe	東京の　大学へ　行きたかったです。
08286163-n	jpn:lemma	大学
08286163-n	jpn:exe	東京の　大学へ　行きたかったです。
08278169-n	jpn:lemma	大学
08278169-n	jpn:exe	東京の　大学へ　行きたかったです。
01000214-v	jpn:lemma	書きます
01000214-v	jpn:exe	きのう　友達に　手紙を　書きました。
02471690-v	jpn:lemma	書きます
02471690-v	jpn:exe	きのう　友達に　手紙を　書きました。
01020356-v	jpn:lemma	書きます
01020356-v	jpn:exe	きのう　友達に　手紙を　書きました。
01691057-v	jpn:lemma	書きます
01691057-v	jpn:exe	きのう　友達に　手紙を　書きました。
01698271-v	jpn:lemma	書きます
01698271-v	jpn:exe	きのう　友達に　手紙を　書きました。
01020934-v	jpn:lemma	書きます
01020934-v	jpn:exe	きのう　友達に　手紙を　書きました。
00993014-v	jpn:lemma	書きます
00993014-v	jpn:exe	きのう　友達に　手紙を　書きました。
03822171-n	jpn:lemma	新聞
03822171-n	jpn:exe	毎日、　新聞を　読めば、　覚える　ことが　できますよ。
06267145-n	jpn:lemma	新聞
06267145-n	jpn:exe	毎日、　新聞を　読めば、　覚える　ことが　できますよ。
14961722-n	jpn:lemma	新聞
14961722-n	jpn:exe	毎日、　新聞を　読めば、　覚える　ことが　できますよ。
07197021-n	jpn:lemma	テスト
07197021-n	jpn:exe	学校で　毎日　漢字の　テストが　あります。
13714184-n	jpn:lemma	～度
13714184-n	jpn:exe	あしたは　三十度まで　上がるので、　暑いです。
00119568-n	jpn:lemma	飛びます
00119568-n	jpn:exe	飛行機が　南へ　飛んで　いきます。
08145553-n	jpn:lemma	郵便局
08145553-n	jpn:exe	郵便局は　駅の　そばに　あります。
15237044-n	jpn:lemma	春
15237044-n	jpn:exe	春は　花が　たくさん　咲きます。
01270199-v	jpn:lemma	洗濯します
01270199-v	jpn:exe	あしたの　朝　洗濯しなければ　なりません。
06505517-n	jpn:lemma	コピー
06505517-n	jpn:exe	先生は　学生に　新聞の　コピーを　渡しました。
15166462-n	jpn:lemma	夕方
15166462-n	jpn:exe	夕方　公園へ　散歩に　行きました。
15166462-n	jpn:lemma	ゆうべ
15166462-n	jpn:exe	ゆうべ　木村さんと　晩ごはんを　食べに　行きました。
01343918-a	jpn:lemma	おもしろい
01343918-a	jpn:exe	この　授業は　とても　おもしろいです。
01344344-a	jpn:lemma	おもしろい
01344344-a	jpn:exe	この　授業は　とても　おもしろいです。
01344344-a	jpn:lemma	楽しい
01344344-a	jpn:exe	わたしは　授業が　楽しいです。
01265308-a	jpn:lemma	おもしろい
01265308-a	jpn:exe	この　授業は　とても　おもしろいです。
01344485-a	jpn:lemma	おもしろい
01344485-a	jpn:exe	この　授業は　とても　おもしろいです。
90000515-n	jpn:lemma	あさって
90000515-n	jpn:exe	あさって　野球の　試合が　あります。
01801029-a	jpn:lemma	楽しい
01801029-a	jpn:exe	わたしは　授業が　楽しいです。
03906997-n	jpn:lemma	ペン
03906997-n	jpn:exe	ペンで　字を　書きます。
77000095-n	jpn:lemma	どなた
77000095-n	jpn:exe	どなたが　新しい　先生ですか。
77000095-n	jpn:lemma	だれ
77000095-n	jpn:exe	あそこに　人が　いますね。　あの　人は　だれでしょう。
90000500-n	jpn:lemma	おととし
90000500-n	jpn:exe	田中さんは　おととし　大学を　出ました。
03221720-n	jpn:lemma	ドア
03221720-n	jpn:exe	電車の　ドアが　閉まります。
03221720-n	jpn:lemma	戸
03221720-n	jpn:exe	そこの　戸を　開けては　いけません。
77000012-n	jpn:lemma	わたし
77000012-n	jpn:exe	その　本は　わたしのです。
77000015-n	jpn:lemma	わたし
77000015-n	jpn:exe	その　本は　わたしのです。
01344963-a	jpn:lemma	つまらない
01344963-a	jpn:exe	この　本は　つまらないです。
01170052-v	jpn:lemma	飲みます
01170052-v	jpn:exe	くすりを　飲みましたから、　もう　だいじょうぶです。
03282295-n	jpn:lemma	大使館
03282295-n	jpn:exe	わたしは　あした　大使館へ　行きます。
06796119-n	jpn:lemma	切手
06796119-n	jpn:exe	切手を　十枚と　はがきを　三枚　買います。
07775375-n	jpn:lemma	魚
07775375-n	jpn:exe	海に　近い　ところでは、　魚が　おいしいです。
02512053-n	jpn:lemma	魚
02512053-n	jpn:exe	海に　近い　ところでは、　魚が　おいしいです。
01586866-a	jpn:lemma	いい
01586866-a	jpn:exe	この　コンピューターは　高いですが、　とても　いいです。
01048762-a	jpn:lemma	いい
01048762-a	jpn:exe	この　コンピューターは　高いですが、　とても　いいです。
00067638-a	jpn:lemma	いい
00067638-a	jpn:exe	この　コンピューターは　高いですが、　とても　いいです。
01993408-a	jpn:lemma	いい
01993408-a	jpn:exe	この　コンピューターは　高いですが、　とても　いいです。
01171213-a	jpn:lemma	いい
01171213-a	jpn:exe	この　コンピューターは　高いですが、　とても　いいです。
01800349-a	jpn:lemma	いい
01800349-a	jpn:exe	この　コンピューターは　高いですが、　とても　いいです。
01123148-a	jpn:lemma	いい
01123148-a	jpn:exe	この　コンピューターは　高いですが、　とても　いいです。
00064787-a	jpn:lemma	いい
00064787-a	jpn:exe	この　コンピューターは　高いですが、　とても　いいです。
00850183-a	jpn:lemma	いい
00850183-a	jpn:exe	この　コンピューターは　高いですが、　とても　いいです。
01129977-a	jpn:lemma	いい
01129977-a	jpn:exe	この　コンピューターは　高いですが、　とても　いいです。
01586752-a	jpn:lemma	いい
01586752-a	jpn:exe	この　コンピューターは　高いですが、　とても　いいです。
04588365-n	jpn:lemma	窓
04588365-n	jpn:exe	この　部屋は　窓が　ありません。
04587648-n	jpn:lemma	窓
04587648-n	jpn:exe	この　部屋は　窓が　ありません。
05216365-n	jpn:lemma	体
05216365-n	jpn:exe	弟は　とても　体が　丈夫です。
76100002-x	jpn:lemma	～冊
76100002-x	jpn:exe	先生の　机の　上に　辞書が　二冊と　雑誌が　一冊　あります。
04967191-n	jpn:lemma	緑
04967191-n	jpn:exe	田中さんは　緑の　ネクタイを　して　います。
80001047-v	jpn:lemma	死にます
80001047-v	jpn:exe	人が　大勢　死にました。
03497657-n	jpn:lemma	帽子
03497657-n	jpn:exe	暑い　日は　帽子を　かぶって　出かけます。
15129927-n	jpn:lemma	～時
15129927-n	jpn:exe	今、　何時　何分ですか。
00546389-n	jpn:lemma	歌
00546389-n	jpn:exe	わたしは　歌が　へたです。
07048000-n	jpn:lemma	歌
07048000-n	jpn:exe	わたしは　歌が　へたです。
01754737-v	jpn:lemma	切ります(2)
01754737-v	jpn:exe	コンピューターの　スイッチを　切ります。
07447641-n	jpn:lemma	パーティー
07447641-n	jpn:exe	山田さんの　誕生日に　パーティーを　します。
01842204-v	jpn:lemma	出かけます
01842204-v	jpn:exe	きのうは　どこも　出かけませんでした。
04241394-n	jpn:lemma	スリッパ
04241394-n	jpn:exe	靴を　脱いで、　スリッパを　はきます。
05301908-n	jpn:lemma	口
05301908-n	jpn:exe	歯が　痛いので、　口を　開ける　ことが　できません。
02440250-n	jpn:lemma	手
02440250-n	jpn:exe	ごはんを　食べる　前に、　手を　洗います。
06277280-n	jpn:lemma	テレビ
06277280-n	jpn:exe	テレビは　目に　よくないです。
13831176-n	jpn:lemma	北
13831176-n	jpn:exe	冬に　なると、　日本の　北側は　とても　寒いです。
01318741-a	jpn:lemma	痛い
01318741-a	jpn:exe	いいえ、　痛くないです。
01712753-a	jpn:lemma	痛い
01712753-a	jpn:exe	いいえ、　痛くないです。
05395690-n	jpn:lemma	おなか
05395690-n	jpn:exe	おなかが　痛いので、　病院へ　行きます。
05556943-n	jpn:lemma	おなか
05556943-n	jpn:exe	おなかが　痛いので、　病院へ　行きます。
00749230-a	jpn:lemma	易しい
00749230-a	jpn:exe	きのうの　テストは　易しかったです。
14061805-n	jpn:lemma	病気
14061805-n	jpn:exe	きょうは　先生が　病気で、　授業が　休みに　なりました。
14055408-n	jpn:lemma	病気
14055408-n	jpn:exe	きょうは　先生が　病気で、　授業が　休みに　なりました。
14473054-n	jpn:lemma	病気
14473054-n	jpn:exe	きょうは　先生が　病気で、　授業が　休みに　なりました。
10399491-n	jpn:lemma	両親
10399491-n	jpn:exe	今　わたしの　両親は　海外に　います。
13833375-n	jpn:lemma	南
13833375-n	jpn:exe	わたしの　部屋は　南側に　あるので、　明るいです。
02472293-n	jpn:lemma	人
02472293-n	jpn:exe	あの　人は　日本語の　先生だと　思います。
00442917-a	jpn:lemma	遠い
00442917-a	jpn:exe	駅から　学校まで　遠いので、　バスに　乗ります。
01421622-v	jpn:lemma	入れます(2)
01421622-v	jpn:exe	スイッチを　入れて、　電気を　つけます。
03398467-n	jpn:lemma	前
03398467-n	jpn:exe	家の　前に　猫が　います。
00964768-a	jpn:lemma	弱い
00964768-a	jpn:exe	体が　弱いので、　スポーツが　できません。
02324397-a	jpn:lemma	弱い
02324397-a	jpn:exe	体が　弱いので、　スポーツが　できません。
00709215-a	jpn:lemma	弱い
00709215-a	jpn:exe	体が　弱いので、　スポーツが　できません。
02040233-a	jpn:lemma	弱い
02040233-a	jpn:exe	体が　弱いので、　スポーツが　できません。
02040049-a	jpn:lemma	弱い
02040049-a	jpn:exe	体が　弱いので、　スポーツが　できません。
00254978-r	jpn:lemma	毎月
00254978-r	jpn:exe	毎月　銀行に　お金を　預けて　います。
77000091-n	jpn:lemma	どんな
77000091-n	jpn:exe	どんな　映画ですか。
06605897-n	jpn:lemma	意味
06605897-n	jpn:exe	イさんに　この　ことばの　意味を　教えました。
05919866-n	jpn:lemma	意味
05919866-n	jpn:exe	イさんに　この　ことばの　意味を　教えました。
06601327-n	jpn:lemma	意味
06601327-n	jpn:exe	イさんに　この　ことばの　意味を　教えました。
04059701-n	jpn:lemma	うしろ
04059701-n	jpn:exe	駅の　うしろに　スーパーが　あります。
02767665-n	jpn:lemma	うしろ
02767665-n	jpn:exe	駅の　うしろに　スーパーが　あります。
03540595-n	jpn:lemma	病院
03540595-n	jpn:exe	病院で　携帯電話を　使っては　いけません。
08054417-n	jpn:lemma	病院
08054417-n	jpn:exe	病院で　携帯電話を　使っては　いけません。
05311054-n	jpn:lemma	目
05311054-n	jpn:exe	暗い　部屋で　本を　読んで　いたので、　目が　疲れました。
05316025-n	jpn:lemma	目
05316025-n	jpn:exe	暗い　部屋で　本を　読んで　いたので、　目が　疲れました。
02871439-n	jpn:lemma	本棚
02871439-n	jpn:exe	辞書は　あそこの　本棚に　あります。
01186408-a	jpn:lemma	軽い
01186408-a	jpn:exe	わたしは　軽い　靴が　欲しいです。
04049098-n	jpn:lemma	駅
04049098-n	jpn:exe	あした　わたしは　駅で　友だちに　会って、　いっしょに　コンサートに　行きます。
03030663-n	jpn:lemma	たばこ
03030663-n	jpn:exe	たばこは　やめました。
02230772-v	jpn:lemma	渡します
02230772-v	jpn:exe	きのう　木村さんに　この　町の　地図を　渡しました。
90000504-n	jpn:lemma	さ来年
90000504-n	jpn:exe	さ来年　あそこに　図書館が　できるそうです。
00729108-n	jpn:lemma	宿題
00729108-n	jpn:exe	宿題を　忘れないで　ください。
03815615-n	jpn:lemma	ネクタイ
03815615-n	jpn:exe	これは　イタリアの　ネクタイです。
07596684-n	jpn:lemma	お菓子
07596684-n	jpn:exe	木村さんは　わたしに　お菓子を　くれました。
05560787-n	jpn:lemma	足
05560787-n	jpn:exe	あの　人は　とても　足が　長いです。
05563266-n	jpn:lemma	足
05563266-n	jpn:exe	あの　人は　とても　足が　長いです。
02310007-v	jpn:lemma	返します
02310007-v	jpn:exe	返すのは、　お昼休みでも　いいですか。
01308381-v	jpn:lemma	返します
01308381-v	jpn:exe	返すのは、　お昼休みでも　いいですか。
80001595-v	jpn:lemma	返します
80001595-v	jpn:exe	返すのは、　お昼休みでも　いいですか。
10080869-n	jpn:lemma	お父さん
10080869-n	jpn:exe	木村さんの　お父さんは　五十二歳です。
10080869-n	jpn:lemma	父
10080869-n	jpn:exe	わたしは　父に　花を　あげました。
02411224-a	jpn:lemma	太い
02411224-a	jpn:exe	公園に　太い　木が　あります。
04446276-n	jpn:lemma	トイレ
04446276-n	jpn:exe	すみません、　トイレは　どこですか。
04555291-n	jpn:lemma	トイレ
04555291-n	jpn:exe	すみません、　トイレは　どこですか。
00292937-a	jpn:lemma	忙しい
00292937-a	jpn:exe	仕事は　忙しいですが、　おもしろいです。
00273082-a	jpn:lemma	暗い
00273082-a	jpn:exe	暗い　所で　本を　読むと、　目が　悪く　なります。
03291819-n	jpn:lemma	封筒
03291819-n	jpn:exe	封筒に　名前を　書きます。
80001545-n	jpn:lemma	隣
80001545-n	jpn:exe	その　喫茶店は　本屋の　隣に　あります。
09215315-n	jpn:lemma	下
09215315-n	jpn:exe	いすの　下に　猫が　います。
80001661-n	jpn:lemma	下
80001661-n	jpn:exe	いすの　下に　猫が　います。
00523513-n	jpn:lemma	スポーツ
00523513-n	jpn:exe	わたしは　スポーツが　すきでは　ありません。
03179701-n	jpn:lemma	机
03179701-n	jpn:exe	わたしの　部屋に　机や　ベッドや　テレビなどが　あります。
04202417-n	jpn:lemma	店
04202417-n	jpn:exe	駅前に　いい　店が　あります。
02016062-v	jpn:lemma	降ります
02016062-v	jpn:exe	大使館へ　行くなら、　次の　駅で　降ります。
15237782-n	jpn:lemma	冬
15237782-n	jpn:exe	冬は　寒いので、　ストーブを　つけます。
80001691-n	jpn:lemma	上
80001691-n	jpn:exe	先生の　机の　上に　辞書が　二冊と　雑誌が　一冊　あります。
08663354-n	jpn:lemma	上
08663354-n	jpn:exe	先生の　机の　上に　辞書が　二冊と　雑誌が　一冊　あります。
07804323-n	jpn:lemma	ごはん
07804323-n	jpn:exe	今晩は　友達の　うちで　ごはんを　食べます。
15245990-n	jpn:lemma	ごはん
15245990-n	jpn:exe	今晩は　友達の　うちで　ごはんを　食べます。
90000417-n	jpn:lemma	ごはん
90000417-n	jpn:exe	今晩は　友達の　うちで　ごはんを　食べます。
07575076-n	jpn:lemma	昼ごはん
07575076-n	jpn:exe	いつも　ここで　昼ごはんを　食べます。
15156001-n	jpn:lemma	きょう
15156001-n	jpn:exe	きょう　イさんと　映画を　見に　行きます。
09604981-n	jpn:lemma	自分
09604981-n	jpn:exe	その　仕事は　自分で　やります。
02395115-a	jpn:lemma	おいしい
02395115-a	jpn:exe	この　お菓子は　おいしいです。
02396720-a	jpn:lemma	おいしい
02396720-a	jpn:exe	この　お菓子は　おいしいです。
