# TUFS Basic Mongolian Wordnet	mon http://www.coelang.tufs.ac.jp/mt/mn/	CC BY 4.0
15210045-n	mon:lemma	нэгдүгээр сар
15210045-n	mon:exe	Нэгдүгээр сард цас их орж, их хүйтэн байдаг.
05755883-n	mon:lemma	сурах
05755883-n	mon:exe	Чи ямар сургуульд сурдаг вэ? 
04971928-n	mon:lemma	хүрэн
04971928-n	mon:exe	Аан! Тэр өндөр хүрэн барилга уу? Ямар хэл сурч байна даа? 
15163797-n	mon:lemma	бүтэн сайн өдөр
15163797-n	mon:exe	Дараагийн бүтэн сайн өдөр юу хийх вэ?
15043763-n	mon:lemma	цас
15043763-n	mon:exe	Нэгдүгээр сард цас их орж, их хүйтэн байдаг.
08058098-n	mon:lemma	компани
08058098-n	mon:exe	Хандаа эгч том компанид ажилладаг.
01382086-a	mon:lemma	том
01382086-a	mon:exe	Хандаа эгч том компанид ажилладаг.
01453084-a	mon:lemma	том
01453084-a	mon:exe	Хандаа эгч том компанид ажилладаг.
00527870-a	mon:lemma	том
00527870-a	mon:exe	Хандаа эгч том компанид ажилладаг.
01677433-a	mon:lemma	том
01677433-a	mon:exe	Хандаа эгч том компанид ажилладаг.
10084295-n	mon:lemma	охин
10084295-n	mon:exe	Би охинтойгоо хамт амьдардаг. Манай охин танай хүүгээс 2 насаар дүү юм байна. 
10129825-n	mon:lemma	охин
10129825-n	mon:exe	Би охинтойгоо хамт амьдардаг. Манай охин танай хүүгээс 2 насаар дүү юм байна. 
10129825-n	mon:lemma	эгч
10129825-n	mon:exe	Сая би танай эгчтэй тааралдсан шүү дээ.
00065495-v	mon:lemma	сайн
00065495-v	mon:exe	Танайхан сайн биз дээ?
80001734-n	mon:lemma	хичээл
80001734-n	mon:exe	Багшийн хичээлд сууж байсан уу?
00889472-n	mon:lemma	хичээл
00889472-n	mon:exe	Багшийн хичээлд сууж байсан уу?
02608347-v	mon:lemma	эхлэх
02608347-v	mon:exe	Чимээгүй, жүжиг эхэллээ шүү.
07850329-n	mon:lemma	бяслаг
07850329-n	mon:exe	Монголчууд яаж бяслаг хийдгийг чи мэдэх үү?
03623556-n	mon:lemma	хутга
03623556-n	mon:exe	Эхлээд халбагаар шөлийг уугаад, дараа нь сэрээ хутга хэрэглэж махыг иднэ.
03624134-n	mon:lemma	хутга
03624134-n	mon:exe	Эхлээд халбагаар шөлийг уугаад, дараа нь сэрээ хутга хэрэглэж махыг иднэ.
01776727-v	mon:lemma	дургүй
01776727-v	mon:exe	Дорж ногоотой шөлөнд дургүй.
01774136-v	mon:lemma	дургүй
01774136-v	mon:exe	Дорж ногоотой шөлөнд дургүй.
02783161-n	mon:lemma	бал
02783161-n	mon:exe	Анкетийн хуудсыг нэг бол харандаа, нэг бол хар балаар бөглөнө үү.
02632567-v	mon:lemma	авмаар байна
02632567-v	mon:exe	Аа, тийм үү! Чи төрсөн өдрийн бэлгэнд юу авмаар байна вэ? 
01579608-a	mon:lemma	удахгүй
01579608-a	mon:exe	Тэр удахгүй ирэх байхаа.
03427296-n	mon:lemma	хаалга
03427296-n	mon:exe	Цэнгэлдэх хүрээлэнгийн хаалга бүр дээр олон хүн байжээ.
04026417-n	mon:lemma	түрийвч
04026417-n	mon:exe	Түрийвчээ хаана орхисон юм болоо.
11456462-n	mon:lemma	цэлмэг
11456462-n	mon:exe	Одоо тэнгэр цэлмэг байна.
07848338-n	mon:lemma	масло
07848338-n	mon:exe	Хүнсний дэлгүүрээс 1 кг масло аваад ирэв.
90000501-n	mon:lemma	өнгөрсөн жил
90000501-n	mon:exe	Манай охин өнгөрсөн жил сургуулиа төгсөв.
15210870-n	mon:lemma	гуравдугаар сар
15210870-n	mon:exe	Гуравдугаар сарын найманд юуны баяр тэмдэглэдэг вэ?
77000072-n	mon:lemma	энд
77000072-n	mon:exe	Та сагстай зүйлээ энд тавина уу?
08489497-n	mon:lemma	энд
08489497-n	mon:exe	Та сагстай зүйлээ энд тавина уу?
03561345-n	mon:lemma	зураг
03561345-n	mon:exe	Та энэ зургийг надад тайлбарлаж өгөөч!
03234306-n	mon:lemma	зураг
03234306-n	mon:exe	Та энэ зургийг надад тайлбарлаж өгөөч!
03876519-n	mon:lemma	зураг
03876519-n	mon:exe	Та энэ зургийг надад тайлбарлаж өгөөч!
07110615-n	mon:lemma	дуу
07110615-n	mon:exe	Сууж байсан, Бат багш жаахан сулхан дуутай шүү.
05202284-n	mon:lemma	дуу
05202284-n	mon:exe	Сууж байсан, Бат багш жаахан сулхан дуутай шүү.
09411430-n	mon:lemma	гол
09411430-n	mon:exe	Орхон　голд олон төрлийн загас бий.
15236859-n	mon:lemma	намар
15236859-n	mon:exe	Монголчууд "наадмын дараа намар" гэж ярьдаг.
02107442-v	mon:lemma	асуух
02107442-v	mon:exe	За байз. Би хичээлийн дараа багштай уулзаж юм асууна. Амжихгүй байхаа. 
02169891-v	mon:lemma	асуух
02169891-v	mon:exe	За байз. Би хичээлийн дараа багштай уулзаж юм асууна. Амжихгүй байхаа. 
02242464-v	mon:lemma	худалдах
02242464-v	mon:exe	Их дэлгүүрт оёдолын машин худалддаг уу?
00271022-a	mon:lemma	саруул
00271022-a	mon:exe	Байр нь цэвэрхэн, саруул, тохилог байв.
00396523-a	mon:lemma	саруул
00396523-a	mon:exe	Байр нь цэвэрхэн, саруул, тохилог байв.
00269989-a	mon:lemma	саруул
00269989-a	mon:exe	Байр нь цэвэрхэн, саруул, тохилог байв.
00278551-a	mon:lemma	саруул
00278551-a	mon:exe	Байр нь цэвэрхэн, саруул, тохилог байв.
02924116-n	mon:lemma	автобус
02924116-n	mon:exe	Автобусны билетээ хаанаас авах вэ?
01614426-v	mon:lemma	наах
01614426-v	mon:exe	Үүнд марк наах хэрэгтэй.
80001230-x	mon:lemma	за
80001230-x	mon:exe	За тэгье. Бас энэ захиаг Япон луу явуулах гэсэн юм.
01184932-a	mon:lemma	хүнд
01184932-a	mon:exe	Энэ маш хүнд хайрцаг. Би үүнийг авч явж чадахгүй.
07881800-n	mon:lemma	ундаа
07881800-n	mon:exe	Энд түр зогсооч! Би дэлгүүрээс ундаа аваадхъя.
01119192-a	mon:lemma	сайн
01119192-a	mon:exe	Та оросоор тун сайн ярьж байна. 
02226162-a	mon:lemma	сайн
02226162-a	mon:exe	Та оросоор тун сайн ярьж байна. 
01838916-a	mon:lemma	сайн
01838916-a	mon:exe	Та оросоор тун сайн ярьж байна. 
03467517-n	mon:lemma	гитар
03467517-n	mon:exe	Би долдугаар ангид байхдаа гитар тоглож сурсан.
03613294-n	mon:lemma	түлхүүр
03613294-n	mon:exe	Түлхүүрээ авахаа мартуузай.
01553629-a	mon:lemma	их
01553629-a	mon:exe	Нэгдүгээр сард цас их орж, их хүйтэн байдаг.
01551633-a	mon:lemma	их
01551633-a	mon:exe	Нэгдүгээр сард цас их орж, их хүйтэн байдаг.
01552419-a	mon:lemma	их
01552419-a	mon:exe	Нэгдүгээр сард цас их орж, их хүйтэн байдаг.
00127137-a	mon:lemma	хуучин
00127137-a	mon:exe	Өчигдөр би нэг хуучны ном уишлаа.
01638438-a	mon:lemma	хуучин
01638438-a	mon:exe	Өчигдөр би нэг хуучны ном уишлаа.
01729384-a	mon:lemma	хуучин
01729384-a	mon:exe	Өчигдөр би нэг хуучны ном уишлаа.
10694258-n	mon:lemma	багш
10694258-n	mon:exe	Би одоохондоо багш биш бөгөөд докторант.
07859284-n	mon:lemma	элсэн чихэр
07859284-n	mon:exe	Жаахан элсэн чихэр авмаар байна. Цаасанд боож өгөх үү?
09605289-n	mon:lemma	том хүн
09605289-n	mon:exe	Билетний үнэ нь том хүн 2000 төгрөг, хүүхэд 200 төгрөг болно.
04081281-n	mon:lemma	зоогийн газар
04081281-n	mon:exe	Бүгдээрээ зоогийн газар орж сайхан  хоололцгооё.
04081281-n	mon:lemma	гуанз
04081281-n	mon:exe	Гуанзанд хооллодог юм билүү гэж бодож байна.
10448983-n	mon:lemma	цагдаа
10448983-n	mon:exe	Цагдаа, хүмүүсийг холдуулав. 
10448983-n	mon:lemma	цагдаа
10448983-n	mon:exe	Цагдаа, хүмүүсийг холдуулав. 
90000507-n	mon:lemma	энэ долоо хоног
90000507-n	mon:exe	Миний захиалсан ном энэ долоо хоногт ирнэ.
02686568-n	mon:lemma	нисэх онгоц
02686568-n	mon:exe	Намайг ”Буянт-Ухаа” нисэх онгоцны буудал хүргэж өгнө үү? 
02691156-n	mon:lemma	нисэх онгоц
02691156-n	mon:exe	Намайг ”Буянт-Ухаа” нисэх онгоцны буудал хүргэж өгнө үү? 
08420278-n	mon:lemma	банк
08420278-n	mon:exe	Танай банкинд харилцах данс нээхэд ямар давуу талууд байгаа вэ? 
02787772-n	mon:lemma	банк
02787772-n	mon:exe	Танай банкинд харилцах данс нээхэд ямар давуу талууд байгаа вэ? 
02018049-v	mon:lemma	суух
02018049-v	mon:exe	Таксинд суухгүй бол цагтаа амжихгүйнээ, хурдлаарай!
02324026-v	mon:lemma	зээлэх
02324026-v	mon:exe	Бvх материалууд ганц ганц хувь учир зээлж авсан тохиолдолд ном, сэтгүүлийг болгоомжтой ашиглаж, гэмтээхгүй байх ёстой. 
01447257-v	mon:lemma	дарах
01447257-v	mon:exe	Та энэ товчийг дараад бичих хэлээ сонгож болно. 
02398378-a	mon:lemma	халуун
02398378-a	mon:exe	Чи халуун ногоотой хоол идэж чаддаг уу?
02397732-a	mon:lemma	халуун
02397732-a	mon:exe	Чи халуун ногоотой хоол идэж чаддаг уу?
06628228-n	mon:lemma	ил захидал
06628228-n	mon:exe	Би хоёр дугтуй, дөрвөн ил захидал авъя. 
06627938-n	mon:lemma	ил захидал
06627938-n	mon:exe	Би хоёр дугтуй, дөрвөн ил захидал авъя. 
03959485-n	mon:lemma	таваг
03959485-n	mon:exe	Өчигдөр орой би аяга таваг хагарах　чимээ сонслоо. Юу болсон бэ?
00393105-a	mon:lemma	цагаан
00393105-a	mon:exe	Мэгий сүү шиг цагаан сэтгэлтэй. 
08625073-n	mon:lemma	баруун
08625073-n	mon:exe	Баруун гар талд чинь байна.
03051540-n	mon:lemma	хувцас
03051540-n	mon:exe	Эрэгтэй хүнд хамгийн гоё зохидог хувцас бол пиджак. 
02728440-n	mon:lemma	хувцас
02728440-n	mon:exe	Эрэгтэй хүнд хамгийн гоё зохидог хувцас бол пиджак. 
02728440-n	mon:lemma	хувцас
02728440-n	mon:exe	Эрэгтэй хүнд хамгийн гоё зохидог хувцас бол пиджак. 
03419014-n	mon:lemma	хувцас
03419014-n	mon:exe	Эрэгтэй хүнд хамгийн гоё зохидог хувцас бол пиджак. 
15165289-n	mon:lemma	өглөө
15165289-n	mon:exe	Өнөө өглөө бүрхэг байсан.
15165289-n	mon:lemma	үдээс өмнө
15165289-n	mon:exe	Өчигдөр би үдээс өмнө гэрээ цэвэрлээд үдээс хойш ном уншив.
00109151-r	mon:lemma	тэнд
00109151-r	mon:exe	Тэнд олон оюутан суралцаж байна.
03720163-n	mon:lemma	газрын зураг
03720163-n	mon:exe	Байгаа, та энэ газрын зургийг авна уу? 
00024996-a	mon:lemma	шинэ
00024996-a	mon:exe	Өнөөдөр шинэ хичээл үзнэ.
01642477-a	mon:lemma	шинэ
01642477-a	mon:exe	Өнөөдөр шинэ хичээл үзнэ.
01641648-a	mon:lemma	шинэ
01641648-a	mon:exe	Өнөөдөр шинэ хичээл үзнэ.
01687167-a	mon:lemma	шинэ
01687167-a	mon:exe	Өнөөдөр шинэ хичээл үзнэ.
02584699-a	mon:lemma	шинэ
02584699-a	mon:exe	Өнөөдөр шинэ хичээл үзнэ.
01686439-a	mon:lemma	шинэ
01686439-a	mon:exe	Өнөөдөр шинэ хичээл үзнэ.
02070491-a	mon:lemma	шинэ
02070491-a	mon:exe	Өнөөдөр шинэ хичээл үзнэ.
02013758-a	mon:lemma	шинэ
02013758-a	mon:exe	Өнөөдөр шинэ хичээл үзнэ.
01640850-a	mon:lemma	шинэ
01640850-a	mon:exe	Өнөөдөр шинэ хичээл үзнэ.
00894552-n	mon:lemma	дасгал
00894552-n	mon:exe	Өнөөдрийн хичээлээр бид ярианы дасгал хийлээ.
01292683-a	mon:lemma	таалагдах
01292683-a	mon:exe	Энэ засалт танд таалагдаж байна уу? 
01777210-v	mon:lemma	таалагдах
01777210-v	mon:exe	Энэ засалт танд таалагдаж байна уу? 
03038685-n	mon:lemma	анги
03038685-n	mon:exe	Үдээс хойш намайг сургуульд очиход ангид 2, 3 оюутан л байлаа. 
00296131-r	mon:lemma	байхаа
00296131-r	mon:exe	Хоёр цаг дөхөж байгаа байхаа.
00154449-r	mon:lemma	байхаа
00154449-r	mon:exe	Хоёр цаг дөхөж байгаа байхаа.
03001627-n	mon:lemma	сандал
03001627-n	mon:exe	Тэр өрөөнд ширээ, сандал, ор гээд бүх юм бэлэн байжээ.
01734929-v	mon:lemma	хувилах
01734929-v	mon:exe	Энэ бичгийг хувилаад ирье.
01914947-v	mon:lemma	гүйх
01914947-v	mon:exe	Би гэр үрүү нь гүйгээд очлоо.
01926311-v	mon:lemma	гүйх
01926311-v	mon:exe	Би гэр үрүү нь гүйгээд очлоо.
02005496-v	mon:lemma	харих
02005496-v	mon:exe	Хосчимэг гэртээ харина гэж хэлэв.
04379243-n	mon:lemma	ширээ
04379243-n	mon:exe	Ширээн дээр үнсний сав байна.
04298308-n	mon:lemma	шат
04298308-n	mon:exe	Гуравдугаар давхар уруу энэ шатаар гараарай.
00037919-v	mon:lemma	орох
00037919-v	mon:exe	Ямар халуун өдөр вэ. Одоо усанд оръё.
01532589-v	mon:lemma	цэвэрлэх
01532589-v	mon:exe	Өчигдөр би үдээс өмнө гэрээ цэвэрлээд үдээс хойш ном уншив.
01533442-v	mon:lemma	цэвэрлэх
01533442-v	mon:exe	Өчигдөр би үдээс өмнө гэрээ цэвэрлээд үдээс хойш ном уншив.
07663592-n	mon:lemma	үхрийн мах
07663592-n	mon:exe	2 кило үхрийн мах авъя.
08182962-n	mon:lemma	олон хүн
08182962-n	mon:exe	Тэр жүжгийг олон хүн үзсэн гэнэ.
08182379-n	mon:lemma	олон хүн
08182379-n	mon:exe	Тэр жүжгийг олон хүн үзсэн гэнэ.
80000079-n	mon:lemma	өнгөрсөн сар
80000079-n	mon:exe	Өнгөрсөн сард бөхийн тухай шинэ ном гарлаа.
10020890-n	mon:lemma	эмч
10020890-n	mon:exe	Миний бие тааруухан байна. Энэ хавьд эмч бий юу? 
10305802-n	mon:lemma	эмч
10305802-n	mon:exe	Миний бие тааруухан байна. Энэ хавьд эмч бий юу? 
15136147-n	mon:lemma	долоо хоног
15136147-n	mon:exe	Долоо хоногт хэдэн өдөр ажилладаг вэ?
15169873-n	mon:lemma	долоо хоног
15169873-n	mon:exe	Долоо хоногт хэдэн өдөр ажилладаг вэ?
15211806-n	mon:lemma	зургадугаар сар
15211806-n	mon:exe	Зургадугаар сарын нэгэнд монголчууд Эх үрсийн баярыг тэмдэглэдэг.
04489008-n	mon:lemma	өмд
04489008-n	mon:exe	Ээжээ, миний унтлагны өмдийг хаана хийсэн бэ?
08544813-n	mon:lemma	улс
08544813-n	mon:exe	Төгсөхдөө улсын шалгалт өгч, дипломын ажил бичнэ биз дээ? 
08490199-n	mon:lemma	улс
08490199-n	mon:exe	Төгсөхдөө улсын шалгалт өгч, дипломын ажил бичнэ биз дээ? 
00081737-r	mon:lemma	жил бүр
00081737-r	mon:exe	Үндэсний баяр наадамд жил бүр 512 бөх барилддаг юм.
00018158-v	mon:lemma	босох
00018158-v	mon:exe	Маргааш бид нар өглөө 6 цагт босохгүй бол болохгүй.
05538625-n	mon:lemma	толгой
05538625-n	mon:exe	Толгой эргээд гэдэс өвдөөд байна. 
02418686-v	mon:lemma	тоглох
02418686-v	mon:exe	Хүүхдүүд гадаа тоглож байгаа.
04965661-n	mon:lemma	шар
04965661-n	mon:exe	Шар талын дунд хэдэн цагаан гэр, шар дээл дээр хадсан цагаан товч мэт гялалзан харагдана.
02561888-a	mon:lemma	давчуу
02561888-a	mon:exe	Манай хорооллын гудамжинууд  маш давчуу юм.
00476663-a	mon:lemma	давчуу
00476663-a	mon:exe	Манай хорооллын гудамжинууд  маш давчуу юм.
05137165-n	mon:lemma	өндөр
05137165-n	mon:exe	Хөшөө нь хааш хаашаа нэг метр 80 см, өндөр нь нэг метр 50 см.
05131647-n	mon:lemma	өндөр
05131647-n	mon:exe	Хөшөө нь хааш хаашаа нэг метр 80 см, өндөр нь нэг метр 50 см.
00009966-r	mon:lemma	-на уу
00009966-r	mon:exe	За, та ил захидлаа сонгоно уу?
00009966-r	mon:lemma	зүгээр; зүгээр
00009966-r	mon:lemma	зүгээр; зүгээр
00009966-r	mon:exe	Зүгээр, зүгээр. 
10103485-n	mon:lemma	гадаадын хүн
10103485-n	mon:exe	Би гадаадын хүн. Зам мэдэхгүй, яаж явахыг зааж өгөөч! 
02958343-n	mon:lemma	машин
02958343-n	mon:exe	Ирэх сарын 15-нд, машинаар явна. 
03924069-n	mon:lemma	пянз
03924069-n	mon:exe	Сүүлийн үед хүмүүс пянз тоглуулагчаар хөгжим сонсохоо больжээ.
10332385-n	mon:lemma	ээж
10332385-n	mon:exe	Манай ээж англи хэлтэй.
10332385-n	mon:lemma	ээж
10332385-n	mon:exe	Ээжээ, миний унтлагны өмдийг хаана хийсэн бэ?
02410855-v	mon:lemma	ажиллах
02410855-v	mon:exe	Чи хаана ажилладаг вэ? 
07668702-n	mon:lemma	гахайн мах
07668702-n	mon:exe	Би гахайн мах бага иддэг.
13836136-n	mon:lemma	баруун
13836136-n	mon:exe	4-р давхарын баруун жигүүрт монгол номууд бий. 
02368336-a	mon:lemma	чихэрлэг
02368336-a	mon:exe	Ажил хийгээд ядарсан үед зайрмаг ч юмуу чихэрлэг зүйл идэхээр сэтгэл сайхан болдог.
04254777-n	mon:lemma	оймс
04254777-n	mon:exe	Гадаа хүйтэн шүү. Оймс өмсөөд яваарай!
01845229-v	mon:lemma	аялах
01845229-v	mon:exe	Чи аялах дуртай юу? 
01846916-v	mon:lemma	аялах
01846916-v	mon:exe	Чи аялах дуртай юу? 
01845720-v	mon:lemma	аялах
01845720-v	mon:exe	Чи аялах дуртай юу? 
10112591-n	mon:lemma	найз
10112591-n	mon:exe	Найз нартайгаа ойрхон ууланд явж цанаар гулгана. 
08588294-n	mon:lemma	дотор
08588294-n	mon:exe	Автобусан дотор билет таслагч бий.
08588152-n	mon:lemma	дотор
08588152-n	mon:exe	Автобусан дотор билет таслагч бий.
77000021-n	mon:lemma	чи
77000021-n	mon:exe	Чи шугамын радио гэдэг юм мэдэхгүй юм уу?
77000021-n	mon:lemma	та
77000021-n	mon:exe	Та ямар хэлээр ярьдаг вэ?
02771169-v	mon:lemma	цэлмэг болох
02771169-v	mon:exe	Нар мандах үеэр манантай байвал өдөртөө цэлмэг бүгчим болно. 
77000061-a	mon:lemma	энэ
77000061-a	mon:exe	Энэ захиа хэд хоноод хүрэх вэ?
80001619-a	mon:lemma	энэ
80001619-a	mon:exe	Энэ захиа хэд хоноод хүрэх вэ?
77000075-a	mon:lemma	энэ
77000075-a	mon:exe	Энэ захиа хэд хоноод хүрэх вэ?
04018667-n	mon:lemma	бие засах газар
04018667-n	mon:exe	Бие засах газар хаа байна вэ?
08649345-n	mon:lemma	өргөөш
08649345-n	mon:exe	Төсөлд зааснаар талбай нь уртаашаа 400 м, өргөөшөө 350 м юм байна.
08649345-n	mon:lemma	хажуу
08649345-n	mon:exe	Гэртээ очтол ээж маань зуухны хажууд сууж байлаа.
08649345-n	mon:lemma	хажуу
08649345-n	mon:exe	Талбайн хажууд бас нэг шинэ зочид буудал бариж байна.
05136150-n	mon:lemma	өргөөш
05136150-n	mon:exe	Төсөлд зааснаар талбай нь уртаашаа 400 м, өргөөшөө 350 м юм байна.
15211484-n	mon:lemma	тавдугаар сар
15211484-n	mon:exe	Тавдугаар сард шинэ багш ирэх гэнэ.
05563770-n	mon:lemma	гар
05563770-n	mon:exe	Хүмүүс Дашийг Доржийн баруун гар гэж нэрлэдэг.
15165490-n	mon:lemma	үд
15165490-n	mon:exe	Өчигдөр би үд болтол унтлаа.
04272054-n	mon:lemma	нүдний шил
04272054-n	mon:exe	Тэр нүдний шилтэй залуу хэн бэ?
80000746-n	mon:lemma	ханз
80000746-n	mon:exe	Уучлаарай, би ханз сайн уншиж чадахгүй болохоор та надад туслана  уу? 
10287213-n	mon:lemma	эрэгтэй
10287213-n	mon:exe	Эрэгтэй хүнд хамгийн гоё зохидог хувцас бол пиджак. 
09624168-n	mon:lemma	эрэгтэй
09624168-n	mon:exe	Эрэгтэй хүнд хамгийн гоё зохидог хувцас бол пиджак. 
15164105-n	mon:lemma	хоёрдохь өдөр
15164105-n	mon:exe	Хоёрдохь өдөр таны үзсэн киног би хагас сайн өдөр үзнэ. 
77000099-n	mon:lemma	бүгд
77000099-n	mon:exe	Манай ямаа бүгд чононд идүүлсэн.
00479391-v	mon:lemma	арилгах
00479391-v	mon:exe	Ханан дээрх бичээсийг бушуухан арилга.
03238879-n	mon:lemma	цамц
03238879-n	mon:exe	Костюмныхаа өнгөнөөс илүү бараан цамц, бас түүнээс илүү цайвар зангиа зүүж болохгүй
02412164-a	mon:lemma	нимгэн
02412164-a	mon:exe	Энэ ном нимгэн ч гэсэн их сонирхолтой.
02414188-a	mon:lemma	нимгэн
02414188-a	mon:exe	Энэ ном нимгэн ч гэсэн их сонирхолтой.
08489627-n	mon:lemma	тэнд
08489627-n	mon:exe	Тэнд том номын сан байна.
01168468-v	mon:lemma	идэх
01168468-v	mon:exe	За байз, юу иддэг юм билээ...  Чи юу уух вэ? 
01166351-v	mon:lemma	идэх
01166351-v	mon:exe	За байз, юу иддэг юм билээ...  Чи юу уух вэ? 
01179865-v	mon:lemma	идэх
01179865-v	mon:exe	За байз, юу иддэг юм билээ...  Чи юу уух вэ? 
02818832-n	mon:lemma	ор
02818832-n	mon:exe	Тэр өрөөнд ширээ, сандал, ор гээд бүх юм бэлэн байжээ.
90000503-n	mon:lemma	ирэх жил
90000503-n	mon:exe	Зургаан настай  нэг хүүтэй, ирэх жил сургуульд орно. 
08168367-n	mon:lemma	гадаад орон
08168367-n	mon:exe	Чи гадаад орноор явж үзсэн үү?
02560548-a	mon:lemma	өргөн
02560548-a	mon:exe	Дорнод аймгийн  зүүн өмнөд хэсгээр Мэнэн, Тамсаг, Матадын өргөн уудам талууд оршдог.
01384212-a	mon:lemma	өргөн
01384212-a	mon:exe	Дорнод аймгийн  зүүн өмнөд хэсгээр Мэнэн, Тамсаг, Матадын өргөн уудам талууд оршдог.
01031256-v	mon:lemma	явуулах
01031256-v	mon:exe	Энгийнээр, баталгаатай захиа явуулахад ямар үнэтэй вэ? 
01995211-v	mon:lemma	явуулах
01995211-v	mon:exe	Энгийнээр, баталгаатай захиа явуулахад ямар үнэтэй вэ? 
00255710-n	mon:lemma	угаалга
00255710-n	mon:exe	Одоо би угаалга хийнэ.
07110457-n	mon:lemma	яриа
07110457-n	mon:exe	"Хүн төрөлхтний ирээдүй" гэсэн сэдвээр хийсэн миний яриа ойлгоход хүнд байсан байх даа.  \n
00893243-n	mon:lemma	яриа
00893243-n	mon:exe	"Хүн төрөлхтний ирээдүй" гэсэн сэдвээр хийсэн миний яриа ойлгоход хүнд байсан байх даа.  \n
07221094-n	mon:lemma	яриа
07221094-n	mon:exe	"Хүн төрөлхтний ирээдүй" гэсэн сэдвээр хийсэн миний яриа ойлгоход хүнд байсан байх даа.  \n
07139316-n	mon:lemma	яриа
07139316-n	mon:exe	"Хүн төрөлхтний ирээдүй" гэсэн сэдвээр хийсэн миний яриа ойлгоход хүнд байсан байх даа.  \n
07555863-n	mon:lemma	хоол
07555863-n	mon:exe	Өдөрт гурван удаа хоол идэхээсээ  арван минутын өмнө ууна.
07560652-n	mon:lemma	хоол
07560652-n	mon:exe	Өдөрт гурван удаа хоол идэхээсээ  арван минутын өмнө ууна.
00157412-r	mon:lemma	заримдаа
00157412-r	mon:exe	Миний цаг заримдаа хоцроод байх юм. Би хэд хэдэн удаа унагачихсан юм. 
00021212-r	mon:lemma	заримдаа
00021212-r	mon:exe	Миний цаг заримдаа хоцроод байх юм. Би хэд хэдэн удаа унагачихсан юм. 
03740161-n	mon:lemma	эм
03740161-n	mon:exe	Энэ эмийг яаж уух вэ? Хоолны дараа юу?
02318272-a	mon:lemma	шулуун
02318272-a	mon:exe	Энэ шулуун замаар чигээрээ яваарай.
02310895-a	mon:lemma	шулуун
02310895-a	mon:exe	Энэ шулуун замаар чигээрээ яваарай.
02314584-a	mon:lemma	шулуун
02314584-a	mon:exe	Энэ шулуун замаар чигээрээ яваарай.
10787470-n	mon:lemma	эмэгтэй
10787470-n	mon:exe	Энэ кинонд нэгэн эмэгтэйн хувь заяаг харуулсан байдаг.
10736091-n	mon:lemma	ах
10736091-n	mon:exe	Чи манай ахтай уулзаж байсан билүү?
04404997-n	mon:lemma	зургийн аппарат
04404997-n	mon:exe	Би энэ зургийн аппаратыг их дэлгүүрээс авсан юм.
02942699-n	mon:lemma	зургийн аппарат
02942699-n	mon:exe	Би энэ зургийн аппаратыг их дэлгүүрээс авсан юм.
04370048-n	mon:lemma	ноосон цамц
04370048-n	mon:exe	Би завтай үедээ ноосон цамц нэхдэг.
02626604-v	mon:lemma	болох
02626604-v	mon:exe	10000 иен хэдэн төгрөг болох вэ? 
02623529-v	mon:lemma	болох
02623529-v	mon:exe	10000 иен хэдэн төгрөг болох вэ? 
04398497-n	mon:lemma	цайны газар
04398497-n	mon:exe	Би цайны газар ажиллуулах гэсэн юм.
00081591-r	mon:lemma	долоо хоног бүр
00081591-r	mon:exe	Энэ нэвтрүүлэг долоо хоног бүр нэг удаа нэгдүгээр сувгаар гардаг.
01535246-v	mon:lemma	угаах
01535246-v	mon:exe	Бие засах газар орсны дараа гараа сайн угаах хэрэгтэй.
01535246-v	mon:lemma	угаах
01535246-v	mon:exe	Би хувцсаа өөрөө угаадаг.
00036362-v	mon:lemma	угаах
00036362-v	mon:exe	Бие засах газар орсны дараа гараа сайн угаах хэрэгтэй.
01536168-v	mon:lemma	угаах
01536168-v	mon:exe	Бие засах газар орсны дараа гараа сайн угаах хэрэгтэй.
00606093-v	mon:lemma	дасгал хийх
00606093-v	mon:exe	Өнөөдрийн хичээлээр бид ярианы дасгал хийлээ.
01723224-v	mon:lemma	дасгал хийх
01723224-v	mon:exe	Өнөөдрийн хичээлээр бид ярианы дасгал хийлээ.
15156187-n	mon:lemma	өчигдөр
15156187-n	mon:exe	Өчигдөр хичээл орсон уу? Би ирж чадаагүй. 
04437953-n	mon:lemma	цаг
04437953-n	mon:exe	Таны цаг яагаад байна вэ? 
03046257-n	mon:lemma	цаг
03046257-n	mon:exe	Таны цаг яагаад байна вэ? 
04350905-n	mon:lemma	пиджак
04350905-n	mon:exe	Эрэгтэй хүнд хамгийн гоё зохидог хувцас бол пиджак. 
00409440-a	mon:lemma	бараан
00409440-a	mon:exe	Костюмныхаа өнгөнөөс илүү бараан цамц, бас түүнээс илүү цайвар зангиа зүүж болохгүй
00842199-a	mon:lemma	хүчтэй
00842199-a	mon:exe	Монголд хамгийн хүчтэй бөх хэн бэ?
15163979-n	mon:lemma	нэгдэх өдөр
15163979-n	mon:exe	Нэгдэх өдөр манайд очоорой.
05687338-n	mon:lemma	асуудал
05687338-n	mon:exe	Түүнээс гадна ямар асуудал байна вэ?
06784003-n	mon:lemma	асуудал
06784003-n	mon:exe	Түүнээс гадна ямар асуудал байна вэ?
03281145-n	mon:lemma	цахилгаан шат
03281145-n	mon:exe	Манай байранд цахилгаан шат байхгүй.
05320899-n	mon:lemma	чих
05320899-n	mon:exe	Гар утас чихэнд сөрөг нөлөөтэй гэнэ. 
00007846-n	mon:lemma	хэн нэгэн
00007846-n	mon:exe	Намайг идэхгүй байлаа гэхэд өөр хэн нэгэн нь үүнийг иднэ.
04284002-n	mon:lemma	халбага
04284002-n	mon:exe	Эхлээд халбагаар шөлийг уугаад, дараа нь сэрээ хутга хэрэглэж махыг иднэ.
13134947-n	mon:lemma	жимс
13134947-n	mon:exe	Уучлаарай, жимс зардаг тасаг хаана вэ?
11683989-n	mon:lemma	жимс
11683989-n	mon:exe	Уучлаарай, жимс зардаг тасаг хаана вэ?
02730813-v	mon:lemma	хэлэх
02730813-v	mon:exe	Түүний үгэн дээр би нэг зүйл нэмж хэлье.
01009240-v	mon:lemma	хэлэх
01009240-v	mon:exe	Түүний үгэн дээр би нэг зүйл нэмж хэлье.
00941990-v	mon:lemma	хэлэх
00941990-v	mon:exe	Түүний үгэн дээр би нэг зүйл нэмж хэлье.
00979870-v	mon:lemma	хэлэх
00979870-v	mon:exe	Түүний үгэн дээр би нэг зүйл нэмж хэлье.
09854218-n	mon:lemma	эгч дүүс
09854218-n	mon:exe	Тэр хоёр эгч дүүс.
04507155-n	mon:lemma	шүхэр
04507155-n	mon:exe	Чи яагаад шүхэртэй зогсоод байгаа юм бэ?
02229324-a	mon:lemma	муу
02229324-a	mon:exe	Манай ах хоол хийхдээ муу.
01870636-a	mon:lemma	муу
01870636-a	mon:exe	Манай ах хоол хийхдээ муу.
01128103-a	mon:lemma	муу
01128103-a	mon:exe	Манай ах хоол хийхдээ муу.
02229000-a	mon:lemma	муу
02229000-a	mon:exe	Манай ах хоол хийхдээ муу.
15270431-n	mon:lemma	цаг
15270431-n	mon:exe	Чи чөлөөт цагаа яаж өнгөрөөдөг вэ? 
15227846-n	mon:lemma	цаг
15227846-n	mon:exe	Чи чөлөөт цагаа яаж өнгөрөөдөг вэ? 
15269513-n	mon:lemma	цаг
15269513-n	mon:exe	Чи чөлөөт цагаа яаж өнгөрөөдөг вэ? 
00744916-a	mon:lemma	хэцүү
00744916-a	mon:exe	Аа бас нилээн хэцүү юм байна. 
04401088-n	mon:lemma	утас
04401088-n	mon:exe	Энэ гар утас уу? 
06272803-n	mon:lemma	утас
06272803-n	mon:exe	Энэ гар утас уу? 
02870092-n	mon:lemma	ном
02870092-n	mon:exe	Хэлний ном энэ тавиурт, түүхийн ном тэр тавиурт байна. 
06410904-n	mon:lemma	ном
06410904-n	mon:exe	Хэлний ном энэ тавиурт, түүхийн ном тэр тавиурт байна. 
14974264-n	mon:lemma	цаас
14974264-n	mon:exe	Багш цүнхнээсээ хоёр хуудас цаас, үзэг гаргаад ширээн дээр тавив.
80000677-n	mon:lemma	цаас
80000677-n	mon:exe	Багш цүнхнээсээ хоёр хуудас цаас, үзэг гаргаад ширээн дээр тавив.
06255777-n	mon:lemma	цаас
06255777-n	mon:exe	Багш цүнхнээсээ хоёр хуудас цаас, үзэг гаргаад ширээн дээр тавив.
04960277-n	mon:lemma	хар
04960277-n	mon:exe	Дорж хар нүдтэй. 
02770717-v	mon:lemma	үүлших
02770717-v	mon:exe	Маргааш зарим нутгаар үүлшинэ.
02529945-a	mon:lemma	сэрүүн
02529945-a	mon:exe	Бороо орж сэрүүн салхи салхилав.
02207206-v	mon:lemma	авах
02207206-v	mon:exe	Автобусны билетээ хаанаас авах вэ?
02208265-v	mon:lemma	авах
02208265-v	mon:exe	Автобусны билетээ хаанаас авах вэ?
00422620-a	mon:lemma	муухай
00422620-a	mon:exe	Энэ муухай цүнх хэнийх вэ?
01908889-a	mon:lemma	муухай
01908889-a	mon:exe	Энэ муухай цүнх хэнийх вэ?
00419289-a	mon:lemma	муухай
00419289-a	mon:exe	Энэ муухай цүнх хэнийх вэ?
01345109-v	mon:lemma	хаах
01345109-v	mon:exe	Хаалгаа хаагаад яваач!
01960911-v	mon:lemma	сэлэх
01960911-v	mon:exe	Чи усанд сэлж  чадах уу?
00933154-a	mon:lemma	өндөр
00933154-a	mon:exe	Аан! Тэр өндөр хүрэн барилга уу? Ямар хэл сурч байна даа? 
04199027-n	mon:lemma	гутал
04199027-n	mon:exe	Япон айлд орохдоо үүдэнд нь гутлаа тайлаад гэрийн шаахайнаас өмсөөрөй.
04330340-n	mon:lemma	зуух
04330340-n	mon:exe	Гэртээ очтол ээж маань зуухны хажууд сууж байлаа.
05598147-n	mon:lemma	хамар
05598147-n	mon:exe	Миний хамар битүүрээд байна.
05658826-n	mon:lemma	хамар
05658826-n	mon:exe	Миний хамар битүүрээд байна.
06947032-n	mon:lemma	англи хэл
06947032-n	mon:exe	Манай эрэгтэй дүү ирэх жилээс АНУ-д суралцахаар одоо англи хэлний дамжаанд явж байна.
07575726-n	mon:lemma	оройн хоол
07575726-n	mon:exe	Оройн хоолонд юу идэх вэ?
07575726-n	mon:lemma	оройн хоол
07575726-n	mon:exe	Оройн хоолонд юу идэх вэ?
03485794-n	mon:lemma	нусны алчуур
03485794-n	mon:exe	Эрэгтэй хүн олны дунд явахдаа индүүдээгүй бохир нусны алчуур гаргаж хэрэглэвэл соёлч бус байдлын илрэл гэж үздэг юм.
01198101-v	mon:lemma	татах
01198101-v	mon:exe	Тамхи татдаг, өтгөн байхуу цай, кофе уудаг хүмүүсийн шүд амархан шарладаг. 
02741003-v	mon:lemma	өлгөх
02741003-v	mon:exe	Хувцасаа өлгүүрт өлгөөрөй!
01206474-a	mon:lemma	намхан
01206474-a	mon:exe	Сургуулийн баруун талд нэг намхан байшин байдаг.
13832355-n	mon:lemma	зүүн
13832355-n	mon:exe	Манай сургуулийн зүүн талд номын дэлгүүр байсан юм. 
11525955-n	mon:lemma	салхи
11525955-n	mon:exe	Өнөөдөр салхитай ч гэсэн дулаахан байна.
02324182-v	mon:lemma	түр өгөх
02324182-v	mon:exe	Та үзгээ түр өгөөч? 
01437963-a	mon:lemma	урт
01437963-a	mon:exe	Хамгийн урт үстэй нь хэн бэ?
01433493-a	mon:lemma	урт
01433493-a	mon:exe	Хамгийн урт үстэй нь хэн бэ?
01444022-a	mon:lemma	урт
01444022-a	mon:exe	Хамгийн урт үстэй нь хэн бэ?
80001077-n	mon:lemma	хэд
80001077-n	mon:exe	Хэдэн ном, хэд хоногийн хугацаатай авч болох вэ? 
80001077-n	mon:lemma	ямар үнэтэй
80001077-n	mon:exe	Тоглолтын билет ямар үнэтэй гэнэ? 
10665698-n	mon:lemma	сурагч
10665698-n	mon:exe	Манай сургууль 1000 гаруй сурагчидтай.
10665698-n	mon:lemma	оюутан
10665698-n	mon:exe	Таны оюутны үнэмлэх хэрэгтэй. 
10251779-n	mon:lemma	сурагч
10251779-n	mon:exe	Манай сургууль 1000 гаруй сурагчидтай.
08615374-n	mon:lemma	цэцэрлэгт хүрээлэн
08615374-n	mon:exe	Агаарын бохирдлоосоо салахын тулд энэ хотын ойр орчимд хэд хэдэн сайхан цэцэрлэгт хүрээлэн байгуулах хэрэгтэй.
77000064-n	mon:lemma	аль
77000064-n	mon:exe	Аль автобус ирж вэ?
03290771-n	mon:lemma	үүд
03290771-n	mon:exe	Япон айлд орохдоо үүдэнд нь гутлаа тайлаад гэрийн шаахайнаас өмсөөрөй.
03290771-n	mon:lemma	орох хаалга
03290771-n	mon:exe	Энэ байшингийн орох хаалга нь хоёрдугаар давхарт байгаа.
06409752-n	mon:lemma	зохион бичлэг
06409752-n	mon:exe	Бид багаасаа зохион бичлэг хийдэг байсан.
10286084-n	mon:lemma	ах дүү
10286084-n	mon:exe	Таны эцэг эх, ах дүү нар одоо хаана ямар ажил хийж байна вэ?
09876454-n	mon:lemma	ах дүү
09876454-n	mon:exe	Таны эцэг эх, ах дүү нар одоо хаана ямар ажил хийж байна вэ?
80001731-n	mon:lemma	гадаад оюутан
80001731-n	mon:exe	Манай сургуульд 90 орчим гадаад оюутан суралцдаг.
77000031-n	mon:lemma	тэд
77000031-n	mon:exe	Тэд салхинд зугаалангаа голоос ус авчирчээ.
00934199-a	mon:lemma	хямд
00934199-a	mon:exe	Дорж тэр машныг хямд үнээр авсан гэнэ.
00935103-a	mon:lemma	хямд
00935103-a	mon:exe	Дорж тэр машныг хямд үнээр авсан гэнэ.
02747802-n	mon:lemma	үнсний сав
02747802-n	mon:exe	Ширээн дээр үнсний сав байна.
15213115-n	mon:lemma	аравдугаар сар
15213115-n	mon:exe	Би 1985 оны аравдугаар сарын 15-нд төрсөн.
15203791-n	mon:lemma	жил
15203791-n	mon:exe	Эхний нэг жил хэлний бэлтгэл хийчихээд дараа нь хуулийн чиглэлээр 4-н жил суралцана. 
03619890-n	mon:lemma	гал тогооны өрөө
03619890-n	mon:exe	Аяга тавгаа гал тогооны өрөөнөөс авч ирээрэй.
00273734-v	mon:lemma	заах
00273734-v	mon:exe	Би түүхийн хичээлд сонирхолгүй ч, Бат багш сонирхолтой заадаг.
00829107-v	mon:lemma	заах
00829107-v	mon:exe	Би түүхийн хичээлд сонирхолгүй ч, Бат багш сонирхолтой заадаг.
00963570-v	mon:lemma	ярих
00963570-v	mon:exe	Аргагүй байхаа, танд оросоор ярих орчин байхгүй болохоор тэр.
00815686-v	mon:lemma	хариулах
00815686-v	mon:exe	Асуултанд хариулахдаа гараа өргөөрөй.
00635523-v	mon:lemma	хариулах
00635523-v	mon:exe	Асуултанд хариулахдаа гараа өргөөрөй.
01775164-v	mon:lemma	их дуртай
01775164-v	mon:exe	Би сүүтэй цайнд их дуртай.
01828736-v	mon:lemma	их дуртай
01828736-v	mon:exe	Би сүүтэй цайнд их дуртай.
06418901-n	mon:lemma	толь бичиг
06418901-n	mon:exe	Энэ чинь шинээр гарсан толь бичиг үү?
15164570-n	mon:lemma	хагас сайн өдөр
15164570-n	mon:exe	Хоёрдохь өдөр таны үзсэн киног би хагас сайн өдөр үзнэ. 
00284798-n	mon:lemma	салхинд гарах
00284798-n	mon:exe	Өнөөдөр сайхан өдөр байна. Салхинд гаръя.
00284101-n	mon:lemma	салхинд гарах
00284101-n	mon:exe	Өнөөдөр сайхан өдөр байна. Салхинд гаръя.
01712704-v	mon:lemma	хийх
01712704-v	mon:exe	Өнөөдөр номын санд хамт даалгавараа хийх үү? 
08277393-n	mon:lemma	сургууль
08277393-n	mon:exe	Зургаан настай  нэг хүүтэй, ирэх жил сургуульд орно. 
08276720-n	mon:lemma	сургууль
08276720-n	mon:exe	Зургаан настай  нэг хүүтэй, ирэх жил сургуульд орно. 
00161630-r	mon:lemma	удаан
00161630-r	mon:exe	Арай удаан ярьж өгөхгүй юү?
90000506-n	mon:lemma	өнгөрсөн долоо хоног
90000506-n	mon:exe	Өнөөдөр, өнгөрсөн долоо хоногт болсон гэмт хэргийн талаар авч хэлэлцэнэ.
03057021-n	mon:lemma	хүрэм
03057021-n	mon:exe	Савхин хүрэмтэй хүн зочид буудлаас гарч ирлээ.
03057021-n	mon:lemma	пальто
03057021-n	mon:exe	Тэр хүүхний пальто нь үнэгэн захтай.
03589791-n	mon:lemma	хүрэм
03589791-n	mon:exe	Савхин хүрэмтэй хүн зочид буудлаас гарч ирлээ.
06929279-n	mon:lemma	япон хэл
06929279-n	mon:exe	Та япон хэл мэдэх үү? 
03303965-n	mon:lemma	гарах хаалга
03303965-n	mon:exe	Би Болдтой Тэнгэр кино театрийн гарах хаалганы ойролцоо өнөөдөр орой 7 цагт уулзахаар тохиролцов.
10142391-n	mon:lemma	өвгөн
10142391-n	mon:exe	Эрт дээр цагт нэгэн ядуу өвгөн, ач хүүтэйгээ амьдарч байжээ. 
07934530-n	mon:lemma	байхуу цай
07934530-n	mon:exe	Тамхи татдаг, өтгөн байхуу цай, кофе уудаг хүмүүсийн шүд амархан шарладаг. 
07933274-n	mon:lemma	байхуу цай
07933274-n	mon:exe	Тамхи татдаг, өтгөн байхуу цай, кофе уудаг хүмүүсийн шүд амархан шарладаг. 
07933274-n	mon:lemma	цай
07933274-n	mon:exe	Та цай уух уу, кофе уух уу?
03147509-n	mon:lemma	аяга
03147509-n	mon:exe	Би өглөө босоод нэг аяга кофе уучихаад мэйлээ шалгадаг. \n
03972524-n	mon:lemma	халаас
03972524-n	mon:exe	Аав халаасандаа гараа хийв.
04968895-n	mon:lemma	цэнхэр
04968895-n	mon:exe	Цэнхэр дээл чамд сайхан зохих байхаа.
01555416-a	mon:lemma	бага
01555416-a	mon:exe	Зун цагаан идээг түлхүү хэрэглэж, махан хоол бага хэрэглэдэг.
01552885-a	mon:lemma	бага
01552885-a	mon:exe	Зун цагаан идээг түлхүү хэрэглэж, махан хоол бага хэрэглэдэг.
00017865-v	mon:lemma	унтах
00017865-v	mon:exe	Унтахаасаа өмнө нүүрээ халуун бүлээн усаар савандаж угаах хэрэгтэй.
00450147-a	mon:lemma	ойрхон
00450147-a	mon:exe	Эндээс хол уу ойрхон уу? 
00444519-a	mon:lemma	ойрхон
00444519-a	mon:exe	Эндээс хол уу ойрхон уу? 
00445169-a	mon:lemma	ойрхон
00445169-a	mon:exe	Эндээс хол уу ойрхон уу? 
00584367-n	mon:lemma	ажил
00584367-n	mon:exe	Ажил тарсны дараа ирэх үү?
07574602-n	mon:lemma	өглөөний хоол
07574602-n	mon:exe	Өглөөний хоолоо идээд ирсэн үү?
08078020-n	mon:lemma	гэр бүл
08078020-n	mon:exe	Би ч гэсэн баяртай байна. Өнөөдөр би таныг гэр бүлийнхэнтэйгээ танилцуулнаа.  
10236304-n	mon:lemma	гэр бүл
10236304-n	mon:exe	Би ч гэсэн баяртай байна. Өнөөдөр би таныг гэр бүлийнхэнтэйгээ танилцуулнаа.  
07970406-n	mon:lemma	гэр бүл
07970406-n	mon:exe	Би ч гэсэн баяртай байна. Өнөөдөр би таныг гэр бүлийнхэнтэйгээ танилцуулнаа.  
07970406-n	mon:lemma	айл
07970406-n	mon:exe	Япон айлд орохдоо үүдэнд нь гутлаа тайлаад гэрийн шаахайнаас өмсөөрөй.
04197391-n	mon:lemma	цамц
04197391-n	mon:exe	Костюмныхаа өнгөнөөс илүү бараан цамц, бас түүнээс илүү цайвар зангиа зүүж болохгүй
09918248-n	mon:lemma	хүүхэд
09918248-n	mon:exe	Хүүхэдтэй юу? 
12212361-n	mon:lemma	ногоо
12212361-n	mon:exe	Би их өлсөж байна. Ногоотой шөл, бууз иднээ. Харин чи?
07707451-n	mon:lemma	ногоо
07707451-n	mon:exe	Би их өлсөж байна. Ногоотой шөл, бууз иднээ. Харин чи?
03365991-n	mon:lemma	давхар
03365991-n	mon:exe	4-р давхарын баруун жигүүрт монгол номууд бий. 
00976508-a	mon:lemma	хурдан
00976508-a	mon:exe	Та автобусаар явж болно, гэхдээ таксигаар явбал арай хурдан очно. 
00981818-a	mon:lemma	хурдан
00981818-a	mon:exe	Та автобусаар явж болно, гэхдээ таксигаар явбал арай хурдан очно. 
00979862-a	mon:lemma	хурдан
00979862-a	mon:exe	Та автобусаар явж болно, гэхдээ таксигаар явбал арай хурдан очно. 
01367431-a	mon:lemma	хөл хөгжөөнтэй
01367431-a	mon:exe	Өнөөдөр Сүхбаатарын талбай хөл хөгжөөнтэй байлаа. 
07644382-n	mon:lemma	тахианы мах
07644382-n	mon:exe	Сүүлийн үед гахай, тахианы махыг өргөн хэрэглэх болж байна. \n
07644967-n	mon:lemma	тахианы мах
07644967-n	mon:exe	Сүүлийн үед гахай, тахианы махыг өргөн хэрэглэх болж байна. \n
07813107-n	mon:lemma	давс
07813107-n	mon:exe	Давс их идэх нь хэдэн зүйлийн өвчинтэй нягт холбоотой.
07825972-n	mon:lemma	цуу
07825972-n	mon:exe	Япончууд хоолондоо цуу их хэрэглэдэг.\n
02005948-v	mon:lemma	хүрэх
02005948-v	mon:exe	Энэ захиа хэд хоноод хүрэх вэ?
02930766-n	mon:lemma	такси
02930766-n	mon:exe	Та автобусаар явж болно, гэхдээ таксигаар явбал арай хурдан очно. 
00604617-a	mon:lemma	дөхөмтэй
00604617-a	mon:exe	Блог бичихэд энэ программ их дөхөмтэй.\n
15237250-n	mon:lemma	зун
15237250-n	mon:exe	Энэ зун бөхийн барилдаан хэзээ болох вэ? 
03757138-n	mon:lemma	метро
03757138-n	mon:exe	Ер нь 800 мянгаас дээш хүн амтай хотод метро байгуулдаг. 
04349306-n	mon:lemma	метро
04349306-n	mon:exe	Ер нь 800 мянгаас дээш хүн амтай хотод метро байгуулдаг. 
77000090-n	mon:lemma	яаж
77000090-n	mon:exe	Би яаж очих вэ? 
80001331-x	mon:lemma	яаж
80001331-x	mon:exe	Би яаж очих вэ? 
77000104-n	mon:lemma	хэзээ
77000104-n	mon:exe	Энэ зун бөхийн барилдаан хэзээ болох вэ? 
04105893-n	mon:lemma	байр
04105893-n	mon:exe	Манайх 2 өрөөтэй байранд олуулаа амьдардаг байсан. 
06415419-n	mon:lemma	дэвтэр
06415419-n	mon:exe	Өнөөдөр хичээлтэй шүү. Дэвтрээ авахаа мартуузай.
01376705-a	mon:lemma	алдартай
01376705-a	mon:exe	Манай багш дэлхийд алдартай тэр сургуулийг төгссөн хүн.
01375831-a	mon:lemma	алдартай
01375831-a	mon:exe	Манай багш дэлхийд алдартай тэр сургуулийг төгссөн хүн.
00953216-v	mon:lemma	ярих
00953216-v	mon:exe	Тиймээ, би тантай ярих юм байгаа юмсан. 
00962447-v	mon:lemma	ярих
00962447-v	mon:exe	Тиймээ, би тантай ярих юм байгаа юмсан. 
02935891-n	mon:lemma	гуанз
02935891-n	mon:exe	Гуанзанд хооллодог юм билүү гэж бодож байна.
01984902-v	mon:lemma	суух
01984902-v	mon:exe	Наашаа ирээд суугаарай.
00120223-r	mon:lemma	-нгаа  ...
00120223-r	mon:exe	Тэд салхинд зугаалангаа голоос ус авчирчээ.
00120095-r	mon:lemma	-нгаа  ...
00120095-r	mon:exe	Тэд салхинд зугаалангаа голоос ус авчирчээ.
02386612-a	mon:lemma	бага
02386612-a	mon:exe	Намайг бага байх үед автобусны билет 50 мөнгө байсан.
02386612-a	mon:lemma	богино
02386612-a	mon:exe	"Богино хугацаа" ангиллын виз авахад урилга хэрэггүй болсон байх аа.
02345713-a	mon:lemma	муу
02345713-a	mon:exe	Архи хүний биед муу нөлөөтэй.
00478311-a	mon:lemma	муу
00478311-a	mon:exe	Архи хүний биед муу нөлөөтэй.
01174222-a	mon:lemma	муу
01174222-a	mon:exe	Архи хүний биед муу нөлөөтэй.
03025755-n	mon:lemma	савх
03025755-n	mon:exe	Монголчууд савх хэрэглэдэг үү?
15166191-n	mon:lemma	үдээс хойш
15166191-n	mon:exe	Өчигдөр би үдээс өмнө гэрээ цэвэрлээд үдээс хойш ном уншив.
80000080-n	mon:lemma	энэ сар
80000080-n	mon:exe	Би энэ сарын сүүлээр явна.
06624161-n	mon:lemma	захиа
06624161-n	mon:exe	За тэгье. Бас энэ захиаг Япон луу явуулах гэсэн юм.
01909812-v	mon:lemma	эргэх
01909812-v	mon:exe	Энхтайвны гүүрээр гараад зүүн гар тийшээ эргээд яваарай.
07929519-n	mon:lemma	кофе
07929519-n	mon:exe	Та цай уух уу, кофе уух уу?
01729431-v	mon:lemma	дуулах
01729431-v	mon:exe	Дулмаа, чи нэг сайхан дуу дуулаач!
11501381-n	mon:lemma	бороо
11501381-n	mon:exe	Өчигдөр анхны бороо орлоо.
07749582-n	mon:lemma	нимбэг
07749582-n	mon:exe	Цайндаа сүү хийх үү, нимбэг хийх үү?
90000511-n	mon:lemma	уржигдар
90000511-n	mon:exe	Зарим нутгаар уржигдар хүчтэй шороон шуурга шуурчээ.
00118032-r	mon:lemma	за
00118032-r	mon:exe	За, үүнийг явуулъя.
00118032-r	mon:lemma	тэгвэл
00118032-r	mon:exe	Тэгвэл би үдийн хоол цай хийгээд аваад ирэх үү?
04468005-n	mon:lemma	цахилгаан галт тэрэг
04468005-n	mon:exe	Бид Наритагаас цахилгаан галт тэргээр хотын төв рүү явлаа. 
77000002-n	mon:lemma	бид
77000002-n	mon:exe	Бид нар чамайг утсаар ярьсны дараа явна.
15206296-n	mon:lemma	нэг сар
15206296-n	mon:exe	Наашаа ирээд нэг сар боллоо.
02834778-n	mon:lemma	дугуй
02834778-n	mon:exe	Манай ах дандаа дугуйгаар явдаг.
06597466-n	mon:lemma	сэтгүүл
06597466-n	mon:exe	Энэ сэтгүүл огтхон ч сонирхолгүй шүү дээ.
06595351-n	mon:lemma	сэтгүүл
06595351-n	mon:exe	Энэ сэтгүүл огтхон ч сонирхолгүй шүү дээ.
03704210-n	mon:lemma	сэтгүүл
03704210-n	mon:exe	Энэ сэтгүүл огтхон ч сонирхолгүй шүү дээ.
08238463-n	mon:lemma	анги
08238463-n	mon:exe	Танай анги энэ хавар ямар ямар шалгалт өгөх вэ?
00050454-v	mon:lemma	тайлах
00050454-v	mon:exe	Япон айлд орохдоо үүдэнд нь гутлаа тайлаад гэрийн шаахайнаас өмсөөрөй.
02649830-v	mon:lemma	суух
02649830-v	mon:exe	Та хаана суудаг вэ?
15155891-n	mon:lemma	маргааш
15155891-n	mon:exe	Маргааш тэнгэр ямар байна гэсэн бэ?
04208936-n	mon:lemma	шүршүүр
04208936-n	mon:exe	Халуун, хүйтэн усан шүршүүрээр цохиулсны дүнд цусны эргэлт сайжрав.
15213774-n	mon:lemma	арван хоёрдугаар сар
15213774-n	mon:exe	Арван хоёрдугаар сарын 24-ний орой энд уулзацгаая.
00625119-v	mon:lemma	унших
00625119-v	mon:exe	Уншихад амархан үгээр бичсэн ном байвал зүгээр. 
02774152-n	mon:lemma	цүнх
02774152-n	mon:exe	Багш цүнхнээсээ хоёр хуудас цаас, үзэг гаргаад ширээн дээр тавив.
02773037-n	mon:lemma	цүнх
02773037-n	mon:exe	Багш цүнхнээсээ хоёр хуудас цаас, үзэг гаргаад ширээн дээр тавив.
13250542-n	mon:lemma	мөнгө
13250542-n	mon:exe	Би мөнгө солих гэсэн юм. 
13384557-n	mon:lemma	мөнгө
13384557-n	mon:exe	Би мөнгө солих гэсэн юм. 
05600637-n	mon:lemma	нүүр
05600637-n	mon:exe	Унтахаасаа өмнө нүүрээ халуун бүлээн усаар савандаж угаах хэрэгтэй.
07597365-n	mon:lemma	чихэр
07597365-n	mon:exe	За, одоо чихэр ид.
00024356-r	mon:lemma	үгүй
00024356-r	mon:exe	Үгүй. Харин бага байхдаа найзуудтайгаа барилддаг байлаа. 
03176763-n	mon:lemma	их дэлгүүр
03176763-n	mon:exe	За, нм... ! Энэ хавьд ойрхон их дэлгүүр бий юу? 
01725051-v	mon:lemma	тоглох
01725051-v	mon:exe	Ямар хөгжим тоглож чадах вэ?
77000089-a	mon:lemma	ийм
77000089-a	mon:exe	Эрдэм номтой хүн байна гэдэг ийм сайхан бахархамаар зүйл байдаг юм байна.
15164354-n	mon:lemma	дөрөвдэх өдөр
15164354-n	mon:exe	Манай номын сан дөрөвдэх өдөр амардаг.
00056916-r	mon:lemma	зүгээр; зүгээр
00056916-r	mon:lemma	зүгээр; зүгээр
00056916-r	mon:exe	Зүгээр, зүгээр. 
00816481-a	mon:lemma	оройтох
00816481-a	mon:exe	Арва н цагаас бүү оройтоорой!
01901186-a	mon:lemma	оройтох
01901186-a	mon:exe	Арва н цагаас бүү оройтоорой!
04956594-n	mon:lemma	өнгө
04956594-n	mon:exe	Танай машин ямар өнгөтэй вэ?
04674968-n	mon:lemma	өнгө
04674968-n	mon:exe	Танай машин ямар өнгөтэй вэ?
07109730-n	mon:lemma	үг
07109730-n	mon:exe	Уншихад амархан үгээр бичсэн ном байвал зүгээр. 
06282651-n	mon:lemma	үг
06282651-n	mon:exe	Уншихад амархан үгээр бичсэн ном байвал зүгээр. 
00121135-r	mon:lemma	тийм
00121135-r	mon:exe	Тийм, энэ сэдвээ орчуулахаасаа өмнө, самбар дахь шинэ үгийг бичиж аваарай!
04962784-n	mon:lemma	улаан
04962784-n	mon:exe	Улаан харандаа байвал надад өгөөч.
03871083-n	mon:lemma	боодол
03871083-n	mon:exe	Энэ боодлыг шуудангаар явуулах гэсэн юм.
02774630-n	mon:lemma	боодол
02774630-n	mon:exe	Энэ боодлыг шуудангаар явуулах гэсэн юм.
07891726-n	mon:lemma	дарс
07891726-n	mon:exe	Хоёулаа гараад нэг шил дарс аваад ирэх үү?
07884567-n	mon:lemma	дарс
07884567-n	mon:exe	Хоёулаа гараад нэг шил дарс аваад ирэх үү?
07891433-n	mon:lemma	дарс
07891433-n	mon:exe	Хоёулаа гараад нэг шил дарс аваад ирэх үү?
15164463-n	mon:lemma	тавдахь өдөр
15164463-n	mon:exe	Тавдахь өдөр Дорж багш ирдэг үү?
03581125-n	mon:lemma	уулзвар
03581125-n	mon:exe	Замын уулзвар дээр зохицуулагч байнга байх хэрэгтэй болжээ.
02410393-a	mon:lemma	зузаан
02410393-a	mon:exe	Би монголын түүхийн тухай зузаан ном уншиж дуусгалаа.
02410393-a	mon:lemma	бүдүүн
02410393-a	mon:exe	Манай аав бүдүүн хүзүүтэй.
02415390-a	mon:lemma	зузаан
02415390-a	mon:exe	Би монголын түүхийн тухай зузаан ном уншиж дуусгалаа.
02756821-v	mon:lemma	бороо орох
02756821-v	mon:exe	Удахгүй бороо орох шинжтэй дэг шүү.\n
02529264-a	mon:lemma	дулаан
02529264-a	mon:exe	Өвөлдөө хүйтэн, зундаа дулаан. 
01546111-v	mon:lemma	босох
01546111-v	mon:exe	Бат суудлаасаа босч асуултанд нь хариулав.
10142747-n	mon:lemma	эмгэн
10142747-n	mon:exe	Эрт урьд цагт эмгэн өвгөн хоёр амьдран суудаг байжээ. 
07679356-n	mon:lemma	талх
07679356-n	mon:exe	Талх дуусчихсан уу? 
03259505-n	mon:lemma	гэр
03259505-n	mon:exe	За тэгье. Жаахан эртхэн гэрээсээ гарахгүй яасан юм бэ?
03544360-n	mon:lemma	гэр
03544360-n	mon:exe	За тэгье. Жаахан эртхэн гэрээсээ гарахгүй яасан юм бэ?
03544360-n	mon:lemma	гэр
03544360-n	mon:exe	За тэгье. Жаахан эртхэн гэрээсээ гарахгүй яасан юм бэ?
08559508-n	mon:lemma	гэр
08559508-n	mon:exe	За тэгье. Жаахан эртхэн гэрээсээ гарахгүй яасан юм бэ?
08559508-n	mon:lemma	гэр
08559508-n	mon:exe	За тэгье. Жаахан эртхэн гэрээсээ гарахгүй яасан юм бэ?
15210486-n	mon:lemma	хоёрдугаар сар
15210486-n	mon:exe	Миний үнэмлэх хоёрдугаар сар хүртэл хүчинтэй.
15167349-n	mon:lemma	орой
15167349-n	mon:exe	Тэгье. Би маргааш орой концерт үзмээр байна. Хоёулаа үзэх үү? 
15155747-n	mon:lemma	орой
15155747-n	mon:exe	Тэгье. Би маргааш орой концерт үзмээр байна. Хоёулаа үзэх үү? 
15167027-n	mon:lemma	орой
15167027-n	mon:exe	Тэгье. Би маргааш орой концерт үзмээр байна. Хоёулаа үзэх үү? 
15167027-n	mon:lemma	өчигдөр орой
15167027-n	mon:exe	Билет дууссан байсан учир  өчигдөр орой жүжиг үзсэнгүй. 
15167474-n	mon:lemma	орой
15167474-n	mon:exe	Тэгье. Би маргааш орой концерт үзмээр байна. Хоёулаа үзэх үү? 
03438257-n	mon:lemma	аяга
03438257-n	mon:exe	Энэ халуунд нэг аяга хүйтэн шар айраг залгилчихвал мөн  сайхан аа.
08613593-n	mon:lemma	гадаа
08613593-n	mon:exe	Байрны гадаа олон хүүхэд сагс тоглож байна.
03338821-n	mon:lemma	хальс
03338821-n	mon:exe	Гэрэл зургийн хальсаа хаана угаалгаж авах вэ?
06613686-n	mon:lemma	хальс
06613686-n	mon:exe	Гэрэл зургийн хальсаа хаана угаалгаж авах вэ?
06613686-n	mon:lemma	кино
06613686-n	mon:exe	Есдүгээр сарын эхээр шинэ кино гарна.
06262567-n	mon:lemma	хальс
06262567-n	mon:exe	Гэрэл зургийн хальсаа хаана угаалгаж авах вэ?
04096066-n	mon:lemma	зам
04096066-n	mon:exe	Би гадаадын хүн. Зам мэдэхгүй, яаж явахыг зааж өгөөч! 
15212739-n	mon:lemma	есдүгээр сар
15212739-n	mon:exe	Есдүгээр сарын эхээр шинэ кино гарна.
77000079-a	mon:lemma	тэр
77000079-a	mon:exe	Хэлний ном энэ тавиурт, түүхийн ном тэр тавиурт байна. 
14524198-n	mon:lemma	бүрхэг
14524198-n	mon:exe	Өнөө өглөө бүрхэг байсан.
13828795-n	mon:lemma	уртааш
13828795-n	mon:exe	Төсөлд зааснаар талбай нь уртаашаа 400 м, өргөөшөө 350 м юм байна.
00543233-n	mon:lemma	хөгжим
00543233-n	mon:exe	Би үндэсний хөгжимд дуртай шүү. 
05718556-n	mon:lemma	хөгжим
05718556-n	mon:exe	Би үндэсний хөгжимд дуртай шүү. 
05718935-n	mon:lemma	хөгжим
05718935-n	mon:exe	Би үндэсний хөгжимд дуртай шүү. 
07020895-n	mon:lemma	хөгжим
07020895-n	mon:exe	Би үндэсний хөгжимд дуртай шүү. 
00409709-r	mon:lemma	ойрхон
00409709-r	mon:exe	Найз нартайгаа ойрхон ууланд явж цанаар гулгана. 
08641113-n	mon:lemma	ойрхон
08641113-n	mon:exe	Найз нартайгаа ойрхон ууланд явж цанаар гулгана. 
03112099-n	mon:lemma	коридор
03112099-n	mon:exe	Хүүхдүүд сургуулийн коридор, анги, гадаа хаа сайгvй л барилдана.
03661043-n	mon:lemma	номын сан
03661043-n	mon:exe	Өнөөдөр номын санд хамт даалгавараа хийх үү? 
07840804-n	mon:lemma	өндөг
07840804-n	mon:exe	Би өндөг идэж чаддаггүй.
90000502-n	mon:lemma	энэ жил
90000502-n	mon:exe	Би энэ жил хорин гурав хүрч байна.
03908204-n	mon:lemma	харандаа
03908204-n	mon:exe	Улаан харандаа байвал надад өгөөч.
14796748-n	mon:lemma	харандаа
14796748-n	mon:exe	Улаан харандаа байвал надад өгөөч.
05282433-n	mon:lemma	шүд
05282433-n	mon:exe	Шүдээ хурдан угаачих л даа.
05282746-n	mon:lemma	шүд
05282746-n	mon:exe	Шүдээ хурдан угаачих л даа.
01649720-a	mon:lemma	залуу
01649720-a	mon:exe	Тэр хуралд залуу багш нар ч  оролцов.
01646941-a	mon:lemma	залуу
01646941-a	mon:exe	Тэр хуралд залуу багш нар ч  оролцов.
00514884-a	mon:lemma	бүтэн
00514884-a	mon:exe	Маргааш, бүтэн өдөржин ажилтай. Орой л зав гарна даа.
00988232-a	mon:lemma	нарийн
00988232-a	mon:exe	Монголд нарийн ноосны хонь бий юү?
01029368-v	mon:lemma	гэдэг
01029368-v	mon:exe	Таныг хэн гэдэг вэ?
77000084-n	mon:lemma	хаана
77000084-n	mon:exe	Энэ толь бичгийг хаана зарж байгааг нь та зааж өгч болох уу?
00220082-a	mon:lemma	сайхан
00220082-a	mon:exe	Солонго олон сайхан шинэ ном авлаа.
01586342-a	mon:lemma	сайхан
01586342-a	mon:exe	Солонго олон сайхан шинэ ном авлаа.
01586342-a	mon:lemma	сайн
01586342-a	mon:exe	Харин тийм, их сайн багш.
01346003-v	mon:lemma	онгойлгох
01346003-v	mon:exe	Цонх онгойлгоод агаар оруулаач!
09853467-n	mon:lemma	ах
09853467-n	mon:exe	Гэхдээ их гоё болж байна гэсэн, өчигдөр манай ах үзсэн гэсэн. 
09853467-n	mon:lemma	ах
09853467-n	mon:exe	Гэхдээ их гоё болж байна гэсэн, өчигдөр манай ах үзсэн гэсэн. 
03102654-n	mon:lemma	хөргөгч
03102654-n	mon:exe	Хөргөгчинд жимс байгаа.
03273913-n	mon:lemma	хөргөгч
03273913-n	mon:exe	Хөргөгчинд жимс байгаа.
02399595-a	mon:lemma	амтгүй
02399595-a	mon:exe	Амтгүй их хоолноос амттай бага хоол нь дээр.
01716971-a	mon:lemma	амтгүй
01716971-a	mon:exe	Амтгүй их хоолноос амттай бага хоол нь дээр.
07845335-n	mon:lemma	сүү
07845335-n	mon:exe	Цайндаа сүү хийх үү, нимбэг хийх үү?
07844042-n	mon:lemma	сүү
07844042-n	mon:exe	Цайндаа сүү хийх үү, нимбэг хийх үү?
10780632-n	mon:lemma	гэргий
10780632-n	mon:exe	Дамба гуайн гэргийг Оюун гэдэг.
10780632-n	mon:lemma	эхнэр
10780632-n	mon:exe	Манай эхнэр тамхинд дургүй. 
08625462-n	mon:lemma	зүүн
08625462-n	mon:exe	Энхтайвны гүүрээр гараад зүүн гар тийшээ эргээд яваарай.
90000508-n	mon:lemma	ирэх долоо хоног
90000508-n	mon:exe	Ирэх долоо хоногт цаг агаар ямар байх вэ?
01848718-v	mon:lemma	явах
01848718-v	mon:exe	Би гадаадын хүн. Зам мэдэхгүй, яаж явахыг зааж өгөөч! 
06518719-n	mon:lemma	билет
06518719-n	mon:exe	Автобусны билетээ хаанаас авах вэ?
01470670-v	mon:lemma	уулзах
01470670-v	mon:exe	За, тэгвэл маргааш уулзах уу?
02428924-v	mon:lemma	уулзах
02428924-v	mon:exe	За, тэгвэл маргааш уулзах уу?
10285313-n	mon:lemma	хүү
10285313-n	mon:exe	Зургаан настай  нэг хүүтэй, ирэх жил сургуульд орно. 
03542333-n	mon:lemma	зочид буудал
03542333-n	mon:exe	Талбайн хажууд бас нэг шинэ зочид буудал бариж байна.
02913152-n	mon:lemma	байшин
02913152-n	mon:exe	Дээр үед энэ байшин сургуулийн биеийн тамирын зал байжээ.
07649854-n	mon:lemma	мах
07649854-n	mon:exe	1 кг мах ямар үнэтэй вэ?
09397391-n	mon:lemma	цөөрөм
09397391-n	mon:exe	Цэнд өөрийн хүч, хөрөнгөөр борооны ус хуримтлуулж цөөрөм байгуулав.
07935152-n	mon:lemma	цай
07935152-n	mon:exe	Та цай уух уу, кофе уух уу?
03082979-n	mon:lemma	компьютер
03082979-n	mon:exe	Уучлаарай. Тэр компьютерыг хэрэглэж болох уу? 
00312553-n	mon:lemma	аялал
00312553-n	mon:exe	Аялалын төлбөрт онгоцны тийз, зочид буудлын үнэ байтугай, 3 удаагийн хоол ч багтаж байна.
04043733-n	mon:lemma	радио
04043733-n	mon:exe	Бат радио сонсч байна уу?
01442186-a	mon:lemma	богино
01442186-a	mon:exe	"Богино хугацаа" ангиллын виз авахад урилга хэрэггүй болсон байх аа.
01436003-a	mon:lemma	богино
01436003-a	mon:exe	"Богино хугацаа" ангиллын виз авахад урилга хэрэггүй болсон байх аа.
01442826-a	mon:lemma	богино
01442826-a	mon:exe	"Богино хугацаа" ангиллын виз авахад урилга хэрэггүй болсон байх аа.
14513694-n	mon:lemma	айл
14513694-n	mon:exe	Япон айлд орохдоо үүдэнд нь гутлаа тайлаад гэрийн шаахайнаас өмсөөрөй.
02808440-n	mon:lemma	угаалгын өрөө
02808440-n	mon:exe	Энэ оюутны байр давхар бүртээ угаалгын өрөөтэй.
02807731-n	mon:lemma	угаалгын өрөө
02807731-n	mon:exe	Энэ оюутны байр давхар бүртээ угаалгын өрөөтэй.
15274074-n	mon:lemma	амралт
15274074-n	mon:exe	Би энэ зуны амралтаар Герман мерманд очно.
15183428-n	mon:lemma	амралт
15183428-n	mon:exe	Би энэ зуны амралтаар Герман мерманд очно.
15137890-n	mon:lemma	амралт
15137890-n	mon:exe	Би энэ зуны амралтаар Герман мерманд очно.
00027918-r	mon:lemma	арай болоогүй
00027918-r	mon:exe	Таныг эмнэлгээс гаргах арай болоогүй шүү.
00031304-r	mon:lemma	арай болоогүй
00031304-r	mon:exe	Таныг эмнэлгээс гаргах арай болоогүй шүү.
03925226-n	mon:lemma	гэрэл зураг
03925226-n	mon:exe	Би марк цуглуулдаг бас байгалийн гэрэл зураг их сонирхдог.
03931044-n	mon:lemma	гэрэл зураг
03931044-n	mon:exe	Би марк цуглуулдаг бас байгалийн гэрэл зураг их сонирхдог.
04248607-n	mon:lemma	гэрэл зураг
04248607-n	mon:exe	Би марк цуглуулдаг бас байгалийн гэрэл зураг их сонирхдог.
15164233-n	mon:lemma	гуравдахь өдөр
15164233-n	mon:exe	Гуравдахь өдөр тооны хичээлтэй юү?
11524662-n	mon:lemma	цаг агаар
11524662-n	mon:exe	Цаг агаарын мэдээ сонссон уу? 
07193184-n	mon:lemma	асуулт
07193184-n	mon:exe	Асуултанд хариулахдаа гараа өргөөрөй.
07196682-n	mon:lemma	асуулт
07196682-n	mon:exe	Асуултанд хариулахдаа гараа өргөөрөй.
05797597-n	mon:lemma	асуулт
05797597-n	mon:exe	Асуултанд хариулахдаа гараа өргөөрөй.
07193596-n	mon:lemma	асуулт
07193596-n	mon:exe	Асуултанд хариулахдаа гараа өргөөрөй.
01904930-v	mon:lemma	алхах
01904930-v	mon:exe	Алхвал нилээн хол шүү. 
03383948-n	mon:lemma	сэрээ
03383948-n	mon:exe	Эхлээд халбагаар шөлийг уугаад, дараа нь сэрээ хутга хэрэглэж махыг иднэ.
01000214-v	mon:lemma	бичих
01000214-v	mon:exe	Энэ хүүхэд сайн ярьдаг мөртлөө бичихдээ муу.
02471690-v	mon:lemma	бичих
02471690-v	mon:exe	Энэ хүүхэд сайн ярьдаг мөртлөө бичихдээ муу.
01020356-v	mon:lemma	бичих
01020356-v	mon:exe	Энэ хүүхэд сайн ярьдаг мөртлөө бичихдээ муу.
01691057-v	mon:lemma	бичих
01691057-v	mon:exe	Энэ хүүхэд сайн ярьдаг мөртлөө бичихдээ муу.
01698271-v	mon:lemma	бичих
01698271-v	mon:exe	Энэ хүүхэд сайн ярьдаг мөртлөө бичихдээ муу.
01020934-v	mon:lemma	бичих
01020934-v	mon:exe	Энэ хүүхэд сайн ярьдаг мөртлөө бичихдээ муу.
00993014-v	mon:lemma	бичих
00993014-v	mon:exe	Энэ хүүхэд сайн ярьдаг мөртлөө бичихдээ муу.
03822171-n	mon:lemma	сонин
03822171-n	mon:exe	Энэ тухай өдөр тутмын нэгэн сонины өчигдрийн дугаарт мэдээлсэн байна.
06267145-n	mon:lemma	сонин
06267145-n	mon:exe	Энэ тухай өдөр тутмын нэгэн сонины өчигдрийн дугаарт мэдээлсэн байна.
14961722-n	mon:lemma	сонин
14961722-n	mon:exe	Энэ тухай өдөр тутмын нэгэн сонины өчигдрийн дугаарт мэдээлсэн байна.
07197021-n	mon:lemma	шалгалт
07197021-n	mon:exe	Танай анги энэ хавар ямар ямар шалгалт өгөх вэ?
00158309-r	mon:lemma	яг
00158309-r	mon:exe	Яг хэд болж байна?
00002621-r	mon:lemma	яг
00002621-r	mon:exe	Яг хэд болж байна?
00002950-r	mon:lemma	яг
00002950-r	mon:exe	Яг хэд болж байна?
13714184-n	mon:lemma	хэм
13714184-n	mon:exe	Гадаа хэдэн хэм байна вэ?
00119568-n	mon:lemma	үсрэх
00119568-n	mon:exe	Тэр хүүхэд хоёр давхраас үсэрч буулаа.
08145553-n	mon:lemma	шуудан
08145553-n	mon:exe	Төв шуудангаас олон сайхан марк аваад ирлээ.
15237044-n	mon:lemma	хавар
15237044-n	mon:exe	Танай анги энэ хавар ямар ямар шалгалт өгөх вэ?
01270199-v	mon:lemma	угаах
01270199-v	mon:exe	Би хувцсаа өөрөө угаадаг.
06505517-n	mon:lemma	хуулбар
06505517-n	mon:exe	Зөвшөөрөл авахад оюутны үнэмлэхийн хуулбар хэрэгтэй.
15166462-n	mon:lemma	орой
15166462-n	mon:exe	Тэгье. Би маргааш орой концерт үзмээр байна. Хоёулаа үзэх үү? 
15166462-n	mon:lemma	өчигдөр орой
15166462-n	mon:exe	Билет дууссан байсан учир  өчигдөр орой жүжиг үзсэнгүй. 
01343918-a	mon:lemma	сонирхолтой
01343918-a	mon:exe	Их сонирхолтой.
01344344-a	mon:lemma	сонирхолтой
01344344-a	mon:exe	Их сонирхолтой.
01344344-a	mon:lemma	хөгжилтэй
01344344-a	mon:exe	Наадмаар нэг хөгжилтэй явдал боллоо. 
01265308-a	mon:lemma	сонирхолтой
01265308-a	mon:exe	Их сонирхолтой.
01344485-a	mon:lemma	сонирхолтой
01344485-a	mon:exe	Их сонирхолтой.
00067045-r	mon:lemma	эхлээд
00067045-r	mon:exe	Эхлээд өрөөг чинь үзэж болох уу?
00067265-r	mon:lemma	эхлээд
00067265-r	mon:exe	Эхлээд өрөөг чинь үзэж болох уу?
90000515-n	mon:lemma	нөгөөдөр
90000515-n	mon:exe	Нөгөөдөр манай дүүгийн төрсөн өдөр.
01296462-v	mon:lemma	хавсаргах
01296462-v	mon:exe	Өргөдөл дээрээ зургаа хавсаргана уу.
01801029-a	mon:lemma	хөгжилтэй
01801029-a	mon:exe	Наадмаар нэг хөгжилтэй явдал боллоо. 
03906997-n	mon:lemma	үзэг
03906997-n	mon:exe	Та үзгээ түр өгөөч? 
77000095-n	mon:lemma	хэн
77000095-n	mon:exe	Таныг хэн гэдэг вэ?
77000095-n	mon:lemma	хэн
77000095-n	mon:exe	Хэн бэ? Хэнтэй ярих вэ?
90000500-n	mon:lemma	уржнан
90000500-n	mon:exe	Уржнан, Дулмаа хүүхдүүдээ дагуулаад хотод орж ирсэн. 
03221720-n	mon:lemma	хаалга
03221720-n	mon:exe	Хэн нэгэн хүн хаалга тогшиж байна.
03221720-n	mon:lemma	хаалга
03221720-n	mon:exe	Хаалгаа хаагаад яваач!
00050681-r	mon:lemma	байхгүй
00050681-r	mon:exe	Тийм газар манай хотын хаана ч байхгүй.
00024587-r	mon:lemma	байхгүй
00024587-r	mon:exe	Тийм газар манай хотын хаана ч байхгүй.
77000012-n	mon:lemma	би
77000012-n	mon:exe	Би хорин настай.
77000015-n	mon:lemma	би
77000015-n	mon:exe	Би хорин настай.
01344963-a	mon:lemma	сонирхолгүй
01344963-a	mon:exe	Энэ сэтгүүл огтхон ч сонирхолгүй шүү дээ.
01170052-v	mon:lemma	уух
01170052-v	mon:exe	За байз, юу иддэг юм билээ...  Чи юу уух вэ? 
03282295-n	mon:lemma	элчин сайдын яам
03282295-n	mon:exe	Японы элчин сайдын яам хаана байдаг вэ?
14145501-n	mon:lemma	ханиад
14145501-n	mon:exe	Нимгэн хувцастай гадаа гарснаас болж ханиад хүрчээ.
06796119-n	mon:lemma	марк
06796119-n	mon:exe	Би марк цуглуулдаг бас байгалийн гэрэл зураг их сонирхдог.
07775375-n	mon:lemma	загас
07775375-n	mon:exe	Орхон　голд олон төрлийн загас бий.
02512053-n	mon:lemma	загас
02512053-n	mon:exe	Орхон　голд олон төрлийн загас бий.
01586866-a	mon:lemma	сайн
01586866-a	mon:exe	Харин тийм, их сайн багш.
01048762-a	mon:lemma	сайн
01048762-a	mon:exe	Харин тийм, их сайн багш.
00067638-a	mon:lemma	сайн
00067638-a	mon:exe	Харин тийм, их сайн багш.
01993408-a	mon:lemma	сайн
01993408-a	mon:exe	Харин тийм, их сайн багш.
01171213-a	mon:lemma	сайн
01171213-a	mon:exe	Харин тийм, их сайн багш.
01800349-a	mon:lemma	сайн
01800349-a	mon:exe	Харин тийм, их сайн багш.
01123148-a	mon:lemma	сайн
01123148-a	mon:exe	Харин тийм, их сайн багш.
00064787-a	mon:lemma	сайн
00064787-a	mon:exe	Харин тийм, их сайн багш.
00850183-a	mon:lemma	сайн
00850183-a	mon:exe	Харин тийм, их сайн багш.
01129977-a	mon:lemma	сайн
01129977-a	mon:exe	Харин тийм, их сайн багш.
01586752-a	mon:lemma	сайн
01586752-a	mon:exe	Харин тийм, их сайн багш.
04588365-n	mon:lemma	цонх
04588365-n	mon:exe	Цонх онгойлгоод агаар оруулаач!
04587648-n	mon:lemma	цонх
04587648-n	mon:exe	Цонх онгойлгоод агаар оруулаач!
05216365-n	mon:lemma	бие
05216365-n	mon:exe	Миний бие тааруухан байна. Энэ хавьд эмч бий юу? 
76100002-x	mon:lemma	хуудас
76100002-x	mon:exe	Багш цүнхнээсээ хоёр хуудас цаас, үзэг гаргаад ширээн дээр тавив.
04967191-n	mon:lemma	ногоон
04967191-n	mon:exe	Хандаа хоёр ногоон харандаатай байжээ.
80001047-v	mon:lemma	үхэх
80001047-v	mon:exe	Өнгөрсөн жилийн зуднаар олон мал үхжээ.
03497657-n	mon:lemma	малгай
03497657-n	mon:exe	Өвөл цагт малгайгүй явбал даарна.
15129927-n	mon:lemma	цаг
15129927-n	mon:exe	10 цагийн үед ирэх байх, чи гар утас уруу нь залгахгүй юу?
00546389-n	mon:lemma	дуу
00546389-n	mon:exe	Би монгол ардын дуунд дуртай болчихлоо.
07048000-n	mon:lemma	дуу
07048000-n	mon:exe	Би монгол ардын дуунд дуртай болчихлоо.
01842204-v	mon:lemma	явах
01842204-v	mon:exe	Суралцахаар аа? Баяр хүргэе! Хэзээ явах вэ? 
04241394-n	mon:lemma	шаахай
04241394-n	mon:exe	Япон айлд орохдоо үүдэнд нь гутлаа тайлаад гэрийн шаахайнаас өмсөөрөй.
05301908-n	mon:lemma	ам
05301908-n	mon:exe	Бичгээр үү, амаар уу?
02440250-n	mon:lemma	гар
02440250-n	mon:exe	Баруун гар талд чинь байна.
09823502-n	mon:lemma	эгч
09823502-n	mon:exe	Одоо би эгчийндээ очно.
10193967-n	mon:lemma	нөхөр
10193967-n	mon:exe	Миний нөхөр эмч.
15213406-n	mon:lemma	арван нэгдүгээр сар
15213406-n	mon:exe	Ер нь арван нэгдүгээр сард цас ордог уу?
06277280-n	mon:lemma	телевиз
06277280-n	mon:exe	Миний дүү телевиз үзэх дуртай.
13831176-n	mon:lemma	хойд
13831176-n	mon:exe	Маргааш төвийн нутгийн хойд хэсгээр бороо орно.
06964901-n	mon:lemma	монгол хэл
06964901-n	mon:exe	Би орос, монгол хэлээр ярьдаг.
01318741-a	mon:lemma	өвдөх
01318741-a	mon:exe	Яг хаана нь, юу өвдөөд байна вэ? 
01712753-a	mon:lemma	өвдөх
01712753-a	mon:exe	Яг хаана нь, юу өвдөөд байна вэ? 
05395690-n	mon:lemma	гэдэс
05395690-n	mon:exe	Толгой эргээд гэдэс өвдөөд байна. 
05556943-n	mon:lemma	гэдэс
05556943-n	mon:exe	Толгой эргээд гэдэс өвдөөд байна. 
02324478-v	mon:lemma	нэмэх
02324478-v	mon:exe	Түүний үгэн дээр би нэг зүйл нэмж хэлье.
00640828-v	mon:lemma	нэмэх
00640828-v	mon:exe	Түүний үгэн дээр би нэг зүйл нэмж хэлье.
00182406-v	mon:lemma	нэмэх
00182406-v	mon:exe	Түүний үгэн дээр би нэг зүйл нэмж хэлье.
00749230-a	mon:lemma	амархан
00749230-a	mon:exe	Одоогийн залуучууд ер бусын үзэгдэлд амархан итгэчихдэг юм шиг байна.
14061805-n	mon:lemma	өвчин
14061805-n	mon:exe	Миний өвчин сүрьеэ биш байсан.
14055408-n	mon:lemma	өвчин
14055408-n	mon:exe	Миний өвчин сүрьеэ биш байсан.
14473054-n	mon:lemma	өвчин
14473054-n	mon:exe	Миний өвчин сүрьеэ биш байсан.
10399491-n	mon:lemma	аав ээж
10399491-n	mon:exe	Та нар аав ээжтэйгээ сайн зөвлө.
13833375-n	mon:lemma	өмнө
13833375-n	mon:exe	Хубилай хаан Монгол гүрний улс төрийн төвийг өмнө зүг Бээжин үрүү шилжүүлжээ.
02472293-n	mon:lemma	хүн
02472293-n	mon:exe	Өөр хүн ирж нүүлгэлцэх үү?
15212167-n	mon:lemma	долдугаар сар
15212167-n	mon:exe	Үндэсний их баяр наадам жил бүрийн долдугаар сард болдог.
00442917-a	mon:lemma	хол
00442917-a	mon:exe	Эндээс хол уу ойрхон уу? 
01421622-v	mon:lemma	хийх
01421622-v	mon:exe	Цайндаа сүү хийх үү, нимбэг хийх үү?
03398467-n	mon:lemma	өмнө
03398467-n	mon:exe	Тийм, энэ сэдвээ орчуулахаасаа өмнө, самбар дахь шинэ үгийг бичиж аваарай!
00254978-r	mon:lemma	сар бүр
00254978-r	mon:exe	Сар бүр тэтгэлэг авч оюутны байранд амьдрана. 
77000091-n	mon:lemma	ямар
77000091-n	mon:exe	Японы түүхийн ямар ном авах гэсэн юм бэ? 
06605897-n	mon:lemma	утга
06605897-n	mon:exe	Энэ ямар утгатай вэ?
05919866-n	mon:lemma	утга
05919866-n	mon:exe	Энэ ямар утгатай вэ?
06601327-n	mon:lemma	утга
06601327-n	mon:exe	Энэ ямар утгатай вэ?
04059701-n	mon:lemma	ар
04059701-n	mon:exe	Энэ ер болж байна, гэхдээ ар талаас нь сайн нимгэлчихээрэй! 
02767665-n	mon:lemma	ар
02767665-n	mon:exe	Энэ ер болж байна, гэхдээ ар талаас нь сайн нимгэлчихээрэй! 
03540595-n	mon:lemma	эмнэлэг
03540595-n	mon:exe	Улсын нэгдсэн 2-р эмнэлэгт ажилладаг.
08054417-n	mon:lemma	эмнэлэг
08054417-n	mon:exe	Улсын нэгдсэн 2-р эмнэлэгт ажилладаг.
05311054-n	mon:lemma	нүд
05311054-n	mon:exe	Би тэр үеийн үйл явдлыг нүдээр үзэж , биеэр оролцож байсан хүмүүсийн нэг шүү.
05316025-n	mon:lemma	нүд
05316025-n	mon:exe	Би тэр үеийн үйл явдлыг нүдээр үзэж , биеэр оролцож байсан хүмүүсийн нэг шүү.
02871439-n	mon:lemma	номын тавиур
02871439-n	mon:exe	Номын тавиураас дуртай номоо авч уншаарай!
01186408-a	mon:lemma	хөнгөн
01186408-a	mon:exe	Өнөөдөр хөнгөн жингийн эмэгтэйчүүдийн чөлөөт бөхийн тэмцээн болно. 
04049098-n	mon:lemma	буудал
04049098-n	mon:exe	Эндээс автобусаар таван буудал яваад, автобусны буудлаасаа гурван минут хиртэй алхдаг.
03030663-n	mon:lemma	тамхи
03030663-n	mon:exe	Тамхи татдаг, өтгөн байхуу цай, кофе уудаг хүмүүсийн шүд амархан шарладаг. 
02230772-v	mon:lemma	өгөх
02230772-v	mon:exe	Би чиний номыг Батад өгчихсөн шүү.
90000504-n	mon:lemma	хойтонгийн хойтон жил
90000504-n	mon:exe	Болд хойтонгийн хойтон жил япон явах санаатай.
00729108-n	mon:lemma	гэрийн даалгавар
00729108-n	mon:exe	Орсон, чиний гэрийн даалгаварыг би авсан шүү. 
03815615-n	mon:lemma	зангиа
03815615-n	mon:exe	Костюмныхаа өнгөнөөс илүү бараан цамц, бас түүнээс илүү цайвар зангиа зүүж болохгүй
07596684-n	mon:lemma	чихэр
07596684-n	mon:exe	За, одоо чихэр ид.
05560787-n	mon:lemma	хөл
05560787-n	mon:exe	Бага байхдаа  би хөл нүцгэн гүйдэг байлаа. 
05563266-n	mon:lemma	хөл
05563266-n	mon:exe	Бага байхдаа  би хөл нүцгэн гүйдэг байлаа. 
15211189-n	mon:lemma	дөрөвдүгээр сар
15211189-n	mon:exe	Японд хичээлийн шинэ жил дөрөвдүгээр сард эхэлдэг.\n
02310007-v	mon:lemma	буцаах
02310007-v	mon:exe	Уншигч нь номын санд байгаа номыг уншлагын танхимаар төлбөргvй авч, тодорхой хугацаагаар ашиглаад, буцааж өгдөг.
01308381-v	mon:lemma	буцаах
01308381-v	mon:exe	Уншигч нь номын санд байгаа номыг уншлагын танхимаар төлбөргvй авч, тодорхой хугацаагаар ашиглаад, буцааж өгдөг.
80001595-v	mon:lemma	буцаах
80001595-v	mon:exe	Уншигч нь номын санд байгаа номыг уншлагын танхимаар төлбөргvй авч, тодорхой хугацаагаар ашиглаад, буцааж өгдөг.
10080869-n	mon:lemma	аав
10080869-n	mon:exe	Аав маргааш аймаг очно.
10080869-n	mon:lemma	аав
10080869-n	mon:exe	Манай аав аймгийн арслан цолтой хүн байж билээ.
02411224-a	mon:lemma	бүдүүн
02411224-a	mon:exe	Манай аав бүдүүн хүзүүтэй.
04446276-n	mon:lemma	бие засах газар
04446276-n	mon:exe	Бие засах газар орсны дараа гараа сайн угаах хэрэгтэй.
04555291-n	mon:lemma	бие засах газар
04555291-n	mon:exe	Бие засах газар орсны дараа гараа сайн угаах хэрэгтэй.
15212455-n	mon:lemma	наймдугаар сар
15212455-n	mon:exe	Наймдугаар сард би зуны амралтаа авна.
00292937-a	mon:lemma	зав муутай
00292937-a	mon:exe	Манай ээж одоогоор зав муутай байх шиг байна.
00273082-a	mon:lemma	харанхуй
00273082-a	mon:exe	Цахилгаан тасраад гэв гэнэт харанхуй болжээ.
03291819-n	mon:lemma	дугтуй
03291819-n	mon:exe	Би хоёр дугтуй, дөрвөн ил захидал авъя. 
80001545-n	mon:lemma	хажуу
80001545-n	mon:exe	Талбайн хажууд бас нэг шинэ зочид буудал бариж байна.
09215315-n	mon:lemma	доошоо
09215315-n	mon:exe	Орой, унтахынхаа өмнө хүзүүгээ угаахдаа дээрээс нь доошоо, доороос нь дээшээ массаж хийгээрэй. 
80001661-n	mon:lemma	доошоо
80001661-n	mon:exe	Орой, унтахынхаа өмнө хүзүүгээ угаахдаа дээрээс нь доошоо, доороос нь дээшээ массаж хийгээрэй. 
00523513-n	mon:lemma	спорт
00523513-n	mon:exe	Мөнхөө, чи ямар спортод дуртай вэ?
03179701-n	mon:lemma	ширээ
03179701-n	mon:exe	Тэр өрөөнд ширээ, сандал, ор гээд бүх юм бэлэн байжээ.
04202417-n	mon:lemma	дэлгүүр
04202417-n	mon:exe	Бат талх авахаар дэлгүүрт очив.
02016062-v	mon:lemma	буух
02016062-v	mon:exe	Та, энэ автобусанд суугаад таван буудал яваад буухад байгаа. 
15237782-n	mon:lemma	өвөл
15237782-n	mon:exe	Гэрт зундаа сэрүүхэн, өвөлдөө дулаахан байдаг.
80001691-n	mon:lemma	дээр
80001691-n	mon:exe	Орой, унтахынхаа өмнө хүзүүгээ угаахдаа дээрээс нь доошоо, доороос нь дээшээ массаж хийгээрэй. 
08663354-n	mon:lemma	дээр
08663354-n	mon:exe	Орой, унтахынхаа өмнө хүзүүгээ угаахдаа дээрээс нь доошоо, доороос нь дээшээ массаж хийгээрэй. 
07804323-n	mon:lemma	хоол
07804323-n	mon:exe	Үдийн хоолоо яах вэ?
15245990-n	mon:lemma	хоол
15245990-n	mon:exe	Үдийн хоолоо яах вэ?
90000417-n	mon:lemma	хоол
90000417-n	mon:exe	Үдийн хоолоо яах вэ?
07575076-n	mon:lemma	үдийн хоол
07575076-n	mon:exe	Үдийн хоолоо яах вэ?
15156001-n	mon:lemma	өнөөдөр
15156001-n	mon:exe	Өнөөдөр хэн багш орох　вэ?
09604981-n	mon:lemma	өөрөө
09604981-n	mon:exe	Чи өөрөө барилддаг уу?
07557434-n	mon:lemma	хоол
07557434-n	mon:exe	Энэ сайхан хоолтой газар шүү.
02395115-a	mon:lemma	амттай
02395115-a	mon:exe	Төмсийг амттай шарж болгохын тулд 2-3 минут урьдчилан халуун бүлээн усанд байлгана.
02396720-a	mon:lemma	амттай
02396720-a	mon:exe	Төмсийг амттай шарж болгохын тулд 2-3 минут урьдчилан халуун бүлээн усанд байлгана.
