# TUFS Basic Urdu Wordnet	urd	http://www.coelang.tufs.ac.jp/mt/ur/	CC BY 4.0
15210045-n	urd:lemma	جنوری
15210045-n	urd:exe	جنوری سال کا سب سے پہلا مہینہ  ہے۔
05755883-n	urd:lemma	پڑھنا
05755883-n	urd:exe	وہ فارسی پڑھتا ہے۔
04971928-n	urd:lemma	بھورا
04971928-n	urd:exe	اس لڑکی کی آنکھوں کا رنگ بھورا ہے۔
15163797-n	urd:lemma	اتوار
15163797-n	urd:exe	وہ اتوار کو اپنے والدین سے ملنے جاتا ہے۔
15043763-n	urd:lemma	برف
15043763-n	urd:exe	پچھلے سال ٹوکیو میں فروری میں برف پڑی تھی۔
00251013-n	urd:lemma	صفائی
00251013-n	urd:exe	وہ گھر میں صفائی کا خاص خیال رکھتی ہے۔
08058098-n	urd:lemma	کمپنی
08058098-n	urd:exe	وہ ایک بڑی کمپنی میں ملازمت کرتا تھا۔
01382086-a	urd:lemma	بڑا
01382086-a	urd:exe	ہمارے اسکول کا میدان کافی بڑا ہے۔
01453084-a	urd:lemma	بڑا
01453084-a	urd:exe	ہمارے اسکول کا میدان کافی بڑا ہے۔
00527870-a	urd:lemma	بڑا
00527870-a	urd:exe	ہمارے اسکول کا میدان کافی بڑا ہے۔
01677433-a	urd:lemma	بڑا
01677433-a	urd:exe	ہمارے اسکول کا میدان کافی بڑا ہے۔
10084295-n	urd:lemma	لڑکی
10084295-n	urd:exe	وہ لڑکی پڑھائی میں بہت اچھی ہے۔
10129825-n	urd:lemma	لڑکی
10129825-n	urd:exe	وہ لڑکی پڑھائی میں بہت اچھی ہے۔
10129825-n	urd:lemma	آپا
10129825-n	urd:exe	میرے دوست کی آپا ایک اسکول کی استانی ہیں ۔
00065495-v	urd:lemma	توانا
00065495-v	urd:exe	اس کے بچے بہت تندرست اور توانا ہیں۔
80001734-n	urd:lemma	کلاس
80001734-n	urd:exe	خاموش رہیے ، برابر میں کلاس ہو رہی ہے۔
00889472-n	urd:lemma	کلاس
00889472-n	urd:exe	خاموش رہیے ، برابر میں کلاس ہو رہی ہے۔
02608347-v	urd:lemma	شروع ہونا
02608347-v	urd:exe	شادی کی تقریب شروع ہو چکی ہے۔
07850329-n	urd:lemma	پنیر
07850329-n	urd:exe	میں پنیر بہت شوق سے کھاتا ہوں۔
03623556-n	urd:lemma	چھری
03623556-n	urd:exe	اس چھری سے گوشت آسانی سے کٹ جاتا ہے۔
03624134-n	urd:lemma	چھری
03624134-n	urd:exe	اس چھری سے گوشت آسانی سے کٹ جاتا ہے۔
01776727-v	urd:lemma	ناپسند
01776727-v	urd:exe	اسے باکسنگ سخت ناپسند ہے۔
01774136-v	urd:lemma	ناپسند
01774136-v	urd:exe	اسے باکسنگ سخت ناپسند ہے۔
02783161-n	urd:lemma	بال پین
02783161-n	urd:exe	امتحان میں بال پین سے لکھنا منع ہے۔
02632567-v	urd:lemma	چاہنا
02632567-v	urd:exe	میں یہ سبز انگور چاہتا ہوں۔
01579608-a	urd:lemma	ابھی
01579608-a	urd:exe	میں مزید انتظار نہیں کر سکتا ابھی یہ کام مکمل کرو۔
03427296-n	urd:lemma	پھاٹک
03427296-n	urd:exe	ہڑتال کی وجہ سے فیکٹری کا پھاٹک بند ہے۔
04026417-n	urd:lemma	بٹوا
04026417-n	urd:exe	کیا آپ کا بٹوا چمڑے کا ہے؟
11456462-n	urd:lemma	صاف آسمان
11456462-n	urd:exe	آج صاف آسمان ہے اس لیے فٹ بال کھیلنے میں مزہ آئے گا۔
07848338-n	urd:lemma	مکھن
07848338-n	urd:exe	وہ توس پر مکھن لگا کر کھاتا ہے۔
90000501-n	urd:lemma	پچھلے سال
90000501-n	urd:exe	پچھلے سال میں اپنے والدین سے نہیں مل سکا تھا۔
15210870-n	urd:lemma	مارچ
15210870-n	urd:exe	مارچ کے آخر میں چھٹیا ں ہوں گی۔
77000072-n	urd:lemma	ادھر
77000072-n	urd:exe	مجرم سے برآمد شدہ سامان یہاں ہے۔
08489497-n	urd:lemma	ادھر
08489497-n	urd:exe	مجرم سے برآمد شدہ سامان یہاں ہے۔
03561345-n	urd:lemma	تصویر
03561345-n	urd:exe	مونا لزا کی تصویر ساری دنیا میں مشہور ہے۔
03234306-n	urd:lemma	تصویر
03234306-n	urd:exe	مونا لزا کی تصویر ساری دنیا میں مشہور ہے۔
03876519-n	urd:lemma	تصویر
03876519-n	urd:exe	مونا لزا کی تصویر ساری دنیا میں مشہور ہے۔
07110615-n	urd:lemma	آواز
07110615-n	urd:exe	نورجہاں کی آواز بہت اچھی تھی۔
05202284-n	urd:lemma	آواز
05202284-n	urd:exe	نورجہاں کی آواز بہت اچھی تھی۔
09411430-n	urd:lemma	دریا
09411430-n	urd:exe	پاکستان کے سب سے بڑے دریا کا نام "سندھ" ہے۔
15236859-n	urd:lemma	خزاں
15236859-n	urd:exe	خزاں میں درختوں سے پتے جھڑ جاتے ہیں۔
02107442-v	urd:lemma	پوچھنا
02107442-v	urd:exe	وہ پولیس والے سے راستہ پوچھ رہا تھا۔
02169891-v	urd:lemma	پوچھنا
02169891-v	urd:exe	وہ پولیس والے سے راستہ پوچھ رہا تھا۔
02242464-v	urd:lemma	بیچنا
02242464-v	urd:exe	وہ کپڑے بیچتا ہے۔
00271022-a	urd:lemma	روشن
00271022-a	urd:exe	یہ کمرہ کافی روشن ہے۔
00396523-a	urd:lemma	روشن
00396523-a	urd:exe	یہ کمرہ کافی روشن ہے۔
00269989-a	urd:lemma	روشن
00269989-a	urd:exe	یہ کمرہ کافی روشن ہے۔
00278551-a	urd:lemma	روشن
00278551-a	urd:exe	یہ کمرہ کافی روشن ہے۔
02924116-n	urd:lemma	بس
02924116-n	urd:exe	وہ بس میں سفر کرتی تھی۔
01614426-v	urd:lemma	لگانا
01614426-v	urd:exe	یہ ٹکٹ لفافے پر لگا دیجیے۔
80001230-x	urd:lemma	جی ہاں
80001230-x	urd:exe	جی ہاں یہ اکاؤنٹ نمبر میرا ہے۔
01184932-a	urd:lemma	بھاری
01184932-a	urd:exe	یہ تھیلا کافی بھاری ہے۔
07881800-n	urd:lemma	مشروبات
07881800-n	urd:exe	یہاں کیا کیا مشروبات دستیاب ہیں ؟
01119192-a	urd:lemma	مہارت
01119192-a	urd:exe	فٹ بال میں برازیل کی مہارت سب مانتے ہیں۔
02226162-a	urd:lemma	مہارت
02226162-a	urd:exe	فٹ بال میں برازیل کی مہارت سب مانتے ہیں۔
01838916-a	urd:lemma	مہارت
01838916-a	urd:exe	فٹ بال میں برازیل کی مہارت سب مانتے ہیں۔
03467517-n	urd:lemma	گٹار
03467517-n	urd:exe	وہ بہت اچھا  گٹار بجاتا ہے۔
03613294-n	urd:lemma	چابی
03613294-n	urd:exe	گھر کی چابی کھو گئی ہے۔
01553629-a	urd:lemma	بہت
01553629-a	urd:exe	ہمارے باغ میں بہت درخت ہیں ۔
01551633-a	urd:lemma	بہت
01551633-a	urd:exe	ہمارے باغ میں بہت درخت ہیں ۔
01552419-a	urd:lemma	بہت
01552419-a	urd:exe	ہمارے باغ میں بہت درخت ہیں ۔
00127137-a	urd:lemma	پرانا
00127137-a	urd:exe	احمد کو پرانی چیزیں جمع کرنے کا شوق ہے۔
01638438-a	urd:lemma	پرانا
01638438-a	urd:exe	احمد کو پرانی چیزیں جمع کرنے کا شوق ہے۔
01729384-a	urd:lemma	پرانا
01729384-a	urd:exe	احمد کو پرانی چیزیں جمع کرنے کا شوق ہے۔
10694258-n	urd:lemma	استاد
10694258-n	urd:exe	میرے اردو کے استاد پاکستانی ہیں۔
07859284-n	urd:lemma	چینی
07859284-n	urd:exe	میری چائے میں چینی بہت کم ہے۔
09605289-n	urd:lemma	بالغ
09605289-n	urd:exe	وہ بالغ ہے اور اپنا اچھا برا سمجھ سکتا ہے۔
04081281-n	urd:lemma	ریسٹورنٹ
04081281-n	urd:exe	اس ریسٹورنٹ میں پاکستانی کھانے دستیاب ہیں۔
04081281-n	urd:lemma	ہوٹل
04081281-n	urd:exe	اس ہوٹل کے کھانے بہت مزے دار ہوتے ہیں۔
10448983-n	urd:lemma	پولیس والا
10448983-n	urd:exe	اگر آپ کو کوئی مسئلہ ہو تو پولیس والے سے مدد لیجیے۔
10448983-n	urd:lemma	پولیس والا
10448983-n	urd:exe	پولیس والا یہاں روزانہ گشت کرتا ہے۔
90000507-n	urd:lemma	اس ہفتے
90000507-n	urd:exe	اس ہفتے فٹ بال کا کوئی میچ نہیں ہو گا۔
02686568-n	urd:lemma	ہوائی جہاز
02686568-n	urd:exe	ہوائی جہاز کے سفر سے کافی وقت بچتا ہے۔
02691156-n	urd:lemma	ہوائی جہاز
02691156-n	urd:exe	ہوائی جہاز کے سفر سے کافی وقت بچتا ہے۔
08420278-n	urd:lemma	بینک
08420278-n	urd:exe	میں اپنا پیسہ بینک میں جمع کرتا ہوں۔
02787772-n	urd:lemma	بینک
02787772-n	urd:exe	میں اپنا پیسہ بینک میں جمع کرتا ہوں۔
02018049-v	urd:lemma	سوار ہونا
02018049-v	urd:exe	مصروف اوقات میں ریل گاڑی میں سوار ہونا بہت مشکل ہوتا ہے۔
02324026-v	urd:lemma	لینا
02324026-v	urd:exe	میں پڑھنےکے لیے لائبریری سے کتاب لیتا ہوں۔
01447257-v	urd:lemma	دھکا دینا
01447257-v	urd:exe	بچے کھیلتے ہوئے اکثر ایک دوسرے کو دھکا دیتے ہیں۔
02398378-a	urd:lemma	تیکھا
02398378-a	urd:exe	پاکستانی کھانوں کا ذائقہ جاپانی کھانوں سے تیکھا ہوتا ہے۔
02397732-a	urd:lemma	تیکھا
02397732-a	urd:exe	پاکستانی کھانوں کا ذائقہ جاپانی کھانوں سے تیکھا ہوتا ہے۔
06628228-n	urd:lemma	پوسٹ کارڈ
06628228-n	urd:exe	پوسٹ کارڈ کہاں ملے گا ؟
06627938-n	urd:lemma	پوسٹ کارڈ
06627938-n	urd:exe	پوسٹ کارڈ کہاں ملے گا ؟
03959485-n	urd:lemma	پلیٹ
03959485-n	urd:exe	میری پلیٹ میں تھوڑے چاول ڈال دیجیے۔
00393105-a	urd:lemma	سفید
00393105-a	urd:exe	مجھے گاڑیوں میں سفید رنگ پسند ہے۔
08625073-n	urd:lemma	دایاں
08625073-n	urd:exe	دائیں انگوٹھے کا ناخن چھوٹا کیجیے۔
03051540-n	urd:lemma	لباس
03051540-n	urd:exe	وہ ہمیشہ صاف ستھرا لباس پہنتا ہے۔
02728440-n	urd:lemma	لباس
02728440-n	urd:exe	وہ ہمیشہ صاف ستھرا لباس پہنتا ہے۔
02728440-n	urd:lemma	مغربی لباس
02728440-n	urd:exe	وہ مغربی لباس بھی پہنتی ہے۔
03419014-n	urd:lemma	لباس
03419014-n	urd:exe	وہ ہمیشہ صاف ستھرا لباس پہنتا ہے۔
15165289-n	urd:lemma	صبح
15165289-n	urd:exe	وہ صبح سات بجے اٹھتا ہے۔
15165289-n	urd:lemma	دوپہر سے پہلے
15165289-n	urd:exe	میرا انٹرویو دوپہر سے پہلے ہے۔
00109151-r	urd:lemma	ادھر
00109151-r	urd:exe	پولیس مجرم سے پوچھ گچھ ادھر کرتی ہے۔
03720163-n	urd:lemma	نقشہ
03720163-n	urd:exe	اس نے نقشہ دکھا کر عجائب خانے کا راستہ بتایا ۔
00024996-a	urd:lemma	نیا
00024996-a	urd:exe	میں کل نیا کوٹ پہنوں گا۔
01642477-a	urd:lemma	نیا
01642477-a	urd:exe	میں کل نیا کوٹ پہنوں گا۔
01641648-a	urd:lemma	نیا
01641648-a	urd:exe	میں کل نیا کوٹ پہنوں گا۔
01687167-a	urd:lemma	نیا
01687167-a	urd:exe	میں کل نیا کوٹ پہنوں گا۔
02584699-a	urd:lemma	نیا
02584699-a	urd:exe	میں کل نیا کوٹ پہنوں گا۔
01686439-a	urd:lemma	نیا
01686439-a	urd:exe	میں کل نیا کوٹ پہنوں گا۔
02070491-a	urd:lemma	نیا
02070491-a	urd:exe	میں کل نیا کوٹ پہنوں گا۔
02013758-a	urd:lemma	نیا
02013758-a	urd:exe	میں کل نیا کوٹ پہنوں گا۔
01640850-a	urd:lemma	نیا
01640850-a	urd:exe	میں کل نیا کوٹ پہنوں گا۔
00894552-n	urd:lemma	مشق
00894552-n	urd:exe	اردو سیکھنے کے لیے مشق ضروری ہے۔
01292683-a	urd:lemma	پسند
01292683-a	urd:exe	وہ کرکٹ پسند کرتی ہے۔
01777210-v	urd:lemma	پسند
01777210-v	urd:exe	وہ کرکٹ پسند کرتی ہے۔
03038685-n	urd:lemma	اسکول کا کمرا
03038685-n	urd:exe	میرا اسکول کا کمرا چھوٹا ہے۔
00296131-r	urd:lemma	شاید
00296131-r	urd:exe	شاید کل بارش نہ ہو۔
00154449-r	urd:lemma	شاید
00154449-r	urd:exe	شاید کل بارش نہ ہو۔
03001627-n	urd:lemma	کرسی
03001627-n	urd:exe	یہ کرسی لکڑی کی ہے۔
01734929-v	urd:lemma	فوٹو کاپی کرنا
01734929-v	urd:exe	براہ مہربانی یہ صفحہ فوٹو کاپی کر دیجیے۔
01914947-v	urd:lemma	دوڑنا
01914947-v	urd:exe	وہ بہت آہستہ دوڑتا ہے۔
01926311-v	urd:lemma	دوڑنا
01926311-v	urd:exe	وہ بہت آہستہ دوڑتا ہے۔
02005496-v	urd:lemma	واپس آنا
02005496-v	urd:exe	وہ اگلے ہفتے گھر واپس آئے گا۔
04379243-n	urd:lemma	میز
04379243-n	urd:exe	کھانے کی میز پر پھل رکھے ہیں۔
04298308-n	urd:lemma	سیڑھی
04298308-n	urd:exe	اس عمارت میں لفٹ نہیں ہے، صرف سیڑھیاں استعمال کر سکتے ہیں۔
00037919-v	urd:lemma	نہانا
00037919-v	urd:exe	اس اپارٹمنٹ کے ایک غسل خانے میں نہانے کے لیے باتھ ٹب نہیں ہے۔
01532589-v	urd:lemma	صفائی کرنا
01532589-v	urd:exe	اس نے پچھلے ہفتے اپنی کمرے کی صفائی کی تھی۔
01533442-v	urd:lemma	صفائی کرنا
01533442-v	urd:exe	اس نے پچھلے ہفتے اپنی کمرے کی صفائی کی تھی۔
07663592-n	urd:lemma	گائے کا گوشت
07663592-n	urd:exe	اس دکان میں صرف گائے کا گوشت ملتا ہے۔
08182962-n	urd:lemma	لوگوں کی بڑی تعداد
08182962-n	urd:exe	لوگوں کی بڑی تعداد ہر سال فوجی سان پر جاتی ہے۔
08182379-n	urd:lemma	لوگوں کی بڑی تعداد
08182379-n	urd:exe	لوگوں کی بڑی تعداد ہر سال فوجی سان پر جاتی ہے۔
80000079-n	urd:lemma	پچھلے مہینے
80000079-n	urd:exe	پچھلے مہینے میں پاکستان گیا تھا۔
10020890-n	urd:lemma	ڈاکٹر
10020890-n	urd:exe	ہسپتال میں ڈاکٹر روزانہ سینکڑوں مریض دیکھتے ہیں۔
10305802-n	urd:lemma	ڈاکٹر
10305802-n	urd:exe	ہسپتال میں ڈاکٹر روزانہ سینکڑوں مریض دیکھتے ہیں۔
03710193-n	urd:lemma	لیٹر بکس
03710193-n	urd:exe	اس لیٹر بکس میں یہ خط ڈالیے۔
03989074-n	urd:lemma	لیٹر بکس
03989074-n	urd:exe	اس لیٹر بکس میں یہ خط ڈالیے۔
15136147-n	urd:lemma	ہفتہ
15136147-n	urd:exe	وہ ہفتے میں تین دن کام کرتا ہے۔
15169873-n	urd:lemma	ہفتہ
15169873-n	urd:exe	وہ ہفتے میں تین دن کام کرتا ہے۔
15211806-n	urd:lemma	جون
15211806-n	urd:exe	جون کے مہینے میں سخت گرمی ہوتی ہے۔
04489008-n	urd:lemma	پتلون
04489008-n	urd:exe	میں یہ کالی پتلون پہن کر دیکھتا ہوں۔
04230808-n	urd:lemma	اسکرٹ
04230808-n	urd:exe	وہ اسکرٹ تلاش کر رہی ہے۔
08544813-n	urd:lemma	ملک
08544813-n	urd:exe	آپ اب تک کس کس ملک گئے ہیں ؟
08490199-n	urd:lemma	ملک
08490199-n	urd:exe	آپ اب تک کس کس ملک گئے ہیں ؟
00081737-r	urd:lemma	ہر سال
00081737-r	urd:exe	میں ہرسال چھٹیاں منانے باہر جاتا ہوں۔
00018158-v	urd:lemma	اٹھنا
00018158-v	urd:exe	کل میں جلدی اٹھوں گا۔
05538625-n	urd:lemma	سر
05538625-n	urd:exe	میرے سر میں درد ہو رہا ہے۔
02418686-v	urd:lemma	تفریح کرنا
02418686-v	urd:exe	میں چھٹیوں میں تفریح کرنے بیرون ملک جاتا ہوں۔
04965661-n	urd:lemma	پیلا
04965661-n	urd:exe	کل میں نے پیلی ٹوپی پہنی تھی۔
02561888-a	urd:lemma	تنگ
02561888-a	urd:exe	ہمارے علاقے میں تنگ گلیاں بہت ہیں۔
00476663-a	urd:lemma	تنگ
00476663-a	urd:exe	ہمارے علاقے میں تنگ گلیاں بہت ہیں۔
05137165-n	urd:lemma	اونچائی
05137165-n	urd:exe	کوہ فوجی کی اونچائی 3776 میٹر ہے۔
05131647-n	urd:lemma	اونچائی
05131647-n	urd:exe	کوہ فوجی کی اونچائی 3776 میٹر ہے۔
00009966-r	urd:lemma	براہ مہربانی
00009966-r	urd:exe	براہ مہربانی یہ بتائیے کہ بالیاں کون سی منزل پر ملیں گی؟
00009966-r	urd:lemma	لیجیے
00009966-r	urd:exe	لیجیے ، یہ آپ کی پاس بک ہے۔
10103485-n	urd:lemma	غیرملکی
10103485-n	urd:exe	ہر سال ہزاروں غیرملکی ہیروشیما میوزیم دیکھنے جاتے ہیں۔
02958343-n	urd:lemma	موٹر کار
02958343-n	urd:exe	سنسان سڑک پر موٹر کار چلانا آسان ہے۔
03924069-n	urd:lemma	ریکارڈ
03924069-n	urd:exe	میرے دادا کے پاس بہت نایاب ریکارڈ تھے۔
10332385-n	urd:lemma	والدہ
10332385-n	urd:exe	کیاآپ کی والدہ آپ کے ساتھ رہتی ہیں؟
10332385-n	urd:lemma	امی
10332385-n	urd:exe	میری امی میرا بہت خیال رکھتی ہیں۔
02410855-v	urd:lemma	کام کرنا
02410855-v	urd:exe	وہ ہفتے میں تین دن اس دفتر میں جز وقتی کام کرتی ہے۔
07668702-n	urd:lemma	سؤر کا گوشت
07668702-n	urd:exe	وہ سؤر کا گوشت تھیلے میں ڈال رہا ہے۔
00081836-n	urd:lemma	خریداری
00081836-n	urd:exe	کل میں نے سبزیوں اور پھلوں کی خریداری کی تھی۔
04203889-n	urd:lemma	خریداری
04203889-n	urd:exe	کل میں نے سبزیوں اور پھلوں کی خریداری کی تھی۔
13836136-n	urd:lemma	مغرب
13836136-n	urd:exe	میرے گھر کے مغرب میں ایک کلو میٹر دور ہسپتال ہے۔
02368336-a	urd:lemma	میٹھا
02368336-a	urd:exe	میں میٹھی چائے نہیں پیتا۔
04254777-n	urd:lemma	موزہ
04254777-n	urd:exe	یہ موزے پھٹ چکے ہیں۔
01845229-v	urd:lemma	سفر کرنا
01845229-v	urd:exe	وہ کئی ملکوں کا سفر کرے گی ۔
01846916-v	urd:lemma	سفر کرنا
01846916-v	urd:exe	وہ کئی ملکوں کا سفر کرے گی ۔
01845720-v	urd:lemma	سفر کرنا
01845720-v	urd:exe	وہ کئی ملکوں کا سفر کرے گی ۔
00061203-r	urd:lemma	پیچھے
00061203-r	urd:exe	میرے پیچھے آئیے۔
10112591-n	urd:lemma	دوست
10112591-n	urd:exe	میں اپنے دوستوں کے ساتھ کلاس میں حاضر ہوا ۔
08588294-n	urd:lemma	اندر
08588294-n	urd:exe	اس ڈبے کے اندر کپڑے ہیں۔
08588152-n	urd:lemma	اندر
08588152-n	urd:exe	اس ڈبے کے اندر کپڑے ہیں۔
77000021-n	urd:lemma	تم
77000021-n	urd:exe	تم کیا کر رہے ہو؟
77000021-n	urd:lemma	آپ
77000021-n	urd:exe	آپ کہاں رہتے ہیں؟
02771169-v	urd:lemma	آسمان صاف ہونا
02771169-v	urd:exe	اگر کل آسمان صاف ہوا تو ہم ساحل سمندر پر جائیں گے۔
77000061-a	urd:lemma	یہ
77000061-a	urd:exe	یہ افسانہ دلچسپ ہے ۔
80001619-a	urd:lemma	یہ
80001619-a	urd:exe	یہ افسانہ دلچسپ ہے ۔
77000075-a	urd:lemma	یہ
77000075-a	urd:exe	یہ افسانہ دلچسپ ہے ۔
04018667-n	urd:lemma	ہاتھ دھونے کی جگہ
04018667-n	urd:exe	ہر اسٹیشن پرہاتھ دھونے کی جگہ ضرور ہوتی ہے۔
08649345-n	urd:lemma	عرض
08649345-n	urd:exe	اس کپڑے کا عرض سوا میٹر ہے۔
08649345-n	urd:lemma	پاس
08649345-n	urd:exe	اس کا گھر اسٹیشن کے پاس ہے۔
08649345-n	urd:lemma	پڑوس
08649345-n	urd:exe	ہمارے پڑوس میں ایک غیر ملکی رہتا تھا۔
05136150-n	urd:lemma	عرض
05136150-n	urd:exe	اس کپڑے کا عرض سوا میٹر ہے۔
15211484-n	urd:lemma	مئی
15211484-n	urd:exe	پاکستان مین مئی میں کافی گرمی ہوتی ہے۔
05563770-n	urd:lemma	بازو
05563770-n	urd:exe	اس کے بازو مضبوط ہیں۔
15165490-n	urd:lemma	دو پہر
15165490-n	urd:exe	میں دوپہر کا کھانا یونیورسٹی میں کھاتا ہوں۔
04272054-n	urd:lemma	عینک
04272054-n	urd:exe	وہ عینک لگاتی ہے۔
80000746-n	urd:lemma	کانجی
80000746-n	urd:exe	کانجی کے حروف یاد کرنا بہت مشکل ہے۔
10287213-n	urd:lemma	مرد
10287213-n	urd:exe	اس دفتر میں صرف مرد کام کرتے ہیں۔
09624168-n	urd:lemma	مرد
09624168-n	urd:exe	اس دفتر میں صرف مرد کام کرتے ہیں۔
15164105-n	urd:lemma	منگل
15164105-n	urd:exe	میں نے پچھلے منگل کو پاکستانی کھانے کھائے تھے۔
77000099-n	urd:lemma	سب لوگ
77000099-n	urd:exe	سب لوگ زندگی میں سکون چاہتے ہیں۔
00479391-v	urd:lemma	آف کرنا
00479391-v	urd:exe	ٹیلی وژن آف کر دیجیے۔
03238879-n	urd:lemma	قمیص
03238879-n	urd:exe	کل اس نے سفید قمیص پہنی تھی۔
02412164-a	urd:lemma	پتلا
02412164-a	urd:exe	پینٹ کو پتلا کرنے کے لیے اس میں پانی ڈالا جاتا ہے۔
02414188-a	urd:lemma	پتلا
02414188-a	urd:exe	پینٹ کو پتلا کرنے کے لیے اس میں پانی ڈالا جاتا ہے۔
08489627-n	urd:lemma	ادھر
08489627-n	urd:exe	مجرم کا کمرہ ادھر تھا۔
01168468-v	urd:lemma	کھانا
01168468-v	urd:exe	آپ کیا کھائیں گے ؟
01166351-v	urd:lemma	کھانا
01166351-v	urd:exe	آپ کیا کھائیں گے ؟
01179865-v	urd:lemma	کھانا
01179865-v	urd:exe	آپ کیا کھائیں گے ؟
15122231-n	urd:lemma	وقت
15122231-n	urd:exe	ہمیں وقت کا خیال رکھنا چاہیے۔
02818832-n	urd:lemma	پلنگ
02818832-n	urd:exe	وہ پلنگ پر سوتا ہے۔
90000503-n	urd:lemma	اگلے سال
90000503-n	urd:exe	میں اگلے سال شادی کروں گی۔
08168367-n	urd:lemma	غیرملک
08168367-n	urd:exe	غیر ملک کا سفر کرنا ایک اچھا تجربہ ہے ۔
02560548-a	urd:lemma	چوڑا
02560548-a	urd:exe	وہ سڑک کافی چوڑی ہے۔
01384212-a	urd:lemma	چوڑا
01384212-a	urd:exe	وہ سڑک کافی چوڑی ہے۔
01031256-v	urd:lemma	بھیجنا
01031256-v	urd:exe	میں لاہور سے خط بھیجنا بھول گیا ۔
01995211-v	urd:lemma	بھیجنا
01995211-v	urd:exe	میں لاہور سے خط بھیجنا بھول گیا ۔
00255710-n	urd:lemma	دھلائی
00255710-n	urd:exe	یہ مشین کپڑوں کی دھلائی بہت اچھی کرتی ہے۔
07110457-n	urd:lemma	بیان
07110457-n	urd:exe	اس کا بیان بہت دلچسپ تھا۔
00893243-n	urd:lemma	بیان
00893243-n	urd:exe	اس کا بیان بہت دلچسپ تھا۔
07221094-n	urd:lemma	بیان
07221094-n	urd:exe	اس کا بیان بہت دلچسپ تھا۔
07139316-n	urd:lemma	بیان
07139316-n	urd:exe	اس کا بیان بہت دلچسپ تھا۔
00031798-r	urd:lemma	اب
00031798-r	urd:exe	وہ اب نہیں آئے گا۔
07555863-n	urd:lemma	کھانا
07555863-n	urd:exe	پاکستانی کھانوں میں مجھے بریانی سب سے زیادہ پسند ہے۔
07560652-n	urd:lemma	کھانا
07560652-n	urd:exe	پاکستانی کھانوں میں مجھے بریانی سب سے زیادہ پسند ہے۔
00157412-r	urd:lemma	کبھی کبھی
00157412-r	urd:exe	میں کبھی کبھی دوپہر کا کھانا نہیں کھاتا ہوں۔
00021212-r	urd:lemma	کبھی کبھی
00021212-r	urd:exe	میں کبھی کبھی دوپہر کا کھانا نہیں کھاتا ہوں۔
03740161-n	urd:lemma	دوا
03740161-n	urd:exe	ڈاکٹر نے مجھے بخارکی دوا دی ہے۔
02318272-a	urd:lemma	سیدھا
02318272-a	urd:exe	یہاں سے سیدھا پانچ منٹ چلنے کے بعد آپ اسٹیشن پر پہنچ جائیں گے۔
02310895-a	urd:lemma	سیدھا
02310895-a	urd:exe	یہاں سے سیدھا پانچ منٹ چلنے کے بعد آپ اسٹیشن پر پہنچ جائیں گے۔
02314584-a	urd:lemma	سیدھا
02314584-a	urd:exe	یہاں سے سیدھا پانچ منٹ چلنے کے بعد آپ اسٹیشن پر پہنچ جائیں گے۔
10787470-n	urd:lemma	عورت
10787470-n	urd:exe	وہ عورت میری پڑوسی ہے۔
10736091-n	urd:lemma	تایا
10736091-n	urd:exe	میرے تایا لاہور میں رہتے ہیں۔
04404997-n	urd:lemma	کیمرا
04404997-n	urd:exe	میرے پاس نیا کیمرا ہے۔
02942699-n	urd:lemma	کیمرا
02942699-n	urd:exe	میرے پاس نیا کیمرا ہے۔
04370048-n	urd:lemma	سویٹر
04370048-n	urd:exe	یہ سویٹر زیادہ گرم نہیں ہے۔
02626604-v	urd:lemma	ہونا
02626604-v	urd:exe	پچھلے سال میں بے روزگار ہوا تھا۔
02623529-v	urd:lemma	ہونا
02623529-v	urd:exe	پچھلے سال میں بے روزگار ہوا تھا۔
04398497-n	urd:lemma	چائے خانہ
04398497-n	urd:exe	ہم روزانہ شام کو چائے خانے میں ملتے ہیں۔
00081591-r	urd:lemma	ہر ہفتے
00081591-r	urd:exe	وہ ہر ہفتے اوساکا جاتا ہے۔
01535246-v	urd:lemma	دھونا
01535246-v	urd:exe	وہ کل صبح کپڑے دھوئے گا۔
01535246-v	urd:lemma	دھونا
01535246-v	urd:exe	میں اپنے کپڑے خود دھوتا ہوں۔
00036362-v	urd:lemma	دھونا
00036362-v	urd:exe	وہ کل صبح کپڑے دھوئے گا۔
01536168-v	urd:lemma	دھونا
01536168-v	urd:exe	وہ کل صبح کپڑے دھوئے گا۔
00606093-v	urd:lemma	مشق کرنا
00606093-v	urd:exe	میں روزانہ اردو زبان کی مشق کرتی ہوں۔
01723224-v	urd:lemma	مشق کرنا
01723224-v	urd:exe	میں روزانہ اردو زبان کی مشق کرتی ہوں۔
15156187-n	urd:lemma	کل
15156187-n	urd:exe	کل میں اپنی والدہ سے ملا تھا۔
01919428-a	urd:lemma	پرسکون
01919428-a	urd:exe	ہمارا علاقہ بہت پُرسکون ہے۔
01918984-a	urd:lemma	پرسکون
01918984-a	urd:exe	ہمارا علاقہ بہت پُرسکون ہے۔
04437953-n	urd:lemma	گھڑی
04437953-n	urd:exe	میرے پاس جاپانی گھڑی ہے۔
03046257-n	urd:lemma	گھڑی
03046257-n	urd:exe	میرے پاس جاپانی گھڑی ہے۔
04350905-n	urd:lemma	سوٹ
04350905-n	urd:exe	وہ دفتر میں سوٹ پہن کر آتا ہے۔
00409440-a	urd:lemma	گہرا
00409440-a	urd:exe	مجھے گہرے سرخ رنگ کی کار چاہیے۔
00842199-a	urd:lemma	طاقتور
00842199-a	urd:exe	کشتی لڑنے والے پہلوان بہت طاقتور ہوتے ہیں۔
15163979-n	urd:lemma	پیر
15163979-n	urd:exe	میں پیر کو کتب خانے جاؤں گا۔
00059413-r	urd:lemma	اکثر
00059413-r	urd:exe	وہ اکثر کلاس میں دیر سے آتا ہے۔
00035058-r	urd:lemma	اکثر
00035058-r	urd:exe	وہ اکثر کلاس میں دیر سے آتا ہے۔
05687338-n	urd:lemma	سوال
05687338-n	urd:exe	یہ سوال کافی مشکل ہے۔
06784003-n	urd:lemma	سوال
06784003-n	urd:exe	یہ سوال کافی مشکل ہے۔
03281145-n	urd:lemma	لفٹ
03281145-n	urd:exe	اس پلیٹ فارم پر جانے کے لیے لفٹ استعمال کیجیے۔
05320899-n	urd:lemma	کان
05320899-n	urd:exe	اس کے کان چھوٹے ہیں۔
00007846-n	urd:lemma	کوئی
00007846-n	urd:exe	گھر میں کوئی ہے ؟
03436182-n	urd:lemma	ریڈیو کیسٹ ریکارڈر
03436182-n	urd:exe	میرے دادا آج بھی ریڈیو کیسٹ ریکارڈر پر گانے سنتے ہیں۔
04284002-n	urd:lemma	چمچہ
04284002-n	urd:exe	میں اس چمچے سے سوپ پیتا ہوں۔
13134947-n	urd:lemma	پھل
13134947-n	urd:exe	وہ پھل صرف اس دکان سے خریدتی ہے ۔
11683989-n	urd:lemma	پھل
11683989-n	urd:exe	وہ پھل صرف اس دکان سے خریدتی ہے ۔
02730813-v	urd:lemma	بولنا
02730813-v	urd:exe	آپ اردو میں کچھ بولیے۔
01009240-v	urd:lemma	بولنا
01009240-v	urd:exe	آپ اردو میں کچھ بولیے۔
00941990-v	urd:lemma	بولنا
00941990-v	urd:exe	آپ اردو میں کچھ بولیے۔
00979870-v	urd:lemma	بولنا
00979870-v	urd:exe	آپ اردو میں کچھ بولیے۔
09854218-n	urd:lemma	بڑی بہن
09854218-n	urd:exe	اس کی بڑی بہن ہمارے اسکول میں پڑھتی ہے۔
04507155-n	urd:lemma	چھتری
04507155-n	urd:exe	چھتری کی وجہ سے میں گیلا ہونے سے بچ گیا۔
02229324-a	urd:lemma	اناڑی
02229324-a	urd:exe	وہ ہاکی کھیلنے میں ماہر  لیکن فٹ بال میں اناڑی ہے۔
01870636-a	urd:lemma	اناڑی
01870636-a	urd:exe	وہ ہاکی کھیلنے میں ماہر  لیکن فٹ بال میں اناڑی ہے۔
01128103-a	urd:lemma	اناڑی
01128103-a	urd:exe	وہ ہاکی کھیلنے میں ماہر  لیکن فٹ بال میں اناڑی ہے۔
02229000-a	urd:lemma	اناڑی
02229000-a	urd:exe	وہ ہاکی کھیلنے میں ماہر  لیکن فٹ بال میں اناڑی ہے۔
15270431-n	urd:lemma	گھنٹہ
15270431-n	urd:exe	ہماری کلاس ایک گھنٹے کی ہوتی ہے۔
15227846-n	urd:lemma	گھنٹہ
15227846-n	urd:exe	ہماری کلاس ایک گھنٹے کی ہوتی ہے۔
15269513-n	urd:lemma	گھنٹہ
15269513-n	urd:exe	ہماری کلاس ایک گھنٹے کی ہوتی ہے۔
00744916-a	urd:lemma	مشکل
00744916-a	urd:exe	ریاضی ایک مشکل مضمون ہے۔
04401088-n	urd:lemma	ٹیلیفون
04401088-n	urd:exe	میرے دفتر کا ٹیلیفون خراب ہے۔
06272803-n	urd:lemma	ٹیلیفون
06272803-n	urd:exe	میرے دفتر کا ٹیلیفون خراب ہے۔
02870092-n	urd:lemma	کتاب
02870092-n	urd:exe	یہ کتاب بہت دلچسپ ہے۔
06410904-n	urd:lemma	کتاب
06410904-n	urd:exe	یہ کتاب بہت دلچسپ ہے۔
09972010-n	urd:lemma	چچازاد بھائی
09972010-n	urd:exe	میرا چچازاد بھائی ایک مصور ہے۔
14974264-n	urd:lemma	کاغذ
14974264-n	urd:exe	وہ کاغذ پر کارٹون بناتا ہے۔
80000677-n	urd:lemma	کاغذ
80000677-n	urd:exe	وہ کاغذ پر کارٹون بناتا ہے۔
06255777-n	urd:lemma	کاغذ
06255777-n	urd:exe	وہ کاغذ پر کارٹون بناتا ہے۔
04960277-n	urd:lemma	کالا
04960277-n	urd:exe	میرا کالا قلم کہاں ہے؟
02770717-v	urd:lemma	ابرآلود ہونا
02770717-v	urd:exe	آج موسم ابر آلود ہے۔
02529945-a	urd:lemma	خنک
02529945-a	urd:exe	خنک موسم میں گرم چائے اچھی لگتی ہے۔
02207206-v	urd:lemma	خریداری کرنا
02207206-v	urd:exe	کل میں نے ایک بڑے بازار میں خریداری کی۔
02208265-v	urd:lemma	خریداری کرنا
02208265-v	urd:exe	کل میں نے ایک بڑے بازار میں خریداری کی۔
00422620-a	urd:lemma	گندہ
00422620-a	urd:exe	اس کا کمرہ ہر وقت گندہ رہتا ہے۔
01908889-a	urd:lemma	گندہ
01908889-a	urd:exe	اس کا کمرہ ہر وقت گندہ رہتا ہے۔
00419289-a	urd:lemma	گندہ
00419289-a	urd:exe	اس کا کمرہ ہر وقت گندہ رہتا ہے۔
01345109-v	urd:lemma	بند کرنا
01345109-v	urd:exe	ٹکٹ گھر کی کھڑکی بند کر دو۔
01960911-v	urd:lemma	تیرنا
01960911-v	urd:exe	مجھے تیرنا نہیں آتا ہے۔
00933154-a	urd:lemma	مہنگا
00933154-a	urd:exe	اس بازار میں بہت مہنگا سامان ملتا ہے۔
04199027-n	urd:lemma	جوتا
04199027-n	urd:exe	میں آٹھ نمبر کا جوتا پہنتا ہوں۔
04330340-n	urd:lemma	انگیٹھی
04330340-n	urd:exe	وہ انگیٹھی پر چائے گرم کر رہا ہے۔
07823951-n	urd:lemma	کری
07823951-n	urd:exe	چکن کری نان اور چاول کے ساتھ کھایا جاتا ہے۔
05598147-n	urd:lemma	ناک
05598147-n	urd:exe	اس کی ناک لمبی ہے۔
05658826-n	urd:lemma	ناک
05658826-n	urd:exe	اس کی ناک لمبی ہے۔
06947032-n	urd:lemma	انگریزی
06947032-n	urd:exe	کوئی انگریزی سمجھنے والا ہے ؟
07575726-n	urd:lemma	رات کا کھانا
07575726-n	urd:exe	کل اس نے رات کا کھانا دوست کے ساتھ کھایا تھا۔
07575726-n	urd:lemma	شام کا کھانا
07575726-n	urd:exe	میں شام کا کھانا گھر پر کھاتا ہوں۔
03485794-n	urd:lemma	رومال
03485794-n	urd:exe	اس کی جیب میں ہر وقت رومال رہتا ہے۔
01198101-v	urd:lemma	پینا
01198101-v	urd:exe	کام کے دوران وقفے میں وہ سگریٹ پیتا ہے۔
02741003-v	urd:lemma	لٹکانا
02741003-v	urd:exe	یہ قمیص کھونٹی پر لٹکا دو۔
01206474-a	urd:lemma	نیچا
01206474-a	urd:exe	اس شہر میں نیچی عمارتیں بہت ہیں۔
13832355-n	urd:lemma	مشرق
13832355-n	urd:exe	سورج مشرق سے نکلتا ہے۔
11525955-n	urd:lemma	ہوا
11525955-n	urd:exe	آج بہت تیز ہوا چل رہی ہے۔
02324182-v	urd:lemma	قرض دینا
02324182-v	urd:exe	ہمارا بینک آسان شرائط پر قرض دیتا ہے۔
01437963-a	urd:lemma	لمبا
01437963-a	urd:exe	آپ کے بال بہت لمبے ہیں ۔
01433493-a	urd:lemma	لمبا
01433493-a	urd:exe	آپ کے بال بہت لمبے ہیں ۔
01444022-a	urd:lemma	لمبا
01444022-a	urd:exe	آپ کے بال بہت لمبے ہیں ۔
80001077-n	urd:lemma	کتنا
80001077-n	urd:exe	آپ کے پاس کتنی کتابیں ہیں؟
80001077-n	urd:lemma	کتنا
80001077-n	urd:exe	یہ سیل فون کتنے کا ہے؟
10665698-n	urd:lemma	طالب علم
10665698-n	urd:exe	اسکول کے کمرے میں طالب علم نظم یاد کر رہے ہیں۔
10665698-n	urd:lemma	طالب علم
10665698-n	urd:exe	وہ اردو زبان کا طالب علم ہے۔
10251779-n	urd:lemma	طالب علم
10251779-n	urd:exe	اسکول کے کمرے میں طالب علم نظم یاد کر رہے ہیں۔
08615374-n	urd:lemma	پارک
08615374-n	urd:exe	اس اپارٹمنٹ کے سامنے ایک خوب صورت پارک ہے۔
77000064-n	urd:lemma	کونسا
77000064-n	urd:exe	آپ کونسا کھانا پسند کرتے ہیں ؟
03290771-n	urd:lemma	دہلیز
03290771-n	urd:exe	وہ گھر کی دہلیز پر اخبار پہنچاتا ہے۔
03290771-n	urd:lemma	داخلہ
03290771-n	urd:exe	اس بینک میں داخلے کی جگہ مغربی سمت سے ہے۔
06409752-n	urd:lemma	مضمون نگاری
06409752-n	urd:exe	پچھلے سال میرے دوست نے مضمون نگاری کا مقابلہ جیتا تھا۔
10286084-n	urd:lemma	بھائی
10286084-n	urd:exe	میرے تین بھائی ہیں۔
09876454-n	urd:lemma	بھائی
09876454-n	urd:exe	میرے تین بھائی ہیں۔
80001731-n	urd:lemma	غیرملکی طلبا
80001731-n	urd:exe	ہر سال جاپان میں لاکھوں غیر ملکی طالب علم آتے ہیں۔
77000031-n	urd:lemma	وہ
77000031-n	urd:exe	وہ میرا دوست ہے۔
00934199-a	urd:lemma	سستا
00934199-a	urd:exe	یہاں پر سستا سامان دستیاب ہے۔
00935103-a	urd:lemma	سستا
00935103-a	urd:exe	یہاں پر سستا سامان دستیاب ہے۔
02747802-n	urd:lemma	ایش ٹرے
02747802-n	urd:exe	ہمیں سگریٹ کی راکھ کو ایش ٹرے میں ڈالنا چاہیے۔
15213115-n	urd:lemma	اکتوبر
15213115-n	urd:exe	یکم اکتوبر  سے نیا سمسٹر شروع ہوتا ہے۔
15203791-n	urd:lemma	سال
15203791-n	urd:exe	وہ ایک سال کے لیے کمپنی کی طرف سے پاکستان جا رہا ہے۔
03619890-n	urd:lemma	باورچی خانہ
03619890-n	urd:exe	اس گھر کے باورچی خانے میں  کیبنٹ موجود ہے۔
00273734-v	urd:lemma	پڑھانا
00273734-v	urd:exe	میں جاپانی طلبہ کو اردو پڑھاتا ہوں ۔
00829107-v	urd:lemma	پڑھانا
00829107-v	urd:exe	میں جاپانی طلبہ کو اردو پڑھاتا ہوں ۔
00963570-v	urd:lemma	کہنا
00963570-v	urd:exe	آپ کیا کہنا چاہتے ہیں؟
00815686-v	urd:lemma	جواب دینا
00815686-v	urd:exe	میں اپنے استاد کو اردو میں جواب دیتی ہوں۔
00635523-v	urd:lemma	جواب دینا
00635523-v	urd:exe	میں اپنے استاد کو اردو میں جواب دیتی ہوں۔
03417345-n	urd:lemma	باغیچہ
03417345-n	urd:exe	اس کے گھر کے باغیچے میں بہت خوب صورت پھول ہیں۔
03417749-n	urd:lemma	باغیچہ
03417749-n	urd:exe	اس کے گھر کے باغیچے میں بہت خوب صورت پھول ہیں۔
01775164-v	urd:lemma	بہت پسند
01775164-v	urd:exe	مجھے کھیلوں میں ٹینس بہت پسند ہے۔
01828736-v	urd:lemma	بہت پسند
01828736-v	urd:exe	مجھے کھیلوں میں ٹینس بہت پسند ہے۔
06418901-n	urd:lemma	لغت
06418901-n	urd:exe	لغت کا سیکشن سامنے ہے۔
15164570-n	urd:lemma	ہفتہ
15164570-n	urd:exe	میں ہر ہفتے آرام کرتا ہوں۔
00284798-n	urd:lemma	چہل قدمی
00284798-n	urd:exe	وہ گھر کے سامنے والے باغ میں چہل قدمی کرتا ہے۔
00284101-n	urd:lemma	چہل قدمی
00284101-n	urd:exe	وہ گھر کے سامنے والے باغ میں چہل قدمی کرتا ہے۔
01712704-v	urd:lemma	کرنا
01712704-v	urd:exe	آپ کیا کرتے ہیں؟
08277393-n	urd:lemma	اسکول
08277393-n	urd:exe	ہمارا اسکول شہر میں ہے ۔
08276720-n	urd:lemma	اسکول
08276720-n	urd:exe	ہمارا اسکول شہر میں ہے ۔
00161630-r	urd:lemma	آہستہ
00161630-r	urd:exe	سڑک پر ہجوم کی وجہ سے لڑکی آہستہ چل رہی تھی۔
90000506-n	urd:lemma	پچھلے ہفتے
90000506-n	urd:exe	میں پچھلے ہفتے بیماری کی وجہ سے اسکول نہیں جاسکا۔
03057021-n	urd:lemma	جیکٹ
03057021-n	urd:exe	یہ جیکٹ سردیوں کے لیے بہت اچھی ہے۔
03057021-n	urd:lemma	کوٹ
03057021-n	urd:exe	وہ نیلا کوٹ بہت مہنگا ہے۔
03589791-n	urd:lemma	جیکٹ
03589791-n	urd:exe	یہ جیکٹ سردیوں کے لیے بہت اچھی ہے۔
06929279-n	urd:lemma	جاپانی
06929279-n	urd:exe	وہاں جاپانی زبان بولنے والا گائڈ ہے ؟
03303965-n	urd:lemma	اخراج
03303965-n	urd:exe	اس ہال سے اخراج کا راستہ بڑے دروازے سے ہے۔
10142391-n	urd:lemma	دادا
10142391-n	urd:exe	میرے دادا مجھ سے بہت پیار کرتے ہیں۔
07934530-n	urd:lemma	چائے
07934530-n	urd:exe	کیا آپ چائے پینا پسند کریں گے؟
07933274-n	urd:lemma	چائے
07933274-n	urd:exe	کیا آپ چائے پینا پسند کریں گے؟
07933274-n	urd:lemma	جاپانی سبز چائے
07933274-n	urd:exe	روایتی جاپانی سبز چائے بہت کڑوی ہوتی ہے۔
07989373-n	urd:lemma	میاں بیوی
07989373-n	urd:exe	احمد اور بانو میاں بیوی ہیں۔
10146559-n	urd:lemma	سبزی والے کی دکان
10146559-n	urd:exe	اس بازار میں سبزی والے کی دکان سب سے بڑی ہے۔
03457686-n	urd:lemma	سبزی والے کی دکان
03457686-n	urd:exe	اس بازار میں سبزی والے کی دکان سب سے بڑی ہے۔
03147509-n	urd:lemma	پیالی
03147509-n	urd:exe	مجھے ایک پیالی چائے دیجیے۔
03972524-n	urd:lemma	جیب
03972524-n	urd:exe	میری جیب میں صرف چند سو روپے ہیں۔
04968895-n	urd:lemma	نیلا
04968895-n	urd:exe	کل میں نے نیلے رنگ کا سوٹ پہنا تھا۔
01555416-a	urd:lemma	کم
01555416-a	urd:exe	اس تالاب میں پانی کم ہے۔
01552885-a	urd:lemma	کم
01552885-a	urd:exe	اس تالاب میں پانی کم ہے۔
00017865-v	urd:lemma	سونا
00017865-v	urd:exe	وہ رات دیر سے سوتا ہے۔
00450147-a	urd:lemma	قریب
00450147-a	urd:exe	فٹ بال کا میدان اسکول سے قریب ہے۔
00444519-a	urd:lemma	قریب
00444519-a	urd:exe	فٹ بال کا میدان اسکول سے قریب ہے۔
00445169-a	urd:lemma	قریب
00445169-a	urd:exe	فٹ بال کا میدان اسکول سے قریب ہے۔
00584367-n	urd:lemma	کام
00584367-n	urd:exe	وہ رات گئے تک دفتر کا کام کرتا ہے۔
07574602-n	urd:lemma	ناشتہ
07574602-n	urd:exe	میں سات بجے ناشتہ کرتا ہوں۔
08078020-n	urd:lemma	خاندان
08078020-n	urd:exe	میرا خاندان پاکستان میں رہتا ہے۔
10236304-n	urd:lemma	خاندان
10236304-n	urd:exe	میرا خاندان پاکستان میں رہتا ہے۔
07970406-n	urd:lemma	خاندان
07970406-n	urd:exe	میرا خاندان پاکستان میں رہتا ہے۔
07970406-n	urd:lemma	گھر
07970406-n	urd:exe	طلاق کی وجہ سےاس کا گھر برباد ہو گیا ۔
04197391-n	urd:lemma	قمیص
04197391-n	urd:exe	یہ قمیص مجھے چھوٹی ہے۔
09918248-n	urd:lemma	بچہ
09918248-n	urd:exe	اس کا بچہ بہت صحت مند ہے۔
12212361-n	urd:lemma	سبزی
12212361-n	urd:exe	اس دکان میں تازہ سبزیاں ملتی ہیں۔
07707451-n	urd:lemma	سبزی
07707451-n	urd:exe	اس دکان میں تازہ سبزیاں ملتی ہیں۔
03365991-n	urd:lemma	منزل
03365991-n	urd:exe	بچوں کے کپڑے دوسری منزل پر دستیاب ہیں۔
00976508-a	urd:lemma	تیز
00976508-a	urd:exe	اس کے دوڑنے کی رفتار بہت تیز ہے ۔
00981818-a	urd:lemma	تیز
00981818-a	urd:exe	اس کے دوڑنے کی رفتار بہت تیز ہے ۔
00979862-a	urd:lemma	تیز
00979862-a	urd:exe	اس کے دوڑنے کی رفتار بہت تیز ہے ۔
01367431-a	urd:lemma	بارونق
01367431-a	urd:exe	کل ہم نے ایک بارونق بازار میں خریداری کی۔
07644382-n	urd:lemma	مرغی کا گوشت
07644382-n	urd:exe	مجھے دو کلو مرغی کا گوشت دیجیے۔
07644967-n	urd:lemma	مرغی کا گوشت
07644967-n	urd:exe	مجھے دو کلو مرغی کا گوشت دیجیے۔
07813107-n	urd:lemma	نمک
07813107-n	urd:exe	کھانے میں نمک تیز ہے۔
07825972-n	urd:lemma	سوئی سوس
07825972-n	urd:exe	سوئی سوس جاپانی کھانوں کا اہم جز ہے۔
02005948-v	urd:lemma	پہنچنا
02005948-v	urd:exe	یہ پارسل ٹوکیو کب پہنچےگا ؟
02930766-n	urd:lemma	ٹیکسی
02930766-n	urd:exe	اس سڑک پر ٹیکسی ملنا مشکل ہے۔
04371225-n	urd:lemma	سوئمنگ پول
04371225-n	urd:exe	سوئمنگ پول میں تیرنا سمندر میں تیرنے سے محفوظ ہوتا ہے ۔
00604617-a	urd:lemma	سہولت
00604617-a	urd:exe	آپ کی سہولت کے لیے میں نقشہ بنا دیتا ہوں۔
15237250-n	urd:lemma	گرمیاں
15237250-n	urd:exe	ٹوکیو کے مقابلے میں کراچی میں گرمیاں زیادہ طویل ہوتی ہیں۔
03757138-n	urd:lemma	زیر زمین ریل گاڑی
03757138-n	urd:exe	ٹوکیو میں زیر زمین ریل گاڑی کا سفر بہت عام ہے۔
04349306-n	urd:lemma	زیر زمین ریل گاڑی
04349306-n	urd:exe	ٹوکیو میں زیر زمین ریل گاڑی کا سفر بہت عام ہے۔
77000090-n	urd:lemma	کیسا
77000090-n	urd:exe	تمھارا بھائی کیسا ہے؟
80001331-x	urd:lemma	کیسا
80001331-x	urd:exe	تمھارا بھائی کیسا ہے؟
77000104-n	urd:lemma	کب
77000104-n	urd:exe	آپ پاکستان کب جائیں گے؟
04105893-n	urd:lemma	کمرا
04105893-n	urd:exe	اس کا کمرا چھوٹا ہے۔
06415419-n	urd:lemma	کاپی
06415419-n	urd:exe	اس کاپی میں صرف اردو کا کام ہے۔
01376705-a	urd:lemma	شہرت
01376705-a	urd:exe	جاپانی کاروں کی شہرت پوری دنیا میں ہے۔
01375831-a	urd:lemma	شہرت
01375831-a	urd:exe	جاپانی کاروں کی شہرت پوری دنیا میں ہے۔
00953216-v	urd:lemma	بتانا
00953216-v	urd:exe	میں آپ کو ایک راز کی بات بتانا چاہتا ہوں۔
00962447-v	urd:lemma	بتانا
00962447-v	urd:exe	میں آپ کو ایک راز کی بات بتانا چاہتا ہوں۔
02935891-n	urd:lemma	ہوٹل
02935891-n	urd:exe	اس ہوٹل کے کھانے بہت مزے دار ہوتے ہیں۔
01984902-v	urd:lemma	بیٹھنا
01984902-v	urd:exe	آپ اس کرسی پر بیٹھ کر تھوڑا انتظار کیجیے۔
02386612-a	urd:lemma	چھوٹا
02386612-a	urd:exe	میرا آبائی گھر ایک چھوٹے شہر میں ہے۔
02386612-a	urd:lemma	چھوٹا
02386612-a	urd:exe	بال یہاں سے تھوڑے چھوٹے کیجیے۔
02345713-a	urd:lemma	برا
02345713-a	urd:exe	وہ شخص بہت برا ہے۔
00478311-a	urd:lemma	برا
00478311-a	urd:exe	وہ شخص بہت برا ہے۔
01174222-a	urd:lemma	برا
01174222-a	urd:exe	وہ شخص بہت برا ہے۔
03025755-n	urd:lemma	چاپ اسٹیک
03025755-n	urd:exe	آپ چاپ اسٹیک سے چاول کھا سکتے ہیں ؟
15166191-n	urd:lemma	دوپہر کے بعد
15166191-n	urd:exe	وہ دوپہر کے بعد گھر جائے گا۔
80000080-n	urd:lemma	اس مہینے
80000080-n	urd:exe	اس مہینے میں کہیں نہیں جاؤں گا۔
06624161-n	urd:lemma	خط
06624161-n	urd:exe	میں ایک خط بھیجنا چاہتی ہوں۔
01909812-v	urd:lemma	مڑنا
01909812-v	urd:exe	وہ گاڑی بائیں جانب مڑی۔
07929519-n	urd:lemma	کافی
07929519-n	urd:exe	اس چائے خانے کی کافی بہت کڑوی ہوتی ہے۔
01729431-v	urd:lemma	گانا
01729431-v	urd:exe	وہ بہت خوب صورت آواز میں گاتی ہے۔
11501381-n	urd:lemma	بارش
11501381-n	urd:exe	کل بارش ہوگی۔
07749582-n	urd:lemma	نیبو
07749582-n	urd:exe	میں چائے میں نیبو ڈال کر پیتی ہوں۔
90000511-n	urd:lemma	پرسوں
90000511-n	urd:exe	ہم پرسوں رات موسیقی کی ایک محفل میں گئے تھے۔
00118032-r	urd:lemma	تو
00118032-r	urd:exe	تو پھر میں حاضر ہوں گا ۔
00118032-r	urd:lemma	اچھا تو
00118032-r	urd:exe	اچھا تو یہ آپ کی رپورٹ ہے۔
04468005-n	urd:lemma	ریل گاڑی
04468005-n	urd:exe	مجھے ریل گاڑی کا سفر پسند ہے۔
77000002-n	urd:lemma	ہم
77000002-n	urd:exe	ہم فٹ بال کھیلتے ہیں۔
15206296-n	urd:lemma	ایک مہینہ
15206296-n	urd:exe	وہ ایک مہینہ جاپان میں رہیں گے۔
02834778-n	urd:lemma	سائکل
02834778-n	urd:exe	وہ سڑک کے ساتھ فٹ پاتھ پر سائیکل چلاتی ہے۔
06597466-n	urd:lemma	رسالہ
06597466-n	urd:exe	اس کتب خانے میں ہزاروں رسالے ہیں۔
06595351-n	urd:lemma	رسالہ
06595351-n	urd:exe	اس کتب خانے میں ہزاروں رسالے ہیں۔
03704210-n	urd:lemma	رسالہ
03704210-n	urd:exe	اس کتب خانے میں ہزاروں رسالے ہیں۔
08238463-n	urd:lemma	کلاس
08238463-n	urd:exe	ہماری کلاس میں دس طلبہ ہیں۔
00050454-v	urd:lemma	اتارنا
00050454-v	urd:exe	بچے کپڑے اتار کرتالاب میں تیر رہے ہیں۔
02649830-v	urd:lemma	رہنا
02649830-v	urd:exe	آپ کس علاقے میں رہنا چاہتے ہیں؟
15155891-n	urd:lemma	کل
15155891-n	urd:exe	کیا آپ کل فٹ بال کھیلیں گے؟
04208936-n	urd:lemma	شاور
04208936-n	urd:exe	اس کمرے میں شاور کی سہولت ہے۔
15213774-n	urd:lemma	دسمبر
15213774-n	urd:exe	دسمبر میں ہوکائدو میں شدید برف باری ہوتی ہے۔
00625119-v	urd:lemma	پڑھنا
00625119-v	urd:exe	کتب خانے میں سب خاموشی سے پڑھتے ہیں۔
02774152-n	urd:lemma	بیگ
02774152-n	urd:exe	وہ کالا بیگ ذرا دکھائیے۔
02773037-n	urd:lemma	بیگ
02773037-n	urd:exe	وہ کالا بیگ ذرا دکھائیے۔
13250542-n	urd:lemma	پیسہ
13250542-n	urd:exe	وہ ہفتے میں ایک مرتبہ بینک سے پیسے نکلواتا ہے۔
13384557-n	urd:lemma	پیسہ
13384557-n	urd:exe	وہ ہفتے میں ایک مرتبہ بینک سے پیسے نکلواتا ہے۔
05600637-n	urd:lemma	چہرہ
05600637-n	urd:exe	اس کے چہرے پر تل ہے۔
07597365-n	urd:lemma	ٹافی
07597365-n	urd:exe	بچے ٹافی شوق سے کھاتے ہیں۔
00024356-r	urd:lemma	جی نہیں
00024356-r	urd:exe	جی نہیں ، مجھے انگریزی نہیں آتی۔
03176763-n	urd:lemma	ڈپارٹمنٹ اسٹور
03176763-n	urd:exe	ہمارے علاقے میں ایک بہت بڑا ڈپارٹمنٹ اسٹور ہے۔
01725051-v	urd:lemma	بجانا
01725051-v	urd:exe	وہ پیانو بجائے گا۔
03388183-n	urd:lemma	فونٹین پین
03388183-n	urd:exe	وہ فونٹین پین سے دستخط کرتا ہے۔
77000089-a	urd:lemma	ایسا
77000089-a	urd:exe	میرے پاس ایسا کوئی قلم نہیں ہے۔
15164354-n	urd:lemma	جمعرات
15164354-n	urd:exe	جمعرات کے دن میں یونیورسٹی نہیں آسکا۔
00056916-r	urd:lemma	لیجیے
00056916-r	urd:exe	لیجیے ، یہ آپ کی پاس بک ہے۔
00816481-a	urd:lemma	دیر
00816481-a	urd:exe	وہ کل رات دیر سے گھر آیا۔
01901186-a	urd:lemma	دیر
01901186-a	urd:exe	وہ کل رات دیر سے گھر آیا۔
04956594-n	urd:lemma	رنگ
04956594-n	urd:exe	آسمان کا رنگ نیلا ہوتا ہے۔
04674968-n	urd:lemma	رنگ
04674968-n	urd:exe	آسمان کا رنگ نیلا ہوتا ہے۔
07109730-n	urd:lemma	لفظ
07109730-n	urd:exe	کیا یہ فارسی زبان کا لفظ ہے؟
06282651-n	urd:lemma	لفظ
06282651-n	urd:exe	کیا یہ فارسی زبان کا لفظ ہے؟
00121135-r	urd:lemma	ایسا
00121135-r	urd:exe	میں ایسا کروں گا ۔
04962784-n	urd:lemma	لال
04962784-n	urd:exe	خزاں میں لال پتے بہت خوب صورت لگتے ہیں۔
03871083-n	urd:lemma	سامان
03871083-n	urd:exe	آپ کا سامان کافی بھاری ہے۔
02774630-n	urd:lemma	سامان
02774630-n	urd:exe	آپ کا سامان کافی بھاری ہے۔
07891726-n	urd:lemma	شراب
07891726-n	urd:exe	یہاں شراب بھی ملے گی ۔
07884567-n	urd:lemma	شراب
07884567-n	urd:exe	یہاں شراب بھی ملے گی ۔
07891433-n	urd:lemma	شراب
07891433-n	urd:exe	یہاں شراب بھی ملے گی ۔
15164463-n	urd:lemma	جمعہ
15164463-n	urd:exe	اس جمعہ کو وہ پاکستان سے آئے گا۔
03581125-n	urd:lemma	چوراہا
03581125-n	urd:exe	اگلے چوراہے پر ٹریفک کے تین سگنل ہیں۔
02410393-a	urd:lemma	موٹا
02410393-a	urd:exe	اس کوٹ کا کپڑا کافی موٹا ہے۔
02410393-a	urd:lemma	موٹا
02410393-a	urd:exe	زیادہ ترسومو پہلوان بہت موٹے ہوتے ہیں۔
02415390-a	urd:lemma	موٹا
02415390-a	urd:exe	اس کوٹ کا کپڑا کافی موٹا ہے۔
02756821-v	urd:lemma	بارش ہونا
02756821-v	urd:exe	آج صبح سے بارش ہو رہی ہے۔
02529264-a	urd:lemma	کچھ گرم
02529264-a	urd:exe	سردی کا موسم ہونے کے باوجود آج کا دن کچھ گرم ہے۔
01546111-v	urd:lemma	کھڑا ہونا
01546111-v	urd:exe	وہ آئنے کے سامنے کھڑی ہو کر بال بنا رہی ہے۔
10142747-n	urd:lemma	دادی
10142747-n	urd:exe	میری دادی بہت مزے دار کھانے بناتی ہیں۔
07679356-n	urd:lemma	روٹی
07679356-n	urd:exe	آپ اور روٹی لیں گے ؟
03259505-n	urd:lemma	مکان
03259505-n	urd:exe	اس نے زندگی بھر کی کمائی سے اپنا مکان بنایا ہے۔
03544360-n	urd:lemma	مکان
03544360-n	urd:exe	اس نے زندگی بھر کی کمائی سے اپنا مکان بنایا ہے۔
03544360-n	urd:lemma	گھر
03544360-n	urd:exe	اس کا گھر بہت خوب صورت ہے۔
08559508-n	urd:lemma	مکان
08559508-n	urd:exe	اس نے زندگی بھر کی کمائی سے اپنا مکان بنایا ہے۔
08559508-n	urd:lemma	گھر
08559508-n	urd:exe	اس کا گھر بہت خوب صورت ہے۔
15210486-n	urd:lemma	فروری
15210486-n	urd:exe	فروری میں بہت سردی ہوتی ہے۔
15167349-n	urd:lemma	رات
15167349-n	urd:exe	میں نے کل رات کا کھانا دس بجے کھایا تھا۔
15155747-n	urd:lemma	رات
15155747-n	urd:exe	میں نے کل رات کا کھانا دس بجے کھایا تھا۔
15167027-n	urd:lemma	رات
15167027-n	urd:exe	میں نے کل رات کا کھانا دس بجے کھایا تھا۔
15167027-n	urd:lemma	گزشتہ شام
15167027-n	urd:exe	گذشتہ شام ہم نے باہر کھانا کھایا تھا۔
15167474-n	urd:lemma	رات
15167474-n	urd:exe	میں نے کل رات کا کھانا دس بجے کھایا تھا۔
03438257-n	urd:lemma	گلاس
03438257-n	urd:exe	میں نے ایک گلاس پانی پیا۔
08613593-n	urd:lemma	باہر
08613593-n	urd:exe	بچے گھر سے باہر کھیل رہے ہیں۔
03338821-n	urd:lemma	فلم
03338821-n	urd:exe	پرانے کیمرے میں فلم ڈالی جاتی تھی۔
06613686-n	urd:lemma	فلم
06613686-n	urd:exe	پرانے کیمرے میں فلم ڈالی جاتی تھی۔
06613686-n	urd:lemma	فلم
06613686-n	urd:exe	میں کبھی کبھی سینما میں فلم دیکھتا ہوں۔
06262567-n	urd:lemma	فلم
06262567-n	urd:exe	پرانے کیمرے میں فلم ڈالی جاتی تھی۔
04096066-n	urd:lemma	راستہ
04096066-n	urd:exe	مجھے آپ کے گھر کا راستہ نہیں معلوم ہے۔
15212739-n	urd:lemma	ستمبر
15212739-n	urd:exe	ستمبر میں مجھے ایک کانفرنس میں جانا ہے۔
77000079-a	urd:lemma	وہ
77000079-a	urd:exe	وہ فلم بہت اچھی تھی۔
14524198-n	urd:lemma	ابرآلود آسمان
14524198-n	urd:exe	آج آسمان ابرآلود ہے۔
13828795-n	urd:lemma	طول
13828795-n	urd:exe	کاغذ کی شیٹ کا طول چوبیس انچ ہے۔
00543233-n	urd:lemma	موسیقی
00543233-n	urd:exe	وہ موسیقی سے لطف اندوز ہوتی ہے۔
05718556-n	urd:lemma	موسیقی
05718556-n	urd:exe	وہ موسیقی سے لطف اندوز ہوتی ہے۔
05718935-n	urd:lemma	موسیقی
05718935-n	urd:exe	وہ موسیقی سے لطف اندوز ہوتی ہے۔
07020895-n	urd:lemma	موسیقی
07020895-n	urd:exe	وہ موسیقی سے لطف اندوز ہوتی ہے۔
00409709-r	urd:lemma	نزدیک
00409709-r	urd:exe	تھانہ ہمارے اسکول کے نزدیک ہے۔
08641113-n	urd:lemma	نزدیک
08641113-n	urd:exe	تھانہ ہمارے اسکول کے نزدیک ہے۔
03112099-n	urd:lemma	کوریڈور
03112099-n	urd:exe	چھٹی کے بعد اسکول کا کوریڈور سُنسان ہو جاتا ہے۔
03661043-n	urd:lemma	کتب خانہ
03661043-n	urd:exe	وہ روزانہ کتب خانے جاتی ہے۔
07840804-n	urd:lemma	انڈا
07840804-n	urd:exe	میں ابلا ہوا انڈا کھاؤں گا۔
90000502-n	urd:lemma	اس سال
90000502-n	urd:exe	اس سال کے آخر میں، میں اپنی تعلیم مکمل کر لوں گا۔
03908204-n	urd:lemma	پنسل
03908204-n	urd:exe	وہ اسکول کا کام پنسل سے کرتی ہے۔
14796748-n	urd:lemma	پنسل
14796748-n	urd:exe	وہ اسکول کا کام پنسل سے کرتی ہے۔
05282433-n	urd:lemma	دانت
05282433-n	urd:exe	روزانہ سونے سے پہلے دانت صاف کرنے چاہئیں۔
05282746-n	urd:lemma	دانت
05282746-n	urd:exe	روزانہ سونے سے پہلے دانت صاف کرنے چاہئیں۔
01649720-a	urd:lemma	نوجوان
01649720-a	urd:exe	وہ نوجوان ہے۔
01646941-a	urd:lemma	نوجوان
01646941-a	urd:exe	وہ نوجوان ہے۔
00514884-a	urd:lemma	بھر
00514884-a	urd:exe	وہ دن بھر آوارہ گردی کرتا رہتا ہے۔
00988232-a	urd:lemma	دبلا
00988232-a	urd:exe	وہ لڑکی کافی دبلی ہے۔
01029368-v	urd:lemma	میرا نام   ہے
01029368-v	urd:exe	میرا نام عامر ہے۔
77000084-n	urd:lemma	کدھر
77000084-n	urd:exe	ملزم  کدھر ہے؟
00220082-a	urd:lemma	صاف
00220082-a	urd:exe	ہوٹل کا ہال بہت صاف تھا۔
01586342-a	urd:lemma	صاف
01586342-a	urd:exe	ہوٹل کا ہال بہت صاف تھا۔
01586342-a	urd:lemma	اچھا
01586342-a	urd:exe	یہ قلم اچھا ہے۔
01346003-v	urd:lemma	کھولنا
01346003-v	urd:exe	بہت گرمی ہو رہی ہے ذرا یہ کھڑکی کھول دیجیے ۔
09853467-n	urd:lemma	بڑا بھائی
09853467-n	urd:exe	اس کا بڑا بھائی ایک دفتر میں ملازم ہے۔
09853467-n	urd:lemma	بڑے بھائی صاحب
09853467-n	urd:exe	میرے بڑے بھائی صاحب مجھ سے چار سال بڑے ہیں۔
03102654-n	urd:lemma	فرج
03102654-n	urd:exe	کھیر فرج میں رکھی ہوئی ہے۔
03273913-n	urd:lemma	فرج
03273913-n	urd:exe	کھیر فرج میں رکھی ہوئی ہے۔
02399595-a	urd:lemma	بدمزہ
02399595-a	urd:exe	میں یہ بدمزہ کھانا بالکل نہیں کھا سکتا۔
01716971-a	urd:lemma	بدمزہ
01716971-a	urd:exe	میں یہ بدمزہ کھانا بالکل نہیں کھا سکتا۔
07845335-n	urd:lemma	دودھ
07845335-n	urd:exe	آپ دودھ والی چائے پییں گی ؟
07844042-n	urd:lemma	دودھ
07844042-n	urd:exe	آپ دودھ والی چائے پییں گی ؟
10780632-n	urd:lemma	بیگم
10780632-n	urd:exe	احمد کی بیگم اسکول میں پڑھاتی ہے۔
10780632-n	urd:lemma	بیوی
10780632-n	urd:exe	اس کی بیوی جاپانی ہے۔
08625462-n	urd:lemma	بایاں
08625462-n	urd:exe	میرے بائیں بازو پر زیادہ مساج کیجیے۔
90000508-n	urd:lemma	اگلے ہفتے
90000508-n	urd:exe	اگلے ہفتے ہم سب کیوتو جائیں گے۔
01848718-v	urd:lemma	جانا
01848718-v	urd:exe	آپ بھارت میں کہاں کہاں جائیں گے ؟
06518719-n	urd:lemma	ٹکٹ
06518719-n	urd:exe	ٹکٹ کے بغیر سفر کرنا منع ہے۔
01470670-v	urd:lemma	ملاقات ہونا
01470670-v	urd:exe	وہاں مختلف لوگوں سے ملاقات ہو گی ۔
02428924-v	urd:lemma	ملاقات ہونا
02428924-v	urd:exe	وہاں مختلف لوگوں سے ملاقات ہو گی ۔
10285313-n	urd:lemma	لڑکا
10285313-n	urd:exe	احمد ایک اچھا لڑکا ہے۔
03542333-n	urd:lemma	ہوٹل
03542333-n	urd:exe	نئی دہلی کے اچھے ہوٹل بہت مہنگے ہوتے ہیں۔
02913152-n	urd:lemma	عمارت
02913152-n	urd:exe	یہ عمارت دس سال پرانی ہے۔
07649854-n	urd:lemma	گوشت
07649854-n	urd:exe	یہ گوشت کی سب سے بڑی دکان ہے۔
09397391-n	urd:lemma	تالاب
09397391-n	urd:exe	بچے تالاب میں نہا رہے ہیں۔
07935152-n	urd:lemma	جاپانی سبز چائے
07935152-n	urd:exe	روایتی جاپانی سبز چائے بہت کڑوی ہوتی ہے۔
03082979-n	urd:lemma	کمپیوٹر
03082979-n	urd:exe	اس کمپیوٹر میں دوسو فائلیں محفوظ ہیں۔
00312553-n	urd:lemma	سفر
00312553-n	urd:exe	میں لمبا سفر کر کے تھک گیا ہوں۔
04043733-n	urd:lemma	ریڈیو
04043733-n	urd:exe	وہ ریڈیو پر خبریں سنتا ہے۔
01442186-a	urd:lemma	چھوٹا
01442186-a	urd:exe	بال یہاں سے تھوڑے چھوٹے کیجیے۔
01436003-a	urd:lemma	چھوٹا
01436003-a	urd:exe	بال یہاں سے تھوڑے چھوٹے کیجیے۔
01442826-a	urd:lemma	چھوٹا
01442826-a	urd:exe	بال یہاں سے تھوڑے چھوٹے کیجیے۔
14513694-n	urd:lemma	گھر
14513694-n	urd:exe	طلاق کی وجہ سےاس کا گھر برباد ہو گیا ۔
02808440-n	urd:lemma	غسل خانہ
02808440-n	urd:exe	اس غسل خانے میں باتھ ٹب نہیں ہے ۔
02807731-n	urd:lemma	غسل خانہ
02807731-n	urd:exe	اس غسل خانے میں باتھ ٹب نہیں ہے ۔
15274074-n	urd:lemma	چھٹی
15274074-n	urd:exe	میں بہار کی چھٹیوں کے دوران امریکا جا رہا ہوں ۔
15183428-n	urd:lemma	چھٹی
15183428-n	urd:exe	میں بہار کی چھٹیوں کے دوران امریکا جا رہا ہوں ۔
15137890-n	urd:lemma	چھٹی
15137890-n	urd:exe	میں بہار کی چھٹیوں کے دوران امریکا جا رہا ہوں ۔
00027918-r	urd:lemma	اب تک
00027918-r	urd:exe	میں اس کاانتظار کر رہا ہوں لیکن وہ اب تک نہیں آیا ہے۔
00031304-r	urd:lemma	اب تک
00031304-r	urd:exe	میں اس کاانتظار کر رہا ہوں لیکن وہ اب تک نہیں آیا ہے۔
03925226-n	urd:lemma	فوٹو
03925226-n	urd:exe	وہ بہت اچھی فوٹو کھینچتا ہے۔
03931044-n	urd:lemma	فوٹو
03931044-n	urd:exe	وہ بہت اچھی فوٹو کھینچتا ہے۔
04248607-n	urd:lemma	فوٹو
04248607-n	urd:exe	وہ بہت اچھی فوٹو کھینچتا ہے۔
15164233-n	urd:lemma	بدھ
15164233-n	urd:exe	وہ بدھ کو جز وقتی کام کرتا ہے۔
11524662-n	urd:lemma	موسم
11524662-n	urd:exe	کل موسم بہت اچھا تھا۔
07193184-n	urd:lemma	سوال
07193184-n	urd:exe	طالب علم نے استاد سے سوال کیا۔
07196682-n	urd:lemma	سوال
07196682-n	urd:exe	طالب علم نے استاد سے سوال کیا۔
05797597-n	urd:lemma	سوال
05797597-n	urd:exe	طالب علم نے استاد سے سوال کیا۔
07193596-n	urd:lemma	سوال
07193596-n	urd:exe	طالب علم نے استاد سے سوال کیا۔
01904930-v	urd:lemma	چلنا
01904930-v	urd:exe	ڈاکٹروں کے مطابق روزانہ چلنا صحت کے لیےمفید ہے۔
03383948-n	urd:lemma	کانٹا
03383948-n	urd:exe	کانٹا فرش پر گر گیا ہے ، دوسرا کانٹا دیجیے۔
08286569-n	urd:lemma	یونیورسٹی
08286569-n	urd:exe	ہماری یونیورسٹی میں مختلف زبانیں پڑھائی جاتی ہیں ۔
08286163-n	urd:lemma	یونیورسٹی
08286163-n	urd:exe	ہماری یونیورسٹی میں مختلف زبانیں پڑھائی جاتی ہیں ۔
08278169-n	urd:lemma	یونیورسٹی
08278169-n	urd:exe	ہماری یونیورسٹی میں مختلف زبانیں پڑھائی جاتی ہیں ۔
01000214-v	urd:lemma	لکھنا
01000214-v	urd:exe	وہ اردو میں خط لکھتا ہے۔
02471690-v	urd:lemma	لکھنا
02471690-v	urd:exe	وہ اردو میں خط لکھتا ہے۔
01020356-v	urd:lemma	لکھنا
01020356-v	urd:exe	وہ اردو میں خط لکھتا ہے۔
01691057-v	urd:lemma	لکھنا
01691057-v	urd:exe	وہ اردو میں خط لکھتا ہے۔
01698271-v	urd:lemma	لکھنا
01698271-v	urd:exe	وہ اردو میں خط لکھتا ہے۔
01020934-v	urd:lemma	لکھنا
01020934-v	urd:exe	وہ اردو میں خط لکھتا ہے۔
00993014-v	urd:lemma	لکھنا
00993014-v	urd:exe	وہ اردو میں خط لکھتا ہے۔
03822171-n	urd:lemma	اخبار
03822171-n	urd:exe	یہاں تقریبا تمام اخبارات دستیاب ہیں۔
06267145-n	urd:lemma	اخبار
06267145-n	urd:exe	یہاں تقریبا تمام اخبارات دستیاب ہیں۔
14961722-n	urd:lemma	اخبار
14961722-n	urd:exe	یہاں تقریبا تمام اخبارات دستیاب ہیں۔
07197021-n	urd:lemma	امتحان
07197021-n	urd:exe	ہمارا امتحان اگلے مہینے ہے۔
00158309-r	urd:lemma	ٹھیک
00158309-r	urd:exe	میں کل ٹھیک چار بجے آپ کے گھر پہنچوں گا۔
00002621-r	urd:lemma	ٹھیک
00002621-r	urd:exe	میں کل ٹھیک چار بجے آپ کے گھر پہنچوں گا۔
00002950-r	urd:lemma	ٹھیک
00002950-r	urd:exe	میں کل ٹھیک چار بجے آپ کے گھر پہنچوں گا۔
13714184-n	urd:lemma	ڈگری
13714184-n	urd:exe	اسے ایک سو ایک ڈگری بخار ہے۔
00119568-n	urd:lemma	چھلانگ لگانا
00119568-n	urd:exe	بچے کھیل کے میدان میں چھلانگیں لگا رہے تھے۔
08145553-n	urd:lemma	ڈاک خانہ
08145553-n	urd:exe	ڈاک خانہ میرے گھر سے قریب ہے۔
15237044-n	urd:lemma	بہار
15237044-n	urd:exe	اسے بہار کا موسم بہت پسند ہے۔
01270199-v	urd:lemma	دھونا
01270199-v	urd:exe	میں اپنے کپڑے خود دھوتا ہوں۔
06505517-n	urd:lemma	فوٹو کاپی
06505517-n	urd:exe	کیا آپ فوٹو کاپی کے لیے یہ کتاب دے سکتی ہیں؟
15166462-n	urd:lemma	شام
15166462-n	urd:exe	وہ شام سے پہلے گھر نہیں پہنچتا ہے۔
15166462-n	urd:lemma	گزشتہ شام
15166462-n	urd:exe	گذشتہ شام ہم نے باہر کھانا کھایا تھا۔
01343918-a	urd:lemma	دلچسپ
01343918-a	urd:exe	پچھلے ہفتے میں نےایک دلچسپ کتاب پڑھی۔
01344344-a	urd:lemma	دلچسپ
01344344-a	urd:exe	پچھلے ہفتے میں نےایک دلچسپ کتاب پڑھی۔
01344344-a	urd:lemma	خوش
01344344-a	urd:exe	آج میں بہت خوش ہوں۔
01265308-a	urd:lemma	دلچسپ
01265308-a	urd:exe	پچھلے ہفتے میں نےایک دلچسپ کتاب پڑھی۔
01344485-a	urd:lemma	دلچسپ
01344485-a	urd:exe	پچھلے ہفتے میں نےایک دلچسپ کتاب پڑھی۔
00067045-r	urd:lemma	آگے
00067045-r	urd:exe	اس اسٹیشن سے آگے دو اسٹیشن اور ہیں۔
00067265-r	urd:lemma	آگے
00067265-r	urd:exe	اس اسٹیشن سے آگے دو اسٹیشن اور ہیں۔
90000515-n	urd:lemma	پرسوں
90000515-n	urd:exe	پرسوں شام میں ایک شادی میں جاؤں گا۔
01296462-v	urd:lemma	آن کرنا
01296462-v	urd:exe	میرے کمرے کا بلب آن کر دو۔
01801029-a	urd:lemma	خوش
01801029-a	urd:exe	آج میں بہت خوش ہوں۔
03906997-n	urd:lemma	قلم
03906997-n	urd:exe	اس کے قلم کی روشنائی ختم ہو چکی ہے۔
77000095-n	urd:lemma	کون صاحب
77000095-n	urd:exe	نیلے سوٹ والے، کون صاحب ہیں؟
77000095-n	urd:lemma	کون
77000095-n	urd:exe	وہ کون ہے؟
90000500-n	urd:lemma	پچھلے سے پچھلے سال
90000500-n	urd:exe	پچھلے سے پچھلے سال ہم ہیروشیما گئے تھے۔
03221720-n	urd:lemma	دروازہ
03221720-n	urd:exe	اس گھرکے دروازے پر کیمرا لگا ہوا ہے۔
03221720-n	urd:lemma	دروازہ
03221720-n	urd:exe	دروازہ بند کرو ۔
00050681-r	urd:lemma	نہیں
00050681-r	urd:exe	اِس ڈبے میں کچھ بھی نہیں ہے۔
00024587-r	urd:lemma	نہیں
00024587-r	urd:exe	اِس ڈبے میں کچھ بھی نہیں ہے۔
77000012-n	urd:lemma	میں
77000012-n	urd:exe	میں ٹوکیو میں رہتا ہوں۔
77000015-n	urd:lemma	میں
77000015-n	urd:exe	میں ٹوکیو میں رہتا ہوں۔
01344963-a	urd:lemma	غیر دلچسپ
01344963-a	urd:exe	کل ہم نے ایک غیر دلچسپ فلم دیکھی۔
01170052-v	urd:lemma	پینا
01170052-v	urd:exe	وہ روزانہ یہاں چائے پیتی ہے۔
03282295-n	urd:lemma	سفارت خانہ
03282295-n	urd:exe	ویزا لینے کے لیے مجھے سفارت خانہ جانا ہے ۔
14145501-n	urd:lemma	نزلہ
14145501-n	urd:exe	مجھے نزلہ ہے۔
06796119-n	urd:lemma	ٹکٹ
06796119-n	urd:exe	اوساکا خط بھیجنے کے لیے ڈاک ٹکٹ کتنے کا ہو گا ؟
07775375-n	urd:lemma	مچھلی
07775375-n	urd:exe	اس دکان پر مچھلی کا گوشت اچھا نہیں ہوتا۔
02512053-n	urd:lemma	مچھلی
02512053-n	urd:exe	اس دکان پر مچھلی کا گوشت اچھا نہیں ہوتا۔
01586866-a	urd:lemma	اچھا
01586866-a	urd:exe	یہ قلم اچھا ہے۔
01048762-a	urd:lemma	اچھا
01048762-a	urd:exe	یہ قلم اچھا ہے۔
00067638-a	urd:lemma	اچھا
00067638-a	urd:exe	یہ قلم اچھا ہے۔
01993408-a	urd:lemma	اچھا
01993408-a	urd:exe	یہ قلم اچھا ہے۔
01171213-a	urd:lemma	اچھا
01171213-a	urd:exe	یہ قلم اچھا ہے۔
01800349-a	urd:lemma	اچھا
01800349-a	urd:exe	یہ قلم اچھا ہے۔
01123148-a	urd:lemma	اچھا
01123148-a	urd:exe	یہ قلم اچھا ہے۔
00064787-a	urd:lemma	اچھا
00064787-a	urd:exe	یہ قلم اچھا ہے۔
00850183-a	urd:lemma	اچھا
00850183-a	urd:exe	یہ قلم اچھا ہے۔
01129977-a	urd:lemma	اچھا
01129977-a	urd:exe	یہ قلم اچھا ہے۔
01586752-a	urd:lemma	اچھا
01586752-a	urd:exe	یہ قلم اچھا ہے۔
04588365-n	urd:lemma	کھڑکی
04588365-n	urd:exe	اس کمرے کی کھڑکی سے ٹھنڈی ہوا آتی ہے۔
04587648-n	urd:lemma	کھڑکی
04587648-n	urd:exe	اس کمرے کی کھڑکی سے ٹھنڈی ہوا آتی ہے۔
05216365-n	urd:lemma	بدن
05216365-n	urd:exe	میرے بدن میں درد ہو رہا ہے۔
04967191-n	urd:lemma	ہرا
04967191-n	urd:exe	ہری ہری گھاس آنکھوں کو بھلی لگتی ہے۔
80001047-v	urd:lemma	مرنا
80001047-v	urd:exe	دل کے دورے سے وہ مریض مر گیا۔
03497657-n	urd:lemma	ٹوپی
03497657-n	urd:exe	یہ لال ٹوپی آپ پر بہت جچتی ہے۔
15129927-n	urd:lemma	بجا
15129927-n	urd:exe	اِس وقت ایک بجا ہے۔
06359877-n	urd:lemma	جملہ
06359877-n	urd:exe	وہ فرنچ زبان کا ایک جملہ نہیں لکھ سکتا۔
00546389-n	urd:lemma	گانا
00546389-n	urd:exe	مجھے یہ گانا بہت پسند ہے۔
07048000-n	urd:lemma	گانا
07048000-n	urd:exe	مجھے یہ گانا بہت پسند ہے۔
01754737-v	urd:lemma	کاٹنا
01754737-v	urd:exe	میرے بال سامنے سے زیادہ کاٹیے۔
07447641-n	urd:lemma	پارٹی
07447641-n	urd:exe	کل کی پارٹی بہت شان دار تھی۔
01842204-v	urd:lemma	روانہ ہونا
01842204-v	urd:exe	وہ اگلے ہفتے اسلام آباد روانہ ہو گا۔
04241394-n	urd:lemma	سلیپر
04241394-n	urd:exe	میں گھر میں سلیپر پہنتا ہوں۔
05301908-n	urd:lemma	منہ
05301908-n	urd:exe	اس کے منہ میں ٹافی ہے۔
02440250-n	urd:lemma	ہاتھ
02440250-n	urd:exe	احمد کے ہاتھ میں گلاس ہے۔
09823502-n	urd:lemma	پھوپھی
09823502-n	urd:exe	احمد کی پھوپھی بیمار ہیں۔
10193967-n	urd:lemma	شوہر
10193967-n	urd:exe	میرا شوہر بیس بال کا کھلاڑی ہے۔
15213406-n	urd:lemma	نومبر
15213406-n	urd:exe	ہر سال نومبر کے آخری ہفتے میں گائیگو سائی ہوتا ہے۔
06277280-n	urd:lemma	ٹیلیویژن
06277280-n	urd:exe	میرے والد ٹیلیویژن پرڈرامے دیکھتے ہیں ۔
13831176-n	urd:lemma	شمال
13831176-n	urd:exe	جاپان کے شمال میں بہت سردی ہوتی ہے۔
06964901-n	urd:lemma	اردو
06964901-n	urd:exe	آپ کو اردو آتی ہے ؟
01318741-a	urd:lemma	درد ہونا
01318741-a	urd:exe	میری آنکھ میں درد ہو رہا ہے۔
01712753-a	urd:lemma	درد ہونا
01712753-a	urd:exe	میری آنکھ میں درد ہو رہا ہے۔
05395690-n	urd:lemma	پیٹ
05395690-n	urd:exe	میرے پیٹ میں درد ہو رہا ہے ۔
05556943-n	urd:lemma	پیٹ
05556943-n	urd:exe	میرے پیٹ میں درد ہو رہا ہے ۔
02324478-v	urd:lemma	شامل کرنا
02324478-v	urd:exe	حکومت نے مزدوروں کی تنخواہ میں بونس بھی شامل کیا ہے۔
00640828-v	urd:lemma	شامل کرنا
00640828-v	urd:exe	حکومت نے مزدوروں کی تنخواہ میں بونس بھی شامل کیا ہے۔
00182406-v	urd:lemma	شامل کرنا
00182406-v	urd:exe	حکومت نے مزدوروں کی تنخواہ میں بونس بھی شامل کیا ہے۔
00749230-a	urd:lemma	آسان
00749230-a	urd:exe	زبان سیکھنا آسان نہیں ہوتا ۔
14061805-n	urd:lemma	بیماری
14061805-n	urd:exe	اس کی بیماری لاعلاج ہے۔
14055408-n	urd:lemma	بیماری
14055408-n	urd:exe	اس کی بیماری لاعلاج ہے۔
14473054-n	urd:lemma	بیماری
14473054-n	urd:exe	اس کی بیماری لاعلاج ہے۔
10399491-n	urd:lemma	والدین
10399491-n	urd:exe	میرے والدین گاؤں میں رہتے ہیں۔
13833375-n	urd:lemma	جنوب
13833375-n	urd:exe	کراچی پاکستان کے جنوب میں ہے۔
02472293-n	urd:lemma	آدمی
02472293-n	urd:exe	یہ عجیب آدمی ہے!
15212167-n	urd:lemma	جولائی
15212167-n	urd:exe	جولائی میں برسات کا موسم شروع ہوتا ہے۔
00442917-a	urd:lemma	دور
00442917-a	urd:exe	اسٹیشن میرے گھر سے دور ہے۔
01421622-v	urd:lemma	ڈالنا
01421622-v	urd:exe	میری کافی میں تھوڑا سا دودھ ڈال دو۔
03398467-n	urd:lemma	سامنے
03398467-n	urd:exe	سامنے والے آئنے میں اپنی شکل دیکھیے۔
00964768-a	urd:lemma	کمزور
00964768-a	urd:exe	بیماری کے بعد وہ کمزور ہو گیا ہے۔
02324397-a	urd:lemma	کمزور
02324397-a	urd:exe	بیماری کے بعد وہ کمزور ہو گیا ہے۔
00709215-a	urd:lemma	کمزور
00709215-a	urd:exe	بیماری کے بعد وہ کمزور ہو گیا ہے۔
02040233-a	urd:lemma	کمزور
02040233-a	urd:exe	بیماری کے بعد وہ کمزور ہو گیا ہے۔
02040049-a	urd:lemma	کمزور
02040049-a	urd:exe	بیماری کے بعد وہ کمزور ہو گیا ہے۔
00254978-r	urd:lemma	ہر مہینے
00254978-r	urd:exe	وہ ہر مہینےتویاما جاتا ہے۔
77000091-n	urd:lemma	کیسا
77000091-n	urd:exe	وہ کیسا آدمی ہے؟
06605897-n	urd:lemma	معنی
06605897-n	urd:exe	مجھے اس لفظ کا معنی نہیں معلوم۔
05919866-n	urd:lemma	معنی
05919866-n	urd:exe	مجھے اس لفظ کا معنی نہیں معلوم۔
06601327-n	urd:lemma	معنی
06601327-n	urd:exe	مجھے اس لفظ کا معنی نہیں معلوم۔
04059701-n	urd:lemma	پیچھے
04059701-n	urd:exe	اپنا سر تھوڑا پیچھے کیجیے۔
02767665-n	urd:lemma	پیچھے
02767665-n	urd:exe	اپنا سر تھوڑا پیچھے کیجیے۔
03540595-n	urd:lemma	ہسپتال
03540595-n	urd:exe	بڑے ہسپتال میں روزانہ ہزاروں مریض آتے ہیں۔
08054417-n	urd:lemma	ہسپتال
08054417-n	urd:exe	بڑے ہسپتال میں روزانہ ہزاروں مریض آتے ہیں۔
05311054-n	urd:lemma	آنکھ
05311054-n	urd:exe	کل اس کی آنکھ کا آپریشن ہو گا۔
05316025-n	urd:lemma	آنکھ
05316025-n	urd:exe	کل اس کی آنکھ کا آپریشن ہو گا۔
02871439-n	urd:lemma	بک شیلف
02871439-n	urd:exe	اس بک شیلف میں دو سو کتابیں ہیں۔
01186408-a	urd:lemma	ہلکا
01186408-a	urd:exe	میرا سیل فون ہلکا ہے۔
04049098-n	urd:lemma	اسٹیشن
04049098-n	urd:exe	اس اسٹیشن پر شنکان سین آتی ہے۔
03030663-n	urd:lemma	سگریٹ
03030663-n	urd:exe	سگریٹ صحت کے لیے نقصان دہ ہوتا ہے۔
02230772-v	urd:lemma	دینا
02230772-v	urd:exe	دکان دار سامان کا وزن کر کے دے رہا ہے۔
90000504-n	urd:lemma	اگلے سے اگلا سال
90000504-n	urd:exe	اگلے سے اگلے سال اولمپک کھیل ہوں گے۔
00729108-n	urd:lemma	گھرکا کام
00729108-n	urd:exe	میں گھرکا کام خود کرتی ہوں۔
03815615-n	urd:lemma	ٹائی
03815615-n	urd:exe	میں دفتر ٹائی لگا کر جاتا ہوں۔
07596684-n	urd:lemma	مٹھائی
07596684-n	urd:exe	برفی ایک مٹھائی کا نام ہے۔
05560787-n	urd:lemma	پیر
05560787-n	urd:exe	میرے پیر پر زخم ہے۔
05563266-n	urd:lemma	پیر
05563266-n	urd:exe	میرے پیر پر زخم ہے۔
15211189-n	urd:lemma	اپریل
15211189-n	urd:exe	میری سال گرہ اپریل میں ہوتی ہے۔
02310007-v	urd:lemma	واپس دینا
02310007-v	urd:exe	مقررہ مدت میں پیسے واپس کرنا ضروری ہے۔
01308381-v	urd:lemma	واپس دینا
01308381-v	urd:exe	مقررہ مدت میں پیسے واپس کرنا ضروری ہے۔
80001595-v	urd:lemma	واپس دینا
80001595-v	urd:exe	مقررہ مدت میں پیسے واپس کرنا ضروری ہے۔
10080869-n	urd:lemma	ابو
10080869-n	urd:exe	آپ کے ابو کیا کام کرتے ہیں؟
10080869-n	urd:lemma	والد
10080869-n	urd:exe	اس کے والد کسان ہیں۔
02411224-a	urd:lemma	موٹا
02411224-a	urd:exe	زیادہ ترسومو پہلوان بہت موٹے ہوتے ہیں۔
04446276-n	urd:lemma	ٹوائلٹ
04446276-n	urd:exe	اسٹیشن پر ٹوائلٹ کی سہولت بہت اہم ہوتی ہے۔
04555291-n	urd:lemma	ٹوائلٹ
04555291-n	urd:exe	اسٹیشن پر ٹوائلٹ کی سہولت بہت اہم ہوتی ہے۔
15212455-n	urd:lemma	اگست
15212455-n	urd:exe	پاکستان اگست میں آزاد ہوا تھا۔
00292937-a	urd:lemma	مصروف
00292937-a	urd:exe	پچھلے ہفتے میں بہت مصروف تھا۔
00273082-a	urd:lemma	اندھیرا
00273082-a	urd:exe	فلم شروع ہونے سے پہلے ہال میں اندھیرا ہو گیا۔
03291819-n	urd:lemma	لفافہ
03291819-n	urd:exe	اس لفافے میں کیا ہے ؟
80001545-n	urd:lemma	پڑوس
80001545-n	urd:exe	ہمارے پڑوس میں ایک غیر ملکی رہتا تھا۔
09215315-n	urd:lemma	نچلا حصہ
09215315-n	urd:exe	مارکیٹ کا نچلا حصہ صرف کھانے پینے کے لیے ہے۔
80001661-n	urd:lemma	نچلا حصہ
80001661-n	urd:exe	مارکیٹ کا نچلا حصہ صرف کھانے پینے کے لیے ہے۔
00523513-n	urd:lemma	اسپورٹس
00523513-n	urd:exe	وہ مختلف اسپورٹس پسند کرتا ہے۔
03179701-n	urd:lemma	ڈیسک
03179701-n	urd:exe	اس کا قلم میری ڈیسک پر نہیں ہے۔
04202417-n	urd:lemma	دکان
04202417-n	urd:exe	پھلوں کی دکان کہاں ہے؟
02016062-v	urd:lemma	اترنا
02016062-v	urd:exe	میں لفٹ کے بجائے سیڑھیوں سے اترتا ہوں۔
15237782-n	urd:lemma	سردیاں
15237782-n	urd:exe	میں ان سردیوں میں ہوکائدو جاؤں گا۔
80001691-n	urd:lemma	اوپر کا حصہ
80001691-n	urd:exe	میرے گھر کےاوپر کا حصہ خالی ہے۔
08663354-n	urd:lemma	اوپر کا حصہ
08663354-n	urd:exe	میرے گھر کےاوپر کا حصہ خالی ہے۔
07804323-n	urd:lemma	کھانا
07804323-n	urd:exe	گھر کا کھانا ہوٹل کے کھانے سے مزے دار ہوتا ہے۔
15245990-n	urd:lemma	کھانا
15245990-n	urd:exe	گھر کا کھانا ہوٹل کے کھانے سے مزے دار ہوتا ہے۔
90000417-n	urd:lemma	کھانا
90000417-n	urd:exe	گھر کا کھانا ہوٹل کے کھانے سے مزے دار ہوتا ہے۔
07575076-n	urd:lemma	دوپہر کا کھانا
07575076-n	urd:exe	وہ دوپہر کا کھانا نہیں کھاتا ہے۔
15156001-n	urd:lemma	آج
15156001-n	urd:exe	ہم آج شام فلم دیکھیں گے۔
09604981-n	urd:lemma	خود
09604981-n	urd:exe	وہ خود کو عقل مند سمجھتا ہے۔
07557434-n	urd:lemma	کھانا پکانا
07557434-n	urd:exe	میری امی بہت اچھے کھانے پکاتی ہیں۔
02395115-a	urd:lemma	مزے دار
02395115-a	urd:exe	یہ سیخ کباب بہت مزے دار ہیں ۔
02396720-a	urd:lemma	مزے دار
02396720-a	urd:exe	یہ سیخ کباب بہت مزے دار ہیں ۔
