# TUFS Basic Thai Wordnet	tha	http://www.coelang.tufs.ac.jp/mt/th/	CC BY 4.0
15210045-n	tha:lemma	เดือนมกราคม
15210045-n	tha:exe	คนไทยนิยมไปไหว้พระ 9 วัดในเดือนมกราคม
05755883-n	tha:lemma	การเรียน
05755883-n	tha:exe	เขาเป็นคนรักการเรียน
04971928-n	tha:lemma	น้ำตาล
04971928-n	tha:exe	กระเป๋าสตางค์ของเขาสีน้ำตาล
15163797-n	tha:lemma	วันอาทิตย์
15163797-n	tha:exe	คนที่นับถือศาสนาคริสต์จะไปโบสถ์ทุกวันอาทิตย์
15043763-n	tha:lemma	หิมะ
15043763-n	tha:exe	ที่โตเกียวไม่มีหิมะตกมาหลายปีแล้ว
00251013-n	tha:lemma	ทำความสะอาด
00251013-n	tha:exe	ฉันไม่ชอบทำความสะอาดห้องเท่าไหร่
08058098-n	tha:lemma	บริษัท
08058098-n	tha:exe	บริษัทของเขาเป็นบริษัทผลิตสินค้าเครื่องหนัง
01382086-a	tha:lemma	ใหญ่
01382086-a	tha:exe	เราหยุดพักใต้ต้นไม้ใหญ่
01453084-a	tha:lemma	ใหญ่
01453084-a	tha:exe	เราหยุดพักใต้ต้นไม้ใหญ่
00527870-a	tha:lemma	ใหญ่
00527870-a	tha:exe	เราหยุดพักใต้ต้นไม้ใหญ่
01677433-a	tha:lemma	ใหญ่
01677433-a	tha:exe	เราหยุดพักใต้ต้นไม้ใหญ่
10084295-n	tha:lemma	เด็กผู้หญิง
10084295-n	tha:exe	เด็กผู้หญิงชอบเล่นตุ๊กตา
10129825-n	tha:lemma	เด็กผู้หญิง
10129825-n	tha:exe	เด็กผู้หญิงชอบเล่นตุ๊กตา
10129825-n	tha:lemma	พี่สาว
10129825-n	tha:exe	พี่สาวของมารศรีเรียนจบปริญญาโท
00065495-v	tha:lemma	แข็งแรง
00065495-v	tha:exe	คุณยายอายุมากแล้วแต่ก็ยังแข็งแรงอยู่
80001734-n	tha:lemma	ชั่วโมงเรียน
80001734-n	tha:exe	ต่อไปเป็นชั่วโมงเรียนวิชาภาษาไทย
00889472-n	tha:lemma	ชั่วโมงเรียน
00889472-n	tha:exe	ต่อไปเป็นชั่วโมงเรียนวิชาภาษาไทย
02608347-v	tha:lemma	เริ่ม
02608347-v	tha:exe	ชั่วโมงเรียนเริ่มเวลา 9:00 และเลิกเวลา 10:30
07850329-n	tha:lemma	ชีส
07850329-n	tha:exe	ชีสทำจากนม
03623556-n	tha:lemma	มีด
03623556-n	tha:exe	ฉันไม่ถนัดเรื่องการใช้มีดกับส้อมเลย
03624134-n	tha:lemma	มีด
03624134-n	tha:exe	ฉันไม่ถนัดเรื่องการใช้มีดกับส้อมเลย
01776727-v	tha:lemma	ไม่ชอบ
01776727-v	tha:exe	ฉันไม่ชอบปลา
01774136-v	tha:lemma	ไม่ชอบ
01774136-v	tha:exe	ฉันไม่ชอบปลา
02783161-n	tha:lemma	ปากกาลูกลื่น
02783161-n	tha:exe	เธอเห็นปากกาลูกลื่นของฉันไหม
02632567-v	tha:lemma	อยาก
02632567-v	tha:exe	กับข้าวเย็นวันนี้อยากกินอะไร
01579608-a	tha:lemma	ทันที
01579608-a	tha:exe	พอหัวถึงหมอนเขาก็หลับทันที
03427296-n	tha:lemma	ประตู
03427296-n	tha:exe	พวกเรานัดพบกันที่ประตูหน้ามหาวิทยาลัย
04026417-n	tha:lemma	กระเป๋าเงิน
04026417-n	tha:exe	อยากได้กระเป๋าเงินใบใหม่
11456462-n	tha:lemma	ฟ้าโปร่ง
11456462-n	tha:exe	วันนี้ฟ้าโปร่งน่าออกไปเดินเล่นในสวนสาธารณะ
07848338-n	tha:lemma	เนย
07848338-n	tha:exe	พี่สาวชอบเค้กเนยสด
90000501-n	tha:lemma	ปีก่อน
90000501-n	tha:exe	ภาพยนตร์เรื่องนี้เป็นผลงานที่ได้รับรางวัลปีก่อน
15210870-n	tha:lemma	เดือนมีนาคม
15210870-n	tha:exe	ฉันตั้งใจจะไปเที่ยวในช่วงปิดเทอมเดือนมีนาคม
77000072-n	tha:lemma	ที่นี่
77000072-n	tha:exe	ที่นี่คือประเทศไทย
08489497-n	tha:lemma	ที่นี่
08489497-n	tha:exe	ที่นี่คือประเทศไทย
03561345-n	tha:lemma	ภาพ
03561345-n	tha:exe	พี่สาวชอบวาดภาพ
03234306-n	tha:lemma	ภาพ
03234306-n	tha:exe	พี่สาวชอบวาดภาพ
03876519-n	tha:lemma	ภาพ
03876519-n	tha:exe	พี่สาวชอบวาดภาพ
07110615-n	tha:lemma	เสียง
07110615-n	tha:exe	ถ้าคุณตื่นเช้าก็จะได้ยินเสียงนกร้อง
05202284-n	tha:lemma	เสียง
05202284-n	tha:exe	ถ้าคุณตื่นเช้าก็จะได้ยินเสียงนกร้อง
09411430-n	tha:lemma	แม่น้ำ
09411430-n	tha:exe	แม่น้ำโขงไหลผ่านแนวชายแดนไทยและลาว
15236859-n	tha:lemma	ฤดูใบไม้ร่วง
15236859-n	tha:exe	ในฤดูใบไม้ร่วงใบไม้จะเปลี่ยนสีสวยงามมาก
02107442-v	tha:lemma	ถาม
02107442-v	tha:exe	ขอถามหน่อยได้ไหม
02169891-v	tha:lemma	ถาม
02169891-v	tha:exe	ขอถามหน่อยได้ไหม
02242464-v	tha:lemma	ขาย
02242464-v	tha:exe	ร้านนี้ขายสินค้ามือสองเท่านั้น
00271022-a	tha:lemma	สว่าง
00271022-a	tha:exe	ห้องนี้หันไปทางตะวันออก ตอนเช้าจึงสว่างมาก
00271022-a	tha:lemma	สว่าง
00271022-a	tha:exe	อยากได้ห้องนอนที่มีสีสว่าง
00396523-a	tha:lemma	สว่าง
00396523-a	tha:exe	ห้องนี้หันไปทางตะวันออก ตอนเช้าจึงสว่างมาก
00396523-a	tha:lemma	สว่าง
00396523-a	tha:exe	อยากได้ห้องนอนที่มีสีสว่าง
00269989-a	tha:lemma	สว่าง
00269989-a	tha:exe	ห้องนี้หันไปทางตะวันออก ตอนเช้าจึงสว่างมาก
00269989-a	tha:lemma	สว่าง
00269989-a	tha:exe	อยากได้ห้องนอนที่มีสีสว่าง
00278551-a	tha:lemma	สว่าง
00278551-a	tha:exe	ห้องนี้หันไปทางตะวันออก ตอนเช้าจึงสว่างมาก
00278551-a	tha:lemma	สว่าง
00278551-a	tha:exe	อยากได้ห้องนอนที่มีสีสว่าง
02924116-n	tha:lemma	รถเมล์
02924116-n	tha:exe	จากบ้านฉันไปโรงเรียนนั่งรถเมล์แค่สองป้าย
01614426-v	tha:lemma	ติด
01614426-v	tha:exe	ช่วยติดสแตมป์ตรงนี้ครับ
80001230-x	tha:lemma	ครับ
80001230-x	tha:lemma	ค่ะ
80001230-x	tha:exe	ภรรยาสบายดีไหม   ครับ
01184932-a	tha:lemma	หนัก
01184932-a	tha:exe	ถ้าหนักก็วางลงเสีย
07881800-n	tha:lemma	เครื่องดื่ม
07881800-n	tha:exe	รับเครื่องดื่มอะไรดีคะ
01119192-a	tha:lemma	เก่ง
01119192-a	tha:exe	นากาตะเล่นฟุตบอลเก่งมาก
02226162-a	tha:lemma	เก่ง
02226162-a	tha:exe	นากาตะเล่นฟุตบอลเก่งมาก
01838916-a	tha:lemma	เก่ง
01838916-a	tha:exe	นากาตะเล่นฟุตบอลเก่งมาก
03467517-n	tha:lemma	กีตาร์
03467517-n	tha:exe	พี่ชายกำลังเก็บเงินเพื่อซื้อกีต้าร์ตัวใหม่
03613294-n	tha:lemma	กุญแจ
03613294-n	tha:exe	อย่าลืมล็อคกุญแจบ้านนะ
01553629-a	tha:lemma	มาก
01553629-a	tha:exe	คนกลับต่างจังหวัดกันมากในช่วงสงกรานต์
01551633-a	tha:lemma	มาก
01551633-a	tha:exe	คนกลับต่างจังหวัดกันมากในช่วงสงกรานต์
01552419-a	tha:lemma	มาก
01552419-a	tha:exe	คนกลับต่างจังหวัดกันมากในช่วงสงกรานต์
00127137-a	tha:lemma	เก่า
00127137-a	tha:exe	แถวนี้มีร้านหนังสือเก่าไหม
01638438-a	tha:lemma	เก่า
01638438-a	tha:exe	แถวนี้มีร้านหนังสือเก่าไหม
01729384-a	tha:lemma	เก่า
01729384-a	tha:exe	แถวนี้มีร้านหนังสือเก่าไหม
10694258-n	tha:lemma	อาจารย์
10694258-n	tha:exe	อาจารย์ท่านนี้ใจดีมาก
07859284-n	tha:lemma	น้ำตาล
07859284-n	tha:exe	กาแฟใส่น้ำตาลกี่ก้อนคะ
09605289-n	tha:lemma	ผู้ใหญ่
09605289-n	tha:exe	ผู้ใหญ่ต้องเป็นตัวอย่างที่ดีให้กับเด็ก
04081281-n	tha:lemma	ภัตตาคาร
04081281-n	tha:exe	พ่อฉันทำงานเป็นเชฟอาหารฝรั่งเศสในภัตตาคาร
04081281-n	tha:lemma	โรงอาหาร
04081281-n	tha:exe	ฉันกินข้าวที่โรงอาหารของมหาวิทยาลัยทุกวัน
10448983-n	tha:lemma	ตำรวจ
10448983-n	tha:exe	ตำรวจไทยใส่เครื่องแบบสีกากี
10448983-n	tha:lemma	ตำรวจ
10448983-n	tha:exe	ตำรวจแถวบ้านฉันใจดีมาก
90000507-n	tha:lemma	สัปดาห์นี้
90000507-n	tha:exe	สัปดาห์นี้ฝนตกทุกวันทำให้น้ำท่วม
02686568-n	tha:lemma	เครื่องบิน
02686568-n	tha:exe	นั่งเครื่องบินไปชั่วโมงเดียวก็ถึง
02691156-n	tha:lemma	เครื่องบิน
02691156-n	tha:exe	นั่งเครื่องบินไปชั่วโมงเดียวก็ถึง
08420278-n	tha:lemma	ธนาคาร
08420278-n	tha:exe	ธนาคารญี่ปุ่นคิดค่าธรรมเนียมเอทีเอ็มแพงมาก
02787772-n	tha:lemma	ธนาคาร
02787772-n	tha:exe	ธนาคารญี่ปุ่นคิดค่าธรรมเนียมเอทีเอ็มแพงมาก
02018049-v	tha:lemma	ขึ้น
02018049-v	tha:exe	ขึ้นรถไฟจากหัวลำโพงไปอยุธยา
02324026-v	tha:lemma	ยืม
02324026-v	tha:exe	ขอยืมยางลบหน่อยได้ไหม
01447257-v	tha:lemma	กด
01447257-v	tha:exe	เวลาจะเรียกพนักงานให้กดปุ่มทางขวามือ
02398378-a	tha:lemma	เผ็ด
02398378-a	tha:exe	กินเผ็ดได้ไหม
02397732-a	tha:lemma	เผ็ด
02397732-a	tha:exe	กินเผ็ดได้ไหม
06628228-n	tha:lemma	ไปรษณียบัตร
06628228-n	tha:exe	ผมอยากส่งไปรษณียบัตรให้เพื่อน
06627938-n	tha:lemma	ไปรษณียบัตร
06627938-n	tha:exe	ผมอยากส่งไปรษณียบัตรให้เพื่อน
03959485-n	tha:lemma	จาน
03959485-n	tha:exe	ช่วยหยิบจานให้แม่ใบหนึ่งสิ
00393105-a	tha:lemma	ขาว
00393105-a	tha:exe	สีขาวในธงชาติไทยหมายถึงศาสนา
08625073-n	tha:lemma	ขวา
08625073-n	tha:exe	ตู้เย็นวางอยู่ข้างขวาของโต๊ะ
03051540-n	tha:lemma	เสื้อผ้า
03051540-n	tha:exe	แม่ฉันตัดเสื้อผ้าให้ลูกๆใส่เอง
02728440-n	tha:lemma	เสื้อผ้า
02728440-n	tha:exe	แม่ฉันตัดเสื้อผ้าให้ลูกๆใส่เอง
02728440-n	tha:lemma	เสื้อผ้า
02728440-n	tha:exe	พ่อซื้อเสื้อผ้าให้เป็นของขวัญวันเกิด
03419014-n	tha:lemma	เสื้อผ้า
03419014-n	tha:exe	แม่ฉันตัดเสื้อผ้าให้ลูกๆใส่เอง
15165289-n	tha:lemma	เช้า
15165289-n	tha:exe	ยายตื่นแต่เช้าทุกวัน
15165289-n	tha:lemma	เช้า
15165289-n	tha:exe	สถานทูตเปิดรับคำร้องขอวีซ่าเฉพาะช่วงเช้า
00109151-r	tha:lemma	ที่นั่น
00109151-r	tha:exe	คนที่ทำงานที่นั่นทุกคนตั้งใจทำงานมาก
03720163-n	tha:lemma	แผนที่
03720163-n	tha:exe	คนไทยไม่ค่อยดูแผนที่
00024996-a	tha:lemma	ใหม่
00024996-a	tha:exe	เมื่อวานนี้พ่อซื้อโทรทัศน์ใหม่มา
01642477-a	tha:lemma	ใหม่
01642477-a	tha:exe	เมื่อวานนี้พ่อซื้อโทรทัศน์ใหม่มา
01641648-a	tha:lemma	ใหม่
01641648-a	tha:exe	เมื่อวานนี้พ่อซื้อโทรทัศน์ใหม่มา
01687167-a	tha:lemma	ใหม่
01687167-a	tha:exe	เมื่อวานนี้พ่อซื้อโทรทัศน์ใหม่มา
02584699-a	tha:lemma	ใหม่
02584699-a	tha:exe	เมื่อวานนี้พ่อซื้อโทรทัศน์ใหม่มา
01686439-a	tha:lemma	ใหม่
01686439-a	tha:exe	เมื่อวานนี้พ่อซื้อโทรทัศน์ใหม่มา
02070491-a	tha:lemma	ใหม่
02070491-a	tha:exe	เมื่อวานนี้พ่อซื้อโทรทัศน์ใหม่มา
02013758-a	tha:lemma	ใหม่
02013758-a	tha:exe	เมื่อวานนี้พ่อซื้อโทรทัศน์ใหม่มา
01640850-a	tha:lemma	ใหม่
01640850-a	tha:exe	เมื่อวานนี้พ่อซื้อโทรทัศน์ใหม่มา
00894552-n	tha:lemma	การฝึก
00894552-n	tha:exe	การฝึกขั้นพื้นฐานเป็นเรื่องสำคัญ
01292683-a	tha:lemma	ชอบ
01292683-a	tha:exe	เมื่อก่อนผมไม่ค่อยชอบข้าวแกงกะหรี่  แต่เดี๋ยวนี้ชอบ
01292683-a	tha:lemma	ชอบ
01292683-a	tha:exe	แฟนดิฉันชอบเล่นกอล์ฟมาก
01777210-v	tha:lemma	ชอบ
01777210-v	tha:exe	เมื่อก่อนผมไม่ค่อยชอบข้าวแกงกะหรี่  แต่เดี๋ยวนี้ชอบ
01777210-v	tha:lemma	ชอบ
01777210-v	tha:exe	แฟนดิฉันชอบเล่นกอล์ฟมาก
03038685-n	tha:lemma	ห้องเรียน
03038685-n	tha:exe	อย่าวิ่งเล่นในห้องเรียน
00296131-r	tha:lemma	คง
00296131-r	tha:exe	เขาคงคิดว่าวันนี้ไม่มีเรียน
00154449-r	tha:lemma	คง
00154449-r	tha:exe	เขาคงคิดว่าวันนี้ไม่มีเรียน
03001627-n	tha:lemma	เก้าอี้
03001627-n	tha:exe	เก้าอี้ตัวนี้ทำจากไม้ชั้นดี
01734929-v	tha:lemma	ถ่ายสำเนา
01734929-v	tha:exe	ช่วยถ่ายสำเนาวิทยานิพนธ์ให้หน่อย
01914947-v	tha:lemma	วิ่ง
01914947-v	tha:exe	สมชายวิ่งออกกำลังกายทุกเช้า
01926311-v	tha:lemma	วิ่ง
01926311-v	tha:exe	สมชายวิ่งออกกำลังกายทุกเช้า
02005496-v	tha:lemma	กลับ
02005496-v	tha:exe	กลับถึงบ้านแล้ว  ควรรีบทำการบ้านให้เสร็จ
04379243-n	tha:lemma	โต๊ะ
04379243-n	tha:exe	โต๊ะที่บ้านพังเสียแล้ว
04298308-n	tha:lemma	บันได
04298308-n	tha:exe	เดินขึ้นบันไดเร็วกว่ารอลิฟท์
00037919-v	tha:lemma	อาบ
00037919-v	tha:exe	คนไทยส่วนใหญ่อาบน้ำวันละสองครั้ง  เพราะอากาศร้อน
01532589-v	tha:lemma	ทำความสะอาด
01532589-v	tha:exe	แม่ให้ฉันทำความสะอาดห้อง
01533442-v	tha:lemma	ทำความสะอาด
01533442-v	tha:exe	แม่ให้ฉันทำความสะอาดห้อง
07663592-n	tha:lemma	เนื้อวัว
07663592-n	tha:exe	คนไทยที่ไม่กินเนื้อวัวก็มีไม่น้อย
08182962-n	tha:lemma	มาก
08182962-n	tha:exe	ที่ชิบุยะมีคนมากเสมอ
08182379-n	tha:lemma	มาก
08182379-n	tha:exe	ที่ชิบุยะมีคนมากเสมอ
80000079-n	tha:lemma	เดือนก่อน
80000079-n	tha:exe	เดือนก่อนเขาลืมจ่ายค่าเช่าบ้าน
10020890-n	tha:lemma	หมอ
10020890-n	tha:exe	หมอโรงพยาบาลนี้ไม่ค่อยคุยกับคนไข้
10305802-n	tha:lemma	หมอ
10305802-n	tha:exe	หมอโรงพยาบาลนี้ไม่ค่อยคุยกับคนไข้
03710193-n	tha:lemma	ตู้ไปรษณีย์
03710193-n	tha:exe	แถวนี้มีตู้ไปรษณีย์ไหมครับ
03989074-n	tha:lemma	ตู้ไปรษณีย์
03989074-n	tha:exe	แถวนี้มีตู้ไปรษณีย์ไหมครับ
15136147-n	tha:lemma	สัปดาห์
15136147-n	tha:exe	น้องสาวชอบดูดวงในนิตยสารรายสัปดาห์
15169873-n	tha:lemma	สัปดาห์
15169873-n	tha:exe	น้องสาวชอบดูดวงในนิตยสารรายสัปดาห์
15211806-n	tha:lemma	เดือนมิถุนายน
15211806-n	tha:exe	มหาวิทยาลัยไทยจะเปิดเรียนในเดือนมิถุนายนของทุกปี
04489008-n	tha:lemma	กางเกง
04489008-n	tha:exe	กางเกงนี้กำลังเป็นที่นิยมในหมู่วัยรุ่น
04230808-n	tha:lemma	กระโปรง
04230808-n	tha:exe	กระโปรงตัวนี้สวยจัง
08544813-n	tha:lemma	ประเทศ
08544813-n	tha:exe	คุณอยากไปเที่ยวประเทศไหนมากที่สุด
08490199-n	tha:lemma	ประเทศ
08490199-n	tha:exe	คุณอยากไปเที่ยวประเทศไหนมากที่สุด
00081737-r	tha:lemma	ทุกปี
00081737-r	tha:exe	คุณทานากะมาเที่ยวเมืองไทยทุกปี
00018158-v	tha:lemma	ตื่น
00018158-v	tha:exe	พรุ่งนี้จะตื่นกี่โมง
05538625-n	tha:lemma	หัว
05538625-n	tha:exe	มียาแก้ปวดหัวไหม
02418686-v	tha:lemma	เล่น
02418686-v	tha:exe	เด็กผู้ชายชอบเล่นวิ่งไล่จับ
04965661-n	tha:lemma	เหลือง
04965661-n	tha:exe	มีดอกไม้เล็กๆ สีเหลืองขึ้นอยู่ในสนามหญ้า
02561888-a	tha:lemma	แคบ
02561888-a	tha:exe	ห้องเช่าที่เขาอยู่ราคาถูกแต่ก็แคบมาก
00476663-a	tha:lemma	แคบ
00476663-a	tha:exe	ห้องเช่าที่เขาอยู่ราคาถูกแต่ก็แคบมาก
05137165-n	tha:lemma	ความสูง
05137165-n	tha:exe	ภูเขาไฟฟุจิมีความสูงเท่าไหร่  3,776 เมตร
05131647-n	tha:lemma	ความสูง
05131647-n	tha:exe	ภูเขาไฟฟุจิมีความสูงเท่าไหร่  3,776 เมตร
00009966-r	tha:lemma	กรุณา
00009966-r	tha:exe	กรุณาส่งให้หน่อยนะครับ
00009966-r	tha:lemma	เชิญ
00009966-r	tha:exe	เชิญนั่งก่อนครับ
00009966-r	tha:exe	เชิญทางด้านนี้ค่ะ
10103485-n	tha:lemma	ชาวต่างประเทศ
10103485-n	tha:exe	คนไทยชอบคุยกับชาวต่างประเทศ
02958343-n	tha:lemma	รถยนต์
02958343-n	tha:exe	คนไทยชอบใช้รถยนต์มากกว่ารถไฟ
03924069-n	tha:lemma	แผ่นเสียง
03924069-n	tha:exe	พ่อชอบสะสมแผ่นเสียง
10332385-n	tha:lemma	แม่
10332385-n	tha:exe	ไม่มีใครทำกับข้าวอร่อยเท่าแม่ของผม
10332385-n	tha:lemma	คุณแม่
10332385-n	tha:exe	ขอให้คุณแม่หายป่วยเร็วๆ นะ
02410855-v	tha:lemma	ทำงาน
02410855-v	tha:exe	ผมอยากทำงานต่างประเทศ
07668702-n	tha:lemma	เนื้อหมู
07668702-n	tha:exe	อาหารไทยใช้เนื้อหมูมากกว่าอาหารญี่ปุ่น
00081836-n	tha:lemma	ซื้อของ
00081836-n	tha:exe	เมื่อวานไปซื้อของที่ตลาดจตุจักร
04203889-n	tha:lemma	ซื้อของ
04203889-n	tha:exe	เมื่อวานไปซื้อของที่ตลาดจตุจักร
13836136-n	tha:lemma	ตะวันตก
13836136-n	tha:exe	แฟชั่นของวัยรุ่นไทยได้รับอิทธิพลจากแฟชั่นตะวันตก
02368336-a	tha:lemma	หวาน
02368336-a	tha:exe	คนไทยชอบเครื่องดื่มที่มีรสหวาน
04254777-n	tha:lemma	ถุงเท้า
04254777-n	tha:exe	อย่าซักถุงเท้าด้วยเครื่องซักผ้านะ มันจะยืด
01845229-v	tha:lemma	เที่ยว
01845229-v	tha:exe	เขาวางแผนจะไปเที่ยวอิตาลีหน้าร้อนนี้
01846916-v	tha:lemma	เที่ยว
01846916-v	tha:exe	เขาวางแผนจะไปเที่ยวอิตาลีหน้าร้อนนี้
01845720-v	tha:lemma	เที่ยว
01845720-v	tha:exe	เขาวางแผนจะไปเที่ยวอิตาลีหน้าร้อนนี้
00061203-r	tha:lemma	หลัง
00061203-r	tha:exe	คนตัวสูงให้ยืนข้างหลัง
10112591-n	tha:lemma	เพื่อน
10112591-n	tha:exe	ห้ามลอกการบ้านเพื่อน
08588294-n	tha:lemma	กลาง
08588294-n	tha:exe	หมาของเขาถูกรถชนตายกลางถนน  น่าสงสารจัง
08588294-n	tha:lemma	ใน
08588294-n	tha:exe	เขาอยู่ในห้องนอน
08588152-n	tha:lemma	กลาง
08588152-n	tha:exe	หมาของเขาถูกรถชนตายกลางถนน  น่าสงสารจัง
08588152-n	tha:lemma	ใน
08588152-n	tha:exe	เขาอยู่ในห้องนอน
77000021-n	tha:lemma	เธอ
77000021-n	tha:exe	ที่เตือนก็เพราะเป็นห่วงเธอ
77000021-n	tha:lemma	คุณ
77000021-n	tha:exe	คุณจะไปเมืองไทยเมื่อไหร่
02771169-v	tha:lemma	ฟ้าโปร่ง
02771169-v	tha:exe	หลังจากที่ฝนตกติดกันหลายวัน ในที่สุดวันนี้ก็ฟ้าโปร่ง
77000061-a	tha:lemma	นี้
77000061-a	tha:exe	บ้านนี้มีสวนดอกไม้เล็กๆน่ารักมาก
80001619-a	tha:lemma	นี้
80001619-a	tha:exe	บ้านนี้มีสวนดอกไม้เล็กๆน่ารักมาก
77000075-a	tha:lemma	นี้
77000075-a	tha:exe	บ้านนี้มีสวนดอกไม้เล็กๆน่ารักมาก
04018667-n	tha:lemma	ล้างมือ
04018667-n	tha:exe	ก่อนกินข้าวควรล้างมือให้สะอาด
08649345-n	tha:lemma	แนวนอน
08649345-n	tha:exe	เขาลากเส้นแนวนอนได้ตรงมาก โดยไม่ต้องใช้เครื่องมือช่วย
08649345-n	tha:lemma	ข้าง
08649345-n	tha:exe	บ้านฉันอยู่ข้างโรงงาน
08649345-n	tha:lemma	ข้าง
08649345-n	tha:exe	บ้านของสมชายอยู่ข้างบ้านฉัน
05136150-n	tha:lemma	แนวนอน
05136150-n	tha:exe	เขาลากเส้นแนวนอนได้ตรงมาก โดยไม่ต้องใช้เครื่องมือช่วย
15211484-n	tha:lemma	เดือนพฤษภาคม
15211484-n	tha:exe	ฝนตกบ่อยช่วงเดือนพฤษภาคม
05563770-n	tha:lemma	แขน
05563770-n	tha:exe	ฉันเห็นสองคนนั้นเดินควงแขนกัน
15165490-n	tha:lemma	กลางวัน
15165490-n	tha:exe	ถ้านอนกลางวัน กลางคืนจะนอนไม่ค่อยหลับ
04272054-n	tha:lemma	แว่นตา
04272054-n	tha:exe	แว่นตากรอบใหญ่กำลังเป็นที่นิยมในหมู่วัยรุ่น
80000746-n	tha:lemma	อักษรคันจิ
80000746-n	tha:exe	ญี่ปุ่นนำอักษรคันจิจากภาษาจีนมาใช้ในภาษาญี่ปุ่น
10287213-n	tha:lemma	ผู้ชาย
10287213-n	tha:exe	ผู้ชายต้องทำงานเพื่อหาเลี้ยงครอบครัว
09624168-n	tha:lemma	ผู้ชาย
09624168-n	tha:exe	ผู้ชายต้องทำงานเพื่อหาเลี้ยงครอบครัว
15164105-n	tha:lemma	วันอังคาร
15164105-n	tha:exe	ฉันชอบวันอังคารที่สุดเพราะได้เรียนวิชาศิลปะ
77000099-n	tha:lemma	ทุกคน
77000099-n	tha:exe	ซานตาคลอสจะให้ของขวัญแก่ทุกคนในคืนก่อนวันคริสต์มาส
00479391-v	tha:lemma	ลบ
00479391-v	tha:exe	ไฟล์สำคัญของฉันไม่รู้ว่าโดนใครลบไป
03238879-n	tha:lemma	เสื้อเชิ้ต
03238879-n	tha:exe	ที่ตลาดนัดจตุจักร เสื้อเชิ้ตตัวละสามสิบบาทก็มี
02412164-a	tha:lemma	อ่อน
02412164-a	tha:exe	ผนังของห้องนี้สีครีมอ่อน ดูสบายตาดี
02414188-a	tha:lemma	อ่อน
02414188-a	tha:exe	ผนังของห้องนี้สีครีมอ่อน ดูสบายตาดี
08489627-n	tha:lemma	ที่โน่น
08489627-n	tha:exe	ที่โน่นคงอากาศหนาวน่าดู
01168468-v	tha:lemma	กิน
01168468-v	tha:exe	กินข้าวแล้วหรือยัง
01166351-v	tha:lemma	กิน
01166351-v	tha:exe	กินข้าวแล้วหรือยัง
01179865-v	tha:lemma	กิน
01179865-v	tha:exe	กินข้าวแล้วหรือยัง
15122231-n	tha:lemma	เวลา
15122231-n	tha:exe	อย่าพูดเวลาอาหารอยู่ในปาก
02818832-n	tha:lemma	เตียง
02818832-n	tha:exe	ปู่ของฉันชอบนอนบนพื้นมากกว่านอนเตียง
90000503-n	tha:lemma	ปีหน้า
90000503-n	tha:exe	ปีหน้าน้องสาวคนเล็กจะเข้าโรงเรียนแล้ว
08168367-n	tha:lemma	ต่างประเทศ
08168367-n	tha:exe	ฉันไม่เคยไปเที่ยวต่างประเทศเลย
02560548-a	tha:lemma	กว้าง
02560548-a	tha:exe	ที่นั่งชั้นธุรกิจ กว้างกว่าที่นั่งชั้นประหยัดนิดหน่อย
01384212-a	tha:lemma	กว้าง
01384212-a	tha:exe	ที่นั่งชั้นธุรกิจ กว้างกว่าที่นั่งชั้นประหยัดนิดหน่อย
01031256-v	tha:lemma	ส่ง
01031256-v	tha:exe	จะส่งทางเรือหรือทางอากาศคะ
01995211-v	tha:lemma	ส่ง
01995211-v	tha:exe	จะส่งทางเรือหรือทางอากาศคะ
00255710-n	tha:lemma	ซักผ้า
00255710-n	tha:exe	คนสมัยก่อน ซักผ้าด้วยมือ
07110457-n	tha:lemma	เรื่อง
07110457-n	tha:exe	เรื่องนั้นเอาไว้คุยกันทีหลัง
00893243-n	tha:lemma	เรื่อง
00893243-n	tha:exe	เรื่องนั้นเอาไว้คุยกันทีหลัง
07221094-n	tha:lemma	เรื่อง
07221094-n	tha:exe	เรื่องนั้นเอาไว้คุยกันทีหลัง
07139316-n	tha:lemma	เรื่อง
07139316-n	tha:exe	เรื่องนั้นเอาไว้คุยกันทีหลัง
00031798-r	tha:lemma	แล้ว
00031798-r	tha:exe	เร็วเข้า รถจะออกแล้ว
07555863-n	tha:lemma	ของกิน
07555863-n	tha:exe	ในตู้เย็นมีของกินอะไรบ้างหรือเปล่า
07560652-n	tha:lemma	ของกิน
07560652-n	tha:exe	ในตู้เย็นมีของกินอะไรบ้างหรือเปล่า
00157412-r	tha:lemma	บางที
00157412-r	tha:exe	บางทีก็อยากลองกินอาหารแปลกๆ
00021212-r	tha:lemma	บางที
00021212-r	tha:exe	บางทีก็อยากลองกินอาหารแปลกๆ
03740161-n	tha:lemma	ยา
03740161-n	tha:exe	ยานี้ไม่มีผลข้างเคียง
02318272-a	tha:lemma	ตรง
02318272-a	tha:exe	เดินตรงไปสักพักเดี๋ยวก็ถึง
02310895-a	tha:lemma	ตรง
02310895-a	tha:exe	เดินตรงไปสักพักเดี๋ยวก็ถึง
02314584-a	tha:lemma	ตรง
02314584-a	tha:exe	เดินตรงไปสักพักเดี๋ยวก็ถึง
10787470-n	tha:lemma	ผู้หญิง
10787470-n	tha:exe	แม้จะแต่งงานแล้วแต่ผู้หญิงไทยก็ยังทำงานต่อ
10736091-n	tha:lemma	ลุง
10736091-n	tha:lemma	อา
10736091-n	tha:exe	ลุง (อา) คนนั้นชอบกินเหล้าเลยถูกเมียด่าเป็นประจำ
04404997-n	tha:lemma	กล้อง
04404997-n	tha:exe	กล้องของลุงราคาแพงกว่ารถมอเตอร์ไซค์เสียอีก
02942699-n	tha:lemma	กล้อง
02942699-n	tha:exe	กล้องของลุงราคาแพงกว่ารถมอเตอร์ไซค์เสียอีก
04370048-n	tha:lemma	เสื้อเสวตเตอร์
04370048-n	tha:exe	หนาวนี้ จะไปเที่ยวภูเขา เขาก็เลยมาซื้อเสื้อเสวตเตอร์
02626604-v	tha:lemma	กลายเป็น
02626604-v	tha:exe	เขาถูกล็อตเตอรี่รางวัลที่หนึ่งเลยกลายเป็นเศรษฐีในชั่วข้ามคืน
02623529-v	tha:lemma	กลายเป็น
02623529-v	tha:exe	เขาถูกล็อตเตอรี่รางวัลที่หนึ่งเลยกลายเป็นเศรษฐีในชั่วข้ามคืน
04398497-n	tha:lemma	ร้านกาแฟ
04398497-n	tha:exe	แวะร้านกาแฟหน่อยได้ไหม
00081591-r	tha:lemma	ทุกสัปดาห์
00081591-r	tha:exe	เขาเรียนว่ายน้ำทุกสัปดาห์
01535246-v	tha:lemma	ล้าง
01535246-v	tha:exe	ตอนเด็กๆ  ฉันช่วยแม่ล้างจานทุกวัน
01535246-v	tha:lemma	ซักผ้า
01535246-v	tha:exe	ฉันซักผ้าทุกวัน
00036362-v	tha:lemma	ล้าง
00036362-v	tha:exe	ตอนเด็กๆ  ฉันช่วยแม่ล้างจานทุกวัน
01536168-v	tha:lemma	ล้าง
01536168-v	tha:exe	ตอนเด็กๆ  ฉันช่วยแม่ล้างจานทุกวัน
00606093-v	tha:lemma	ฝึก
00606093-v	tha:exe	เขาฝึกเขียนตัวอักษรคันจิทุกวัน
01723224-v	tha:lemma	ฝึก
01723224-v	tha:exe	เขาฝึกเขียนตัวอักษรคันจิทุกวัน
15156187-n	tha:lemma	เมื่อวานนี้
15156187-n	tha:exe	เมื่อวานนี้ไปเที่ยวเกียวโตมา
01919428-a	tha:lemma	เงียบ
01919428-a	tha:exe	ห้องสมุดนี้ไม่ค่อยเงียบเท่าไหร่
01918984-a	tha:lemma	เงียบ
01918984-a	tha:exe	ห้องสมุดนี้ไม่ค่อยเงียบเท่าไหร่
04437953-n	tha:lemma	นาฬิกา
04437953-n	tha:exe	ในที่สุดก็ซื้อนาฬิกาที่หมายตาไว้จนได้
03046257-n	tha:lemma	นาฬิกา
03046257-n	tha:exe	ในที่สุดก็ซื้อนาฬิกาที่หมายตาไว้จนได้
04350905-n	tha:lemma	สูท
04350905-n	tha:exe	พนักงานบริษัทที่เมืองไทยไม่จำเป็นต้องใส่สูทไปทำงาน
00409440-a	tha:lemma	เข้ม
00409440-a	tha:exe	คุณสุธีซื้อรถใหม่สีแดงเข้ม
00842199-a	tha:lemma	แรง
00842199-a	tha:exe	เมื่อวานลมพัดแรงมาก
15163979-n	tha:lemma	วันจันทร์
15163979-n	tha:exe	ฉันเป็นเวรทำความสะอาดห้องเรียนในวันจันทร์
00059413-r	tha:lemma	บ่อยๆ
00059413-r	tha:exe	พวกเรามาที่ร้านนี้บ่อยๆ เพราะอาหารอร่อย
00035058-r	tha:lemma	บ่อยๆ
00035058-r	tha:exe	พวกเรามาที่ร้านนี้บ่อยๆ เพราะอาหารอร่อย
05687338-n	tha:lemma	ปัญหา
05687338-n	tha:exe	ปัญหานี้ไม่รู้จะแก้ยังไงดี
06784003-n	tha:lemma	ปัญหา
06784003-n	tha:exe	ปัญหานี้ไม่รู้จะแก้ยังไงดี
03281145-n	tha:lemma	ลิฟท์
03281145-n	tha:exe	ลิฟท์นี้สำหรับอาจารย์เท่านั้น
05320899-n	tha:lemma	หู
05320899-n	tha:exe	หมาตัวนี้พันธุ์อะไร ทำไมหูยาวจัง
00007846-n	tha:lemma	ใครบ้าง
00007846-n	tha:exe	มีใครบ้างไหมที่รู้ที่อยู่ของสมชาย
03436182-n	tha:lemma	วิทยุเทป
03436182-n	tha:exe	พ่อซื้อวิทยุเทปให้ตาเป็นของขวัญ
04284002-n	tha:lemma	ช้อน
04284002-n	tha:exe	สมัยนี้คนไทยใช้ช้อนกับส้อมกินข้าว
13134947-n	tha:lemma	ผลไม้
13134947-n	tha:exe	ผลไม้เมืองหนาวอย่างแอปเปิ้ล ก็ปลูกได้ในเมืองไทย
11683989-n	tha:lemma	ผลไม้
11683989-n	tha:exe	ผลไม้เมืองหนาวอย่างแอปเปิ้ล ก็ปลูกได้ในเมืองไทย
02730813-v	tha:lemma	พูด
02730813-v	tha:exe	พูดเพราะๆนะคะ
01009240-v	tha:lemma	พูด
01009240-v	tha:exe	พูดเพราะๆนะคะ
00941990-v	tha:lemma	พูด
00941990-v	tha:exe	พูดเพราะๆนะคะ
00979870-v	tha:lemma	พูด
00979870-v	tha:exe	พูดเพราะๆนะคะ
09854218-n	tha:lemma	พี่สาว
09854218-n	tha:exe	พี่สาวช่วยสอนการบ้านให้ฉันบ่อยๆ
09854218-n	tha:lemma	พี่น้อง
09854218-n	tha:exe	พี่น้องคู่นี้ชอบทะเลาะกัน  แต่ก็คืนดีกันเร็ว
04507155-n	tha:lemma	ร่ม
04507155-n	tha:exe	ทำไมคนไทยไม่กางร่มเวลาฝนตก
02229324-a	tha:lemma	ไม่เก่ง
02229324-a	tha:exe	ฉันร้องเพลงไม่เก่ง
01870636-a	tha:lemma	ไม่เก่ง
01870636-a	tha:exe	ฉันร้องเพลงไม่เก่ง
01128103-a	tha:lemma	ไม่เก่ง
01128103-a	tha:exe	ฉันร้องเพลงไม่เก่ง
02229000-a	tha:lemma	ไม่เก่ง
02229000-a	tha:exe	ฉันร้องเพลงไม่เก่ง
15270431-n	tha:lemma	เวลา
15270431-n	tha:exe	อยากให้เขารักษาเวลาหน่อย
15227846-n	tha:lemma	เวลา
15227846-n	tha:exe	อยากให้เขารักษาเวลาหน่อย
15269513-n	tha:lemma	เวลา
15269513-n	tha:exe	อยากให้เขารักษาเวลาหน่อย
00744916-a	tha:lemma	ยาก
00744916-a	tha:exe	สอบคราวนี้ยากมาก
04401088-n	tha:lemma	โทรศัพท์
04401088-n	tha:exe	บ้านฉันไม่มีโทรศัพท์
06272803-n	tha:lemma	โทรศัพท์
06272803-n	tha:exe	บ้านฉันไม่มีโทรศัพท์
02870092-n	tha:lemma	หนังสือ
02870092-n	tha:exe	ช่วยยืมหนังสือจากห้องสมุดให้หน่อยได้ไหม
06410904-n	tha:lemma	หนังสือ
06410904-n	tha:exe	ช่วยยืมหนังสือจากห้องสมุดให้หน่อยได้ไหม
09972010-n	tha:lemma	ลูกพี่ลูกน้อง
09972010-n	tha:exe	ถึงเราจะเป็นลูกพี่ลูกน้องกันแต่ฉันก็ไม่ค่อยรู้เรื่องของเขาเท่าไหร่
14974264-n	tha:lemma	กระดาษ
14974264-n	tha:exe	ขอกระดาษสักแผ่นได้ไหม
80000677-n	tha:lemma	กระดาษ
80000677-n	tha:exe	ขอกระดาษสักแผ่นได้ไหม
06255777-n	tha:lemma	กระดาษ
06255777-n	tha:exe	ขอกระดาษสักแผ่นได้ไหม
04960277-n	tha:lemma	ดำ
04960277-n	tha:exe	ผู้หญิงคนนั้นมีผมดำเงางาม
02770717-v	tha:lemma	เมฆมาก
02770717-v	tha:exe	พยากรณ์อากาศรายงานว่าวันนี้จะมีเมฆมาก
02529945-a	tha:lemma	เย็น
02529945-a	tha:exe	ที่ริมแม่น้ำอากาศเย็นสบาย
02207206-v	tha:lemma	ซื้อของ
02207206-v	tha:exe	แม่ออกไปซื้อของแล้ว
02207206-v	tha:lemma	ซื้อ
02207206-v	tha:exe	น้องสาวผมชอบซื้อเสื้อผ้าให้หลาน
02208265-v	tha:lemma	ซื้อของ
02208265-v	tha:exe	แม่ออกไปซื้อของแล้ว
02208265-v	tha:lemma	ซื้อ
02208265-v	tha:exe	น้องสาวผมชอบซื้อเสื้อผ้าให้หลาน
00422620-a	tha:lemma	สกปรก
00422620-a	tha:exe	แถวนี้จัดการขยะไม่ดีก็เลยสกปรกมาก
01908889-a	tha:lemma	สกปรก
01908889-a	tha:exe	แถวนี้จัดการขยะไม่ดีก็เลยสกปรกมาก
00419289-a	tha:lemma	สกปรก
00419289-a	tha:exe	แถวนี้จัดการขยะไม่ดีก็เลยสกปรกมาก
01345109-v	tha:lemma	ปิด
01345109-v	tha:exe	ควรปิดประตูหน้าต่างให้เรียบร้อยก่อนออกจากบ้าน
01960911-v	tha:lemma	ว่ายน้ำ
01960911-v	tha:exe	ฉันว่ายน้ำไม่เป็นแต่ชอบไปเที่ยวทะเล
00933154-a	tha:lemma	แพง
00933154-a	tha:exe	แพงจนซื้อไม่ไหว
04199027-n	tha:lemma	รองเท้า
04199027-n	tha:exe	รองเท้าคู่นี้คับไปหน่อย
04330340-n	tha:lemma	เตา
04330340-n	tha:exe	เตาที่บ้านฉันใช้ง่ายมาก
07823951-n	tha:lemma	แกง
07823951-n	tha:exe	วันนี้จะแกงอะไรกินเหรอ
05598147-n	tha:lemma	จมูก
05598147-n	tha:exe	ชาวตะวันตกมักจะจมูกโด่ง
05658826-n	tha:lemma	จมูก
05658826-n	tha:exe	ชาวตะวันตกมักจะจมูกโด่ง
06947032-n	tha:lemma	ภาษาอังกฤษ
06947032-n	tha:exe	เขาไม่ค่อยเก่งภาษาอังกฤษเท่าไหร่
07575726-n	tha:lemma	อาหารเย็น
07575726-n	tha:exe	วันนี้เป็นวันเกิด ฉันจึงจะไปทานอาหารเย็นนอกบ้าน
07575726-n	tha:lemma	ข้าวเย็น
07575726-n	tha:exe	ช่วงนี้พี่สาวงดข้าวเย็นเพราะกำลังไดเอ็ท
03485794-n	tha:lemma	ผ้าเช็ดหน้า
03485794-n	tha:exe	ผู้ชายหน้าตาดีคนนั้นเก็บผ้าเช็ดหน้าที่ฉันทำตกให้
01198101-v	tha:lemma	สูด
01198101-v	tha:exe	ฉันชอบสูดอากาศบริสุทธิ์ในยามเช้า
02741003-v	tha:lemma	ใส่
02741003-v	tha:exe	ที่โรงเรียนห้ามใส่สร้อยคอ
01206474-a	tha:lemma	ต่ำ
01206474-a	tha:exe	ผู้หญิงคนนั้นเสียงต่ำเหมือนผู้ชาย
13832355-n	tha:lemma	ตะวันออก
13832355-n	tha:exe	นิตยาสนใจเกี่ยวกับศิลปวัฒนธรรมตะวันออกมาก
11525955-n	tha:lemma	ลม
11525955-n	tha:exe	บ้านไทยมีการออกแบบให้ลมถ่ายเทสะดวก
02324182-v	tha:lemma	ให้ยืม
02324182-v	tha:exe	เพื่อนให้ยืมเงินซื้อแสตมป์
01437963-a	tha:lemma	ยาว
01437963-a	tha:exe	ถนนสายนี้ยาวมาก
01433493-a	tha:lemma	ยาว
01433493-a	tha:exe	ถนนสายนี้ยาวมาก
01444022-a	tha:lemma	ยาว
01444022-a	tha:exe	ถนนสายนี้ยาวมาก
80001077-n	tha:lemma	เท่าไหร่
80001077-n	tha:exe	ลูกสาวอายุเท่าไหร่คะ
80001077-n	tha:lemma	เท่าไหร่
80001077-n	tha:exe	ข้าวผัดจานหนึ่งราคาเท่าไหร่
10665698-n	tha:lemma	นักเรียน
10665698-n	tha:exe	นักเรียนชั้นป.1/2เรียบร้อยน่ารักมาก
10665698-n	tha:lemma	นักศึกษา
10665698-n	tha:exe	อาจารย์เลี้ยงอาหารกลางวันพวกนักศึกษา
10251779-n	tha:lemma	นักเรียน
10251779-n	tha:exe	นักเรียนชั้นป.1/2เรียบร้อยน่ารักมาก
08615374-n	tha:lemma	สวนสาธารณะ
08615374-n	tha:exe	สวนลุมเป็นสวนสาธารณะใหญ่ที่อยู่ใจกลางกรุงเทพฯ
77000064-n	tha:lemma	ไหน
77000064-n	tha:exe	ที่กรุงเทพฯไม่ว่าจะไปทางไหน ก็เจอแต่รถติด
03290771-n	tha:lemma	ประตู
03290771-n	tha:exe	เวลาไปบ้านคนญี่ปุ่น ให้ถอดรองเท้าที่บริเวณประตูที่เรียกว่า "เกงคัง" 
03290771-n	tha:lemma	ทางเข้า
03290771-n	tha:exe	แล้วเจอกันตรงแถวทางเข้าก็แล้วกันนะ
06409752-n	tha:lemma	เรียงความ
06409752-n	tha:exe	การบ้านตอนปิดเทอมคือเขียนเรียงความ
10286084-n	tha:lemma	พี่น้อง
10286084-n	tha:exe	พี่น้องคู่นี้หน้าตาเหมือนกันราวกับเป็นคู่แฝด
09876454-n	tha:lemma	พี่น้อง
09876454-n	tha:exe	พี่น้องคู่นี้หน้าตาเหมือนกันราวกับเป็นคู่แฝด
80001731-n	tha:lemma	นักศึกษาชาวต่างประเทศ
80001731-n	tha:exe	ที่มหาวิทยาลัยนี้ มีนักศึกษาชาวต่างประเทศเยอะมาก
77000031-n	tha:lemma	เขา
77000031-n	tha:lemma	เธอ
77000031-n	tha:exe	ทั้งเขาและเธอ ต่างคนต่างก็ไม่ยอมกัน
77000031-n	tha:lemma	พวกเขา
77000031-n	tha:lemma	พวกเธอ
77000031-n	tha:exe	พวกเขาและพวกเธอได้รับการอบรมอย่างเข้มงวดจากโรงเรียนนี้
00934199-a	tha:lemma	ถูก
00934199-a	tha:exe	อาหารแผงลอยราคาถูก
00935103-a	tha:lemma	ถูก
00935103-a	tha:exe	อาหารแผงลอยราคาถูก
02747802-n	tha:lemma	ที่เขี่ยบุหรี่
02747802-n	tha:exe	ที่เขี่ยบุหรี่ของลุงมีรูปทรงแปลกตา
15213115-n	tha:lemma	เดือนตุลาคม
15213115-n	tha:exe	เพิ่งจะเดือนตุลาคมแต่อากาศเริ่มหนาวแล้ว
15203791-n	tha:lemma	ปี
15203791-n	tha:exe	มะม่วงต้นนี้ปลูกเมื่อตั้งหลายปีก่อน
03619890-n	tha:lemma	ครัว
03619890-n	tha:exe	บ้านไทยมักมีครัวอยู่นอกตัวเรือน
00273734-v	tha:lemma	สอน
00273734-v	tha:exe	คุณครูที่โรงเรียนนี้สอนเก่งมาก
00829107-v	tha:lemma	สอน
00829107-v	tha:exe	คุณครูที่โรงเรียนนี้สอนเก่งมาก
00963570-v	tha:lemma	คุย
00963570-v	tha:exe	เรื่องนั้นเอาไว้คุยกันทีหลัง
00815686-v	tha:lemma	ตอบ
00815686-v	tha:exe	นักเรียนแย่งกันตอบคำถามของคุณครู
00635523-v	tha:lemma	ตอบ
00635523-v	tha:exe	นักเรียนแย่งกันตอบคำถามของคุณครู
03417345-n	tha:lemma	สวน
03417345-n	tha:exe	พ่อทำความสะอาดสวนหน้าบ้านทุกเช้า
03417749-n	tha:lemma	สวน
03417749-n	tha:exe	พ่อทำความสะอาดสวนหน้าบ้านทุกเช้า
01775164-v	tha:lemma	ชอบมาก
01775164-v	tha:exe	เขาชอบเล่นฟุตบอลกับเพื่อนๆที่ทำงานมาก
01828736-v	tha:lemma	ชอบมาก
01828736-v	tha:exe	เขาชอบเล่นฟุตบอลกับเพื่อนๆที่ทำงานมาก
06418901-n	tha:lemma	พจนานุกรม
06418901-n	tha:exe	ดิฉันอยากได้พจนานุกรมภาษาญี่ปุ่น
15164570-n	tha:lemma	วันเสาร์
15164570-n	tha:exe	วันเสาร์นี้มีนัดดูหนังกับแฟน
00284798-n	tha:lemma	เดินเล่น
00284798-n	tha:exe	เวลาไปเที่ยวทะเล  ฉันชอบไปเดินเล่นริมชายหาด
00284101-n	tha:lemma	เดินเล่น
00284101-n	tha:exe	เวลาไปเที่ยวทะเล  ฉันชอบไปเดินเล่นริมชายหาด
01712704-v	tha:lemma	ทำ
01712704-v	tha:exe	มานะทำงานพิเศษวันเสาร์อาทิตย์
08277393-n	tha:lemma	โรงเรียน
08277393-n	tha:exe	ไปโรงเรียนกันเถอะ
08276720-n	tha:lemma	โรงเรียน
08276720-n	tha:exe	ไปโรงเรียนกันเถอะ
00161630-r	tha:lemma	ช้าๆ
00161630-r	tha:exe	สมชายเดินเข้ามาหาฉันช้าๆ
90000506-n	tha:lemma	สัปดาห์ก่อน
90000506-n	tha:exe	โรงเรียนปิดตั้งแต่สัปดาห์ก่อน
03057021-n	tha:lemma	เสื้อนอก
03057021-n	tha:exe	เสื้อนอกมีขายที่ชั้นไหนครับ
03057021-n	tha:lemma	เสื้อโค้ท
03057021-n	tha:exe	เขามีเสื้อโค้ทหลายตัว
03589791-n	tha:lemma	เสื้อนอก
03589791-n	tha:exe	เสื้อนอกมีขายที่ชั้นไหนครับ
06929279-n	tha:lemma	ภาษาญี่ปุ่น
06929279-n	tha:exe	ฉันเรียนภาษาญี่ปุ่น เพราะชอบอ่านการ์ตูนญี่ปุ่น
03303965-n	tha:lemma	ทางออก
03303965-n	tha:exe	ทางออกอยู่ด้านหลังค่ะ
10142391-n	tha:lemma	ปู่
10142391-n	tha:lemma	ตา
10142391-n	tha:exe	ปู่ (ตา) ผมเป็นช่างไม้ฝีมือดี
07934530-n	tha:lemma	ชาฝรั่ง
07934530-n	tha:exe	คนไทยไม่มีวัฒนธรรมการดื่มชาฝรั่ง
07933274-n	tha:lemma	ชาฝรั่ง
07933274-n	tha:exe	คนไทยไม่มีวัฒนธรรมการดื่มชาฝรั่ง
07933274-n	tha:lemma	ชาฝรั่ง
07933274-n	tha:exe	ชาเขียวที่ขายในเมืองไทยหวานมาก
07989373-n	tha:lemma	สามีภรรยา
07989373-n	tha:exe	สามีภรรยาคู่นี้รู้จักกันตั้งแต่เด็ก
10146559-n	tha:lemma	ร้านขายผัก
10146559-n	tha:exe	บ้านฉันเป็นร้านขายผัก
03457686-n	tha:lemma	ร้านขายผัก
03457686-n	tha:exe	บ้านฉันเป็นร้านขายผัก
03147509-n	tha:lemma	ถ้วย
03147509-n	tha:exe	นี่เป็นถ้วยที่เพื่อนซื้อให้เป็นของขวัญวันเกิด
03972524-n	tha:lemma	กระเป๋า
03972524-n	tha:exe	เอามือล้วงกระเป๋าเวลาคุยกับผู้ใหญ่ถือว่าเสียมารยาท
04968895-n	tha:lemma	น้ำเงิน
04968895-n	tha:exe	สีน้ำเงินในธงชาติไทยหมายถึงพระมหากษัตริย์
01555416-a	tha:lemma	น้อย
01555416-a	tha:exe	ช่วงนี้เศรษฐกิจไม่ดี ลูกค้าก็เลยน้อยลง
01552885-a	tha:lemma	น้อย
01552885-a	tha:exe	ช่วงนี้เศรษฐกิจไม่ดี ลูกค้าก็เลยน้อยลง
00017865-v	tha:lemma	นอน
00017865-v	tha:exe	เด็กๆควรรีบเข้านอน
00450147-a	tha:lemma	ใกล้
00450147-a	tha:exe	บ้านฉันอยู่ใกล้โรงเรียน
00444519-a	tha:lemma	ใกล้
00444519-a	tha:exe	บ้านฉันอยู่ใกล้โรงเรียน
00445169-a	tha:lemma	ใกล้
00445169-a	tha:exe	บ้านฉันอยู่ใกล้โรงเรียน
00584367-n	tha:lemma	งาน
00584367-n	tha:exe	งานที่เขาทำค่อนข้างอันตราย
07574602-n	tha:lemma	อาหารเช้า
07574602-n	tha:exe	คนในเมืองส่วนใหญ่ไม่มีเวลาทานอาหารเช้า
08078020-n	tha:lemma	ครอบครัว
08078020-n	tha:exe	ครอบครัวของเราสี่คนเกิดเดือนเดียวกันทุกคน
10236304-n	tha:lemma	ครอบครัว
10236304-n	tha:exe	ครอบครัวของเราสี่คนเกิดเดือนเดียวกันทุกคน
07970406-n	tha:lemma	ครอบครัว
07970406-n	tha:exe	ครอบครัวของเราสี่คนเกิดเดือนเดียวกันทุกคน
07970406-n	tha:lemma	ครอบครัว
07970406-n	tha:exe	ครอบครัวของเขาอบอุ่นมาก
04197391-n	tha:lemma	เสื้อเชิ้ต
04197391-n	tha:exe	ที่เมืองไทยอากาศร้อน  คนเลยนิยมใส่เสื้อเชิ้ตแขนสั้น
09918248-n	tha:lemma	เด็ก
09918248-n	tha:exe	ร้านนี้เป็นร้านขายของสำหรับเด็กโดยเฉพาะ
12212361-n	tha:lemma	ผัก
12212361-n	tha:exe	ผักที่ขายในตลาด ราคาถูกกว่าในซูเปอร์มาร์เก็ต
07707451-n	tha:lemma	ผัก
07707451-n	tha:exe	ผักที่ขายในตลาด ราคาถูกกว่าในซูเปอร์มาร์เก็ต
03365991-n	tha:lemma	ชั้น
03365991-n	tha:exe	ชั้นเสื้อผ้าผู้หญิงอยู่ชั้นไหนคะ
00976508-a	tha:lemma	ไกล
00976508-a	tha:exe	เขาว่ายน้ำท่ากบได้เร็วกว่าทุกคน
00981818-a	tha:lemma	ไกล
00981818-a	tha:exe	เขาว่ายน้ำท่ากบได้เร็วกว่าทุกคน
00979862-a	tha:lemma	ไกล
00979862-a	tha:exe	เขาว่ายน้ำท่ากบได้เร็วกว่าทุกคน
01367431-a	tha:lemma	คึกคัก
01367431-a	tha:exe	บรรยากาศที่เยาวราชคึกคักเสมอ
07644382-n	tha:lemma	เนื้อไก่
07644382-n	tha:exe	แกงกะหรี่ใส่เนื้อไก่ก็อร่อยดีเหมือนกัน
07644967-n	tha:lemma	เนื้อไก่
07644967-n	tha:exe	แกงกะหรี่ใส่เนื้อไก่ก็อร่อยดีเหมือนกัน
07813107-n	tha:lemma	เกลือ
07813107-n	tha:exe	ใส่เกลือนิดหนึ่งแล้วรสชาติจะดีขึ้น
07825972-n	tha:lemma	ซอสถั่วเหลือง
07825972-n	tha:exe	ซอสถั่วเหลืองเป็นเครื่องปรุงที่ขาดไม่ได้สำหรับอาหารญี่ปุ่น
02005948-v	tha:lemma	ถึง
02005948-v	tha:exe	ถึงกรุงเทพฯแล้วโทรศัพท์มาหาหน่อยนะ
02930766-n	tha:lemma	รถแท็กซี่
02930766-n	tha:exe	รถแท็กซี่เมืองไทยถูกกว่าที่ญี่ปุ่นมาก
04371225-n	tha:lemma	สระว่ายน้ำ
04371225-n	tha:exe	โรงเรียนประถมในบ้านนอกของประเทศไทย ส่วนใหญ่ไม่มีสระว่ายน้ำ
00604617-a	tha:lemma	สะดวก
00604617-a	tha:exe	ตั้งแต่มีรถไฟฟ้า ก็สะดวกขึ้นมาก
15237250-n	tha:lemma	ฤดูร้อน
15237250-n	tha:exe	เทศกาลดอกไม้ไฟจะจัดขึ้นในฤดูร้อนของทุกปี
03757138-n	tha:lemma	รถไฟใต้ดิน
03757138-n	tha:exe	รถไฟใต้ดินในกรุงเทพฯสร้างเสร็จเมื่อไหร่
04349306-n	tha:lemma	รถไฟใต้ดิน
04349306-n	tha:exe	รถไฟใต้ดินในกรุงเทพฯสร้างเสร็จเมื่อไหร่
77000090-n	tha:lemma	อย่างไร
77000090-n	tha:exe	ไม่ว่าพรุ่งนี้จะเป็นอย่างไร  วันนี้เราต้องสู้
80001331-x	tha:lemma	อย่างไร
80001331-x	tha:exe	ไม่ว่าพรุ่งนี้จะเป็นอย่างไร  วันนี้เราต้องสู้
77000104-n	tha:lemma	เมื่อไร
77000104-n	tha:exe	ไม่รู้เมื่อไหร่มารศรีจะมาถึง
04105893-n	tha:lemma	ห้อง
04105893-n	tha:exe	ห้องนี้เป็นห้องของใคร
04105893-n	tha:lemma	อพาร์ทเมนท์
04105893-n	tha:exe	อพาร์ทเมนท์ที่เมืองไทยไม่มีครัว
06415419-n	tha:lemma	สมุด
06415419-n	tha:exe	ลืมเอาสมุดมา
01376705-a	tha:lemma	มีชื่อเสียง
01376705-a	tha:exe	พ่อของวิชัยเป็นนักการเมืองที่มีชื่อเสียง
01375831-a	tha:lemma	มีชื่อเสียง
01375831-a	tha:exe	พ่อของวิชัยเป็นนักการเมืองที่มีชื่อเสียง
00953216-v	tha:lemma	กล่าว
00953216-v	tha:exe	เขาไม่ได้กล่าวถึงเรื่องที่ทุกคนต้องการทราบ
00962447-v	tha:lemma	กล่าว
00962447-v	tha:exe	เขาไม่ได้กล่าวถึงเรื่องที่ทุกคนต้องการทราบ
02935891-n	tha:lemma	โรงอาหาร
02935891-n	tha:exe	ฉันกินข้าวที่โรงอาหารของมหาวิทยาลัยทุกวัน
01984902-v	tha:lemma	นั่ง
01984902-v	tha:exe	เชิญนั่งครับ
00120223-r	tha:lemma	~ไป~ไป
00120223-r	tha:exe	ฉันชอบกินข้าวไปคุยกับเพื่อนไป
00120095-r	tha:lemma	~ไป~ไป
00120095-r	tha:exe	ฉันชอบกินข้าวไปคุยกับเพื่อนไป
02386612-a	tha:lemma	เล็ก
02386612-a	tha:exe	เขาเป็นคนตัวเล็ก
02386612-a	tha:lemma	สั้น
02386612-a	tha:exe	ทำไมตัดผมเสียสั้นเชียว
02345713-a	tha:lemma	เลว
02345713-a	tha:exe	ฉันว่าความคิดของเขาไม่เลวเลยนะ
00478311-a	tha:lemma	เลว
00478311-a	tha:exe	ฉันว่าความคิดของเขาไม่เลวเลยนะ
01174222-a	tha:lemma	เลว
01174222-a	tha:exe	ฉันว่าความคิดของเขาไม่เลวเลยนะ
03025755-n	tha:lemma	ตะเกียบ
03025755-n	tha:exe	ข้าวไทยใช้ตะเกียบกินเหมือนข้าวญี่ปุ่นไม่ได้
15166191-n	tha:lemma	บ่าย
15166191-n	tha:exe	คลินิกนี้เปิดทำการเฉพาะช่วงบ่าย
80000080-n	tha:lemma	เดือนนี้
80000080-n	tha:exe	บริษัทจะจ่ายโบนัสเดือนนี้ พนักงานจึงมีท่าทางร่าเริงแจ่มใส
06624161-n	tha:lemma	จดหมาย
06624161-n	tha:exe	จดหมายจะถึงไวถ้าใส่รหัสไปรษณีย์
01909812-v	tha:lemma	เลี้ยว
01909812-v	tha:exe	เลี้ยวขวาก็จะถึงไปรษณีย์
07929519-n	tha:lemma	กาแฟ
07929519-n	tha:exe	ขอกาแฟหน่อยครับ
01729431-v	tha:lemma	ร้องเพลง
01729431-v	tha:exe	คุณทานากะร้องเพลงเก่งเหมือนนักร้อง
11501381-n	tha:lemma	ฝน
11501381-n	tha:exe	คนในเมืองไม่อยากให้ฝนตกแต่ชาวนารอฝน
07749582-n	tha:lemma	มะนาว
07749582-n	tha:exe	น้ำมะนาวของที่นี่อร่อยมาก
90000511-n	tha:lemma	เมื่อวานซืน
90000511-n	tha:exe	มีคนเก็บของที่ฉันทำหายเมื่อวานซืนมาฝากไว้ที่ฝ่ายบุคคล
00118032-r	tha:lemma	งั้น
00118032-r	tha:exe	ได้เวลาเรียนแล้ว  งั้น ไปก่อนนะ
00118032-r	tha:lemma	งั้น
00118032-r	tha:exe	งั้น พบกันวันจันทร์หน้าก็แล้วกัน
04468005-n	tha:lemma	รถไฟ
04468005-n	tha:exe	รถไฟเมืองไทยวิ่งช้ามาก
77000002-n	tha:lemma	พวกเรา
77000002-n	tha:exe	พวกเราเป็นนักเรียนชาวต่างประเทศครับ
15206296-n	tha:lemma	หนึ่งเดือน
15206296-n	tha:exe	ตอนแรกเข้าจะต้องจ่ายค่าห้องล่วงหน้าหนึ่งเดือน
02834778-n	tha:lemma	รถจักรยาน
02834778-n	tha:exe	ว่ากันว่าที่ประเทศจีน มีรถจักรยานถึงหกสิบล้านคัน
06597466-n	tha:lemma	นิตยสาร
06597466-n	tha:exe	สมหวังนั่งอ่านหนังสืออยู่ที่มุมนิตยสาร
06595351-n	tha:lemma	นิตยสาร
06595351-n	tha:exe	สมหวังนั่งอ่านหนังสืออยู่ที่มุมนิตยสาร
03704210-n	tha:lemma	นิตยสาร
03704210-n	tha:exe	สมหวังนั่งอ่านหนังสืออยู่ที่มุมนิตยสาร
08238463-n	tha:lemma	ชั้นเรียน
08238463-n	tha:exe	เขาเรียนเก่งที่สุดในชั้นเรียน
00050454-v	tha:lemma	ถอด
00050454-v	tha:exe	ถอดเสื้อผ้าแล้วก็ใส่ในตะกร้าด้วยสิ
02649830-v	tha:lemma	อาศัย
02649830-v	tha:exe	พนักงานบริษัทนี้ส่วนใหญ่อาศัยอยู่ชานเมือง
15155891-n	tha:lemma	พรุ่งนี้
15155891-n	tha:exe	พรุ่งนี้พ่อจะกลับบ้าน
04208936-n	tha:lemma	ฝักบัว
04208936-n	tha:exe	ห้องอาบน้ำที่เมืองไทยมีฝักบัว  แต่ไม่มีน้ำอุ่นเหมือนญี่ปุ่น
15213774-n	tha:lemma	เดือนธันวาคม
15213774-n	tha:exe	วันพระราชสมภพของในหลวงตรงกับวันที่ 5 เดือนธันวาคม
00625119-v	tha:lemma	อ่าน
00625119-v	tha:exe	ยังอ่านการ์ตูนอยู่หรือเปล่า
02774152-n	tha:lemma	กระเป๋า
02774152-n	tha:exe	กระเป๋าใบนี้ราคาแพงมาก
02773037-n	tha:lemma	กระเป๋า
02773037-n	tha:exe	กระเป๋าใบนี้ราคาแพงมาก
13250542-n	tha:lemma	เงิน
13250542-n	tha:exe	ระวังอย่าทำเงินหายนะ
13384557-n	tha:lemma	เงิน
13384557-n	tha:exe	ระวังอย่าทำเงินหายนะ
05600637-n	tha:lemma	หน้า
05600637-n	tha:exe	พอน้องคนเล็กเห็นงิ้วหน้าขาวก็ร้องไห้
07597365-n	tha:lemma	ลูกอม
07597365-n	tha:exe	อมลูกอมแล้วต้องแปรงฟันนะจ๊ะ
00024356-r	tha:lemma	ไม่
00024356-r	tha:exe	พรุ่งนี้ไปไหม?  ไม่ค่ะ
03176763-n	tha:lemma	ห้างสรรพสินค้า
03176763-n	tha:exe	ฉันมาซื้อของที่ห้างนี้เป็นประจำ  เพราะอยู่ใกล้บ้าน
01725051-v	tha:lemma	ดีด
01725051-v	tha:exe	ฉันขอให้พี่ชายสอนดีดกีตาร์
03388183-n	tha:lemma	ปากกาหมึกซึม
03388183-n	tha:exe	ปากกาหมึกซึมด้ามนี้ซื้อที่ไหน
77000089-a	tha:lemma	แบบนี้
77000089-a	tha:exe	เขาพูดแบบนี้แสดงว่าไม่เห็นด้วย
15164354-n	tha:lemma	วันพฤหัส
15164354-n	tha:exe	วันพฤหัสนี้ว่างไหม
00056916-r	tha:lemma	เชิญ
00056916-r	tha:exe	เชิญนั่งก่อนครับ
00056916-r	tha:exe	เชิญทางด้านนี้ค่ะ
00816481-a	tha:lemma	ช้า
00816481-a	tha:exe	เขาทำงานช้ามาก
01901186-a	tha:lemma	ช้า
01901186-a	tha:exe	เขาทำงานช้ามาก
04956594-n	tha:lemma	สี
04956594-n	tha:exe	คุณชอบสีอะไรมากที่สุด
04674968-n	tha:lemma	สี
04674968-n	tha:exe	คุณชอบสีอะไรมากที่สุด
07109730-n	tha:lemma	คำ
07109730-n	tha:exe	สำหรับคนญี่ปุ่นคำนี้ออกเสียงยาก
06282651-n	tha:lemma	คำ
06282651-n	tha:exe	สำหรับคนญี่ปุ่นคำนี้ออกเสียงยาก
00121135-r	tha:lemma	นั้น
00121135-r	tha:exe	ถ้าอย่างนั้น คุณก็เป็นญาติกับมารศรีน่ะสิ
04962784-n	tha:lemma	แดง
04962784-n	tha:exe	สีแดงในธงชาติไทยหมายถึงชาติ
03871083-n	tha:lemma	พัสดุ
03871083-n	tha:exe	ต้องการส่งพัสดุแบบเก็บเงินปลายทางค่ะ
02774630-n	tha:lemma	พัสดุ
02774630-n	tha:exe	ต้องการส่งพัสดุแบบเก็บเงินปลายทางค่ะ
07891726-n	tha:lemma	เหล้า
07891726-n	tha:exe	ทั้งคนไทยและคนญี่ปุ่น ชอบดื่มเหล้าเหมือนกัน
07891726-n	tha:lemma	เหล้า
07891726-n	tha:lemma	ไวน์
07891726-n	tha:exe	เขาไม่ดื่มเหล้าแต่ดื่มไวน์
07884567-n	tha:lemma	เหล้า
07884567-n	tha:exe	ทั้งคนไทยและคนญี่ปุ่น ชอบดื่มเหล้าเหมือนกัน
07884567-n	tha:lemma	เหล้า
07884567-n	tha:lemma	ไวน์
07884567-n	tha:exe	เขาไม่ดื่มเหล้าแต่ดื่มไวน์
07891433-n	tha:lemma	เหล้า
07891433-n	tha:exe	ทั้งคนไทยและคนญี่ปุ่น ชอบดื่มเหล้าเหมือนกัน
07891433-n	tha:lemma	เหล้า
07891433-n	tha:lemma	ไวน์
07891433-n	tha:exe	เขาไม่ดื่มเหล้าแต่ดื่มไวน์
15164463-n	tha:lemma	วันศุกร์
15164463-n	tha:exe	ร้านอาหารข้างบริษัทจะลดราคาทุกเย็นวันศุกร์
03581125-n	tha:lemma	สี่แยก
03581125-n	tha:exe	กรุณาเลี้ยวซ้ายที่สี่แยกหน้า
02410393-a	tha:lemma	หนา
02410393-a	tha:exe	แฮร์รี่พ็อตเตอร์เป็นหนังสือเด็กที่หนาที่สุดที่ฉันเคยเห็น
02410393-a	tha:lemma	อ้วน
02410393-a	tha:exe	สาวๆสมัยนี้ไม่ค่อยอ้วนแต่ก็ยังกลัวอ้วนอยู่
02415390-a	tha:lemma	หนา
02415390-a	tha:exe	แฮร์รี่พ็อตเตอร์เป็นหนังสือเด็กที่หนาที่สุดที่ฉันเคยเห็น
02756821-v	tha:lemma	ฝนตก
02756821-v	tha:exe	ฝนตกทีไร รถติดทุกที
02529264-a	tha:lemma	อุ่น
02529264-a	tha:exe	พอเข้าเดือนมีนาคมอากาศก็เริ่มอุ่น
01546111-v	tha:lemma	ยืน
01546111-v	tha:exe	ทุกท่าน โปรดยืนขึ้น
10142747-n	tha:lemma	ย่า
10142747-n	tha:lemma	ยาย
10142747-n	tha:exe	ฉันชอบขอให้ย่า (ยาย) เล่าเรื่องกรุงเทพฯ สมัยก่อนให้ฟัง
07679356-n	tha:lemma	ขนมปัง
07679356-n	tha:exe	ฉันทำขนมปังเป็น
03259505-n	tha:lemma	บ้าน
03259505-n	tha:exe	บ้านสร้างเสร็จเมื่อไหร่
03544360-n	tha:lemma	บ้าน
03544360-n	tha:exe	บ้านสร้างเสร็จเมื่อไหร่
03544360-n	tha:lemma	บ้าน
03544360-n	tha:exe	อยากกลับบ้านเร็วๆ
08559508-n	tha:lemma	บ้าน
08559508-n	tha:exe	บ้านสร้างเสร็จเมื่อไหร่
08559508-n	tha:lemma	บ้าน
08559508-n	tha:exe	อยากกลับบ้านเร็วๆ
15210486-n	tha:lemma	เดือนกุมภาพันธ์
15210486-n	tha:exe	เดือนกุมภาพันธ์เป็นเดือนแห่งความรัก
15167349-n	tha:lemma	กลางคืน
15167349-n	tha:exe	พ่อแม่ฉันห้ามไปเที่ยวตอนกลางคืน
15155747-n	tha:lemma	กลางคืน
15155747-n	tha:exe	พ่อแม่ฉันห้ามไปเที่ยวตอนกลางคืน
15167027-n	tha:lemma	กลางคืน
15167027-n	tha:exe	พ่อแม่ฉันห้ามไปเที่ยวตอนกลางคืน
15167027-n	tha:lemma	เมื่อวานเย็น
15167027-n	tha:exe	เมื่อวานเย็นไปกินข้าวกับเพื่อน
15167474-n	tha:lemma	กลางคืน
15167474-n	tha:exe	พ่อแม่ฉันห้ามไปเที่ยวตอนกลางคืน
03438257-n	tha:lemma	แก้ว
03438257-n	tha:exe	ลูกตกใจทำแก้วแตก
08613593-n	tha:lemma	นอก
08613593-n	tha:exe	ปกติแล้วคนไทยมักถอดรองเท้าวางไว้นอกบ้าน
03338821-n	tha:lemma	ฟิล์ม
03338821-n	tha:exe	กล้องแบบใช้ฟิล์มหาซื้อยากแล้ว 
06613686-n	tha:lemma	ฟิล์ม
06613686-n	tha:exe	กล้องแบบใช้ฟิล์มหาซื้อยากแล้ว 
06613686-n	tha:lemma	หนัง
06613686-n	tha:exe	หนังไทยสมัยนี้ดีขึ้นมากๆ
06262567-n	tha:lemma	ฟิล์ม
06262567-n	tha:exe	กล้องแบบใช้ฟิล์มหาซื้อยากแล้ว 
04096066-n	tha:lemma	ถนน
04096066-n	tha:exe	ฉันไม่กล้าเดินถนนคนเดียวตอนกลางคืน
15212739-n	tha:lemma	เดือนกันยายน
15212739-n	tha:exe	เขาเกิดเดือนกันยายน เป็นคนราศีกันย์
77000079-a	tha:lemma	นั้น
77000079-a	tha:exe	ฉันดูหนังเรื่องนั้นตั้งสามรอบ
14524198-n	tha:lemma	เมฆมาก
14524198-n	tha:exe	อากาศวันนี้จะมีเมฆมาก
13828795-n	tha:lemma	แนวตั้ง
13828795-n	tha:exe	วางแนวตั้งดีกว่าไหม
00543233-n	tha:lemma	ดนตรี
00543233-n	tha:exe	ทุกคนในครอบครัวคุณยามาดะเล่นดนตรีเป็น
05718556-n	tha:lemma	ดนตรี
05718556-n	tha:exe	ทุกคนในครอบครัวคุณยามาดะเล่นดนตรีเป็น
05718935-n	tha:lemma	ดนตรี
05718935-n	tha:exe	ทุกคนในครอบครัวคุณยามาดะเล่นดนตรีเป็น
07020895-n	tha:lemma	ดนตรี
07020895-n	tha:exe	ทุกคนในครอบครัวคุณยามาดะเล่นดนตรีเป็น
00409709-r	tha:lemma	ใกล้
00409709-r	tha:exe	บ้านฉันอยู่ใกล้กับโรงเรียน
08641113-n	tha:lemma	ใกล้
08641113-n	tha:exe	บ้านฉันอยู่ใกล้กับโรงเรียน
03112099-n	tha:lemma	ระเบียงทางเดิน
03112099-n	tha:exe	นักเรียนยืนคุยกันอยู่ที่ระเบียงทางเดิน
03661043-n	tha:lemma	ห้องสมุด
03661043-n	tha:exe	แถวนี้ ห้องสมุดที่อยู่ใกล้ที่สุดอยู่ที่ไหน
07840804-n	tha:lemma	ไข่
07840804-n	tha:exe	กินไข่ทุกวันจนหน้าจะเหมือนไข่แล้ว
90000502-n	tha:lemma	ปีนี้
90000502-n	tha:exe	ฉันตั้งเป้าหมายว่าปีนี้จะไม่ตื่นสาย
03908204-n	tha:lemma	ดินสอ
03908204-n	tha:exe	พี่ชายฉันซื้อดินสอให้ฉันบ่อยๆ
14796748-n	tha:lemma	ดินสอ
14796748-n	tha:exe	พี่ชายฉันซื้อดินสอให้ฉันบ่อยๆ
05282433-n	tha:lemma	ฟัน
05282433-n	tha:exe	ปวดฟันแต่ไม่อยากไปหาหมอ
05282746-n	tha:lemma	ฟัน
05282746-n	tha:exe	ปวดฟันแต่ไม่อยากไปหาหมอ
01649720-a	tha:lemma	อ่อน
01649720-a	tha:exe	แฟนอ่อนกว่าผมสามปี
01646941-a	tha:lemma	อ่อน
01646941-a	tha:exe	แฟนอ่อนกว่าผมสามปี
00514884-a	tha:lemma	กลาง
00514884-a	tha:exe	ผู้จัดการสภาพร่างกายไม่แข็งแรง ล้มกลางที่ประชุม
00988232-a	tha:lemma	ผอม
00988232-a	tha:exe	ผู้ชายญี่ปุ่นผอมมาก
01029368-v	tha:lemma	ชื่อ
01029368-v	tha:exe	สวัสดีครับ   ผมชื่อสมชายครับ
77000084-n	tha:lemma	ที่ไหน
77000084-n	tha:exe	ที่ไหนที่คุณอยากไปเที่ยวมากที่สุด
00220082-a	tha:lemma	สวย
00220082-a	tha:exe	ลูกสาวของผมสวยที่สุดในโลก
01586342-a	tha:lemma	สวย
01586342-a	tha:exe	ลูกสาวของผมสวยที่สุดในโลก
01586342-a	tha:lemma	ดี
01586342-a	tha:exe	ของดีมักมีราคาแพง
01346003-v	tha:lemma	เปิด
01346003-v	tha:exe	ร้านนี้เปิดถึงกี่ทุ่ม
09853467-n	tha:lemma	พี่ชาย
09853467-n	tha:exe	พี่ชายฉันอยากเป็นนักฟุตบอลมาตั้งแต่เด็ก
09853467-n	tha:lemma	พี่ชาย
09853467-n	tha:exe	ฉันแอบปลื้มพี่ชายของเพื่อนสนิท
03102654-n	tha:lemma	ตู้เย็น
03102654-n	tha:exe	ตู้เย็นของฉันเก่าแล้ว
03273913-n	tha:lemma	ตู้เย็น
03273913-n	tha:exe	ตู้เย็นของฉันเก่าแล้ว
02399595-a	tha:lemma	ไม่อร่อย
02399595-a	tha:exe	ปกติต้มยำกุ้งร้านนี้อร่อยมาก  แต่วันนี้ไม่อร่อยเลย
01716971-a	tha:lemma	ไม่อร่อย
01716971-a	tha:exe	ปกติต้มยำกุ้งร้านนี้อร่อยมาก  แต่วันนี้ไม่อร่อยเลย
07845335-n	tha:lemma	นม
07845335-n	tha:exe	ดื่มนมเยอะๆ  จะทำให้ร่างกายแข็งแรง
07844042-n	tha:lemma	นม
07844042-n	tha:exe	ดื่มนมเยอะๆ  จะทำให้ร่างกายแข็งแรง
10780632-n	tha:lemma	ภรรยา
10780632-n	tha:exe	ภรรยาคุณวิชัยไม่ใช่คนไทย
10780632-n	tha:lemma	ภรรยา
10780632-n	tha:exe	ภรรยาผมเป็นครูสอนภาษาไทย
08625462-n	tha:lemma	ซ้าย
08625462-n	tha:exe	คนไทยที่ถนัดซ้าย  จะถือช้อนด้วยมือซ้าย
90000508-n	tha:lemma	สัปดาห์หน้า
90000508-n	tha:exe	สัปดาห์หน้าที่โรงเรียนจะมีการแข่งขันกีฬา
01848718-v	tha:lemma	ไป
01848718-v	tha:exe	อยากไปเที่ยวเมืองไทย
06518719-n	tha:lemma	ตั๋ว
06518719-n	tha:exe	รีบไปจองตั๋วกันเถอะ
01470670-v	tha:lemma	พบ
01470670-v	tha:exe	ผมจะแวะไปพบอาจารย์สักหน่อย
02428924-v	tha:lemma	พบ
02428924-v	tha:exe	ผมจะแวะไปพบอาจารย์สักหน่อย
10285313-n	tha:lemma	เด็กผู้ชาย
10285313-n	tha:exe	เกมนี้กำลังเป็นที่นิยมของเด็กผู้ชาย
03542333-n	tha:lemma	โรงแรม
03542333-n	tha:exe	แถวนี้มีโรงแรมราคาถูกหลายแห่ง
02913152-n	tha:lemma	อาคาร
02913152-n	tha:exe	สำนักงานของเขาอยู่ที่อาคารแถวสีลมค่ะ
07649854-n	tha:lemma	เนื้อ
07649854-n	tha:exe	แกงนี้ใส่เนื้ออะไร
09397391-n	tha:lemma	สระ
09397391-n	tha:exe	อย่าทิ้งขยะลงในสระ
07935152-n	tha:lemma	ชาฝรั่ง
07935152-n	tha:exe	ชาเขียวที่ขายในเมืองไทยหวานมาก
03082979-n	tha:lemma	คอมพิวเตอร์
03082979-n	tha:exe	เดี๋ยวนี้ถ้าขาดคอมพิวเตอร์ก็แทบจะทำงานไม่ได้
00312553-n	tha:lemma	การท่องเที่ยว
00312553-n	tha:exe	งานอดิเรกของเขา คือการท่องเที่ยว
04043733-n	tha:lemma	วิทยุ
04043733-n	tha:exe	ตาชอบฟังข่าวจากวิทยุมากกว่าดูข่าวโทรทัศน์
01442186-a	tha:lemma	สั้น
01442186-a	tha:exe	ทำไมตัดผมเสียสั้นเชียว
01436003-a	tha:lemma	สั้น
01436003-a	tha:exe	ทำไมตัดผมเสียสั้นเชียว
01442826-a	tha:lemma	สั้น
01442826-a	tha:exe	ทำไมตัดผมเสียสั้นเชียว
14513694-n	tha:lemma	ครอบครัว
14513694-n	tha:exe	ครอบครัวของเขาอบอุ่นมาก
02808440-n	tha:lemma	ห้องอาบน้ำ
02808440-n	tha:exe	บ้านนี้มีห้องอาบน้ำทั้งชั้นบนและชั้นล่าง
02807731-n	tha:lemma	ห้องอาบน้ำ
02807731-n	tha:exe	บ้านนี้มีห้องอาบน้ำทั้งชั้นบนและชั้นล่าง
15274074-n	tha:lemma	พัก
15274074-n	tha:exe	พักร้อนนี้จะไปเที่ยวที่ไหน
15183428-n	tha:lemma	พัก
15183428-n	tha:exe	พักร้อนนี้จะไปเที่ยวที่ไหน
15137890-n	tha:lemma	พัก
15137890-n	tha:exe	พักร้อนนี้จะไปเที่ยวที่ไหน
00027918-r	tha:lemma	ยัง
00027918-r	tha:exe	กับข้าวยังไม่เสร็จแต่ฉันหิวแล้ว
00031304-r	tha:lemma	ยัง
00031304-r	tha:exe	กับข้าวยังไม่เสร็จแต่ฉันหิวแล้ว
03925226-n	tha:lemma	รูปถ่าย
03925226-n	tha:exe	แฟนขอดูรูปถ่ายสมัยเด็กๆ ของผม
03931044-n	tha:lemma	รูปถ่าย
03931044-n	tha:exe	แฟนขอดูรูปถ่ายสมัยเด็กๆ ของผม
04248607-n	tha:lemma	รูปถ่าย
04248607-n	tha:exe	แฟนขอดูรูปถ่ายสมัยเด็กๆ ของผม
15164233-n	tha:lemma	วันพุธ
15164233-n	tha:exe	หมอมาฉีดวัคซีนให้นักเรียนเมื่อวันพุธที่แล้ว
11524662-n	tha:lemma	อากาศ
11524662-n	tha:exe	ช่วงนี้อากาศเปลี่ยนแปลงบ่อย รักษาสุขภาพด้วยนะคะ
07193184-n	tha:lemma	คำถาม
07193184-n	tha:exe	มีคำถามอะไรไหม
07196682-n	tha:lemma	คำถาม
07196682-n	tha:exe	มีคำถามอะไรไหม
05797597-n	tha:lemma	คำถาม
05797597-n	tha:exe	มีคำถามอะไรไหม
07193596-n	tha:lemma	คำถาม
07193596-n	tha:exe	มีคำถามอะไรไหม
01904930-v	tha:lemma	เดิน
01904930-v	tha:exe	แก้วใจเดินออกกำลังกายวันละสองชั่วโมง เพื่อลดความอ้วน
03383948-n	tha:lemma	ส้อม
03383948-n	tha:exe	เวลากินส้มตำ  ใช้ส้อมสะดวกกว่าใช้ช้อน
08286569-n	tha:lemma	มหาวิทยาลัย
08286569-n	tha:exe	มหาวิทยาลัยของฉันเป็นมหาวิทยาลัยที่เก่าแก่ที่สุดในประเทศไทย
08286163-n	tha:lemma	มหาวิทยาลัย
08286163-n	tha:exe	มหาวิทยาลัยของฉันเป็นมหาวิทยาลัยที่เก่าแก่ที่สุดในประเทศไทย
08278169-n	tha:lemma	มหาวิทยาลัย
08278169-n	tha:exe	มหาวิทยาลัยของฉันเป็นมหาวิทยาลัยที่เก่าแก่ที่สุดในประเทศไทย
01000214-v	tha:lemma	เขียน
01000214-v	tha:exe	ตอนมาอยู่ต่างประเทศใหม่ๆ ฉันเขียนจดหมายถึงทางบ้านทุกอาทิตย์
02471690-v	tha:lemma	เขียน
02471690-v	tha:exe	ตอนมาอยู่ต่างประเทศใหม่ๆ ฉันเขียนจดหมายถึงทางบ้านทุกอาทิตย์
01020356-v	tha:lemma	เขียน
01020356-v	tha:exe	ตอนมาอยู่ต่างประเทศใหม่ๆ ฉันเขียนจดหมายถึงทางบ้านทุกอาทิตย์
01691057-v	tha:lemma	เขียน
01691057-v	tha:exe	ตอนมาอยู่ต่างประเทศใหม่ๆ ฉันเขียนจดหมายถึงทางบ้านทุกอาทิตย์
01698271-v	tha:lemma	เขียน
01698271-v	tha:exe	ตอนมาอยู่ต่างประเทศใหม่ๆ ฉันเขียนจดหมายถึงทางบ้านทุกอาทิตย์
01020934-v	tha:lemma	เขียน
01020934-v	tha:exe	ตอนมาอยู่ต่างประเทศใหม่ๆ ฉันเขียนจดหมายถึงทางบ้านทุกอาทิตย์
00993014-v	tha:lemma	เขียน
00993014-v	tha:exe	ตอนมาอยู่ต่างประเทศใหม่ๆ ฉันเขียนจดหมายถึงทางบ้านทุกอาทิตย์
03822171-n	tha:lemma	หนังสือพิมพ์
03822171-n	tha:exe	ที่บ้านรับหนังสือพิมพ์อะไรครับ
06267145-n	tha:lemma	หนังสือพิมพ์
06267145-n	tha:exe	ที่บ้านรับหนังสือพิมพ์อะไรครับ
14961722-n	tha:lemma	หนังสือพิมพ์
14961722-n	tha:exe	ที่บ้านรับหนังสือพิมพ์อะไรครับ
07197021-n	tha:lemma	สอบ
07197021-n	tha:exe	สอบวันนี้เป็นยังไงบ้าง
00158309-r	tha:lemma	พอดี
00158309-r	tha:exe	สมชายมาถึงตามเวลานัดพอดี
00002621-r	tha:lemma	พอดี
00002621-r	tha:exe	สมชายมาถึงตามเวลานัดพอดี
00002950-r	tha:lemma	พอดี
00002950-r	tha:exe	สมชายมาถึงตามเวลานัดพอดี
13714184-n	tha:lemma	องศา
13714184-n	tha:exe	สมชายมีไข้สูงตั้งสามสิบเก้าองศา
00119568-n	tha:lemma	บิน
00119568-n	tha:exe	นกเพนกวินจัดเป็นสัตว์ประเภทนก  แต่บินไม่ได้
08145553-n	tha:lemma	ที่ทำการไปรษณีย์
08145553-n	tha:exe	ที่ทำการไปรษณีย์งดให้บริการโทรเลขตั้งแต่ปีที่แล้ว 
15237044-n	tha:lemma	ฤดูใบไม้ผลิ
15237044-n	tha:exe	ฉันชอบฤดูใบไม้ผลิมากเพราะอากาศอบอุ่น
01270199-v	tha:lemma	ซักผ้า
01270199-v	tha:exe	ฉันซักผ้าทุกวัน
06505517-n	tha:lemma	สำเนา
06505517-n	tha:exe	มีสำเนาวิทยานิพนธ์ของอาจารย์สมชายไหม
15166462-n	tha:lemma	เย็น
15166462-n	tha:exe	รายการโทรทัศน์ที่ฉันชอบออกอากาศตอนเย็น
15166462-n	tha:lemma	เมื่อวานเย็น
15166462-n	tha:exe	เมื่อวานเย็นไปกินข้าวกับเพื่อน
01343918-a	tha:lemma	สนุก
01343918-a	tha:exe	หนังสือเล่มนี้สนุกจนวางไม่ลง
01344344-a	tha:lemma	สนุก
01344344-a	tha:exe	หนังสือเล่มนี้สนุกจนวางไม่ลง
01344344-a	tha:lemma	สนุก
01344344-a	tha:exe	คนไทยส่วนใหญ่สนุกกับการพูดคุยบนโต๊ะอาหาร
01265308-a	tha:lemma	สนุก
01265308-a	tha:exe	หนังสือเล่มนี้สนุกจนวางไม่ลง
01344485-a	tha:lemma	สนุก
01344485-a	tha:exe	หนังสือเล่มนี้สนุกจนวางไม่ลง
00067045-r	tha:lemma	ก่อน
00067045-r	tha:exe	ขอตัวกลับก่อนนะคะ
00067265-r	tha:lemma	ก่อน
00067265-r	tha:exe	ขอตัวกลับก่อนนะคะ
90000515-n	tha:lemma	มะรืน
90000515-n	tha:exe	มะลิจะจัดพิธีแต่งงานที่โรงแรมสยามมะรืนนี้
01296462-v	tha:lemma	ติด
01296462-v	tha:exe	พรุ่งนี้จะติดผ้าม่านใหม่
01801029-a	tha:lemma	สนุก
01801029-a	tha:exe	คนไทยส่วนใหญ่สนุกกับการพูดคุยบนโต๊ะอาหาร
03906997-n	tha:lemma	ปากกา
03906997-n	tha:exe	เพื่อนขอยืมปากกาฉันไปแล้วไม่คืน
77000095-n	tha:lemma	ท่านไหน
77000095-n	tha:exe	ไม่ทราบว่าคุณสมชายคือท่านไหนคะ
77000095-n	tha:lemma	ใคร
77000095-n	tha:exe	ใครเป็นคนแต่งเพลงนี้
90000500-n	tha:lemma	สองปีที่แล้ว
90000500-n	tha:exe	เขามาเที่ยวที่นี่เมื่อสองปีที่แล้ว
03221720-n	tha:lemma	ประตู
03221720-n	tha:exe	ถ้าบ้านฉันมีประตูอัตโนมัติ  ก็คงดี
03221720-n	tha:lemma	ประตู
03221720-n	tha:exe	ก่อนออกจากบ้านอย่าลืมปิดประตูนะ
00050681-r	tha:lemma	ไม่มี
00050681-r	tha:exe	มีคำถามไหม  ไม่มี
00024587-r	tha:lemma	ไม่มี
00024587-r	tha:exe	มีคำถามไหม  ไม่มี
77000012-n	tha:lemma	ดิฉัน
77000012-n	tha:lemma	ผม
77000012-n	tha:exe	ดิฉันเป็นคนไทยเชื้อสายจีนค่ะ
77000015-n	tha:lemma	ดิฉัน
77000015-n	tha:lemma	ผม
77000015-n	tha:exe	ดิฉันเป็นคนไทยเชื้อสายจีนค่ะ
01344963-a	tha:lemma	น่าเบื่อ
01344963-a	tha:exe	หนังเรื่องนี้น่าเบื่อจนคนดูหลับไปหลายคน
01170052-v	tha:lemma	ดื่ม
01170052-v	tha:exe	ไม่เข้าใจว่า ทำไมผู้ใหญ่ชอบดื่มกาแฟขมๆ
03282295-n	tha:lemma	สถานทูต
03282295-n	tha:exe	สถานทูตญี่ปุ่นประจำประเทศไทยอยู่แถวถนนวิทยุ
14145501-n	tha:lemma	หวัด
14145501-n	tha:exe	ช่วงนี้อากาศหนาวแล้ว ระวังจะเป็นหวัดนะ
06796119-n	tha:lemma	แสตมป์
06796119-n	tha:exe	ถ้าจะส่งจดหมายภายในประเทศต้องติดแสตมป์สามบาท
07775375-n	tha:lemma	ปลา
07775375-n	tha:exe	คนญี่ปุ่นกินปลามากกว่าคนไทย
02512053-n	tha:lemma	ปลา
02512053-n	tha:exe	คนญี่ปุ่นกินปลามากกว่าคนไทย
01586866-a	tha:lemma	ดี
01586866-a	tha:exe	ของดีมักมีราคาแพง
01048762-a	tha:lemma	ดี
01048762-a	tha:exe	ของดีมักมีราคาแพง
00067638-a	tha:lemma	ดี
00067638-a	tha:exe	ของดีมักมีราคาแพง
01993408-a	tha:lemma	ดี
01993408-a	tha:exe	ของดีมักมีราคาแพง
01171213-a	tha:lemma	ดี
01171213-a	tha:exe	ของดีมักมีราคาแพง
01800349-a	tha:lemma	ดี
01800349-a	tha:exe	ของดีมักมีราคาแพง
01123148-a	tha:lemma	ดี
01123148-a	tha:exe	ของดีมักมีราคาแพง
00064787-a	tha:lemma	ดี
00064787-a	tha:exe	ของดีมักมีราคาแพง
00850183-a	tha:lemma	ดี
00850183-a	tha:exe	ของดีมักมีราคาแพง
01129977-a	tha:lemma	ดี
01129977-a	tha:exe	ของดีมักมีราคาแพง
01586752-a	tha:lemma	ดี
01586752-a	tha:exe	ของดีมักมีราคาแพง
04588365-n	tha:lemma	หน้าต่าง
04588365-n	tha:exe	ห้องนี้มีหน้าต่างหลายบาน ทำให้อากาศถ่ายเทสะดวก
04587648-n	tha:lemma	หน้าต่าง
04587648-n	tha:exe	ห้องนี้มีหน้าต่างหลายบาน ทำให้อากาศถ่ายเทสะดวก
05216365-n	tha:lemma	ตัว
05216365-n	tha:exe	น้องชายวิ่งตากฝนจนตัวเปียกปอน
76100002-x	tha:lemma	เล่ม
76100002-x	tha:exe	ครั้งหนึ่ง  ยืมหนังสือได้มากที่สุดกี่เล่ม
76100002-x	tha:lemma	แผ่น
76100002-x	tha:exe	แผ่นละเท่าไหร่คะ
04967191-n	tha:lemma	เขียว
04967191-n	tha:exe	ไฟเขียวแล้ว ออกรถสิ
80001047-v	tha:lemma	ตาย
80001047-v	tha:exe	ถึงฉันตายไปก็คงไม่มีใครเสียใจ
03497657-n	tha:lemma	หมวก
03497657-n	tha:exe	เด็กผู้หญิงใส่หมวกแดงคนนั้นน่ารัก
15129927-n	tha:lemma	นาฬิกา
15129927-n	tha:exe	นายกรัฐมนตรีคนใหม่จะแถลงข่าวในเวลา 12 นาฬิกาของวันนี้
06359877-n	tha:lemma	ประโยค
06359877-n	tha:exe	ครูสั่งการบ้านนักเรียนให้แปลประโยคภาษาไทยเป็นภาษาญี่ปุ่น
00546389-n	tha:lemma	เพลง
00546389-n	tha:exe	ตอนเด็กๆ แม่ร้องเพลงกล่อมฉันทุกคืน
07048000-n	tha:lemma	เพลง
07048000-n	tha:exe	ตอนเด็กๆ แม่ร้องเพลงกล่อมฉันทุกคืน
01754737-v	tha:lemma	ตัด
01754737-v	tha:exe	ไปตัดผมทรงใหม่มาเหรอ
07447641-n	tha:lemma	ปาร์ตี้
07447641-n	tha:exe	ระยะนี้มีปาร์ตี้กับเพื่อนทุกสัปดาห์เลย
01842204-v	tha:lemma	ออกไปข้างนอก
01842204-v	tha:exe	ดึกแล้ว อย่าออกไปข้างนอกดีกว่า
04241394-n	tha:lemma	รองเท้าแตะ
04241394-n	tha:exe	ที่เมืองไทยไม่ใส่รองเท้าแตะในบ้านเหมือนกับที่ญี่ปุ่น
05301908-n	tha:lemma	ปาก
05301908-n	tha:exe	อ้าปากกว้างๆหน่อยครับ
02440250-n	tha:lemma	มือ
02440250-n	tha:exe	ไหน แบมือสิ จะดูลายมือให้
09823502-n	tha:lemma	ป้า
09823502-n	tha:lemma	น้า
09823502-n	tha:exe	บ้านป้า (น้า) ของฉันอยู่ริมทะเล
10193967-n	tha:lemma	สามี
10193967-n	tha:exe	สามีดิฉันเป็นคนเงียบๆ
15213406-n	tha:lemma	เดือนพฤศจิกายน
15213406-n	tha:exe	เดือนพฤศจิกายนมีเทศกาลลอยกระทง
06277280-n	tha:lemma	โทรทัศน์
06277280-n	tha:exe	วันนี้จะไปซื้อโทรทัศน์ใหม่
13831176-n	tha:lemma	เหนือ
13831176-n	tha:exe	ตั้งแต่จังหวัดนครสวรรค์ขึ้นไปเราถือว่าเป็นภาคเหนือ
06964901-n	tha:lemma	ภาษาฝรั่งเศส
06964901-n	tha:exe	ฉันเคยเรียนภาษาฝรั่งเศสนิดหน่อย
01318741-a	tha:lemma	เจ็บ
01318741-a	tha:exe	ร้องคาราโอเกะมากจนเจ็บคอ 
01712753-a	tha:lemma	เจ็บ
01712753-a	tha:exe	ร้องคาราโอเกะมากจนเจ็บคอ 
05395690-n	tha:lemma	ท้อง
05395690-n	tha:exe	กินอาหารรสเผ็ดมากเกินไปจะทำให้ปวดท้อง
05395690-n	tha:exe	ไม่เคยปวดท้องมากแบบนี้มาก่อนเลย 
05556943-n	tha:lemma	ท้อง
05556943-n	tha:exe	กินอาหารรสเผ็ดมากเกินไปจะทำให้ปวดท้อง
05556943-n	tha:exe	ไม่เคยปวดท้องมากแบบนี้มาก่อนเลย 
02324478-v	tha:lemma	เติม
02324478-v	tha:exe	เขาเติมน้ำปลาลงในก๋วยเตี๋ยว
00640828-v	tha:lemma	เติม
00640828-v	tha:exe	เขาเติมน้ำปลาลงในก๋วยเตี๋ยว
00182406-v	tha:lemma	เติม
00182406-v	tha:exe	เขาเติมน้ำปลาลงในก๋วยเตี๋ยว
00749230-a	tha:lemma	ง่าย
00749230-a	tha:exe	การเรียนภาษาญี่ปุ่น ไม่ใช่เรื่องง่ายสำหรับคนไทย
14061805-n	tha:lemma	โรค
14061805-n	tha:exe	โรคนี้ยังไม่มีวิธีรักษา
14055408-n	tha:lemma	โรค
14055408-n	tha:exe	โรคนี้ยังไม่มีวิธีรักษา
14473054-n	tha:lemma	โรค
14473054-n	tha:exe	โรคนี้ยังไม่มีวิธีรักษา
10399491-n	tha:lemma	พ่อแม่
10399491-n	tha:exe	พ่อแม่ทุกคนอยากให้ลูกของตัวเองมีความสุข
13833375-n	tha:lemma	ใต้
13833375-n	tha:exe	ปัญหาการก่อการร้ายที่ภาคใต้ยังเป็นเรื่องน่าหนักใจ
02472293-n	tha:lemma	คน
02472293-n	tha:exe	คนที่ยืนตรงใคร
02472293-n	tha:lemma	คน
02472293-n	tha:exe	สมัยก่อนวัดเป็นศูนย์กลางของคนในชุมชน
15212167-n	tha:lemma	เดือนกรกฎาคม
15212167-n	tha:exe	เทศกาลทานาบาตะของญี่ปุ่นตรงกับวันที่ 7 เดือนกรกฎาคม
00442917-a	tha:lemma	ไกล
00442917-a	tha:exe	บ้านผมอยู่ไกลจากสถานี
01421622-v	tha:lemma	ใส่
01421622-v	tha:exe	เวลาดื่มกาแฟคนไทยมักใส่นมข้นและน้ำตาลเยอะมาก
03398467-n	tha:lemma	หน้า
03398467-n	tha:exe	น่าจะตัดผมข้างหน้าให้สั้นกว่านี้หน่อย
00964768-a	tha:lemma	เบา
00964768-a	tha:exe	ปิดประตูรถเบาๆหน่อย
02324397-a	tha:lemma	เบา
02324397-a	tha:exe	ปิดประตูรถเบาๆหน่อย
00709215-a	tha:lemma	เบา
00709215-a	tha:exe	ปิดประตูรถเบาๆหน่อย
02040233-a	tha:lemma	เบา
02040233-a	tha:exe	ปิดประตูรถเบาๆหน่อย
02040049-a	tha:lemma	เบา
02040049-a	tha:exe	ปิดประตูรถเบาๆหน่อย
00254978-r	tha:lemma	ทุกเดือน
00254978-r	tha:exe	ภาษีจะถูกหักจากเงินเดือนโดยอัตโนมัติทุกเดือน
77000091-n	tha:lemma	แบบไหน
77000091-n	tha:exe	ปายเป็นเมืองแบบไหน 
06605897-n	tha:lemma	ความหมาย
06605897-n	tha:exe	ดอกกุหลาบแต่ละสีมีความหมายต่างกัน
05919866-n	tha:lemma	ความหมาย
05919866-n	tha:exe	ดอกกุหลาบแต่ละสีมีความหมายต่างกัน
06601327-n	tha:lemma	ความหมาย
06601327-n	tha:exe	ดอกกุหลาบแต่ละสีมีความหมายต่างกัน
04059701-n	tha:lemma	หลัง
04059701-n	tha:exe	เขาผมยาว  มองจากข้างหลังแล้ว  นึกว่าเป็นผู้หญิง
02767665-n	tha:lemma	หลัง
02767665-n	tha:exe	เขาผมยาว  มองจากข้างหลังแล้ว  นึกว่าเป็นผู้หญิง
03540595-n	tha:lemma	โรงพยาบาล
03540595-n	tha:exe	พ่อล้มป่วยต้องเข้าโรงพยาบาล
08054417-n	tha:lemma	โรงพยาบาล
08054417-n	tha:exe	พ่อล้มป่วยต้องเข้าโรงพยาบาล
05311054-n	tha:lemma	ตา
05311054-n	tha:exe	พอเห็นของขวัญลูกสาวก็ดีใจทำตาโต
05316025-n	tha:lemma	ตา
05316025-n	tha:exe	พอเห็นของขวัญลูกสาวก็ดีใจทำตาโต
02871439-n	tha:lemma	ตู้หนังสือ
02871439-n	tha:exe	ในตู้หนังสือ มีหนังสือวางเรียงอยู่อย่างเป็นระเบียบ
01186408-a	tha:lemma	เบา
01186408-a	tha:exe	มือถือสมัยนี้บางและเบาทั้งนั้น
04049098-n	tha:lemma	สถานี
04049098-n	tha:exe	สถานีหัวลำโพงไปยังไงครับ
03030663-n	tha:lemma	บุหรี่
03030663-n	tha:exe	ที่นี่เป็นเขตปลอดบุหรี่
02230772-v	tha:lemma	ส่ง
02230772-v	tha:exe	ส่งเกลือให้หน่อย
90000504-n	tha:lemma	สองปีหน้า
90000504-n	tha:exe	ฉันเข้าเรียนปริญญาโทในปีนี้ สองปีหน้าก็จะเรียนจบ
00729108-n	tha:lemma	การบ้าน
00729108-n	tha:exe	ฉันไม่เคยลืมทำการบ้านเลย
03815615-n	tha:lemma	เนคไท
03815615-n	tha:exe	พนักงานบริษัทในเมืองไทยไม่ต้องผูกเนคไทไปทำงานก็ได้
07596684-n	tha:lemma	ขนม
07596684-n	tha:exe	ขนมญี่ปุ่นมักใช้ถั่วแดงทำ
05560787-n	tha:lemma	ขา
05560787-n	tha:exe	เดินทั้งวันจนเมื่อยขา
05560787-n	tha:lemma	ขา
05560787-n	tha:exe	ยืนทั้งวันจนเมื่อยขาไปหมดแล้ว
05563266-n	tha:lemma	ขา
05563266-n	tha:exe	เดินทั้งวันจนเมื่อยขา
05563266-n	tha:lemma	ขา
05563266-n	tha:exe	ยืนทั้งวันจนเมื่อยขาไปหมดแล้ว
15211189-n	tha:lemma	เดือนเมษายน
15211189-n	tha:exe	ปีใหม่ของไทยเริ่มตั้งแต่เดือนเมษายน
02310007-v	tha:lemma	คืน
02310007-v	tha:exe	หากท่านไม่พอใจ เรายินดีคืนเงิน
01308381-v	tha:lemma	คืน
01308381-v	tha:exe	หากท่านไม่พอใจ เรายินดีคืนเงิน
80001595-v	tha:lemma	คืน
80001595-v	tha:exe	หากท่านไม่พอใจ เรายินดีคืนเงิน
10080869-n	tha:lemma	คุณพ่อ
10080869-n	tha:exe	ได้ยินว่าคุณพ่อเข้าโรงพยาบาลเหรอ
10080869-n	tha:lemma	พ่อ
10080869-n	tha:exe	ต้นไม้ที่พ่อปลูกไว้หน้าบ้านกำลังออกดอก
02411224-a	tha:lemma	อ้วน
02411224-a	tha:exe	สาวๆสมัยนี้ไม่ค่อยอ้วนแต่ก็ยังกลัวอ้วนอยู่
04446276-n	tha:lemma	ห้องน้ำ
04446276-n	tha:exe	ห้องน้ำตามสวนสาธารณะ ไม่ค่อยสะอาดเท่าไหร่
04555291-n	tha:lemma	ห้องน้ำ
04555291-n	tha:exe	ห้องน้ำตามสวนสาธารณะ ไม่ค่อยสะอาดเท่าไหร่
15212455-n	tha:lemma	เดือนสิงหาคม
15212455-n	tha:exe	ที่เมืองไทยวันที่ 12 เดือนสิงหาคมเป็นวันแม่แห่งชาติ
00292937-a	tha:lemma	ยุ่ง
00292937-a	tha:exe	ช่วงนี้งานยุ่งไหม
00273082-a	tha:lemma	มืด
00273082-a	tha:exe	พอฟ้ามืด นกก็กลับรัง
03291819-n	tha:lemma	ซอง
03291819-n	tha:exe	จ่าหน้าซองให้ชัดเจนด้วยนะครับ
80001545-n	tha:lemma	ข้าง
80001545-n	tha:exe	บ้านของสมชายอยู่ข้างบ้านฉัน
09215315-n	tha:lemma	ล่าง
09215315-n	tha:exe	ลูกๆ ดูทีวีอยู่ข้างล่าง
80001661-n	tha:lemma	ล่าง
80001661-n	tha:exe	ลูกๆ ดูทีวีอยู่ข้างล่าง
00523513-n	tha:lemma	กีฬา
00523513-n	tha:exe	กีฬาประจำชาติของประเทศญี่ปุ่นคือซูโม่
03179701-n	tha:lemma	โต๊ะ
03179701-n	tha:exe	มียางลบหล่นอยู่ใต้โต๊ะ
04202417-n	tha:lemma	ร้าน
04202417-n	tha:exe	ร้านนี้อะไรอร่อยบ้าง
02016062-v	tha:lemma	ลง
02016062-v	tha:exe	จะไปมาบุญครองต้องลงรถไฟฟ้าบีทีเอสที่สถานีสยาม
15237782-n	tha:lemma	ฤดูหนาว
15237782-n	tha:exe	แม่ถักผ้าพันคอให้พ่อกับลูก เตรียมรับฤดูหนาวปีนี้
80001691-n	tha:lemma	บน
80001691-n	tha:exe	กุญแจรถอยู่บนโต๊ะ
08663354-n	tha:lemma	บน
08663354-n	tha:exe	กุญแจรถอยู่บนโต๊ะ
07804323-n	tha:lemma	ข้าว
07804323-n	tha:exe	ฉันชอบกินข้าวพร้อมๆกับทุกคนในบ้าน
15245990-n	tha:lemma	ข้าว
15245990-n	tha:exe	ฉันชอบกินข้าวพร้อมๆกับทุกคนในบ้าน
90000417-n	tha:lemma	ข้าว
90000417-n	tha:exe	ฉันชอบกินข้าวพร้อมๆกับทุกคนในบ้าน
07575076-n	tha:lemma	อาหารกลางวัน
07575076-n	tha:exe	อาหารกลางวันวันนี้มีข้าวผัดหมู ต้มยำกุ้งและแตงโม
15156001-n	tha:lemma	วันนี้
15156001-n	tha:exe	วันนี้คุณหัวเราะแล้วรึยัง
09604981-n	tha:lemma	ตัวเอง
09604981-n	tha:exe	ลูกชายกำลังหัดใส่เสื้อด้วยตัวเอง
07557434-n	tha:lemma	อาหาร
07557434-n	tha:exe	อาหารต่างชาติที่คุณอยากลองกิน คืออาหารประเทศไหน
02395115-a	tha:lemma	อร่อย
02395115-a	tha:exe	ร้านนี้มีอะไรอร่อยบ้าง
02396720-a	tha:lemma	อร่อย
02396720-a	tha:exe	ร้านนี้มีอะไรอร่อยบ้าง
