# TUFS Basic Indonesian Wordnet	ind	http://www.coelang.tufs.ac.jp/mt/id/	CC BY 4.0
15210045-n	ind:lemma	Januari
15210045-n	ind:exe	1月  Januari
05755883-n	ind:lemma	belajar
05755883-n	ind:exe	Saya sedang belajar bahasa Indonesia.
04971928-n	ind:lemma	cokelat
04971928-n	ind:exe	Saya ingin rambut saya diwarnai cokelat.
15163797-n	ind:lemma	minggu
15163797-n	ind:exe	Ria, hari Minggu ini ada rencana?
15043763-n	ind:lemma	salju
15043763-n	ind:exe	Di tempat kamu saljunya turun banyak?
00251013-n	ind:lemma	pembersihan
00251013-n	ind:exe	Program pembersihan lingkungan akan diadakan di kampung kami.
08058098-n	ind:lemma	kantor
08058098-n	ind:exe	Laki-laki yang baru saja masuk ke kantor itu adalah kakak saya.
01382086-a	ind:lemma	besar
01382086-a	ind:exe	Matanya besar dan hidungnya mancung.
01453084-a	ind:lemma	besar
01453084-a	ind:exe	Matanya besar dan hidungnya mancung.
00527870-a	ind:lemma	besar
00527870-a	ind:exe	Matanya besar dan hidungnya mancung.
01677433-a	ind:lemma	besar
01677433-a	ind:exe	Matanya besar dan hidungnya mancung.
10084295-n	ind:lemma	anak perempuan
10084295-n	ind:exe	Hampir semua anak perempuan memakai anting-anting.
10129825-n	ind:lemma	anak perempuan
10129825-n	ind:exe	Hampir semua anak perempuan memakai anting-anting.
10129825-n	ind:lemma	kakak
10129825-n	ind:exe	Sibuk membantu persiapan pesta pernikahan kakak saya.
00065495-v	ind:lemma	sehat
00065495-v	ind:exe	Semoga Bapak sekeluarga selalu dalam keadaan sehat.
80001734-n	ind:lemma	kuliah
80001734-n	ind:exe	Saya khawatir akhir-akhir ini Ayu tidak masuk kuliah.
00889472-n	ind:lemma	kuliah
00889472-n	ind:exe	Saya khawatir akhir-akhir ini Ayu tidak masuk kuliah.
02608347-v	ind:lemma	mulai
02608347-v	ind:exe	Minggu depan mulai libur panjang, ya?
07850329-n	ind:lemma	keju
07850329-n	ind:exe	Kemarin saya membuat kue keju dengan kakak saya.
03623556-n	ind:lemma	pisau
03623556-n	ind:exe	Silakan pakai pisau ini untuk memotong daging.
03624134-n	ind:lemma	pisau
03624134-n	ind:exe	Silakan pakai pisau ini untuk memotong daging.
01776727-v	ind:lemma	benci
01776727-v	ind:exe	Saya benci kepada orang yang suka berbohong.
01774136-v	ind:lemma	benci
01774136-v	ind:exe	Saya benci kepada orang yang suka berbohong.
02783161-n	ind:lemma	bolpoin
02783161-n	ind:exe	Formulir ini diisi dengan bolpoin bertinta hitam.
02632567-v	ind:lemma	mau
02632567-v	ind:exe	Kalau begitu, saya mau makan masakan Padang.
01579608-a	ind:lemma	langsung
01579608-a	ind:exe	Kemarin, setelah pulang kerja, saya langsung jatuh tidur karena capai sekali.
03427296-n	ind:lemma	pintu
03427296-n	ind:exe	Dia meminta dibukakan pintu karena membawa banyak barang.
04026417-n	ind:lemma	dompet
04026417-n	ind:exe	Dompet saya dicopet di jalan.
11456462-n	ind:lemma	cuaca cerah
11456462-n	ind:exe	Gunung Fuji dapat dilihat dari sini jika cuaca cerah.
07848338-n	ind:lemma	mentega
07848338-n	ind:exe	Masukkan mentega yang sudah dilumerkan.
90000501-n	ind:lemma	tahun yang lalu
90000501-n	ind:exe	Saya menari tari Pendet di pesta tahun yang lalu.
15210870-n	ind:lemma	Maret
15210870-n	ind:exe	Saya akan datang ke sini lagi, selambat-lambatnya bulan Maret.
77000072-n	ind:lemma	sini
77000072-n	ind:exe	Di sini dilarang parkir motor.
08489497-n	ind:lemma	sini
08489497-n	ind:exe	Di sini dilarang parkir motor.
03561345-n	ind:lemma	lukisan
03561345-n	ind:exe	Lukisan ini bisa menyembuhkan luka hati.
03234306-n	ind:lemma	lukisan
03234306-n	ind:exe	Lukisan ini bisa menyembuhkan luka hati.
03876519-n	ind:lemma	lukisan
03876519-n	ind:exe	Lukisan ini bisa menyembuhkan luka hati.
07110615-n	ind:lemma	suara
07110615-n	ind:exe	Suara Kakak berbeda dengan biasanya. Masuk angin?
05202284-n	ind:lemma	suara
05202284-n	ind:exe	Suara Kakak berbeda dengan biasanya. Masuk angin?
09411430-n	ind:lemma	kali
09411430-n	ind:exe	Kali Brantas mengalir di Jawa Timur.
15236859-n	ind:lemma	musim gugur
15236859-n	ind:exe	O, biasanya di Jepang setiap musim gugur diadakan festival kampus.
02107442-v	ind:lemma	bertanya
02107442-v	ind:exe	Saya ingin bertanya.
02169891-v	ind:lemma	bertanya
02169891-v	ind:exe	Saya ingin bertanya.
02242464-v	ind:lemma	menjual
02242464-v	ind:exe	Apa saja yang dijual di toko itu?
00271022-a	ind:lemma	muda
00271022-a	ind:exe	Ibu Widji usianya sudah tua, tetapi suka memakai baju merah muda.
00396523-a	ind:lemma	muda
00396523-a	ind:exe	Ibu Widji usianya sudah tua, tetapi suka memakai baju merah muda.
00269989-a	ind:lemma	muda
00269989-a	ind:exe	Ibu Widji usianya sudah tua, tetapi suka memakai baju merah muda.
00278551-a	ind:lemma	muda
00278551-a	ind:exe	Ibu Widji usianya sudah tua, tetapi suka memakai baju merah muda.
02924116-n	ind:lemma	bis
02924116-n	ind:exe	Iya, sih. Tapi kalau naik bis itu lebih murah dibandingkan naik pesawat terbang.
01614426-v	ind:lemma	menempelkan
01614426-v	ind:exe	Kami mohon izin menempelkan stiker ini di sini.
80001230-x	ind:lemma	ya
80001230-x	ind:exe	Ya, Anda harus mengumpulkan dalam minggu ini.
01184932-a	ind:lemma	berat
01184932-a	ind:exe	Saya tidak mau membawa barang yang berat.
07881800-n	ind:lemma	minuman
07881800-n	ind:exe	Sudah memesan minuman dan makanan?
01119192-a	ind:lemma	pintar
01119192-a	ind:exe	Dia juga pintar bahasa Inggris.
02226162-a	ind:lemma	pintar
02226162-a	ind:exe	Dia juga pintar bahasa Inggris.
01838916-a	ind:lemma	pintar
01838916-a	ind:exe	Dia juga pintar bahasa Inggris.
03467517-n	ind:lemma	gitar
03467517-n	ind:exe	Nino selalu membawa gitar ke mana-mana.
03613294-n	ind:lemma	kunci
03613294-n	ind:exe	Adik saya sering kehilangan kunci.
01553629-a	ind:lemma	banyak
01553629-a	ind:exe	Paling banyak empat buku.
01551633-a	ind:lemma	banyak
01551633-a	ind:exe	Paling banyak empat buku.
01552419-a	ind:lemma	banyak
01552419-a	ind:exe	Paling banyak empat buku.
00127137-a	ind:lemma	tua
00127137-a	ind:exe	Kipas angin ini sudah tua, tetapi masih berguna.
01638438-a	ind:lemma	tua
01638438-a	ind:exe	Kipas angin ini sudah tua, tetapi masih berguna.
01729384-a	ind:lemma	tua
01729384-a	ind:exe	Kipas angin ini sudah tua, tetapi masih berguna.
10694258-n	ind:lemma	dosen
10694258-n	ind:exe	Akiko, Pak Yanto adalah dosen tata bahasa.
07859284-n	ind:lemma	gula
07859284-n	ind:exe	Kalau sudah matang, baru dimasukkan nasinya dan ditambahkan garam, gula, sedikit kecap manis.
09605289-n	ind:lemma	dewasa
09605289-n	ind:exe	Dia masih berumur 17 tahun, tetapi pikirannya sudah dewasa.
04081281-n	ind:lemma	restoran
04081281-n	ind:exe	Restoran itu sangat populer, tetapi harganya mahal.
04081281-n	ind:lemma	warung
04081281-n	ind:exe	Banyak warung yang buka sampai malam di daerah ini.
10448983-n	ind:lemma	polisi
10448983-n	ind:exe	Hari ini banyak polisi mengelilingi rumah itu.
10448983-n	ind:lemma	polisi
10448983-n	ind:exe	Anda lebih baik bertanya kepada polisi.
90000507-n	ind:lemma	minggu ini
90000507-n	ind:exe	Minggu ini saya kurang tidur.
02686568-n	ind:lemma	pesawat terbang
02686568-n	ind:exe	Kalau naik pesawat terbang itu cepat, tetapi biayanya paling mahal.
02691156-n	ind:lemma	pesawat terbang
02691156-n	ind:exe	Kalau naik pesawat terbang itu cepat, tetapi biayanya paling mahal.
08420278-n	ind:lemma	bank
08420278-n	ind:exe	Anto menabung uang di bank swasta.
02787772-n	ind:lemma	bank
02787772-n	ind:exe	Anto menabung uang di bank swasta.
02018049-v	ind:lemma	naik
02018049-v	ind:exe	Ya, Bu, tapi saya tidak tahu harus naik apa, ya.
02324026-v	ind:lemma	meminjam
02324026-v	ind:exe	Saya ingin meminjam beberapa buah buku.
01447257-v	ind:lemma	mendorong
01447257-v	ind:exe	Mereka mendorong mobil itu sampai bengkel.
02398378-a	ind:lemma	pedas
02398378-a	ind:exe	Dia suka makanan pedas.
02397732-a	ind:lemma	pedas
02397732-a	ind:exe	Dia suka makanan pedas.
06628228-n	ind:lemma	kartu pos
06628228-n	ind:exe	Anda bisa membeli kartu pos di kantor pos.
06627938-n	ind:lemma	kartu pos
06627938-n	ind:exe	Anda bisa membeli kartu pos di kantor pos.
03959485-n	ind:lemma	piring
03959485-n	ind:exe	Ayo, ambil piring. Kita makan!
00393105-a	ind:lemma	putih
00393105-a	ind:exe	Bendera Kebangsaan Indonesia disebut Sang Saka Merah Putih.
08625073-n	ind:lemma	kanan
08625073-n	ind:exe	Coba lihat ke arah kanan.
03051540-n	ind:lemma	pakaian
03051540-n	ind:exe	Kamu tunggu sebentar di sini. Saya berganti pakaian dulu.
02728440-n	ind:lemma	pakaian
02728440-n	ind:exe	Kamu tunggu sebentar di sini. Saya berganti pakaian dulu.
02728440-n	ind:lemma	pakaian
02728440-n	ind:exe	Dia tidak membeli pakaian selain waktu obral.
03419014-n	ind:lemma	pakaian
03419014-n	ind:exe	Kamu tunggu sebentar di sini. Saya berganti pakaian dulu.
15165289-n	ind:lemma	pagi
15165289-n	ind:exe	Kalau begitu, kami akan jemput Ria pada jam delapan pagi.
00109151-r	ind:lemma	situ
00109151-r	ind:exe	situ
03720163-n	ind:lemma	peta
03720163-n	ind:exe	peta
00024996-a	ind:lemma	baru
00024996-a	ind:exe	Eh, Tini, katanya punya pacar baru, ya?
01642477-a	ind:lemma	baru
01642477-a	ind:exe	Eh, Tini, katanya punya pacar baru, ya?
01641648-a	ind:lemma	baru
01641648-a	ind:exe	Eh, Tini, katanya punya pacar baru, ya?
01687167-a	ind:lemma	baru
01687167-a	ind:exe	Eh, Tini, katanya punya pacar baru, ya?
02584699-a	ind:lemma	baru
02584699-a	ind:exe	Eh, Tini, katanya punya pacar baru, ya?
01686439-a	ind:lemma	baru
01686439-a	ind:exe	Eh, Tini, katanya punya pacar baru, ya?
02070491-a	ind:lemma	baru
02070491-a	ind:exe	Eh, Tini, katanya punya pacar baru, ya?
02013758-a	ind:lemma	baru
02013758-a	ind:exe	Eh, Tini, katanya punya pacar baru, ya?
01640850-a	ind:lemma	baru
01640850-a	ind:exe	Eh, Tini, katanya punya pacar baru, ya?
00894552-n	ind:lemma	latihan
00894552-n	ind:exe	Saya baru saja selesai latihan gamelan.
01292683-a	ind:lemma	gemar
01292683-a	ind:exe	Ibu saya gemar minum kopi.
01777210-v	ind:lemma	gemar
01777210-v	ind:exe	Ibu saya gemar minum kopi.
03038685-n	ind:lemma	ruang kelas
03038685-n	ind:exe	Ruang kelas itu kecil sukali.
00296131-r	ind:lemma	mungkin
00296131-r	ind:exe	Mungkin naik bis atau pesawat terbang.
00154449-r	ind:lemma	mungkin
00154449-r	ind:exe	Mungkin naik bis atau pesawat terbang.
03001627-n	ind:lemma	kursi
03001627-n	ind:exe	Boleh saya duduk di kursi ini?
01734929-v	ind:lemma	memfotokopi
01734929-v	ind:exe	Boleh saya memfotokopi buku ini?
01914947-v	ind:lemma	berlari
01914947-v	ind:exe	Dia pasti berlari pagi setiap hari.
01926311-v	ind:lemma	berlari
01926311-v	ind:exe	Dia pasti berlari pagi setiap hari.
02005496-v	ind:lemma	kembali
02005496-v	ind:exe	Surat yang dikirimkan minggu yang lalu kembali karena alamatnya tidak dikenal.
04379243-n	ind:lemma	meja
04379243-n	ind:exe	Makan siang sudah disiapkan di atas meja.
04298308-n	ind:lemma	tangga
04298308-n	ind:exe	tangga
00037919-v	ind:lemma	mandi
00037919-v	ind:exe	Tidak boleh mandi?
01532589-v	ind:lemma	menyapu
01532589-v	ind:exe	Ibu saya menyapu lantai rumah setiap hari.
01533442-v	ind:lemma	menyapu
01533442-v	ind:exe	Ibu saya menyapu lantai rumah setiap hari.
07663592-n	ind:lemma	daging sapi
07663592-n	ind:exe	Ibu saya membeli daging sapi untuk membuat kari.
08182962-n	ind:lemma	banyak orang
08182962-n	ind:exe	Di Indonesia, banyak orang yang biasa makan nasi.
08182379-n	ind:lemma	banyak orang
08182379-n	ind:exe	Di Indonesia, banyak orang yang biasa makan nasi.
80000079-n	ind:lemma	bulan yang lalu
80000079-n	ind:exe	Kakak saya menikah bulan yang lalu.
10020890-n	ind:lemma	dokter
10020890-n	ind:exe	Ada surat keterangan dari dokter?
10305802-n	ind:lemma	dokter
10305802-n	ind:exe	Ada surat keterangan dari dokter?
03710193-n	ind:lemma	bis surat
03710193-n	ind:exe	Tidak ada bis surat di sekitar sini.
03989074-n	ind:lemma	bis surat
03989074-n	ind:exe	Tidak ada bis surat di sekitar sini.
15136147-n	ind:lemma	minggu
15136147-n	ind:exe	Kira-kira satu minggu.
15169873-n	ind:lemma	minggu
15169873-n	ind:exe	Kira-kira satu minggu.
15211806-n	ind:lemma	Juni
15211806-n	ind:exe	6月  Juni
04489008-n	ind:lemma	celana
04489008-n	ind:exe	Saya suka memakai celana pendek.
04230808-n	ind:lemma	rok
04230808-n	ind:exe	Dia jarang memakai rok yang berwarna hitam.
08544813-n	ind:lemma	negara
08544813-n	ind:exe	Para atlet dari berbagai negara berkumpul untuk mengikuti Olimpiade.
08490199-n	ind:lemma	negara
08490199-n	ind:exe	Para atlet dari berbagai negara berkumpul untuk mengikuti Olimpiade.
00081737-r	ind:lemma	setiap tahun
00081737-r	ind:exe	Universitas ini setiap tahun menerima mahasiswa baru dari Indonesia.
00018158-v	ind:lemma	bangun
00018158-v	ind:exe	Karena besok hari Minggu, Anda tidak usah bangun pagi-pagi.
05538625-n	ind:lemma	kepala
05538625-n	ind:exe	Sudah dua hari ini kepala dan tenggorokan saya sakit, Dok.
02418686-v	ind:lemma	bermain
02418686-v	ind:exe	bermain
04965661-n	ind:lemma	kuning
04965661-n	ind:exe	Saya mau baju yang kuning itu.
02561888-a	ind:lemma	sempit
02561888-a	ind:exe	Karena jalan itu sempit, mobil tidak bisa masuk.
00476663-a	ind:lemma	sempit
00476663-a	ind:exe	Karena jalan itu sempit, mobil tidak bisa masuk.
05137165-n	ind:lemma	tinggi
05137165-n	ind:exe	Tinggi badan saya kira-kira 160 cm.
05131647-n	ind:lemma	tinggi
05131647-n	ind:exe	Tinggi badan saya kira-kira 160 cm.
00009966-r	ind:lemma	tolong
00009966-r	ind:exe	Iwan, tolong kemari sebentar.
00009966-r	ind:lemma	sama-sama
00009966-r	ind:exe	Sama-sama. Saya juga berterima kasih atas kebaikan Anda.
10103485-n	ind:lemma	orang asing
10103485-n	ind:exe	Banyak orang asing tinggal di kota ini.
02958343-n	ind:lemma	mobil
02958343-n	ind:exe	Keluarga saya berangkat ke Osaka dengan mobil.
03924069-n	ind:lemma	piringan hitam
03924069-n	ind:exe	Dia suka mengumpulkan piringan hitam lagu-lagu klasik opera.
10332385-n	ind:lemma	ibu
10332385-n	ind:exe	Ibu saya memasak di dapur.
10332385-n	ind:lemma	ibu
10332385-n	ind:exe	ibu
02410855-v	ind:lemma	bekerja
02410855-v	ind:exe	Anda bekerja di mana?
07668702-n	ind:lemma	daging babi
07668702-n	ind:exe	Penganut agama Islam tidak boleh makan daging babi.
00081836-n	ind:lemma	belanja
00081836-n	ind:exe	Mereka itu belanjanya di pasar saja.
04203889-n	ind:lemma	belanja
04203889-n	ind:exe	Mereka itu belanjanya di pasar saja.
13836136-n	ind:lemma	barat
13836136-n	ind:exe	Kota Bandung adalah ibukota Provinsi Jawa Barat.
02368336-a	ind:lemma	manis
02368336-a	ind:exe	Jeruk ini sangat manis dan enak.
04254777-n	ind:lemma	kaus kaki
04254777-n	ind:exe	Dia selalu mengenakan kaus kaki yang berwarna-warni.
01845229-v	ind:lemma	berpariwisata
01845229-v	ind:exe	Banyak turis berpariwisata ke Pulau Bali.
01846916-v	ind:lemma	berpariwisata
01846916-v	ind:exe	Banyak turis berpariwisata ke Pulau Bali.
01845720-v	ind:lemma	berpariwisata
01845720-v	ind:exe	Banyak turis berpariwisata ke Pulau Bali.
00061203-r	ind:lemma	belakang
00061203-r	ind:exe	Rumah saya ada di belakang bengkel mobil.
10112591-n	ind:lemma	sahabat
10112591-n	ind:exe	Saya sangat sedih karena sahabat saya akan pindah rumah.
08588294-n	ind:lemma	dalam
08588294-n	ind:exe	Setelah dua sendok makan minyak goreng dipanaskan, semua bumbu yang telah diiris masukkan ke dalam wajan.
08588152-n	ind:lemma	dalam
08588152-n	ind:exe	Setelah dua sendok makan minyak goreng dipanaskan, semua bumbu yang telah diiris masukkan ke dalam wajan.
77000021-n	ind:lemma	kamu
77000021-n	ind:exe	Silakan kamu ambil minggu depan.
77000021-n	ind:lemma	Anda
77000021-n	ind:exe	Sebaiknya Anda cukup tidur.
02771169-v	ind:lemma	cerah
02771169-v	ind:exe	Menurut ramalan cuaca, besok cerah.
77000061-a	ind:lemma	ini
77000061-a	ind:exe	Ini namanya kue onde-onde.
80001619-a	ind:lemma	ini
80001619-a	ind:exe	Ini namanya kue onde-onde.
77000075-a	ind:lemma	ini
77000075-a	ind:exe	Ini namanya kue onde-onde.
04018667-n	ind:lemma	belakang
04018667-n	ind:exe	Saya mau pergi ke belakang dulu.
08649345-n	ind:lemma	lebar
08649345-n	ind:exe	Sawah ini lebarnya berapa meter?
08649345-n	ind:lemma	samping
08649345-n	ind:exe	Dilarang parkir sepeda di samping stasiun.
08649345-n	ind:lemma	sebelah
08649345-n	ind:exe	Rumah Ibu Ani tepat di sebelahnya.
05136150-n	ind:lemma	lebar
05136150-n	ind:exe	Sawah ini lebarnya berapa meter?
15211484-n	ind:lemma	Mei
15211484-n	ind:exe	Saat gempa 27 Mei 2006 terjadi, saya berada di Boyolali.
05563770-n	ind:lemma	lengan
05563770-n	ind:exe	Lengan saya digigit nyamuk.
15165490-n	ind:lemma	siang
15165490-n	ind:exe	Halo, selamat siang.
04272054-n	ind:lemma	kacamata
04272054-n	ind:exe	Saya merasa terganggu dengan kacamata atau lensa kontak.
80000746-n	ind:lemma	huruf kanji
80000746-n	ind:exe	Bagi saya, hal yang paling sulit dalam bahasa Jepang adalah huruf kanji.
10287213-n	ind:lemma	pria
10287213-n	ind:exe	Kasihan pria itu karena pacarnya ternyata tidak setia.
09624168-n	ind:lemma	pria
09624168-n	ind:exe	Kasihan pria itu karena pacarnya ternyata tidak setia.
15164105-n	ind:lemma	Selasa
15164105-n	ind:exe	Selasa
77000099-n	ind:lemma	semua
77000099-n	ind:exe	Jadi, berapa semuanya?
00479391-v	ind:lemma	mematikan
00479391-v	ind:exe	Lebih baik mematikan televisi pada saat jam belajar anak.
03238879-n	ind:lemma	kemeja
03238879-n	ind:exe	Kemeja ini terlalu kecil untuk saya.
02412164-a	ind:lemma	tipis
02412164-a	ind:exe	Majalah yang tipis ini milik siapa?
02414188-a	ind:lemma	tipis
02414188-a	ind:exe	Majalah yang tipis ini milik siapa?
08489627-n	ind:lemma	sana
08489627-n	ind:exe	Ya, silakan langsung ke sana saja.
01168468-v	ind:lemma	makan
01168468-v	ind:exe	Silakan dimakan!
01166351-v	ind:lemma	makan
01166351-v	ind:exe	Silakan dimakan!
01179865-v	ind:lemma	makan
01179865-v	ind:exe	Silakan dimakan!
15122231-n	ind:lemma	ketika
15122231-n	ind:exe	Ketika dia pergi, temannya datang.
02818832-n	ind:lemma	tempat tidur
02818832-n	ind:exe	Kemarin saya jatuh dari tempat tidur, sehingga tangan saya terluka.
90000503-n	ind:lemma	tahun depan
90000503-n	ind:exe	Tahun depan saya akan belajar di Universitas Indonesia.
08168367-n	ind:lemma	negeri asing
08168367-n	ind:exe	Kami sedang mencari nafkah di negeri asing.
02560548-a	ind:lemma	luas
02560548-a	ind:exe	Bapak Yamada mempunyai tanah yang luas.
01384212-a	ind:lemma	luas
01384212-a	ind:exe	Bapak Yamada mempunyai tanah yang luas.
00255710-n	ind:lemma	cuci
00255710-n	ind:exe	Cuci tangan sepulang dari luar adalah penting.
07110457-n	ind:lemma	cerita
07110457-n	ind:exe	Saya sangat tertarik pada cerita rakyat dari Jawa Tengah.
00893243-n	ind:lemma	cerita
00893243-n	ind:exe	Saya sangat tertarik pada cerita rakyat dari Jawa Tengah.
07221094-n	ind:lemma	cerita
07221094-n	ind:exe	Saya sangat tertarik pada cerita rakyat dari Jawa Tengah.
07139316-n	ind:lemma	cerita
07139316-n	ind:exe	Saya sangat tertarik pada cerita rakyat dari Jawa Tengah.
00031798-r	ind:lemma	telah
00031798-r	ind:exe	Dokter telah memberi tahu saya tentang penyakit ibu saya.
07555863-n	ind:lemma	makanan
07555863-n	ind:exe	Sementara jangan makan makanan berminyak.
07560652-n	ind:lemma	makanan
07560652-n	ind:exe	Sementara jangan makan makanan berminyak.
00157412-r	ind:lemma	kadang-kadang
00157412-r	ind:exe	Kadang-kadang Sakti menelepon ayahnya.
00021212-r	ind:lemma	kadang-kadang
00021212-r	ind:exe	Kadang-kadang Sakti menelepon ayahnya.
03740161-n	ind:lemma	obat
03740161-n	ind:exe	Apa saya harus minum obat?
02318272-a	ind:lemma	lurus
02318272-a	ind:exe	Kalau berjalan lurus ke arah ini. Stasiun Balapan akan kelihatan di sebelah kanan.
02310895-a	ind:lemma	lurus
02310895-a	ind:exe	Kalau berjalan lurus ke arah ini. Stasiun Balapan akan kelihatan di sebelah kanan.
02314584-a	ind:lemma	lurus
02314584-a	ind:exe	Kalau berjalan lurus ke arah ini. Stasiun Balapan akan kelihatan di sebelah kanan.
10787470-n	ind:lemma	wanita
10787470-n	ind:exe	Banyak wanita lajang benar-benar bahagia tanpa keberadaan suami.
10736091-n	ind:lemma	paman
10736091-n	ind:exe	Paman saya mempekerjakan lebih dari 30 orang di kebun tehnya.
04404997-n	ind:lemma	kamera
04404997-n	ind:exe	Kamera ini canggih sekali, ya.
02942699-n	ind:lemma	kamera
02942699-n	ind:exe	Kamera ini canggih sekali, ya.
04370048-n	ind:lemma	sweter
04370048-n	ind:exe	Apakah Anda bisa merajut sweter?
02626604-v	ind:lemma	menjadi
02626604-v	ind:exe	Apa syarat untuk menjadi anggota perpustakaan?
02623529-v	ind:lemma	menjadi
02623529-v	ind:exe	Apa syarat untuk menjadi anggota perpustakaan?
04398497-n	ind:lemma	warung kopi
04398497-n	ind:exe	Mereka sering mengobrol di warung kopi ini.
00081591-r	ind:lemma	setiap minggu
00081591-r	ind:exe	Ya, ambil saja, tetapi setiap minggu ada PR, lho!
01535246-v	ind:lemma	mencuci
01535246-v	ind:exe	Sebelum memasak, Anda harus mencuci tangan.
01535246-v	ind:lemma	mencuci
01535246-v	ind:exe	Karena kotor, saya harus mencuci sepatu saya.
00036362-v	ind:lemma	mencuci
00036362-v	ind:exe	Sebelum memasak, Anda harus mencuci tangan.
01536168-v	ind:lemma	mencuci
01536168-v	ind:exe	Sebelum memasak, Anda harus mencuci tangan.
00606093-v	ind:lemma	berlatih
00606093-v	ind:exe	Anak itu berlatih menulis huruf kanji.
01723224-v	ind:lemma	berlatih
01723224-v	ind:exe	Anak itu berlatih menulis huruf kanji.
15156187-n	ind:lemma	kemarin
15156187-n	ind:exe	Kemarin hujannya deras sekali, ya.
01919428-a	ind:lemma	sepi
01919428-a	ind:exe	Pada pagi hari jalan ini masih sepi.
01918984-a	ind:lemma	sepi
01918984-a	ind:exe	Pada pagi hari jalan ini masih sepi.
04437953-n	ind:lemma	jam
04437953-n	ind:exe	Di sini jam seperti itu sudah ketinggalan zaman.
03046257-n	ind:lemma	jam
03046257-n	ind:exe	Di sini jam seperti itu sudah ketinggalan zaman.
04350905-n	ind:lemma	setelan
04350905-n	ind:exe	Laki-laki itu memakai setelan jas berwarna cokelat.
00409440-a	ind:lemma	tua
00409440-a	ind:exe	Pak Ari salalu memakai jas biru tua.
00842199-a	ind:lemma	kuat
00842199-a	ind:exe	Tim itu sangat kuat dan belum pernah kalah dalam pertandingan.
15163979-n	ind:lemma	Senin
15163979-n	ind:exe	Senin
00059413-r	ind:lemma	sering
00059413-r	ind:exe	Mereka sering makan di restoran cepat saji.
00035058-r	ind:lemma	sering
00035058-r	ind:exe	Mereka sering makan di restoran cepat saji.
05687338-n	ind:lemma	soal
05687338-n	ind:exe	Soal ini sulit, jadi saya perlu bantuan Anda.
06784003-n	ind:lemma	soal
06784003-n	ind:exe	Soal ini sulit, jadi saya perlu bantuan Anda.
03281145-n	ind:lemma	lift
03281145-n	ind:exe	Sekarang lift ini sedang rusak.
05320899-n	ind:lemma	telinga
05320899-n	ind:exe	Masuk ke telinga kanan, keluar dari telinga kiri.
00007846-n	ind:lemma	siapa saja
00007846-n	ind:exe	Kalau mau datang, siapa saja bisa datang.
04284002-n	ind:lemma	sendok
04284002-n	ind:exe	Setelah dua sendok makan minyak goreng dipanaskan, semua bumbu yang telah diiris masukkan ke dalam wajan.
13134947-n	ind:lemma	buah-buahan
13134947-n	ind:exe	Murid-murid menggambar buah-buahan dalam pelajaran menggambar.
11683989-n	ind:lemma	buah-buahan
11683989-n	ind:exe	Murid-murid menggambar buah-buahan dalam pelajaran menggambar.
02730813-v	ind:lemma	berkata
02730813-v	ind:exe	Mereka tidak berani berkata ''tidak'' pada bosnya.
01009240-v	ind:lemma	berkata
01009240-v	ind:exe	Mereka tidak berani berkata ''tidak'' pada bosnya.
00941990-v	ind:lemma	berkata
00941990-v	ind:exe	Mereka tidak berani berkata ''tidak'' pada bosnya.
00979870-v	ind:lemma	berkata
00979870-v	ind:exe	Mereka tidak berani berkata ''tidak'' pada bosnya.
09854218-n	ind:lemma	saudara
09854218-n	ind:exe	saudara (sowdara)
04507155-n	ind:lemma	payung
04507155-n	ind:exe	Sedia payung sebelum hujan.
02229324-a	ind:lemma	tidak pintar
02229324-a	ind:exe	Saya tidak pintar berbahasa Indonesia.
01870636-a	ind:lemma	tidak pintar
01870636-a	ind:exe	Saya tidak pintar berbahasa Indonesia.
01128103-a	ind:lemma	tidak pintar
01128103-a	ind:exe	Saya tidak pintar berbahasa Indonesia.
02229000-a	ind:lemma	tidak pintar
02229000-a	ind:exe	Saya tidak pintar berbahasa Indonesia.
15270431-n	ind:lemma	waktu
15270431-n	ind:exe	Ah, itu sangat memakan waktu.
15227846-n	ind:lemma	waktu
15227846-n	ind:exe	Ah, itu sangat memakan waktu.
15269513-n	ind:lemma	waktu
15269513-n	ind:exe	Ah, itu sangat memakan waktu.
00744916-a	ind:lemma	susah
00744916-a	ind:exe	Kami susah mendapat kamus Indonesia di Jepang.
04401088-n	ind:lemma	telepon
04401088-n	ind:exe	Berapa nomor telepon Anda?
06272803-n	ind:lemma	telepon
06272803-n	ind:exe	Berapa nomor telepon Anda?
02870092-n	ind:lemma	buku
02870092-n	ind:exe	Buku ini harganya 25,000 rupiah.
06410904-n	ind:lemma	buku
06410904-n	ind:exe	Buku ini harganya 25,000 rupiah.
09972010-n	ind:lemma	saudara sepupu
09972010-n	ind:exe	Saya mempunyai tujuh saudara sepupu.
14974264-n	ind:lemma	kertas
14974264-n	ind:exe	Uang kertas yang paling besar di Indonesia adalah Rp 100.000,00.
80000677-n	ind:lemma	kertas
80000677-n	ind:exe	Uang kertas yang paling besar di Indonesia adalah Rp 100.000,00.
06255777-n	ind:lemma	kertas
06255777-n	ind:exe	Uang kertas yang paling besar di Indonesia adalah Rp 100.000,00.
04960277-n	ind:lemma	hitam
04960277-n	ind:exe	Rambut hitam membuat kulit tampak lebih putih.
02770717-v	ind:lemma	mendung
02770717-v	ind:exe	Agak mendung. Saya khawatir hujan akan turun.
02529945-a	ind:lemma	sejuk
02529945-a	ind:exe	Mana yang lebih sejuk, Makassar atau Tokyo?
02207206-v	ind:lemma	membeli
02208265-v	ind:lemma	membeli
00422620-a	ind:lemma	kotor
00422620-a	ind:exe	Saya mau mencuci tangan dulu karena tangan saya kotor.
01908889-a	ind:lemma	kotor
01908889-a	ind:exe	Saya mau mencuci tangan dulu karena tangan saya kotor.
00419289-a	ind:lemma	kotor
00419289-a	ind:exe	Saya mau mencuci tangan dulu karena tangan saya kotor.
01345109-v	ind:lemma	menutup
01345109-v	ind:exe	Pemilik toko itu cepat menutup toko setiap malam.
01960911-v	ind:lemma	berenang
01960911-v	ind:exe	Untuk berenang di pantai?
00933154-a	ind:lemma	mahal
00933154-a	ind:exe	Kalau naik pesawat terbang itu cepat, tetapi biayanya paling mahal.
04199027-n	ind:lemma	sepatu
04199027-n	ind:exe	Harap membuka sepatu.
04330340-n	ind:lemma	pemanas
04330340-n	ind:exe	Hotel ini dilengkapi dengan pemanas ruangan di setiap kamarnya.
07823951-n	ind:lemma	kari
07823951-n	ind:exe	Hari ini saya akan memasak kari.
05598147-n	ind:lemma	hidung
05598147-n	ind:exe	Matanya besar dan hidungnya mancung.
05658826-n	ind:lemma	hidung
05658826-n	ind:exe	Matanya besar dan hidungnya mancung.
06947032-n	ind:lemma	bahasa Inggris
06947032-n	ind:exe	Dia juga pintar bahasa Inggris.
07575726-n	ind:lemma	makan malam
07575726-n	ind:exe	Besok saya diajak makan malam oleh Kak Tomo.
07575726-n	ind:lemma	makan malam
07575726-n	ind:exe	Tidak boleh menghindari makan malam untuk menurunkan berat badan.
03485794-n	ind:lemma	sapu tangan
03485794-n	ind:exe	Sapu tangan bergambar sakura ini oleh-oleh dari Jepang.
01198101-v	ind:lemma	merokok
01198101-v	ind:exe	Tidak boleh merokok di sini.
02741003-v	ind:lemma	menggantungkan
02741003-v	ind:exe	Kamu bisa menggantungkan bajumu di situ.
01206474-a	ind:lemma	rendah
01206474-a	ind:exe	Tinggi badan saya lebih rendah daripada adik saya.
13832355-n	ind:lemma	timur
13832355-n	ind:exe	Matahari terbit di timur.
11525955-n	ind:lemma	angin
11525955-n	ind:exe	Pohon itu tumbang karena angin ribut.
02324182-v	ind:lemma	meminjamkan
02324182-v	ind:exe	Dia meminjamkan uang kepada saya.
01437963-a	ind:lemma	panjang
01437963-a	ind:exe	Bisakah saya memperpanjang?
01433493-a	ind:lemma	panjang
01433493-a	ind:exe	Bisakah saya memperpanjang?
01444022-a	ind:lemma	panjang
01444022-a	ind:exe	Bisakah saya memperpanjang?
80001077-n	ind:lemma	berapa
80001077-n	ind:exe	Oh, ya? Berapa orang?
80001077-n	ind:lemma	berapa
80001077-n	ind:exe	Berapa harga tiketnya?
10665698-n	ind:lemma	murid
10665698-n	ind:exe	Murid itu sering bertanya kepada guru.
10665698-n	ind:lemma	mahasiswa
10665698-n	ind:exe	Anda mahasiswa jurusan bahasa Jepang, 'kan?
10251779-n	ind:lemma	murid
10251779-n	ind:exe	Murid itu sering bertanya kepada guru.
08615374-n	ind:lemma	taman
08615374-n	ind:exe	Anak-anak bermain sepak bola di taman.
77000064-n	ind:lemma	mana
77000064-n	ind:exe	Di sebelah mana, ya, di Jalan Merapi?
03290771-n	ind:lemma	pintu masuk
03290771-n	ind:exe	Tolong masuk dari pitu masuk.
03290771-n	ind:lemma	pintu masuk
03290771-n	ind:exe	Di depan pintu masuk, ya.
06409752-n	ind:lemma	karangan
06409752-n	ind:exe	Kami harus menulis karangan sampai dengan hari Senin minggu depan.
10286084-n	ind:lemma	saudara
10286084-n	ind:exe	saudara (sowdara)
09876454-n	ind:lemma	saudara
09876454-n	ind:exe	saudara (sowdara)
80001731-n	ind:lemma	mahasiswa asing
80001731-n	ind:exe	Saya ingin memperkenalkan mahasiswa asing dari Jepang.
00934199-a	ind:lemma	murah
00934199-a	ind:exe	Harga barang di negeri itu lebih murah daripada di negeri saya.
00935103-a	ind:lemma	murah
00935103-a	ind:exe	Harga barang di negeri itu lebih murah daripada di negeri saya.
02747802-n	ind:lemma	asbak
02747802-n	ind:exe	Boleh saya minta asbak? Saya mau merokok.
15213115-n	ind:lemma	Oktober
15213115-n	ind:exe	Bulan Oktober ini saya dua puluh tahun.
15203791-n	ind:lemma	tahun
15203791-n	ind:exe	Sudah enam tahun saya tidak bertemu dengan adik saya.
03619890-n	ind:lemma	dapur
03619890-n	ind:exe	Ibu saya memasak di dapur.
00273734-v	ind:lemma	mengajarkan
00273734-v	ind:exe	Orang itu mengajarkan IPS di sekolah dasar.
00829107-v	ind:lemma	mengajarkan
00829107-v	ind:exe	Orang itu mengajarkan IPS di sekolah dasar.
00963570-v	ind:lemma	berbicara
00963570-v	ind:exe	Ria bisa berbicara bahasa Jepang.
00815686-v	ind:lemma	menjawab
00815686-v	ind:exe	Apakah Anda bisa menjawab pertanyaan itu?
00635523-v	ind:lemma	menjawab
00635523-v	ind:exe	Apakah Anda bisa menjawab pertanyaan itu?
03417345-n	ind:lemma	kebun
03417345-n	ind:exe	Di rumah saya tidak ada kebun.
03417749-n	ind:lemma	kebun
03417749-n	ind:exe	Di rumah saya tidak ada kebun.
01775164-v	ind:lemma	suka sekali
01775164-v	ind:exe	Penyanyi itu cantik. Saya suka sekali.
01828736-v	ind:lemma	suka sekali
01828736-v	ind:exe	Penyanyi itu cantik. Saya suka sekali.
06418901-n	ind:lemma	kamus
06418901-n	ind:exe	Bolehkah saya meminjam kamus itu?
15164570-n	ind:lemma	Sabtu
15164570-n	ind:exe	Sabtu
00284798-n	ind:lemma	berjalan-jalan
00284798-n	ind:exe	Ketika berjalan-jalan, saya menemukan toko baru.
00284101-n	ind:lemma	berjalan-jalan
00284101-n	ind:exe	Ketika berjalan-jalan, saya menemukan toko baru.
01712704-v	ind:lemma	melakukan
01712704-v	ind:exe	Sibuk melakukan apa?
08277393-n	ind:lemma	sekolah
08277393-n	ind:exe	Saya terlambat masuk sekolah karena kesiangan.
08276720-n	ind:lemma	sekolah
08276720-n	ind:exe	Saya terlambat masuk sekolah karena kesiangan.
00161630-r	ind:lemma	pelan-pelan
00161630-r	ind:exe	Tolong berbicara pelan-pelan.
90000506-n	ind:lemma	minggu yang lalu
90000506-n	ind:exe	Karena kakak saya menikah, minggu yang lalu saya pulang ke kampung.
03057021-n	ind:lemma	baju
03057021-n	ind:exe	Baju yang mana, Mbak?
03057021-n	ind:lemma	jas
03057021-n	ind:exe	Hari ini ayah saya pergi ke kantor dengan memakai jas.
03589791-n	ind:lemma	baju
03589791-n	ind:exe	Baju yang mana, Mbak?
06929279-n	ind:lemma	bahasa Jepang
06929279-n	ind:exe	Anda mahasiswa jurusan bahasa Jepang, 'kan?
03303965-n	ind:lemma	pintu keluar
03303965-n	ind:exe	Di mana pintu keluar?
10142391-n	ind:lemma	kakek
10142391-n	ind:exe	Kakek itu suka menyanyi lagu Bengawan Solo.
07934530-n	ind:lemma	teh
07934530-n	ind:exe	Anda mau minum teh atau kopi?
07933274-n	ind:lemma	teh
07933274-n	ind:exe	Anda mau minum teh atau kopi?
07933274-n	ind:lemma	teh
07933274-n	ind:exe	Misalnya, ada demo masak makanan Jepang, acara minum teh, dan juga pemutaran film Jepang.
07989373-n	ind:lemma	suami istri
07989373-n	ind:exe	Suami istri itu sering bertengkar.
10146559-n	ind:lemma	toko sayur
10146559-n	ind:exe	Kalau Anda belok kanan di jalan itu, ada toko sayur di sebelah kiri jalan.
03457686-n	ind:lemma	toko sayur
03457686-n	ind:exe	Kalau Anda belok kanan di jalan itu, ada toko sayur di sebelah kiri jalan.
03147509-n	ind:lemma	cangkir
03147509-n	ind:exe	Setiap hari saya minum teh hijau 5 cangkir atau lebih.
03972524-n	ind:lemma	saku
03972524-n	ind:exe	Saku celana saya berlubang.
04968895-n	ind:lemma	biru
04968895-n	ind:exe	Motor biru itu milik siapa?
01555416-a	ind:lemma	sedikit
01555416-a	ind:exe	Kalau sudah matang, baru dimasukkan nasinya dan ditambahkan garam, gula, sedikit kecap manis.
01552885-a	ind:lemma	sedikit
01552885-a	ind:exe	Kalau sudah matang, baru dimasukkan nasinya dan ditambahkan garam, gula, sedikit kecap manis.
00017865-v	ind:lemma	tidur
00017865-v	ind:exe	Sebaiknya Anda cukup tidur.
00450147-a	ind:lemma	dekat
00450147-a	ind:exe	Apakah rumah Anda dekat dari sekolah?
00444519-a	ind:lemma	dekat
00444519-a	ind:exe	Apakah rumah Anda dekat dari sekolah?
00445169-a	ind:lemma	dekat
00445169-a	ind:exe	Apakah rumah Anda dekat dari sekolah?
00584367-n	ind:lemma	tugas
00584367-n	ind:exe	Saya belum mengumpulkan tugas minggu yang lalu.
07574602-n	ind:lemma	sarapan
07574602-n	ind:exe	Apakah ada menu sarapan khas Bandung?
08078020-n	ind:lemma	keluarga
08078020-n	ind:exe	Pada hari Minggu saya akan berangkat ke pantai dengan keluarga.
10236304-n	ind:lemma	keluarga
10236304-n	ind:exe	Pada hari Minggu saya akan berangkat ke pantai dengan keluarga.
07970406-n	ind:lemma	keluarga
07970406-n	ind:exe	Pada hari Minggu saya akan berangkat ke pantai dengan keluarga.
07970406-n	ind:lemma	rumah tangga
07970406-n	ind:exe	Setiap hari Ibu Rini mengerjakan banyak pekerjaan rumah tangga.
04197391-n	ind:lemma	kaus
04197391-n	ind:exe	Saya masuk angin karena tidur tanpa memakai kaus.
09918248-n	ind:lemma	anak
09918248-n	ind:exe	Anak kami masuk sekolah tahun depan.
12212361-n	ind:lemma	sayur
12212361-n	ind:exe	Orang Jepang suka makan sayur mentah.
07707451-n	ind:lemma	sayur
07707451-n	ind:exe	Orang Jepang suka makan sayur mentah.
03365991-n	ind:lemma	lantai
03365991-n	ind:exe	Baiklah, kita bertemu di perpustakaan lantai satu.
00976508-a	ind:lemma	cepat
00976508-a	ind:exe	Kalau naik pesawat terbang itu cepat, tetapi biayanya paling mahal.
00981818-a	ind:lemma	cepat
00981818-a	ind:exe	Kalau naik pesawat terbang itu cepat, tetapi biayanya paling mahal.
00979862-a	ind:lemma	cepat
00979862-a	ind:exe	Kalau naik pesawat terbang itu cepat, tetapi biayanya paling mahal.
01367431-a	ind:lemma	ramai
01367431-a	ind:exe	Daerah ini sangat ramai karena hari ini diadakan festival.
07644382-n	ind:lemma	daging ayam
07644382-n	ind:exe	Kalau mau, bisa ditambahkan daging ayam atau sosis.
07644967-n	ind:lemma	daging ayam
07644967-n	ind:exe	Kalau mau, bisa ditambahkan daging ayam atau sosis.
07813107-n	ind:lemma	garam
07813107-n	ind:exe	Kalau sudah matang, baru dimasukkan nasinya dan ditambahkan garam, gula, sedikit kecap manis.
07825972-n	ind:lemma	kecap asin
07825972-n	ind:exe	Di Indonesia terdapat dua jenis kecap, yaitu kecap asin dan kecap manis.
02005948-v	ind:lemma	tiba
02005948-v	ind:exe	Kami tiba di Yogyakarta dengan selamat.
02930766-n	ind:lemma	taksi
02930766-n	ind:exe	Saya melambaikan tangan untuk memanggil taksi.
04371225-n	ind:lemma	kolam renang
04371225-n	ind:exe	Waktu kecil, kami sering pergi ke kolam renang.
00604617-a	ind:lemma	kemudahan
00604617-a	ind:exe	Kalau mau membeli rumah, sebaiknya Anda memperhatikan kemudahan transportasi.
15237250-n	ind:lemma	musim panas
15237250-n	ind:exe	Pada musim panas udara di Tokyo terasa lebih panas daripada di Jakarta.
77000090-n	ind:lemma	bagaimana
77000090-n	ind:exe	Bagaimana rencana liburannya?
80001331-x	ind:lemma	bagaimana
80001331-x	ind:exe	Bagaimana rencana liburannya?
77000104-n	ind:lemma	kapan
77000104-n	ind:exe	Kapan mau dipakai?
04105893-n	ind:lemma	ruang
04105893-n	ind:exe	Para penumpang dipersilakan untuk menunggu di ruang tunggu.
06415419-n	ind:lemma	buku catatan
06415419-n	ind:exe	Buku catatan kuliah ini tertinggal di ruang kelas tadi.
01376705-a	ind:lemma	terkenal
01376705-a	ind:exe	Kota Yogyakarta terkenal dengan Candi Borobudur.
01375831-a	ind:lemma	terkenal
01375831-a	ind:exe	Kota Yogyakarta terkenal dengan Candi Borobudur.
00953216-v	ind:lemma	bercerita
00953216-v	ind:exe	Wanita karier itu bercerita tentang rahasia kesuksesannya.
00962447-v	ind:lemma	bercerita
00962447-v	ind:exe	Wanita karier itu bercerita tentang rahasia kesuksesannya.
02935891-n	ind:lemma	warung
02935891-n	ind:exe	Banyak warung yang buka sampai malam di daerah ini.
01984902-v	ind:lemma	duduk
01984902-v	ind:exe	Boleh saya duduk di sini?
00120223-r	ind:lemma	sambil
00120223-r	ind:exe	Dia menyiapkan makanan sambil merawat bayi.
00120095-r	ind:lemma	sambil
00120095-r	ind:exe	Dia menyiapkan makanan sambil merawat bayi.
02386612-a	ind:lemma	kecil
02386612-a	ind:exe	Saya mau yang lebih kecil.
02386612-a	ind:lemma	pendek
02386612-a	ind:exe	Wanita yang rambutnya pendek itu siapa?
02345713-a	ind:lemma	jahat
02345713-a	ind:exe	Belakangan ini orang jahat bertambah banyak.
00478311-a	ind:lemma	jahat
00478311-a	ind:exe	Belakangan ini orang jahat bertambah banyak.
01174222-a	ind:lemma	jahat
01174222-a	ind:exe	Belakangan ini orang jahat bertambah banyak.
03025755-n	ind:lemma	sumpit
03025755-n	ind:exe	Anda bisa memakai sumpit?
80000080-n	ind:lemma	bulan ini
80000080-n	ind:exe	PR ini harus dikumpulkan dalam bulan ini.
06624161-n	ind:lemma	surat
06624161-n	ind:exe	Karena itu, saya mohon Bapak membuatkan surat rekomendasi untuk saya.
01909812-v	ind:lemma	berbelok
01909812-v	ind:exe	Mobil itu berbelok ke kiri.
07929519-n	ind:lemma	kopi
07929519-n	ind:exe	Asramanya berada di Jalan Merapi No.18, tepat di samping warung kopi.
01729431-v	ind:lemma	menyanyi
01729431-v	ind:exe	Mereka suka menyanyi sambil nongkrong di pinggir jalan.
11501381-n	ind:lemma	hujan
11501381-n	ind:exe	Sudah mulai musim hujan?
07749582-n	ind:lemma	jeruk lemon
07749582-n	ind:exe	Jeruk lemon ini segar sekali.
90000511-n	ind:lemma	kemarin dulu
90000511-n	ind:exe	Hariyanto sudah pulang ke Makassar kemarin dulu.
00118032-r	ind:lemma	jadi
00118032-r	ind:exe	Jadi, kamu tidak datang?
04468005-n	ind:lemma	kereta listrik
04468005-n	ind:exe	Kereta listrik ini selalu penuh.
77000002-n	ind:lemma	kami
77000002-n	ind:exe	Meskipun hujan, kami memutuskan tetap berangkat.
15206296-n	ind:lemma	sebulan
15206296-n	ind:exe	Sejak sebulan terakhir kakak saya sukses menghindari merokok.
02834778-n	ind:lemma	sepeda
02834778-n	ind:exe	Dia naik sepeda ke sekolah.
06597466-n	ind:lemma	majalah
06597466-n	ind:exe	Dia membeli majalah sebulan sekali.
06595351-n	ind:lemma	majalah
06595351-n	ind:exe	Dia membeli majalah sebulan sekali.
03704210-n	ind:lemma	majalah
03704210-n	ind:exe	Dia membeli majalah sebulan sekali.
08238463-n	ind:lemma	kelas
08238463-n	ind:exe	Bagaimana kelas baru Anda?
00050454-v	ind:lemma	membuka
00050454-v	ind:exe	Jangan membuka sepatu di sini.
02649830-v	ind:lemma	tinggal
02649830-v	ind:exe	Anda tinggal di mana?
15155891-n	ind:lemma	besok
15155891-n	ind:exe	Besok ada acara di unit gamelan.
04208936-n	ind:lemma	shower
04208936-n	ind:exe	Sekarang shower itu rusak.
15213774-n	ind:lemma	Desember
15213774-n	ind:exe	Pada bulan Desember kota-kota menjadi ramai dengan berbagai hiasan hari Natal.
00625119-v	ind:lemma	membaca
00625119-v	ind:exe	Joko, sudah membaca informasi ini?
02774152-n	ind:lemma	tas
02774152-n	ind:exe	tas
02773037-n	ind:lemma	tas
02773037-n	ind:exe	tas
13250542-n	ind:lemma	uang
13250542-n	ind:exe	Ini uangnya, Pak.
13384557-n	ind:lemma	uang
13384557-n	ind:exe	Ini uangnya, Pak.
05600637-n	ind:lemma	muka
05600637-n	ind:exe	Mukanya tidak begitu cantik, tetapi suaranya merdu sekali.
07597365-n	ind:lemma	permen
07597365-n	ind:exe	Permen jahe baik untuk kerongkongan.
00024356-r	ind:lemma	tidak
00024356-r	ind:exe	Ria mau ikut, tidak?
03176763-n	ind:lemma	toserba
03176763-n	ind:exe	Di informasi ini ada lowongan sebagai pramuniaga di Toserba Matahari, lho.
01725051-v	ind:lemma	bermain
01725051-v	ind:exe	Saya suka bermain piano, sedangkan adik saya suka bermain biola.
03388183-n	ind:lemma	pulpen
03388183-n	ind:exe	Pulpen ini dibeli nenek saya sebagai hadiah ulang tahun saya.
77000089-a	ind:lemma	seperti ini
77000089-a	ind:exe	Ayah saya tidak suka lagu seperti ini.
15164354-n	ind:lemma	Kamis
15164354-n	ind:exe	Kamis
00056916-r	ind:lemma	sama-sama
00056916-r	ind:exe	Sama-sama. Saya juga berterima kasih atas kebaikan Anda.
00816481-a	ind:lemma	lambat
00816481-a	ind:exe	Mobil yang lambat harap menggunakan jalur kiri.
01901186-a	ind:lemma	lambat
01901186-a	ind:exe	Mobil yang lambat harap menggunakan jalur kiri.
04956594-n	ind:lemma	warna
04956594-n	ind:exe	Ada berapa warna dalam pelangi?
04674968-n	ind:lemma	warna
04674968-n	ind:exe	Ada berapa warna dalam pelangi?
07109730-n	ind:lemma	kata
07109730-n	ind:exe	Lima halaman, tapi kata dosen minimal delapan halaman.
06282651-n	ind:lemma	kata
06282651-n	ind:exe	Lima halaman, tapi kata dosen minimal delapan halaman.
00121135-r	ind:lemma	begitu
00121135-r	ind:exe	Kalau begitu, silakan datang dengan teman Ayu juga.
04962784-n	ind:lemma	merah
04962784-n	ind:exe	Yang merah itu.
03871083-n	ind:lemma	paket
03871083-n	ind:exe	Aaah, ini surat pemberitahuan bahwa Iwan mendapat paket dari seseorang dan harus mengambilnya ke kantor pos sendiri.
02774630-n	ind:lemma	paket
02774630-n	ind:exe	Aaah, ini surat pemberitahuan bahwa Iwan mendapat paket dari seseorang dan harus mengambilnya ke kantor pos sendiri.
07891726-n	ind:lemma	anggur
07891726-n	ind:exe	Anda suka minum anggur?
07884567-n	ind:lemma	anggur
07884567-n	ind:exe	Anda suka minum anggur?
07891433-n	ind:lemma	anggur
07891433-n	ind:exe	Anda suka minum anggur?
15164463-n	ind:lemma	Jumat
15164463-n	ind:exe	Hari Jumat saya akan mengumpulkannya.
03581125-n	ind:lemma	persimpangan
03581125-n	ind:exe	Belok kanan di persimpangan itu.
02410393-a	ind:lemma	tebal
02410393-a	ind:exe	Saya harus membaca buku yang tebal ini selama liburan musim panas ini.
02410393-a	ind:lemma	tebal
02410393-a	ind:exe	Tulislah huruf ini dengan menggunakan garis tebal.
02415390-a	ind:lemma	tebal
02415390-a	ind:exe	Saya harus membaca buku yang tebal ini selama liburan musim panas ini.
02756821-v	ind:lemma	turun hujan
02756821-v	ind:exe	Eh, tetapi bukannya jalanan ke Puncak licin kalau turun hujan?
02529264-a	ind:lemma	hangat
02529264-a	ind:exe	hangat
01546111-v	ind:lemma	berdiri
01546111-v	ind:exe	Anak itu sudah bisa berdiri.
07679356-n	ind:lemma	roti
07679356-n	ind:exe	Toko roti itu buka pagi-pagi.
03259505-n	ind:lemma	rumah
03259505-n	ind:exe	Rumah Ibu Ani tepat di sebelahnya.
03544360-n	ind:lemma	rumah
03544360-n	ind:exe	Rumah Ibu Ani tepat di sebelahnya.
03544360-n	ind:lemma	rumah
03544360-n	ind:exe	Rumah Ibu Ani tepat di sebelahnya.
08559508-n	ind:lemma	rumah
08559508-n	ind:exe	Rumah Ibu Ani tepat di sebelahnya.
08559508-n	ind:lemma	rumah
08559508-n	ind:exe	Rumah Ibu Ani tepat di sebelahnya.
15210486-n	ind:lemma	Februari
15210486-n	ind:exe	Hari ulang tahun saya tanggal 17 Februari.
15167349-n	ind:lemma	malam
15167349-n	ind:exe	Selamat malam.
15155747-n	ind:lemma	malam
15155747-n	ind:exe	Selamat malam.
15167027-n	ind:lemma	malam
15167027-n	ind:exe	Selamat malam.
15167027-n	ind:lemma	tadi malam
15167027-n	ind:exe	Tadi malam kamu pulang jam berapa?
15167474-n	ind:lemma	malam
15167474-n	ind:exe	Selamat malam.
03438257-n	ind:lemma	gelas
03438257-n	ind:exe	Karena haus, dia minum tiga gelas air.
08613593-n	ind:lemma	luar
08613593-n	ind:exe	Kemarin saya tidak pergi ke luar.
03338821-n	ind:lemma	film
03338821-n	ind:exe	Saya mau film ASA 400, 36 lembar.
06613686-n	ind:lemma	film
06613686-n	ind:exe	Saya mau film ASA 400, 36 lembar.
06613686-n	ind:lemma	film
06613686-n	ind:exe	Misalnya, ada demo masak makanan Jepang, acara minum teh, dan juga pemutaran film Jepang.
06262567-n	ind:lemma	film
06262567-n	ind:exe	Saya mau film ASA 400, 36 lembar.
04096066-n	ind:lemma	jalan
04096066-n	ind:exe	Lalu, naik becak, turun di Jalan Merapi.
15212739-n	ind:lemma	September
15212739-n	ind:exe	Sepanjang bulan September saya berlibur di Pulau Lombok.
77000079-a	ind:lemma	itu
77000079-a	ind:exe	Ah, itu sangat memakan waktu.
14524198-n	ind:lemma	mendung
14524198-n	ind:exe	Hari ini mendung, tetapi udaranya cukup panas.
13828795-n	ind:lemma	panjang
13828795-n	ind:exe	Gambarlah persegi panjang yang panjangnya 5cm dan lebarnya 10cm.
00543233-n	ind:lemma	musik
00543233-n	ind:exe	Ya, tapi kedua aliran musik itu sama bagusnya.
05718556-n	ind:lemma	musik
05718556-n	ind:exe	Ya, tapi kedua aliran musik itu sama bagusnya.
05718935-n	ind:lemma	musik
05718935-n	ind:exe	Ya, tapi kedua aliran musik itu sama bagusnya.
07020895-n	ind:lemma	musik
07020895-n	ind:exe	Ya, tapi kedua aliran musik itu sama bagusnya.
00409709-r	ind:lemma	dekat
00409709-r	ind:exe	Di dekat universitas kami akan segera dibuka restoran Korea.
08641113-n	ind:lemma	dekat
08641113-n	ind:exe	Di dekat universitas kami akan segera dibuka restoran Korea.
03112099-n	ind:lemma	koridor
03112099-n	ind:exe	Tidak boleh berlari-lari di koridor.
03661043-n	ind:lemma	perpustakaan
03661043-n	ind:exe	Perpustakaan ini buka mulai jam berapa?
07840804-n	ind:lemma	telur
07840804-n	ind:exe	Telurnya diceplok lebih enak, diletakkan di atas nasi goreng akan terlihat lebih mengundang selera.
90000502-n	ind:lemma	tahun ini
90000502-n	ind:exe	Tahun ini saya tidak sempat mengujungi kota Bandung.
03908204-n	ind:lemma	pensil
03908204-n	ind:exe	Tini sudah bisa memegang pensil secara benar.
14796748-n	ind:lemma	pensil
14796748-n	ind:exe	Tini sudah bisa memegang pensil secara benar.
05282433-n	ind:lemma	gigi
05282433-n	ind:exe	Gosoklah gigi menjelang tidur.
05282746-n	ind:lemma	gigi
05282746-n	ind:exe	Gosoklah gigi menjelang tidur.
01649720-a	ind:lemma	muda
01649720-a	ind:exe	Acara televisi ini sangat populer di kalangan orang muda.
01646941-a	ind:lemma	muda
01646941-a	ind:exe	Acara televisi ini sangat populer di kalangan orang muda.
00514884-a	ind:lemma	sepanjang
00514884-a	ind:exe	Kami mengobrol sepanjang malam tanpa tidur .
00988232-a	ind:lemma	kurus
00988232-a	ind:exe	Wanita itu sangat kurus.
01029368-v	ind:lemma	bernama
01029368-v	ind:exe	Orang yang datang dari Indonesia itu bernama Budi.
77000084-n	ind:lemma	mana
77000084-n	ind:exe	Asramanya di mana?
00220082-a	ind:lemma	cantik
00220082-a	ind:exe	Orang itu cantik.
01586342-a	ind:lemma	cantik
01586342-a	ind:exe	Orang itu cantik.
01586342-a	ind:lemma	baik
01586342-a	ind:exe	Dia baik, ramah, tapi... terlalu serius.
01346003-v	ind:lemma	membuka
01346003-v	ind:exe	Dia membuka jendela untuk memasukkan udara segar.
09853467-n	ind:lemma	kakak laki-laki
09853467-n	ind:exe	Kakak laki-laki saya malas sekali sehingga tinggal kelas.
09853467-n	ind:lemma	kakak
09853467-n	ind:exe	Anak itu menangis karena merasa kehilangan kakaknya.
03102654-n	ind:lemma	lemari es
03102654-n	ind:exe	Jangan biarkan pintu lemari es terbuka.
03273913-n	ind:lemma	lemari es
03273913-n	ind:exe	Jangan biarkan pintu lemari es terbuka.
02399595-a	ind:lemma	tidak enak
02399595-a	ind:exe	Sayur ini tidak enak karena tidak segar.
01716971-a	ind:lemma	tidak enak
01716971-a	ind:exe	Sayur ini tidak enak karena tidak segar.
07845335-n	ind:lemma	susu sapi
07845335-n	ind:exe	Saya pernah memerah susu sapi.
07844042-n	ind:lemma	susu sapi
07844042-n	ind:exe	Saya pernah memerah susu sapi.
10780632-n	ind:lemma	nyonya
10780632-n	ind:exe	Nyonya Duta Besar juga hadir dalam acara itu.
10780632-n	ind:lemma	istri
10780632-n	ind:exe	Saya senang karena istri saya pintar memasak.
08625462-n	ind:lemma	kiri
08625462-n	ind:exe	Luka di kaki kiri saya terasa sakit sekali.
90000508-n	ind:lemma	minggu depan
90000508-n	ind:exe	Minggu depan mulai libur panjang, ya?
01848718-v	ind:lemma	pergi
01848718-v	ind:exe	Kapan Iwan pergi memancing?
06518719-n	ind:lemma	tiket
06518719-n	ind:exe	Ini ada dua tiket gratis untuk Ayu.
01470670-v	ind:lemma	berjumpa
01470670-v	ind:exe	Saya berjumpa dengan teman saya di jalan.
02428924-v	ind:lemma	berjumpa
02428924-v	ind:exe	Saya berjumpa dengan teman saya di jalan.
10285313-n	ind:lemma	anak laki-laki
10285313-n	ind:exe	Anak laki-laki suka bermain sepak bola.
03542333-n	ind:lemma	hotel
03542333-n	ind:exe	Dia memesan kamar hotel di Kyoto.
02913152-n	ind:lemma	bangunan
02913152-n	ind:exe	Pada tahun ini bangunan itu akan selesai dibangun.
07649854-n	ind:lemma	daging
07649854-n	ind:exe	Orang muda lebih suka makan daging daripada ikan.
09397391-n	ind:lemma	kolam
09397391-n	ind:exe	Mereka sering memancing ikan di kolam itu.
07935152-n	ind:lemma	teh
07935152-n	ind:exe	Misalnya, ada demo masak makanan Jepang, acara minum teh, dan juga pemutaran film Jepang.
03082979-n	ind:lemma	komputer
03082979-n	ind:exe	Pada saat ini komputer seolah menjadi sebuah kebutuhan pokok bagi siapa saja.
00312553-n	ind:lemma	perjalanan
00312553-n	ind:exe	Hobi saya adalah melakukan perjalanan ke luar negeri.
04043733-n	ind:lemma	radio
04043733-n	ind:exe	Dia mendengarkan radio setiap malam.
01442186-a	ind:lemma	pendek
01442186-a	ind:exe	Wanita yang rambutnya pendek itu siapa?
01436003-a	ind:lemma	pendek
01436003-a	ind:exe	Wanita yang rambutnya pendek itu siapa?
01442826-a	ind:lemma	pendek
01442826-a	ind:exe	Wanita yang rambutnya pendek itu siapa?
14513694-n	ind:lemma	rumah tangga
14513694-n	ind:exe	Setiap hari Ibu Rini mengerjakan banyak pekerjaan rumah tangga.
02808440-n	ind:lemma	kamar mandi
02808440-n	ind:exe	Kamar mandi ada di sebelah kamar kecil.
02807731-n	ind:lemma	kamar mandi
02807731-n	ind:exe	Kamar mandi ada di sebelah kamar kecil.
15274074-n	ind:lemma	cuti
15274074-n	ind:exe	Dia bisa mengambil cuti dari perusahaannya.
15183428-n	ind:lemma	cuti
15183428-n	ind:exe	Dia bisa mengambil cuti dari perusahaannya.
15137890-n	ind:lemma	cuti
15137890-n	ind:exe	Dia bisa mengambil cuti dari perusahaannya.
00027918-r	ind:lemma	masih
00027918-r	ind:exe	Masih terdapat banyak masalah mengenai program magang di Jepang.
00031304-r	ind:lemma	masih
00031304-r	ind:exe	Masih terdapat banyak masalah mengenai program magang di Jepang.
03925226-n	ind:lemma	foto
03925226-n	ind:exe	Foto pesta pernikahan kami sudah jadi.
03931044-n	ind:lemma	foto
03931044-n	ind:exe	Foto pesta pernikahan kami sudah jadi.
04248607-n	ind:lemma	foto
04248607-n	ind:exe	Foto pesta pernikahan kami sudah jadi.
15164233-n	ind:lemma	Rabu
15164233-n	ind:exe	Rabu
11524662-n	ind:lemma	cuaca
11524662-n	ind:exe	Bagaimana cuaca di Surabaya sekarang?
07193184-n	ind:lemma	pertanyaan
07193184-n	ind:exe	Apa ada pertanyaan yang lain?
07196682-n	ind:lemma	pertanyaan
07196682-n	ind:exe	Apa ada pertanyaan yang lain?
05797597-n	ind:lemma	pertanyaan
05797597-n	ind:exe	Apa ada pertanyaan yang lain?
07193596-n	ind:lemma	pertanyaan
07193596-n	ind:exe	Apa ada pertanyaan yang lain?
01904930-v	ind:lemma	berjalan kaki
01904930-v	ind:exe	Dia berjalan kaki ke stasiun.
03383948-n	ind:lemma	garpu
03383948-n	ind:exe	Anak saya belum bisa makan dengan pisau dan garpu.
08286569-n	ind:lemma	universitas
08286569-n	ind:exe	Pak, saya mendapat informasi tentang beasiswa dari universitas.
08286163-n	ind:lemma	universitas
08286163-n	ind:exe	Pak, saya mendapat informasi tentang beasiswa dari universitas.
08278169-n	ind:lemma	universitas
08278169-n	ind:exe	Pak, saya mendapat informasi tentang beasiswa dari universitas.
01000214-v	ind:lemma	menulis
01000214-v	ind:exe	Cara membaca dan cara menulisnya tidak sama.
02471690-v	ind:lemma	menulis
02471690-v	ind:exe	Cara membaca dan cara menulisnya tidak sama.
01020356-v	ind:lemma	menulis
01020356-v	ind:exe	Cara membaca dan cara menulisnya tidak sama.
01691057-v	ind:lemma	menulis
01691057-v	ind:exe	Cara membaca dan cara menulisnya tidak sama.
01698271-v	ind:lemma	menulis
01698271-v	ind:exe	Cara membaca dan cara menulisnya tidak sama.
01020934-v	ind:lemma	menulis
01020934-v	ind:exe	Cara membaca dan cara menulisnya tidak sama.
00993014-v	ind:lemma	menulis
00993014-v	ind:exe	Cara membaca dan cara menulisnya tidak sama.
03822171-n	ind:lemma	koran
03822171-n	ind:exe	Peristiwa kecelakan lalu lintas itu diberitakan dalam koran kemarin.
06267145-n	ind:lemma	koran
06267145-n	ind:exe	Peristiwa kecelakan lalu lintas itu diberitakan dalam koran kemarin.
14961722-n	ind:lemma	koran
14961722-n	ind:exe	Peristiwa kecelakan lalu lintas itu diberitakan dalam koran kemarin.
07197021-n	ind:lemma	tes
07197021-n	ind:exe	Semua murid mendapat angka yang baik dalam tes kemarin.
00158309-r	ind:lemma	tepat
00158309-r	ind:exe	Rumah Ibu Ani tepat di sebelahnya.
00002621-r	ind:lemma	tepat
00002621-r	ind:exe	Rumah Ibu Ani tepat di sebelahnya.
00002950-r	ind:lemma	tepat
00002950-r	ind:exe	Rumah Ibu Ani tepat di sebelahnya.
13714184-n	ind:lemma	derajat
13714184-n	ind:exe	Suhu badan saya rata-rata 36.2 derajat Celcius.
00119568-n	ind:lemma	melompat
00119568-n	ind:exe	Kuda itu bisa melompat palang setinggi 1 meter.
08145553-n	ind:lemma	kantor pos
08145553-n	ind:exe	Lalu, tunjukkan surat ini, KTP, dan kartu mahasiswa kepada petugas kantor pos.
15237044-n	ind:lemma	musim semi
15237044-n	ind:exe	Musim semi adalah musim pertemuan dan perpisahan.
01270199-v	ind:lemma	mencuci
01270199-v	ind:exe	Karena kotor, saya harus mencuci sepatu saya.
06505517-n	ind:lemma	fotokopi
06505517-n	ind:exe	Inilah fotokopi resep yang saya tulis.
15166462-n	ind:lemma	sore
15166462-n	ind:exe	Dari pagi sampai sore saya memancing.
15166462-n	ind:lemma	tadi malam
15166462-n	ind:exe	Tadi malam kamu pulang jam berapa?
01343918-a	ind:lemma	menarik
01343918-a	ind:exe	Drama ini ceritanya menarik, hanya aktornya tidak begitu baik.
01344344-a	ind:lemma	menarik
01344344-a	ind:exe	Drama ini ceritanya menarik, hanya aktornya tidak begitu baik.
01344344-a	ind:lemma	menyenangkan
01344344-a	ind:exe	Dia marah karena menerima jawaban yang kurang menyenangkan.
01265308-a	ind:lemma	menarik
01265308-a	ind:exe	Drama ini ceritanya menarik, hanya aktornya tidak begitu baik.
01344485-a	ind:lemma	menarik
01344485-a	ind:exe	Drama ini ceritanya menarik, hanya aktornya tidak begitu baik.
00067045-r	ind:lemma	depan
00067045-r	ind:exe	Minggu depan mulai libur panjang, ya?
00067265-r	ind:lemma	depan
00067265-r	ind:exe	Minggu depan mulai libur panjang, ya?
90000515-n	ind:lemma	lusa
90000515-n	ind:exe	Hasil ujian ini akan diberitahukan besok atau lusa.
01296462-v	ind:lemma	memasang
01296462-v	ind:exe	Bapak mau memasang AC?
01801029-a	ind:lemma	menyenangkan
01801029-a	ind:exe	Dia marah karena menerima jawaban yang kurang menyenangkan.
03906997-n	ind:lemma	pulpen
03906997-n	ind:exe	Boleh saya pinjam pulpen sebentar?
77000095-n	ind:lemma	siapa
77000095-n	ind:exe	Siapa nama Anda ?
77000095-n	ind:lemma	siapa
77000095-n	ind:exe	Siapa nama Anda?
90000500-n	ind:lemma	dua tahun yang lalu
90000500-n	ind:exe	Saya sudah menikah dua tahun yang lalu.
03221720-n	ind:lemma	pintu
03221720-n	ind:exe	Seseorang mengetuk pintu.
03221720-n	ind:lemma	pintu
03221720-n	ind:exe	Kalau Buka Pintu, Harap Tutup Lagi.
77000012-n	ind:lemma	saya
77000012-n	ind:exe	Tapi, besok teman saya akan datang.
77000015-n	ind:lemma	saya
77000015-n	ind:exe	Tapi, besok teman saya akan datang.
01344963-a	ind:lemma	membosankan
01344963-a	ind:exe	Menurut teman saya, buku komik ini membosankan.
01170052-v	ind:lemma	minum
01170052-v	ind:exe	Apa saya harus minum obat?
03282295-n	ind:lemma	kedutaan besar
03282295-n	ind:exe	Kami harus pergi ke Kedutaan Besar untuk mengambil visa.
14145501-n	ind:lemma	angin
14145501-n	ind:exe	Pohon itu tumbang karena angin ribut.
06796119-n	ind:lemma	perangko
06796119-n	ind:exe	Jangan lupa menempelkan perangko pada amplop.
07775375-n	ind:lemma	ikan
07775375-n	ind:exe	Di Bogor banyak tempat pemancingan ikan.
02512053-n	ind:lemma	ikan
02512053-n	ind:exe	Di Bogor banyak tempat pemancingan ikan.
01586866-a	ind:lemma	baik
01586866-a	ind:exe	Dia baik, ramah, tapi... terlalu serius.
01048762-a	ind:lemma	baik
01048762-a	ind:exe	Dia baik, ramah, tapi... terlalu serius.
00067638-a	ind:lemma	baik
00067638-a	ind:exe	Dia baik, ramah, tapi... terlalu serius.
01993408-a	ind:lemma	baik
01993408-a	ind:exe	Dia baik, ramah, tapi... terlalu serius.
01171213-a	ind:lemma	baik
01171213-a	ind:exe	Dia baik, ramah, tapi... terlalu serius.
01800349-a	ind:lemma	baik
01800349-a	ind:exe	Dia baik, ramah, tapi... terlalu serius.
01123148-a	ind:lemma	baik
01123148-a	ind:exe	Dia baik, ramah, tapi... terlalu serius.
00064787-a	ind:lemma	baik
00064787-a	ind:exe	Dia baik, ramah, tapi... terlalu serius.
00850183-a	ind:lemma	baik
00850183-a	ind:exe	Dia baik, ramah, tapi... terlalu serius.
01129977-a	ind:lemma	baik
01129977-a	ind:exe	Dia baik, ramah, tapi... terlalu serius.
01586752-a	ind:lemma	baik
01586752-a	ind:exe	Dia baik, ramah, tapi... terlalu serius.
04588365-n	ind:lemma	jendela
04588365-n	ind:exe	Boleh saya membuka jendela?
04587648-n	ind:lemma	jendela
04587648-n	ind:exe	Boleh saya membuka jendela?
05216365-n	ind:lemma	tubuh
05216365-n	ind:exe	Tubuh saya tidak kuat.
76100002-x	ind:lemma	lembar
76100002-x	ind:exe	Bunga ini berdaun bunga lima lembar.
04967191-n	ind:lemma	hijau
04967191-n	ind:exe	Konon, memakai pakaian berwarna hijau di pantai selatan Jawa itu berbahaya.
80001047-v	ind:lemma	mati
80001047-v	ind:exe	Anjing kesayanganku mati kemarin.
03497657-n	ind:lemma	topi
03497657-n	ind:exe	Pakailah topi karena hari ini sangat panas.
15129927-n	ind:lemma	pukul
15129927-n	ind:exe	Acara televisi itu mulai pukul 22.00 Waktu Indonesia Barat.
06359877-n	ind:lemma	kalimat
06359877-n	ind:exe	Kalimat ini ambigu, ya.
00546389-n	ind:lemma	lagu
00546389-n	ind:exe	Tapi saya lebih suka lagu-lagu dangdut.
07048000-n	ind:lemma	lagu
07048000-n	ind:exe	Tapi saya lebih suka lagu-lagu dangdut.
01754737-v	ind:lemma	memotong
01754737-v	ind:exe	Kemarin saya memotong rambut saya sendiri.
07447641-n	ind:lemma	pesta
07447641-n	ind:exe	Sibuk membantu persiapan pesta pernikahan kakak saya.
01842204-v	ind:lemma	berangkat
01842204-v	ind:exe	Meskipun hujan, kami memutuskan tetap berangkat.
04241394-n	ind:lemma	selop
04241394-n	ind:exe	Harap menggunakan selop di dalam ruang ini.
05301908-n	ind:lemma	mulut
05301908-n	ind:exe	Manis di mulut, jahat di hati.
02440250-n	ind:lemma	tangan
02440250-n	ind:exe	tangan
09823502-n	ind:lemma	bibi
09823502-n	ind:exe	Bibi saya pintar menari.
10193967-n	ind:lemma	suami
10193967-n	ind:exe	Setiap malam Minggu Rina pasti berkencan dengan suaminya.
15213406-n	ind:lemma	November
15213406-n	ind:exe	Festival TUFS diadakan pada bulan November.
06277280-n	ind:lemma	televisi
06277280-n	ind:exe	Jangan menonton televisi sampai tengah malam.
13831176-n	ind:lemma	utara
13831176-n	ind:exe	Saya punya rencana pergi ke Sumatera Utara.
01318741-a	ind:lemma	sakit
01318741-a	ind:exe	Sudah dua hari ini kepala dan tenggorokan saya sakit, Dok.
01712753-a	ind:lemma	sakit
01712753-a	ind:exe	Sudah dua hari ini kepala dan tenggorokan saya sakit, Dok.
05395690-n	ind:lemma	perut
05395690-n	ind:exe	Dia itu perutnya besar karena selalu kebanyakan makan.
05556943-n	ind:lemma	perut
05556943-n	ind:exe	Dia itu perutnya besar karena selalu kebanyakan makan.
02324478-v	ind:lemma	menambah
02324478-v	ind:exe	Orang tua saya akan menambah uang saku saya tahun ini.
00640828-v	ind:lemma	menambah
00640828-v	ind:exe	Orang tua saya akan menambah uang saku saya tahun ini.
00182406-v	ind:lemma	menambah
00182406-v	ind:exe	Orang tua saya akan menambah uang saku saya tahun ini.
00749230-a	ind:lemma	gampang
00749230-a	ind:exe	Gampang.
14061805-n	ind:lemma	penyakit
14061805-n	ind:exe	Dia menderita bermacam-macam penyakit.
14055408-n	ind:lemma	penyakit
14055408-n	ind:exe	Dia menderita bermacam-macam penyakit.
14473054-n	ind:lemma	penyakit
14473054-n	ind:exe	Dia menderita bermacam-macam penyakit.
10399491-n	ind:lemma	orang tua
10399491-n	ind:exe	Mungkin itu kiriman dari orang tua saya di kampung.
13833375-n	ind:lemma	selatan
13833375-n	ind:exe	Dosen pembimbing saya berasal dari Sulawesi Selatan.
02472293-n	ind:lemma	manusia
02472293-n	ind:exe	Sebagai manusia, terkadang kita melakukan kesalahan.
15212167-n	ind:lemma	Juli
15212167-n	ind:exe	7月  Juli
00442917-a	ind:lemma	jauh
00442917-a	ind:exe	Apakah rumah Anda jauh dari sini?
01421622-v	ind:lemma	memasukkan
01421622-v	ind:exe	Dia tidak memasukkan gula ke dalam kopi.
03398467-n	ind:lemma	depan
03398467-n	ind:exe	Di depan pintu masuk, ya.
00964768-a	ind:lemma	lemah
00964768-a	ind:exe	Dia itu tenaganya lemah, tetapi mentalnya sangat kuat.
02324397-a	ind:lemma	lemah
02324397-a	ind:exe	Dia itu tenaganya lemah, tetapi mentalnya sangat kuat.
00709215-a	ind:lemma	lemah
00709215-a	ind:exe	Dia itu tenaganya lemah, tetapi mentalnya sangat kuat.
02040233-a	ind:lemma	lemah
02040233-a	ind:exe	Dia itu tenaganya lemah, tetapi mentalnya sangat kuat.
02040049-a	ind:lemma	lemah
02040049-a	ind:exe	Dia itu tenaganya lemah, tetapi mentalnya sangat kuat.
00254978-r	ind:lemma	setiap bulan
00254978-r	ind:exe	Setiap bulan saya menabung 20,000 yen.
77000091-n	ind:lemma	seperti apa
77000091-n	ind:exe	Dia orangnya seperti apa?
06605897-n	ind:lemma	arti
06605897-n	ind:exe	Kata ini artinya apa?
05919866-n	ind:lemma	arti
05919866-n	ind:exe	Kata ini artinya apa?
06601327-n	ind:lemma	arti
06601327-n	ind:exe	Kata ini artinya apa?
04059701-n	ind:lemma	belakang
04059701-n	ind:exe	Di belakang gedung itu.
02767665-n	ind:lemma	belakang
02767665-n	ind:exe	Di belakang gedung itu.
03540595-n	ind:lemma	rumah sakit
03540595-n	ind:exe	Tolong antarkan saya ke rumah sakit.
08054417-n	ind:lemma	rumah sakit
08054417-n	ind:exe	Tolong antarkan saya ke rumah sakit.
05311054-n	ind:lemma	mata
05311054-n	ind:exe	Matanya besar dan hidungnya mancung.
05316025-n	ind:lemma	mata
05316025-n	ind:exe	Matanya besar dan hidungnya mancung.
02871439-n	ind:lemma	rak buku
02871439-n	ind:exe	Kembalikanlah buku-buku yang sudah Anda baca ke rak buku.
01186408-a	ind:lemma	ringan
01186408-a	ind:exe	Saya mau memakai sepatu yang lebih ringan.
04049098-n	ind:lemma	stasiun
04049098-n	ind:exe	Saya mau turun di Stasiun Shinjuku.
03030663-n	ind:lemma	rokok
03030663-n	ind:exe	Ayah saya menyukai rokok kretek.
02230772-v	ind:lemma	memberikan
02230772-v	ind:exe	Guru memberikan daftar nilai pada akhir semester kepada murid-murid.
90000504-n	ind:lemma	dua tahun lagi
90000504-n	ind:exe	Dua tahun lagi, saya akan ditugaskan di Indonesia.
00729108-n	ind:lemma	PR
00729108-n	ind:exe	Ayu sudah mengerjakan PR bahasa Inggris?
03815615-n	ind:lemma	dasi
03815615-n	ind:exe	Kakak saya memberikan dasi baru kepada ayahnya.
07596684-n	ind:lemma	kue
07596684-n	ind:exe	Rini pandai membuat kue, ya!
05560787-n	ind:lemma	kaki
05560787-n	ind:exe	Kaki Anda ukurannya berapa?
05563266-n	ind:lemma	kaki
05563266-n	ind:exe	Kaki Anda ukurannya berapa?
15211189-n	ind:lemma	April
15211189-n	ind:exe	4月  April
02310007-v	ind:lemma	mengembalikan
02310007-v	ind:exe	Pak, saya ingin mengembalikan buku.
01308381-v	ind:lemma	mengembalikan
01308381-v	ind:exe	Pak, saya ingin mengembalikan buku.
80001595-v	ind:lemma	mengembalikan
80001595-v	ind:exe	Pak, saya ingin mengembalikan buku.
10080869-n	ind:lemma	ayah
10080869-n	ind:exe	Dia dimarahi ayahnya karena pulang malam-malam.
10080869-n	ind:lemma	ayah
10080869-n	ind:exe	Dia dimarahi ayahnya karena pulang malam-malam.
02411224-a	ind:lemma	tebal
02411224-a	ind:exe	Tulislah huruf ini dengan menggunakan garis tebal.
04446276-n	ind:lemma	kamar kecil
04446276-n	ind:exe	Di mana kamar kecilnya?
04555291-n	ind:lemma	kamar kecil
04555291-n	ind:exe	Di mana kamar kecilnya?
15212455-n	ind:lemma	Agustus
15212455-n	ind:exe	8月  Agustus
00292937-a	ind:lemma	sibuk
00292937-a	ind:exe	Maaf, akhir-akhir ini saya memang sedang sibuk.
00273082-a	ind:lemma	gelap
00273082-a	ind:exe	Lebih baik tidak berjalan di jalan gelap.
03291819-n	ind:lemma	amplop
03291819-n	ind:exe	Tolong masukkan surat ke dalam amplop.
80001545-n	ind:lemma	sebelah
80001545-n	ind:exe	Rumah Ibu Ani tepat di sebelahnya.
09215315-n	ind:lemma	bawah
09215315-n	ind:exe	Ada sesuatu di bawah meja.
80001661-n	ind:lemma	bawah
80001661-n	ind:exe	Ada sesuatu di bawah meja.
00523513-n	ind:lemma	olahraga
00523513-n	ind:exe	Saya sering menonton olahraga dengan teman-teman.
03179701-n	ind:lemma	meja
03179701-n	ind:exe	Tolong pindahkan meja itu ke sana.
04202417-n	ind:lemma	toko
04202417-n	ind:exe	toko
02016062-v	ind:lemma	turun
02016062-v	ind:exe	Lalu, naik becak, turun di Jalan Merapi.
15237782-n	ind:lemma	musim dingin
15237782-n	ind:exe	Selama musim dingin ini, salju belum pernah turun hingga sekarang.
80001691-n	ind:lemma	atas
80001691-n	ind:exe	Telurnya diceplok lebih enak, diletakkan di atas nasi goreng akan terlihat lebih mengundang selera.
08663354-n	ind:lemma	atas
08663354-n	ind:exe	Telurnya diceplok lebih enak, diletakkan di atas nasi goreng akan terlihat lebih mengundang selera.
07804323-n	ind:lemma	nasi
07804323-n	ind:exe	Kalau sudah matang, baru dimasukkan nasinya dan ditambahkan garam, gula, sedikit kecap manis.
15245990-n	ind:lemma	nasi
15245990-n	ind:exe	Kalau sudah matang, baru dimasukkan nasinya dan ditambahkan garam, gula, sedikit kecap manis.
90000417-n	ind:lemma	nasi
90000417-n	ind:exe	Kalau sudah matang, baru dimasukkan nasinya dan ditambahkan garam, gula, sedikit kecap manis.
07575076-n	ind:lemma	makan siang
07575076-n	ind:exe	Setelah makan siang saja, ya.
15156001-n	ind:lemma	hari ini
15156001-n	ind:exe	Hari ini Iwan sempat bertemu dengan Rini?
09604981-n	ind:lemma	diri
09604981-n	ind:exe	Saya ingin mendaftarkan diri ke asrama mahasiswa. Di mana, ya?
07557434-n	ind:lemma	masakan
07557434-n	ind:exe	Kalau begitu, saya mau makan masakan Padang.
02395115-a	ind:lemma	enak
02395115-a	ind:exe	Ayu, tahu cara masak nasi goreng yang enak, tidak?
02396720-a	ind:lemma	enak
02396720-a	ind:exe	Ayu, tahu cara masak nasi goreng yang enak, tidak?
