# TUFS Basic Por. in Brazil Wordnet	por	http://www.coelang.tufs.ac.jp/mt/pb/	CC BY 4.0
15210045-n	por:lemma	janeiro
15210045-n	por:exe	A praia fervilhava de gente como nos domingos de janeiro.\n
05755883-n	por:lemma	estudo
05755883-n	por:exe	Como estão indo seus estudos na faculdade?\n
04971928-n	por:lemma	marrom
04971928-n	por:exe	Comprei um casaco marrom que está na moda.\n
15163797-n	por:lemma	domingo
15163797-n	por:exe	Mas se você não puder vir, quer ir comigo ao cinema no domingo?
15043763-n	por:lemma	neve
15043763-n	por:exe	A casa estava coberta de neve.\n
00251013-n	por:lemma	limpeza
00251013-n	por:exe	Não gosto de fazer limpeza.\n
08058098-n	por:lemma	empresa
08058098-n	por:exe	Acho problemático, pois não será bom para a imagem da empresa.
01382086-a	por:lemma	grande
01382086-a	por:exe	O museu é muito grande. 
01453084-a	por:lemma	grande
01453084-a	por:exe	O museu é muito grande. 
00527870-a	por:lemma	grande
00527870-a	por:exe	O museu é muito grande. 
01677433-a	por:lemma	grande
01677433-a	por:exe	O museu é muito grande. 
10084295-n	por:lemma	menina
10084295-n	por:exe	A menina sempre foi a alegria da família.\n
10129825-n	por:lemma	menina
10129825-n	por:exe	A menina sempre foi a alegria da família.\n
00065495-v	por:lemma	estar bem
00065495-v	por:exe	O senhor está bem?\n
80001734-n	por:lemma	aula
80001734-n	por:exe	Ele pegou gripe e faltou a aula.\n
00889472-n	por:lemma	aula
00889472-n	por:exe	Ele pegou gripe e faltou a aula.\n
02608347-v	por:lemma	começar
02608347-v	por:exe	A aula começa às nove da manhã.\n
07850329-n	por:lemma	queijo
07850329-n	por:exe	Faço pão de queijo em casa.\n
03623556-n	por:lemma	faca
03623556-n	por:exe	Tem gente que come Sushi com garfo e faca?\n
03624134-n	por:lemma	faca
03624134-n	por:exe	Tem gente que come Sushi com garfo e faca?\n
02783161-n	por:lemma	caneta
02783161-n	por:exe	Me empresta sua caneta.\n
02632567-v	por:lemma	querer
02632567-v	por:exe	Eu quero picanha.
01579608-a	por:lemma	logo
01579608-a	por:exe	Ele vai chegar logo.\n
03427296-n	por:lemma	portão
03427296-n	por:exe	Agora sim, bem perto do portão.
04026417-n	por:lemma	carteira
04026417-n	por:exe	Essa carteira custa só trinta reais?\n
11456462-n	por:lemma	céu limpo
11456462-n	por:exe	O céu está limpo hoje.
07848338-n	por:lemma	manteiga
07848338-n	por:exe	Para fazer o bolo, é melhor usar manteiga sem sal.\n
90000501-n	por:lemma	ano passado
90000501-n	por:exe	Compramos uma pequena casa no ano passado.
15210870-n	por:lemma	março
15210870-n	por:exe	Conhece a canção que se chama "Águas de março" ?\n
77000072-n	por:lemma	aqui
77000072-n	por:exe	Sim, está aqui, Sr. Antônio. 
08489497-n	por:lemma	aqui
08489497-n	por:exe	Sim, está aqui, Sr. Antônio. 
03561345-n	por:lemma	pintura
03561345-n	por:exe	Fui a uma exosição de pinturas em Ueno.\n
03234306-n	por:lemma	pintura
03234306-n	por:exe	Fui a uma exosição de pinturas em Ueno.\n
03876519-n	por:lemma	pintura
03876519-n	por:exe	Fui a uma exosição de pinturas em Ueno.\n
07110615-n	por:lemma	voz
07110615-n	por:exe	A voz dela é suave.\n
05202284-n	por:lemma	voz
05202284-n	por:exe	A voz dela é suave.\n
09411430-n	por:lemma	rio
09411430-n	por:exe	O Rio Amazonas tem mais de 6000 km de comprimento.\n
15236859-n	por:lemma	outono
15236859-n	por:exe	Como fizeram manhãs bonitas neste outono!\n
02107442-v	por:lemma	perguntar
02107442-v	por:exe	O policial perguntou às testemunhas sobre as circunstâncias do crime.\n
02169891-v	por:lemma	perguntar
02169891-v	por:exe	O policial perguntou às testemunhas sobre as circunstâncias do crime.\n
02242464-v	por:lemma	vender
02242464-v	por:exe	Foram vendidos ingressos além da capacidade do estádio, logo só podia dar em confusão.\n
00271022-a	por:lemma	claro
00271022-a	por:exe	Ele está vestindo um suéter de cor clara.\n
00396523-a	por:lemma	claro
00396523-a	por:exe	Ele está vestindo um suéter de cor clara.\n
00269989-a	por:lemma	claro
00269989-a	por:exe	Ele está vestindo um suéter de cor clara.\n
00278551-a	por:lemma	claro
00278551-a	por:exe	Ele está vestindo um suéter de cor clara.\n
02924116-n	por:lemma	ônibus
02924116-n	por:exe	O senhor tem que pegar um ônibus para Ouro Preto.
01614426-v	por:lemma	colar
01614426-v	por:exe	Os estudantes colaram cartazes nos muros.\n
80001230-x	por:lemma	sim
80001230-x	por:exe	Sim. 
01184932-a	por:lemma	pesado
01184932-a	por:exe	A caixa é muito pesada para ela carregar.\n
07881800-n	por:lemma	bebida
07881800-n	por:exe	Tem bebida sem álcool?\n
01119192-a	por:lemma	bem
01119192-a	por:exe	E que saiba cozinhar muito bem.
02226162-a	por:lemma	bem
02226162-a	por:exe	E que saiba cozinhar muito bem.
01838916-a	por:lemma	bem
01838916-a	por:exe	E que saiba cozinhar muito bem.
03467517-n	por:lemma	violão
03467517-n	por:exe	Foi ele que me ensinou a tocar violão.\n
03613294-n	por:lemma	chave
03613294-n	por:exe	Onde foi que deixei as minhas chaves?\n
01553629-a	por:lemma	muito
01553629-a	por:exe	Meu professor tem muitos livros.\n
01551633-a	por:lemma	muito
01551633-a	por:exe	Meu professor tem muitos livros.\n
01552419-a	por:lemma	muito
01552419-a	por:exe	Meu professor tem muitos livros.\n
00127137-a	por:lemma	velho
00127137-a	por:exe	Achei um rádio toca-fitas velho no armário.\n
01638438-a	por:lemma	velho
01638438-a	por:exe	Achei um rádio toca-fitas velho no armário.\n
01729384-a	por:lemma	velho
01729384-a	por:exe	Achei um rádio toca-fitas velho no armário.\n
10694258-n	por:lemma	professor
10694258-n	por:exe	Na classe, enquanto o professor dava aula, eu fazia um desenho dele.
07859284-n	por:lemma	açúcar
07859284-n	por:exe	Você acrescenta o açúcar, um pouco de água, gelo picado e um pouco de cachaça. 
09605289-n	por:lemma	adulto
09605289-n	por:exe	A vida social dos adultos é muito complexa.
04081281-n	por:lemma	restaurante
04081281-n	por:exe	Este restaurante é famoso por sua pizza.\n
04081281-n	por:lemma	refeitório
04081281-n	por:exe	Me encontrei com Paulo no refeitório.\n
10448983-n	por:lemma	policial
10448983-n	por:exe	O policial perguntou às testemunhas sobre as circunstâncias do crime.\n
90000507-n	por:lemma	esta semana
90000507-n	por:exe	Estava muito ocupado nesta semana.\n
02686568-n	por:lemma	avião
02686568-n	por:exe	Vou ao Brasil de avião.\n
02691156-n	por:lemma	avião
02691156-n	por:exe	Vou ao Brasil de avião.\n
08420278-n	por:lemma	banco
08420278-n	por:exe	Você já foi ao banco?
02787772-n	por:lemma	banco
02787772-n	por:exe	Você já foi ao banco?
02018049-v	por:lemma	embarcar
02018049-v	por:exe	Embarquei num caminhão superlotado.\n
02324026-v	por:lemma	pegar emprestado
02324026-v	por:exe	Peguei emprestados três livros da biblioteca.\n
01447257-v	por:lemma	empurrar
01447257-v	por:exe	Empurrou a porta e entrou.\n
02398378-a	por:lemma	picante
02398378-a	por:exe	Toda vez que como comidas picantes, meu rosto fica quente e vermelho.\n
02397732-a	por:lemma	picante
02397732-a	por:exe	Toda vez que como comidas picantes, meu rosto fica quente e vermelho.\n
06628228-n	por:lemma	cartão postal
06628228-n	por:exe	Comprei um cartão postal no Rio de Janeiro.\n
06627938-n	por:lemma	cartão postal
06627938-n	por:exe	Comprei um cartão postal no Rio de Janeiro.\n
03959485-n	por:lemma	prato
03959485-n	por:exe	Depois de pronto o bolo, vire-o ainda quente num prato de vidro.\n
00393105-a	por:lemma	branco
00393105-a	por:exe	O ator do filme tinha os dentes brancos.\n
08625073-n	por:lemma	direita
08625073-n	por:exe	Você vai em frente e vira à direita no segundo sinal.
02728440-n	por:lemma	roupa
02728440-n	por:exe	Eu preciso comprar uma roupa para ir a uma festa.
15165289-n	por:lemma	manhã
15165289-n	por:exe	Amanhã de manhã. 
15165289-n	por:lemma	manhã
15165289-n	por:exe	Eu volto até as 2 horas da manhã.
00109151-r	por:lemma	aí
00109151-r	por:exe	Aí é uma agência de casamentos, não é mesmo?
03720163-n	por:lemma	mapa
03720163-n	por:exe	Sem este mapa, me sinto perdido.\n
00024996-a	por:lemma	novo
00024996-a	por:exe	Ganhei a nova edição do dicionário de português.\n
01642477-a	por:lemma	novo
01642477-a	por:exe	Ganhei a nova edição do dicionário de português.\n
01641648-a	por:lemma	novo
01641648-a	por:exe	Ganhei a nova edição do dicionário de português.\n
01687167-a	por:lemma	novo
01687167-a	por:exe	Ganhei a nova edição do dicionário de português.\n
02584699-a	por:lemma	novo
02584699-a	por:exe	Ganhei a nova edição do dicionário de português.\n
01686439-a	por:lemma	novo
01686439-a	por:exe	Ganhei a nova edição do dicionário de português.\n
02070491-a	por:lemma	novo
02070491-a	por:exe	Ganhei a nova edição do dicionário de português.\n
02013758-a	por:lemma	novo
02013758-a	por:exe	Ganhei a nova edição do dicionário de português.\n
01640850-a	por:lemma	novo
01640850-a	por:exe	Ganhei a nova edição do dicionário de português.\n
00894552-n	por:lemma	exercício
00894552-n	por:exe	Façam os exercícios de verbos da página quinze.\n
01292683-a	por:lemma	gostar
01292683-a	por:exe	E gosto também de filme policial e de terror.
01777210-v	por:lemma	gostar
01777210-v	por:exe	E gosto também de filme policial e de terror.
03038685-n	por:lemma	sala de aula
03038685-n	por:exe	Fui o primeiro aluno a chegar na sala de aula.
00296131-r	por:lemma	talvez
00296131-r	por:exe	Talvez seja a igreja mais importante da cidade.\n
00154449-r	por:lemma	talvez
00154449-r	por:exe	Talvez seja a igreja mais importante da cidade.\n
03001627-n	por:lemma	cadeira
03001627-n	por:exe	Comprei uma linda cadeira na loja de móveis.\n\n
01914947-v	por:lemma	correr
01914947-v	por:exe	As crianças correram pelo campo.\n
01926311-v	por:lemma	correr
01926311-v	por:exe	As crianças correram pelo campo.\n
02005496-v	por:lemma	voltar
02005496-v	por:exe	Eu volto até as 2 horas da manhã.
04379243-n	por:lemma	mesa
04379243-n	por:exe	Socilitamos que os senhores passageiros não abram a mesa nas costas do assento da frente durante a decolagem.\n
04298308-n	por:lemma	escada
04298308-n	por:exe	Precisamos subir até o quarto andar pela escada.\n
00037919-v	por:lemma	tomar
00037919-v	por:exe	Ela vai tomar banho antes de dormir.\n
01532589-v	por:lemma	limpar
01532589-v	por:exe	Nossa empregada limpa a casa todos os dias.\n
01533442-v	por:lemma	limpar
01533442-v	por:exe	Nossa empregada limpa a casa todos os dias.\n
07663592-n	por:lemma	carne de vaca
07663592-n	por:exe	Qual você prefere, carne de vaca ou de porco?\n
08182962-n	por:lemma	muitas pessoas
08182962-n	por:exe	Muitas pessoas sairam para ver o desfile na rua.\n
08182379-n	por:lemma	muitas pessoas
08182379-n	por:exe	Muitas pessoas sairam para ver o desfile na rua.\n
80000079-n	por:lemma	mês passado
80000079-n	por:exe	No mês passado ela me ligou de Londres.\n
10020890-n	por:lemma	médico
10020890-n	por:exe	Minha filha ficou doente e eu a levei ao médico.
10305802-n	por:lemma	médico
10305802-n	por:exe	Minha filha ficou doente e eu a levei ao médico.
03710193-n	por:lemma	caixa de correio
03710193-n	por:exe	Botei um cartão na caixa de correio.
03989074-n	por:lemma	caixa de correio
03989074-n	por:exe	Botei um cartão na caixa de correio.
15136147-n	por:lemma	semana
15136147-n	por:exe	Mas Sr. Carlos, o pagamento já está atrasado há uma semana.
15169873-n	por:lemma	semana
15169873-n	por:exe	Mas Sr. Carlos, o pagamento já está atrasado há uma semana.
15211806-n	por:lemma	junho
15211806-n	por:exe	Chove muito no mês de junho.\n
04489008-n	por:lemma	calça
04489008-n	por:exe	Ele usa calças brancas.\n
04230808-n	por:lemma	saia
04230808-n	por:exe	Você acha que eu devo usar um vestido ou uma saia?
08544813-n	por:lemma	país
08544813-n	por:exe	O Brasil é o quinto maior país do mundo.\n
08490199-n	por:lemma	país
08490199-n	por:exe	O Brasil é o quinto maior país do mundo.\n
00081737-r	por:lemma	todos os anos
00081737-r	por:exe	Meu tio visita Kyoto todos os anos.\n
00018158-v	por:lemma	levantar-se
00018158-v	por:exe	Ela não tem mais febre e já se levantou.\n
05538625-n	por:lemma	cabeça
05538625-n	por:exe	Quero um remédio para dor de cabeça.\n
02418686-v	por:lemma	brincar
02418686-v	por:exe	E se eles quiserem brincar lá fora?
04965661-n	por:lemma	amarelo
04965661-n	por:exe	Amarelo é a cor do ouro ou da gema do ovo.
02561888-a	por:lemma	estreito
02561888-a	por:exe	Não consigo estacionar o carro porque a rua é estreita demais.\n
00476663-a	por:lemma	estreito
00476663-a	por:exe	Não consigo estacionar o carro porque a rua é estreita demais.\n
05137165-n	por:lemma	altura
05137165-n	por:exe	Aquela torre tem mais de quinze metros de altura.\n
05131647-n	por:lemma	altura
05131647-n	por:exe	Aquela torre tem mais de quinze metros de altura.\n
00009966-r	por:lemma	por favor
00009966-r	por:exe	Garçom, traga um cinzeiro, por favor.\n
00009966-r	por:lemma	de nada
00009966-r	por:exe	De nada. 
10103485-n	por:lemma	estrangeiro
10103485-n	por:exe	A maior parte dos estrangeiros que moram em Gunma é de brasileiros.\n
02958343-n	por:lemma	carro
02958343-n	por:exe	Nós vamos juntas no meu carro.
03924069-n	por:lemma	disco
03924069-n	por:exe	Ao ouvir este disco, você vai se lembrar do Brasil.\n
10332385-n	por:lemma	mãe
10332385-n	por:exe	Mãe, a senhora permite que eu saia com seu carro hoje à noite?
02410855-v	por:lemma	trabalhar
02410855-v	por:exe	Eu fui convidado para trabalhar no Japão, mas eu nem imagino como é lá.
07668702-n	por:lemma	carne de porco
07668702-n	por:exe	Qual você prefere, carne de vaca ou de porco?\n
00081836-n	por:lemma	compra
00081836-n	por:exe	Eu gosto de fazer compras.
04203889-n	por:lemma	compra
04203889-n	por:exe	Eu gosto de fazer compras.
13836136-n	por:lemma	oeste
13836136-n	por:exe	As nuvens se deslocaram para oeste.\n
02368336-a	por:lemma	doce
02368336-a	por:exe	Os bolos do Brasil são muito doces para mim.\n
04254777-n	por:lemma	meia(s)
04254777-n	por:exe	Falta um botão na minha camisa e a meia está furada.\n
01845229-v	por:lemma	viajar
01845229-v	por:exe	Um dia, queria viajar para a África.\n
01846916-v	por:lemma	viajar
01846916-v	por:exe	Um dia, queria viajar para a África.\n
01845720-v	por:lemma	viajar
01845720-v	por:exe	Um dia, queria viajar para a África.\n
00061203-r	por:lemma	depois
00061203-r	por:exe	Depois eu te telefono.
10112591-n	por:lemma	amigo
10112591-n	por:exe	Posso convidar um amigo?
08588294-n	por:lemma	dentro
08588294-n	por:exe	Dentro da sala estava muito quente.\n
08588152-n	por:lemma	dentro
08588152-n	por:exe	Dentro da sala estava muito quente.\n
77000021-n	por:lemma	você
77000021-n	por:exe	Olha o que eu trouxe pra você.
77000021-n	por:lemma	você
77000021-n	por:exe	Se você fosse presidente da República, o que você faria?
02771169-v	por:lemma	fazer bom tempo
02771169-v	por:exe	Faz um bom tempo hoje.\n
77000061-a	por:lemma	este
77000061-a	por:exe	Ao ouvir este disco, você vai se lembrar do Brasil.\n
80001619-a	por:lemma	este
80001619-a	por:exe	Ao ouvir este disco, você vai se lembrar do Brasil.\n
77000075-a	por:lemma	este
77000075-a	por:exe	Ao ouvir este disco, você vai se lembrar do Brasil.\n
08649345-n	por:lemma	lado
08649345-n	por:exe	Sentou-se na poltrona ao meu lado.\n
08649345-n	por:lemma	vizinho
08649345-n	por:exe	Meu vizinho vendeu caro a sua casa.\n
05136150-n	por:lemma	lado
05136150-n	por:exe	Sentou-se na poltrona ao meu lado.\n
15211484-n	por:lemma	maio
15211484-n	por:exe	O hospital fica na rua 13 de maio.\n
05563770-n	por:lemma	braço
05563770-n	por:exe	Fiquei assustado quando ele me tocou no braço.
15165490-n	por:lemma	dia
15165490-n	por:exe	A recepção funciona só durante o dia.\n
04272054-n	por:lemma	óculos
04272054-n	por:exe	Quem é aquele homem de óculos?\n
80000746-n	por:lemma	ideograma
80000746-n	por:exe	Os japoneses aprendem a escrever ideogramas desde criança.
10287213-n	por:lemma	homem
10287213-n	por:exe	Quem é aquele homem de óculos?\n
09624168-n	por:lemma	homem
09624168-n	por:exe	Quem é aquele homem de óculos?\n
15164105-n	por:lemma	terça-feira
15164105-n	por:exe	Nas terças-feiras, só tenho aula de tarde.\n
77000099-n	por:lemma	todo mundo
77000099-n	por:exe	Todo mundo gosta dela.\n
00479391-v	por:lemma	apagar
00479391-v	por:exe	No exato momento em que bateu meia-noite, a luz se apagou.\n
03238879-n	por:lemma	camisa
03238879-n	por:exe	Meu chefe sempre usa a camisa limpa.\n
02412164-a	por:lemma	fino
02412164-a	por:exe	Esta blusa é muito fina.\n
02414188-a	por:lemma	fino
02414188-a	por:exe	Esta blusa é muito fina.\n
08489627-n	por:lemma	ali
08489627-n	por:exe	Olha ali, minha filha. 
01168468-v	por:lemma	comer
01168468-v	por:exe	Você sabe comer com pauzinhos muito bem.\n
01166351-v	por:lemma	comer
01166351-v	por:exe	Você sabe comer com pauzinhos muito bem.\n
01179865-v	por:lemma	comer
01179865-v	por:exe	Você sabe comer com pauzinhos muito bem.\n
15122231-n	por:lemma	tempo
15122231-n	por:exe	Mas eu não tenho tempo!
02818832-n	por:lemma	cama
02818832-n	por:exe	Será que você podia também colocar a pijama neles e levá-los para a cama?\n
90000503-n	por:lemma	ano que vem
90000503-n	por:exe	Estou pensando em viajar pelo Brasil no ano que vem.\n
08168367-n	por:lemma	país estrangeiro
08168367-n	por:exe	Você já foi a algum país estrangeiro?\n
02560548-a	por:lemma	largo
02560548-a	por:exe	A rua onde ela mora é larga e arborizada.\n
01384212-a	por:lemma	largo
01384212-a	por:exe	A rua onde ela mora é larga e arborizada.\n
01031256-v	por:lemma	enviar
01031256-v	por:exe	No Natal deste ano, não enviei cartões.\n
01995211-v	por:lemma	enviar
01995211-v	por:exe	No Natal deste ano, não enviei cartões.\n
00255710-n	por:lemma	lavagem
00255710-n	por:exe	Recomenda-se a lavagem a seco para tecidos delicados.\n
00031798-r	por:lemma	já
00031798-r	por:exe	Eu já comprei. 
07555863-n	por:lemma	comida
07555863-n	por:exe	Você gosta de comida japonesa?\n
07560652-n	por:lemma	comida
07560652-n	por:exe	Você gosta de comida japonesa?\n
00157412-r	por:lemma	às vezes
00157412-r	por:exe	Às vezes, eu gosto de ir ao cinema ou ao teatro.\n
00021212-r	por:lemma	às vezes
00021212-r	por:exe	Às vezes, eu gosto de ir ao cinema ou ao teatro.\n
03740161-n	por:lemma	remédio
03740161-n	por:exe	Quero um remédio para dor de cabeça.\n
02318272-a	por:lemma	reto
02318272-a	por:exe	Vai reto e você vai ver o banco na sua direita.\n
02310895-a	por:lemma	reto
02310895-a	por:exe	Vai reto e você vai ver o banco na sua direita.\n
02314584-a	por:lemma	reto
02314584-a	por:exe	Vai reto e você vai ver o banco na sua direita.\n
10787470-n	por:lemma	mulher
10787470-n	por:exe	Mulheres gostam de ganhar jóias ou flores.\n
10736091-n	por:lemma	tio
10736091-n	por:exe	Meu tio visita Kyoto todos os anos.\n
04404997-n	por:lemma	câmera
04404997-n	por:exe	Ele tirou uma foto minha com sua nova câmera.\n
02942699-n	por:lemma	câmera
02942699-n	por:exe	Ele tirou uma foto minha com sua nova câmera.\n
04370048-n	por:lemma	suéter
04370048-n	por:exe	Ele está vestindo um suéter de cor clara.\n
02626604-v	por:lemma	tornar-se
02626604-v	por:exe	Depois daquela briga, ela se tornou minha grande amiga.\n
02623529-v	por:lemma	tornar-se
02623529-v	por:exe	Depois daquela briga, ela se tornou minha grande amiga.\n
04398497-n	por:lemma	café
04398497-n	por:exe	Vamos nos encontrar no café perto da estação.\n
00081591-r	por:lemma	todas as semanas
00081591-r	por:exe	Recebo sua carta todas as semanas.\n
01535246-v	por:lemma	lavar
01535246-v	por:exe	Gosto de lavar os pés num riacho.\n
01535246-v	por:lemma	lavar roupas
01535246-v	por:exe	O novo modelo da máquina de lavar roupas usa menos sabão em pó.\n
00036362-v	por:lemma	lavar
00036362-v	por:exe	Gosto de lavar os pés num riacho.\n
01536168-v	por:lemma	lavar
01536168-v	por:exe	Gosto de lavar os pés num riacho.\n
00606093-v	por:lemma	fazer exercício
00606093-v	por:exe	Façam os exercícios de verbos da página quinze.\n
01723224-v	por:lemma	fazer exercício
01723224-v	por:exe	Façam os exercícios de verbos da página quinze.\n
15156187-n	por:lemma	ontem
15156187-n	por:exe	Eu queria te pedir desculpas, pois ontem eu não pude vir.
01919428-a	por:lemma	quieto
01919428-a	por:exe	É preciso ficar calmo e quieto.\n
01918984-a	por:lemma	quieto
01918984-a	por:exe	É preciso ficar calmo e quieto.\n
04437953-n	por:lemma	relógio
04437953-n	por:exe	Deu nove horas no relógio.\n
03046257-n	por:lemma	relógio
03046257-n	por:exe	Deu nove horas no relógio.\n
04350905-n	por:lemma	terno
04350905-n	por:exe	Fábio tirou uma poeira do terno com a escova.\n
00409440-a	por:lemma	escuro
00409440-a	por:exe	Acho melhor que você use cores escuras, como preto, azul-marinho ou marrom.\n
00842199-a	por:lemma	forte
00842199-a	por:exe	Camarões será um forte candidato à vaga.\n
15163979-n	por:lemma	segunda-feira
15163979-n	por:exe	Oficialmente, o carnaval dura três dias: domingo, segunda-feira e terça-feira.\n
00059413-r	por:lemma	freqüentemente
00059413-r	por:exe	Meu filho me telefona freqüentemente.\n
00035058-r	por:lemma	freqüentemente
00035058-r	por:exe	Meu filho me telefona freqüentemente.\n
05687338-n	por:lemma	questão
05687338-n	por:exe	O aluno respondeu a cada questão corretamente.\n
06784003-n	por:lemma	questão
06784003-n	por:exe	O aluno respondeu a cada questão corretamente.\n
03281145-n	por:lemma	elevador
03281145-n	por:exe	O elevador está em manutenção.\n
05320899-n	por:lemma	orelha
05320899-n	por:exe	Ela tem dois furos em cada orelha.\n
00007846-n	por:lemma	alguém
00007846-n	por:exe	Mas nós precisamos de alguém com domínio de inglês...
04284002-n	por:lemma	colher
04284002-n	por:exe	Lúcia fez uma pausa enquanto pegava a sopa com a colher.\n
13134947-n	por:lemma	fruta
13134947-n	por:exe	No norte do Brasil você encontra frutas diferentes.\n
11683989-n	por:lemma	fruta
11683989-n	por:exe	No norte do Brasil você encontra frutas diferentes.\n
02730813-v	por:lemma	dizer
02730813-v	por:exe	Mas você não disse que gostava de desenho animado?
01009240-v	por:lemma	dizer
01009240-v	por:exe	Mas você não disse que gostava de desenho animado?
00941990-v	por:lemma	dizer
00941990-v	por:exe	Mas você não disse que gostava de desenho animado?
00979870-v	por:lemma	dizer
00979870-v	por:exe	Mas você não disse que gostava de desenho animado?
09854218-n	por:lemma	irmãs
09854218-n	por:exe	Você tem irmãs?\n
04507155-n	por:lemma	guarda-chuva
04507155-n	por:exe	Você trouxe o seu guarda-chuva?\n
02229324-a	por:lemma	mal
02229324-a	por:exe	Eu jogo boliche muito mal.\n
01870636-a	por:lemma	mal
01870636-a	por:exe	Eu jogo boliche muito mal.\n
01128103-a	por:lemma	mal
01128103-a	por:exe	Eu jogo boliche muito mal.\n
02229000-a	por:lemma	mal
02229000-a	por:exe	Eu jogo boliche muito mal.\n
15270431-n	por:lemma	hora
15270431-n	por:exe	É muito cansativa, pois leva mais ou menos 25 horas de vôo.\n
15227846-n	por:lemma	hora
15227846-n	por:exe	É muito cansativa, pois leva mais ou menos 25 horas de vôo.\n
15269513-n	por:lemma	hora
15269513-n	por:exe	É muito cansativa, pois leva mais ou menos 25 horas de vôo.\n
00744916-a	por:lemma	difícil
00744916-a	por:exe	Hoje em dia, isto é muito difícil.
04401088-n	por:lemma	telefone
04401088-n	por:exe	O número do telefone é 2221- 7020 (dois, dois, dois, um, setenta, vinte)
06272803-n	por:lemma	telefone
06272803-n	por:exe	O número do telefone é 2221- 7020 (dois, dois, dois, um, setenta, vinte)
02870092-n	por:lemma	livro
02870092-n	por:exe	Você já viu os livros na biblioteca?\n
06410904-n	por:lemma	livro
06410904-n	por:exe	Você já viu os livros na biblioteca?\n
09972010-n	por:lemma	primo
09972010-n	por:exe	Meu primo vai para a Itália na próxima semana.\n
14974264-n	por:lemma	papel
14974264-n	por:exe	Passe na papelaria e compre cem folhas de papel almaço.\n
80000677-n	por:lemma	papel
80000677-n	por:exe	Passe na papelaria e compre cem folhas de papel almaço.\n
06255777-n	por:lemma	papel
06255777-n	por:exe	Passe na papelaria e compre cem folhas de papel almaço.\n
04960277-n	por:lemma	preto
04960277-n	por:exe	Acho melhor que você use cores escuras, como preto, azul-marinho ou marrom.\n
02770717-v	por:lemma	ficar nublado
02770717-v	por:exe	O céu ficou nublado.\n
02529945-a	por:lemma	fresco
02529945-a	por:exe	O vento é fresco e os pombos passeiam no telhado.\n
02207206-v	por:lemma	comprar
02207206-v	por:exe	Eu preciso comprar uma roupa para ir a uma festa.
02208265-v	por:lemma	comprar
02208265-v	por:exe	Eu preciso comprar uma roupa para ir a uma festa.
00422620-a	por:lemma	sujo
00422620-a	por:exe	Estou muito suado e sujo.\n
01908889-a	por:lemma	sujo
01908889-a	por:exe	Estou muito suado e sujo.\n
00419289-a	por:lemma	sujo
00419289-a	por:exe	Estou muito suado e sujo.\n
01345109-v	por:lemma	fechar
01345109-v	por:exe	O vento fechou as janelas.\n
01960911-v	por:lemma	nadar
01960911-v	por:exe	O menino já sabe nadar bem.\n
00933154-a	por:lemma	caro
00933154-a	por:exe	Acho o custo de vida  no Japão muito caro.\n
04199027-n	por:lemma	sapato(s)
04199027-n	por:exe	Meus pés doem porque os sapatos estão muito apertados.\n
04330340-n	por:lemma	aquecedor
04330340-n	por:exe	Liguei o aquecedor pois estava com frio.\n\n
05598147-n	por:lemma	nariz
05598147-n	por:exe	Ele coçou o nariz.\n
05658826-n	por:lemma	nariz
05658826-n	por:exe	Ele coçou o nariz.\n
06947032-n	por:lemma	inglês
06947032-n	por:exe	Mas nós precisamos de alguém com domínio de inglês...
07575726-n	por:lemma	jantar
07575726-n	por:exe	Você comprou alguma coisa para o jantar?\n
03485794-n	por:lemma	lenço
03485794-n	por:exe	Ele pôs uma caneta-tinteiro e um lenço de seda no bolso de baixo do casaco.\n
01198101-v	por:lemma	respirar
01198101-v	por:exe	Respirava a plenos pulmões o ar da montanha.\n
02741003-v	por:lemma	pendurar
02741003-v	por:exe	Ele viu a moça pendurando toalhas no varal.\n
01206474-a	por:lemma	baixo
01206474-a	por:exe	Essas aves voam muito baixo.\n
13832355-n	por:lemma	leste
13832355-n	por:exe	O sol nasce no leste.\n
11525955-n	por:lemma	vento
11525955-n	por:exe	As janelas meio abertas, deixavam passar o vento.\n
02324182-v	por:lemma	emprestar
02324182-v	por:exe	Paulo, me empresta um dinheiro?\n
01437963-a	por:lemma	comprido
01437963-a	por:exe	Ela tem cabelo grosso e comprido.\n
01433493-a	por:lemma	comprido
01433493-a	por:exe	Ela tem cabelo grosso e comprido.\n
01444022-a	por:lemma	comprido
01444022-a	por:exe	Ela tem cabelo grosso e comprido.\n
80001077-n	por:lemma	quanto
80001077-n	por:exe	Quantos anos você tem?\n
80001077-n	por:lemma	quanto
80001077-n	por:exe	Quanto custa esta camisa?\n
10665698-n	por:lemma	aluno
10665698-n	por:exe	Fui o primeiro aluno a chegar na sala de aula.
10665698-n	por:lemma	estudante
10665698-n	por:exe	Sou estudante de química.\n
10251779-n	por:lemma	aluno
10251779-n	por:exe	Fui o primeiro aluno a chegar na sala de aula.
08615374-n	por:lemma	parque
08615374-n	por:exe	Daqui ao parque são mais de dois quilômetros.\n
77000064-n	por:lemma	qual
77000064-n	por:exe	Bom dia, qual é o seu nome?
03290771-n	por:lemma	entrada
03290771-n	por:exe	Os visitantes tiram os sapatos na entrada e usam sandálias dentro do hospital.\n
06409752-n	por:lemma	redação
06409752-n	por:exe	Façam a redação a lápis.\n
10286084-n	por:lemma	irmãos
10286084-n	por:exe	Você tem irmãos?\n
09876454-n	por:lemma	irmãos
09876454-n	por:exe	Você tem irmãos?\n
77000031-n	por:lemma	ela
77000031-n	por:exe	Ah, ela é muito simples, franca, carinhosa e atenciosa.
00934199-a	por:lemma	barato
00934199-a	por:exe	Prata é mais barata que ouro.\n
00935103-a	por:lemma	barato
00935103-a	por:exe	Prata é mais barata que ouro.\n
02747802-n	por:lemma	cinzeiro
02747802-n	por:exe	Garçom, traga um cinzeiro, por favor.\n
15213115-n	por:lemma	outubro
15213115-n	por:exe	No dia 12 de outubro, se festeja o dia de Nossa Senhora Aparecida.\n
15203791-n	por:lemma	ano
15203791-n	por:exe	Eu tenho 22 anos.
03619890-n	por:lemma	cozinha
03619890-n	por:exe	Não admitia que alguém comesse na cozinha.\n
00273734-v	por:lemma	ensinar
00273734-v	por:exe	A professora ensinou ao rapaz a forma correta de se falar em público.\n
00829107-v	por:lemma	ensinar
00829107-v	por:exe	A professora ensinou ao rapaz a forma correta de se falar em público.\n
00963570-v	por:lemma	falar
00963570-v	por:exe	Eu vou ler o jornal e te falo depois.\n
00815686-v	por:lemma	responder
00815686-v	por:exe	O aluno respondeu a cada questão corretamente.\n
00635523-v	por:lemma	responder
00635523-v	por:exe	O aluno respondeu a cada questão corretamente.\n
03417345-n	por:lemma	jardim
03417345-n	por:exe	Pedro e o filho caçula jogavam futebol no jardim.\n
03417749-n	por:lemma	jardim
03417749-n	por:exe	Pedro e o filho caçula jogavam futebol no jardim.\n
01775164-v	por:lemma	gostar muito
01775164-v	por:exe	O povo brasileiro gosta muito de futebol.\n
01828736-v	por:lemma	gostar muito
01828736-v	por:exe	O povo brasileiro gosta muito de futebol.\n
06418901-n	por:lemma	dicionário
06418901-n	por:exe	E você já consultou as obras de referência: dicionários, enciclopédias?
15164570-n	por:lemma	sábado
15164570-n	por:exe	Vou dar uma festa no sábado à noite.
00284798-n	por:lemma	passeio
00284798-n	por:exe	As professoras levam as crianças para dar um passeio.\n
00284101-n	por:lemma	passeio
00284101-n	por:exe	As professoras levam as crianças para dar um passeio.\n
01712704-v	por:lemma	fazer
01712704-v	por:exe	O que você gosta de fazer no fim de semana?
08277393-n	por:lemma	escola
08277393-n	por:exe	Construindo escolas, dando melhores salários para os professores, e também melhorando a merenda escolar.\n
08276720-n	por:lemma	escola
08276720-n	por:exe	Construindo escolas, dando melhores salários para os professores, e também melhorando a merenda escolar.\n
00161630-r	por:lemma	devagar
00161630-r	por:exe	Ela fala devagar para que todos a entendam.\n
90000506-n	por:lemma	semana passada
90000506-n	por:exe	Eu comprei na viagem que fiz a Gramado na semana passada. 
03057021-n	por:lemma	casaco
03057021-n	por:exe	Ele pôs uma caneta-tinteiro e um lenço de seda no bolso de baixo do casaco.\n
03057021-n	por:lemma	casaco
03057021-n	por:exe	Eu queria um casaco igual ao que vi na exposição.\n\n
03589791-n	por:lemma	casaco
03589791-n	por:exe	Ele pôs uma caneta-tinteiro e um lenço de seda no bolso de baixo do casaco.\n
06929279-n	por:lemma	japonês
06929279-n	por:exe	Eu sei falar japonês.
03303965-n	por:lemma	saída
03303965-n	por:exe	Tem uma saída de emergência no fundo do corredor.\n
10142391-n	por:lemma	avô
10142391-n	por:exe	Meu avô vai fazer setenta e três anos no mês que vem.\n
07934530-n	por:lemma	chá preto
07934530-n	por:exe	Prefiro chá preto a café.\n
07933274-n	por:lemma	chá preto
07933274-n	por:exe	Prefiro chá preto a café.\n
07933274-n	por:lemma	chá
07933274-n	por:exe	Quer tomar café ou chá?\n
07989373-n	por:lemma	casal
07989373-n	por:exe	O casal foi embora para Curitiba.\n\n
10146559-n	por:lemma	quitanda
10146559-n	por:exe	Comprei cebolas naquela quitanda.\n
03457686-n	por:lemma	quitanda
03457686-n	por:exe	Comprei cebolas naquela quitanda.\n
03147509-n	por:lemma	xícara
03147509-n	por:exe	Tomou um gole de leite daquela xícara.\n
03972524-n	por:lemma	bolso
03972524-n	por:exe	Ele andava com as mãos nos bolsos.\n
04968895-n	por:lemma	azul
04968895-n	por:exe	O céu estava azul e os pássaros cantavam alegremente.\n
01555416-a	por:lemma	pouco
01555416-a	por:exe	Você acrescenta o açúcar, um pouco de água, gelo picado e um pouco de cachaça. 
01552885-a	por:lemma	pouco
01552885-a	por:exe	Você acrescenta o açúcar, um pouco de água, gelo picado e um pouco de cachaça. 
00017865-v	por:lemma	deitar-se
00017865-v	por:exe	O cachorro deitou-se aos meus pés.\n
00584367-n	por:lemma	trabalho
00584367-n	por:exe	Mas eu tenho muito trabalho amanhã e tenho que estar no centro da cidade bem cedo.
07574602-n	por:lemma	café da manhã
07574602-n	por:exe	A diária desse hotel é cento e vinte reais com café da manhã incluído.\n\n
08078020-n	por:lemma	família
08078020-n	por:exe	E sua família?
10236304-n	por:lemma	família
10236304-n	por:exe	E sua família?
07970406-n	por:lemma	família
07970406-n	por:exe	E sua família?
04197391-n	por:lemma	camisa
04197391-n	por:exe	Quanto custa esta camisa?
09918248-n	por:lemma	criança
09918248-n	por:exe	As crianças correram pelo campo.\n
12212361-n	por:lemma	legume
12212361-n	por:exe	Eu vou pedir uma salada de legumes e depois carne com batatas fritas.\n
07707451-n	por:lemma	legume
07707451-n	por:exe	Eu vou pedir uma salada de legumes e depois carne com batatas fritas.\n
03365991-n	por:lemma	andar
03365991-n	por:exe	O escritório fica no quinto andar.
00976508-a	por:lemma	rápido
00976508-a	por:exe	Este ano está passando rápido.\n
00981818-a	por:lemma	rápido
00981818-a	por:exe	Este ano está passando rápido.\n
00979862-a	por:lemma	rápido
00979862-a	por:exe	Este ano está passando rápido.\n
01367431-a	por:lemma	animado
01367431-a	por:exe	A festa estava muito animada.
07644382-n	por:lemma	frango
07644382-n	por:exe	Frango com quiabo é um dos pratos típicos da comida mineira.\n
07644967-n	por:lemma	frango
07644967-n	por:exe	Frango com quiabo é um dos pratos típicos da comida mineira.\n
07813107-n	por:lemma	sal
07813107-n	por:exe	Adicione sal e pimenta a gosto.\n
07825972-n	por:lemma	molho de soja
07825972-n	por:exe	Gosto de comer abacate com molho de soja.\n
02005948-v	por:lemma	chegar
02005948-v	por:exe	Sim, mas é complicado chegar lá. 
02930766-n	por:lemma	táxi
02930766-n	por:exe	Mas de táxi leva só 15 minutos.
04371225-n	por:lemma	piscina
04371225-n	por:exe	Ela nada na piscina todos os dias.\n
00604617-a	por:lemma	conveniência
00604617-a	por:exe	A vida em Tokyo está cada vez mais conveniente.\n
15237250-n	por:lemma	verão
15237250-n	por:exe	Quantos graus faz por aqui no verão?\n
03757138-n	por:lemma	metrô
03757138-n	por:exe	A embaixada do Brasil fica perto da estação de metrô Gaien-mae.\n
04349306-n	por:lemma	metrô
04349306-n	por:exe	A embaixada do Brasil fica perto da estação de metrô Gaien-mae.\n
77000090-n	por:lemma	como
77000090-n	por:exe	Então, como eu faço?
80001331-x	por:lemma	como
80001331-x	por:exe	Então, como eu faço?
77000104-n	por:lemma	quando
77000104-n	por:exe	Quando?
04105893-n	por:lemma	apartamento
04105893-n	por:exe	O número do prédio é 512 (quinhentos e doze), apartamento 703 (setecentos e três).
06415419-n	por:lemma	caderno
06415419-n	por:exe	Não poderiam estar faltando essas folhas no meu caderno!\n
01376705-a	por:lemma	famoso
01376705-a	por:exe	Este restaurante é famoso por sua pizza.\n
01375831-a	por:lemma	famoso
01375831-a	por:exe	Este restaurante é famoso por sua pizza.\n
00953216-v	por:lemma	contar
00953216-v	por:exe	Ah, me conta como ela é.
00962447-v	por:lemma	contar
00962447-v	por:exe	Ah, me conta como ela é.
02935891-n	por:lemma	refeitório
02935891-n	por:exe	Me encontrei com Paulo no refeitório.\n
01984902-v	por:lemma	sentar-se
01984902-v	por:exe	Sentou-se na poltrona ao meu lado.\n
00120223-r	por:lemma	enquanto
00120223-r	por:exe	Lúcia fez uma pausa enquanto pegava a sopa com a colher.\n
00120095-r	por:lemma	enquanto
00120095-r	por:exe	Lúcia fez uma pausa enquanto pegava a sopa com a colher.\n
02386612-a	por:lemma	pequeno
02386612-a	por:exe	Compramos uma pequena casa no ano passado.
02386612-a	por:lemma	curto
02386612-a	por:exe	Curto ou longo?
02345713-a	por:lemma	mau
02345713-a	por:exe	Os maus funcionários podem causar danos irreparáveis.\n
00478311-a	por:lemma	mau
00478311-a	por:exe	Os maus funcionários podem causar danos irreparáveis.\n
01174222-a	por:lemma	mau
01174222-a	por:exe	Os maus funcionários podem causar danos irreparáveis.\n
03025755-n	por:lemma	pauzinhos
03025755-n	por:exe	Você sabe comer com pauzinhos muito bem.\n
15166191-n	por:lemma	tarde
15166191-n	por:exe	Onde você estava ontem à tarde?\n
80000080-n	por:lemma	este mês
80000080-n	por:exe	As despesas deste mês foram maiores que de costume.\n
06624161-n	por:lemma	carta
06624161-n	por:exe	A atriz disse que respondia a todas as cartas.\n
01909812-v	por:lemma	virar
01909812-v	por:exe	Você vai em frente e vira à direita no segundo sinal.\n
07929519-n	por:lemma	café
07929519-n	por:exe	Tomamos um café depois do almoço.\n
01729431-v	por:lemma	cantar
01729431-v	por:exe	O céu estava azul e os pássaros cantavam alegremente.\n
11501381-n	por:lemma	chuva
11501381-n	por:exe	Ela gosta dos dias de chuva.\n
07749582-n	por:lemma	limão
07749582-n	por:exe	Você corta o limão em oito pedaços. \n
90000511-n	por:lemma	anteontem
90000511-n	por:exe	Recebi a sua carta anteontem.\n
00118032-r	por:lemma	então
00118032-r	por:exe	Então, está combinado.
00118032-r	por:lemma	então
00118032-r	por:exe	Então, como eu faço?
04468005-n	por:lemma	trem
04468005-n	por:exe	O trem sai à meia-noite.\n
77000002-n	por:lemma	nós
77000002-n	por:exe	Então, é muito difícil nós passarmos um fim de semana juntos.
15206296-n	por:lemma	um mês
15206296-n	por:exe	Menos de um mês será suficiente para a conclusão das obras.\n
02834778-n	por:lemma	bicicleta
02834778-n	por:exe	Sempre vou à faculdade de bicicleta.\n
06597466-n	por:lemma	revista
06597466-n	por:exe	A revista a que me refiro foi imprensada em Lisboa.\n
06595351-n	por:lemma	revista
06595351-n	por:exe	A revista a que me refiro foi imprensada em Lisboa.\n
03704210-n	por:lemma	revista
03704210-n	por:exe	A revista a que me refiro foi imprensada em Lisboa.\n
08238463-n	por:lemma	classe
08238463-n	por:exe	Na classe, enquanto o professor dava aula, eu fazia um desenho dele.
00050454-v	por:lemma	tirar
00050454-v	por:exe	Ele tirou a roupa e reparou que estava magro.\n
02649830-v	por:lemma	morar
02649830-v	por:exe	Meu pai morava em cima de uma quitanda.\n
15155891-n	por:lemma	amanhã
15155891-n	por:exe	Eu posso te dar a resposta amanhã?
04208936-n	por:lemma	chuveiro
04208936-n	por:exe	Ele atravessou o quarto nu e entrou no chuveiro.\n
15213774-n	por:lemma	dezembro
15213774-n	por:exe	Volto para o Japão em dezembro do ano que vem.\n
00625119-v	por:lemma	ler
00625119-v	por:exe	Eu vou ler o jornal e te falo depois.\n
02774152-n	por:lemma	bolsa
02774152-n	por:exe	Moça, sua bolsa está aberta.\n
02773037-n	por:lemma	bolsa
02773037-n	por:exe	Moça, sua bolsa está aberta.\n
13250542-n	por:lemma	dinheiro
13250542-n	por:exe	Como eu faço para sacar dinheiro no caixa automático?
13384557-n	por:lemma	dinheiro
13384557-n	por:exe	Como eu faço para sacar dinheiro no caixa automático?
05600637-n	por:lemma	rosto
05600637-n	por:exe	Toda vez que como comidas picantes, meu rosto fica quente e vermelho.\n
07597365-n	por:lemma	bala
07597365-n	por:exe	Aceita uma bala de gengibre?\n
00024356-r	por:lemma	não
00024356-r	por:exe	Não. 
03176763-n	por:lemma	loja de departamentos
03176763-n	por:exe	Aquela loja de departamentos tem cinco andares.\n
01725051-v	por:lemma	tocar
01725051-v	por:exe	Ela toca piano com muito sentimento.\n
03388183-n	por:lemma	caneta-tinteiro
03388183-n	por:exe	Ele pôs uma caneta-tinteiro e um lenço de seda no bolso de baixo do casaco.\n
77000089-a	por:lemma	tal
77000089-a	por:exe	Deveria ter muitas razões para tal atitude.\n
15164354-n	por:lemma	quinta-feira
15164354-n	por:exe	Na quinta-feira passada me encontrei com João.\n
00056916-r	por:lemma	de nada
00056916-r	por:exe	De nada. 
00816481-a	por:lemma	tarde
00816481-a	por:exe	Já está ficando tarde.
01901186-a	por:lemma	tarde
01901186-a	por:exe	Já está ficando tarde.
04956594-n	por:lemma	cor
04956594-n	por:exe	Mas de que cor?
04674968-n	por:lemma	cor
04674968-n	por:exe	Mas de que cor?
00121135-r	por:lemma	assim
00121135-r	por:exe	Assim é a vida, minha filha.
04962784-n	por:lemma	vermelho
04962784-n	por:exe	O motorista não respeitou o sinal vermelho.\n
03871083-n	por:lemma	bagagem
03871083-n	por:exe	Qual é a sua bagagem?\n
02774630-n	por:lemma	bagagem
02774630-n	por:exe	Qual é a sua bagagem?\n
07891726-n	por:lemma	vinho
07891726-n	por:exe	Prefiro vinho tinto um pouco encorpado.\n
07884567-n	por:lemma	vinho
07884567-n	por:exe	Prefiro vinho tinto um pouco encorpado.\n
07891433-n	por:lemma	vinho
07891433-n	por:exe	Prefiro vinho tinto um pouco encorpado.\n
15164463-n	por:lemma	sexta-feira
15164463-n	por:exe	O restaurante funciona de segunda a sexta-feira.\n
03581125-n	por:lemma	cruzamento
03581125-n	por:exe	Conversamos no cruzamento da Santo Antônio com a Aurora.\n
02410393-a	por:lemma	grosso
02410393-a	por:exe	Este livro grosso é um dicionário.\n
02410393-a	por:lemma	grosso
02410393-a	por:exe	Ela tem cabelo grosso e comprido.\n
02415390-a	por:lemma	grosso
02415390-a	por:exe	Este livro grosso é um dicionário.\n
02756821-v	por:lemma	chover
02756821-v	por:exe	Parece que vai chover hoje à noite.\n
01546111-v	por:lemma	levantar-se
01546111-v	por:exe	O pai limpou a boca com guardanapo e se levantou.\n
10142747-n	por:lemma	avó
10142747-n	por:exe	Minha avó tem oitenta anos.\n
07679356-n	por:lemma	pão
07679356-n	por:exe	Faço pão de queijo em casa.\n
03259505-n	por:lemma	casa
03259505-n	por:exe	Eu preciso ir à casa da Cláudia. 
03544360-n	por:lemma	casa
03544360-n	por:exe	Eu preciso ir à casa da Cláudia. 
03544360-n	por:lemma	casa
03544360-n	por:exe	Eu gosto de ficar em casa dormindo, vendo TV, lendo livros...
08559508-n	por:lemma	casa
08559508-n	por:exe	Eu preciso ir à casa da Cláudia. 
08559508-n	por:lemma	casa
08559508-n	por:exe	Eu gosto de ficar em casa dormindo, vendo TV, lendo livros...
15210486-n	por:lemma	fevereiro
15210486-n	por:exe	Na maioria das vezes, o Carnaval cai em fevereiro.\n
15167349-n	por:lemma	noite
15167349-n	por:exe	Eu tenho que sair hoje à noite. 
15155747-n	por:lemma	noite
15155747-n	por:exe	Eu tenho que sair hoje à noite. 
15167027-n	por:lemma	noite
15167027-n	por:exe	Eu tenho que sair hoje à noite. 
15167027-n	por:lemma	ontem à noite
15167027-n	por:exe	Ontem à noite no canal nove passou um filme sobre o Rio São Francisco.\n
15167474-n	por:lemma	noite
15167474-n	por:exe	Eu tenho que sair hoje à noite. 
03438257-n	por:lemma	copo
03438257-n	por:exe	Põe num copo e soca com um pilão.
08613593-n	por:lemma	fora
08613593-n	por:exe	E se eles quiserem brincar lá fora?
03338821-n	por:lemma	filme
03338821-n	por:exe	Tem filme nesta câmera?\n
06613686-n	por:lemma	filme
06613686-n	por:exe	Tem filme nesta câmera?\n
06613686-n	por:lemma	filme
06613686-n	por:exe	Que tipo de filme você prefere?
06262567-n	por:lemma	filme
06262567-n	por:exe	Tem filme nesta câmera?\n
04096066-n	por:lemma	rua
04096066-n	por:exe	Nesta praça, você entra na primeira rua à esquerda.
15212739-n	por:lemma	setembro
15212739-n	por:exe	No dia sete de setembro de 1822, D. Pedro proclamou a independência.\n
77000079-a	por:lemma	aquele
77000079-a	por:exe	Quem é aquele homem de óculos?\n
14524198-n	por:lemma	céu nublado
14524198-n	por:exe	O céu continua nublado.\n
13828795-n	por:lemma	vertical
13828795-n	por:exe	Passando pelo centro da vertical, trace outra linha perpendicular.\n
00543233-n	por:lemma	música
00543233-n	por:exe	Música e cinema são bons passatempos.\n
05718556-n	por:lemma	música
05718556-n	por:exe	Música e cinema são bons passatempos.\n
05718935-n	por:lemma	música
05718935-n	por:exe	Música e cinema são bons passatempos.\n
07020895-n	por:lemma	música
07020895-n	por:exe	Música e cinema são bons passatempos.\n
00409709-r	por:lemma	perto
00409709-r	por:exe	A embaixada do Brasil fica perto da estação de metrô Gaien-mae.\n
08641113-n	por:lemma	perto
08641113-n	por:exe	A embaixada do Brasil fica perto da estação de metrô Gaien-mae.\n
03112099-n	por:lemma	corredor
03112099-n	por:exe	Tem uma saída de emergência no fundo do corredor.\n
03661043-n	por:lemma	biblioteca
03661043-n	por:exe	Você já viu os livros na biblioteca?\n
07840804-n	por:lemma	ovo
07840804-n	por:exe	Amarelo é a cor do ouro ou da gema do ovo.
90000502-n	por:lemma	este ano
90000502-n	por:exe	Este ano está passando rápido.\n
03908204-n	por:lemma	lápis
03908204-n	por:exe	Façam a redação a lápis.\n
14796748-n	por:lemma	lápis
14796748-n	por:exe	Façam a redação a lápis.\n
05282433-n	por:lemma	dente
05282433-n	por:exe	Um adulto tem trinta e dois dentes.\n
05282746-n	por:lemma	dente
05282746-n	por:exe	Um adulto tem trinta e dois dentes.\n
01649720-a	por:lemma	novo
01649720-a	por:exe	Ele é dois anos mais novo que eu.\n
01646941-a	por:lemma	novo
01646941-a	por:exe	Ele é dois anos mais novo que eu.\n
00514884-a	por:lemma	todo
00514884-a	por:exe	Toda a cidade estava envolvida na festa.\n
00988232-a	por:lemma	fino
00988232-a	por:exe	O cabelo dela é fino.\n
01029368-v	por:lemma	chamar-se
01029368-v	por:exe	Como você se chama？\n\n
77000084-n	por:lemma	onde
77000084-n	por:exe	Onde você a conheceu?
00220082-a	por:lemma	belo
00220082-a	por:exe	Minha mãe me deu um belo presente.
01586342-a	por:lemma	belo
01586342-a	por:exe	Minha mãe me deu um belo presente.
01586342-a	por:lemma	bom
01586342-a	por:exe	Então, está bom. 
01346003-v	por:lemma	abrir
01346003-v	por:exe	O garçom abriu uma lata de azeitonas.
09853467-n	por:lemma	irmão
09853467-n	por:exe	Meu irmão mais velho tem trinta anos.\n
03102654-n	por:lemma	geladeira
03102654-n	por:exe	Ela retirou a comida da geladeira.\n
03273913-n	por:lemma	geladeira
03273913-n	por:exe	Ela retirou a comida da geladeira.\n
02399595-a	por:lemma	ruim
02399595-a	por:exe	Dizem que a comida daquele restaurante é muito ruim.\n
01716971-a	por:lemma	ruim
01716971-a	por:exe	Dizem que a comida daquele restaurante é muito ruim.\n
07845335-n	por:lemma	leite
07845335-n	por:exe	Ele toma um litro de leite por dia.\n
07844042-n	por:lemma	leite
07844042-n	por:exe	Ele toma um litro de leite por dia.\n
10780632-n	por:lemma	esposa
10780632-n	por:exe	A esposa dele é dois anos mais nova que ele.\n
10780632-n	por:lemma	esposa
10780632-n	por:exe	Minha esposa é brasileira.\n
08625462-n	por:lemma	esquerda
08625462-n	por:exe	Nesta praça, você entra na primeira rua à esquerda.
90000508-n	por:lemma	semana que vem
90000508-n	por:exe	A aula vai começar na semana que vem.\n
01848718-v	por:lemma	ir
01848718-v	por:exe	Você quer ir?
06518719-n	por:lemma	bilhete
06518719-n	por:exe	Fui ao balcão trazendo bilhete e passaporte.\n
01470670-v	por:lemma	encontrar
01470670-v	por:exe	Me encontrei com Paulo no refeitório.\n
02428924-v	por:lemma	encontrar
02428924-v	por:exe	Me encontrei com Paulo no refeitório.\n
10285313-n	por:lemma	menino
10285313-n	por:exe	Os meninos estão jogando bola perto da calçada. \n
03542333-n	por:lemma	hotel
03542333-n	por:exe	Saímos do hotel logo depois do café da manhã.
02913152-n	por:lemma	prédio
02913152-n	por:exe	O número do prédio é 512 (quinhentos e doze), apartamento 703 (setecentos e três).
07649854-n	por:lemma	carne
07649854-n	por:exe	Nós servimos massas e carnes.
09397391-n	por:lemma	lagoa
09397391-n	por:exe	A janela da sala dá para a lagoa.\n
07935152-n	por:lemma	chá
07935152-n	por:exe	Quer tomar café ou chá?\n
03082979-n	por:lemma	computador
03082979-n	por:exe	Quero aprender a usar o computador.\n
00312553-n	por:lemma	viagem
00312553-n	por:exe	Ela não gosta de viagem de ônibus.\n
04043733-n	por:lemma	rádio
04043733-n	por:exe	Clara aumentou o volume do rádio.\n
01442186-a	por:lemma	curto
01442186-a	por:exe	Curto ou longo?
01436003-a	por:lemma	curto
01436003-a	por:exe	Curto ou longo?
01442826-a	por:lemma	curto
01442826-a	por:exe	Curto ou longo?
02808440-n	por:lemma	banho
02808440-n	por:exe	Tomo banho antes de dormir.\n
02807731-n	por:lemma	banho
02807731-n	por:exe	Tomo banho antes de dormir.\n
15274074-n	por:lemma	férias
15274074-n	por:exe	Passei as últimas férias em Campos do Jordão.\n
15183428-n	por:lemma	férias
15183428-n	por:exe	Passei as últimas férias em Campos do Jordão.\n
15137890-n	por:lemma	férias
15137890-n	por:exe	Passei as últimas férias em Campos do Jordão.\n
00027918-r	por:lemma	ainda
00027918-r	por:exe	Ainda não sabemos. 
00031304-r	por:lemma	ainda
00031304-r	por:exe	Ainda não sabemos. 
03925226-n	por:lemma	foto
03925226-n	por:exe	Ele tirou uma foto minha com sua nova câmera.\n
03931044-n	por:lemma	foto
03931044-n	por:exe	Ele tirou uma foto minha com sua nova câmera.\n
04248607-n	por:lemma	foto
04248607-n	por:exe	Ele tirou uma foto minha com sua nova câmera.\n
15164233-n	por:lemma	quarta-feira
15164233-n	por:exe	Hoje é quarta-feira. Vamos comer feijoada!\n
11524662-n	por:lemma	clima
11524662-n	por:exe	O gado se adaptou bem ao clima brasileiro.\n
07193184-n	por:lemma	pergunta
07193184-n	por:exe	Tem alguma pergunta?\n
07196682-n	por:lemma	pergunta
07196682-n	por:exe	Tem alguma pergunta?\n
05797597-n	por:lemma	pergunta
05797597-n	por:exe	Tem alguma pergunta?\n
07193596-n	por:lemma	pergunta
07193596-n	por:exe	Tem alguma pergunta?\n
01904930-v	por:lemma	andar
01904930-v	por:exe	Andamos bastante, pois o acampamento ficava bem longe da cidade.
03383948-n	por:lemma	garfo
03383948-n	por:exe	Tem gente que come Sushi com garfo e faca?\n
08286569-n	por:lemma	universidade
08286569-n	por:exe	Lembro bem das ruas pelas quais passávamos indo à universidade.
08286163-n	por:lemma	universidade
08286163-n	por:exe	Lembro bem das ruas pelas quais passávamos indo à universidade.
08278169-n	por:lemma	universidade
08278169-n	por:exe	Lembro bem das ruas pelas quais passávamos indo à universidade.
01000214-v	por:lemma	escrever
01000214-v	por:exe	As crianças já aprenderam a escrever as vogais.\n
02471690-v	por:lemma	escrever
02471690-v	por:exe	As crianças já aprenderam a escrever as vogais.\n
01020356-v	por:lemma	escrever
01020356-v	por:exe	As crianças já aprenderam a escrever as vogais.\n
01691057-v	por:lemma	escrever
01691057-v	por:exe	As crianças já aprenderam a escrever as vogais.\n
01698271-v	por:lemma	escrever
01698271-v	por:exe	As crianças já aprenderam a escrever as vogais.\n
01020934-v	por:lemma	escrever
01020934-v	por:exe	As crianças já aprenderam a escrever as vogais.\n
00993014-v	por:lemma	escrever
00993014-v	por:exe	As crianças já aprenderam a escrever as vogais.\n
03822171-n	por:lemma	jornal
03822171-n	por:exe	Qual é o jornal mais lido no Japão?\n
06267145-n	por:lemma	jornal
06267145-n	por:exe	Qual é o jornal mais lido no Japão?\n
14961722-n	por:lemma	jornal
14961722-n	por:exe	Qual é o jornal mais lido no Japão?\n
07197021-n	por:lemma	prova
07197021-n	por:exe	A prova foi fácil.\n
00158309-r	por:lemma	mesmo
00158309-r	por:exe	Isso mesmo. 
00002621-r	por:lemma	mesmo
00002621-r	por:exe	Isso mesmo. 
00002950-r	por:lemma	mesmo
00002950-r	por:exe	Isso mesmo. 
13714184-n	por:lemma	grau
13714184-n	por:exe	Em poucas regiões do Brasil chega a zero graus.\n
00119568-n	por:lemma	pular
00119568-n	por:exe	As crianças pularam de alegria.\n
08145553-n	por:lemma	correio
08145553-n	por:exe	O correio central fica na praça  São Bento.\n
15237044-n	por:lemma	primavera
15237044-n	por:exe	Ainda faltava pouco mais de um mês para a primavera.\n
01270199-v	por:lemma	lavar roupas
01270199-v	por:exe	O novo modelo da máquina de lavar roupas usa menos sabão em pó.\n
06505517-n	por:lemma	cópia
06505517-n	por:exe	Tenho a cópia do passaporte.\n
15166462-n	por:lemma	tarde
15166462-n	por:exe	Pelo sol, devem ser umas quatro horas da tarde.\n
15166462-n	por:lemma	ontem à noite
15166462-n	por:exe	Ontem à noite no canal nove passou um filme sobre o Rio São Francisco.\n
01343918-a	por:lemma	interessante
01343918-a	por:exe	O Japão é muito interessante.
01344344-a	por:lemma	interessante
01344344-a	por:exe	O Japão é muito interessante.
01344344-a	por:lemma	divertido
01344344-a	por:exe	Passei um dia divertido com meus amigos.\n
01265308-a	por:lemma	interessante
01265308-a	por:exe	O Japão é muito interessante.
01344485-a	por:lemma	interessante
01344485-a	por:exe	O Japão é muito interessante.
00067045-r	por:lemma	frente
00067045-r	por:exe	O ponto de ônibus fica mais a frente.\n
00067265-r	por:lemma	frente
00067265-r	por:exe	O ponto de ônibus fica mais a frente.\n
90000515-n	por:lemma	depois de amanhã
90000515-n	por:exe	Vou para a casa dele depois de amanhã.
01801029-a	por:lemma	divertido
01801029-a	por:exe	Passei um dia divertido com meus amigos.\n
03906997-n	por:lemma	caneta
03906997-n	por:exe	Esqueci de trazer  a caneta.\n
77000095-n	por:lemma	quem
77000095-n	por:exe	Quem é?
77000095-n	por:lemma	quem
77000095-n	por:exe	Com quem você vai sair?
90000500-n	por:lemma	ano retrasado
90000500-n	por:exe	Fui à Alemaha no ano retrasado.\n
03221720-n	por:lemma	porta
03221720-n	por:exe	Por que é que a porta ficou aberta?\n
00050681-r	por:lemma	não ter
00050681-r	por:exe	Aqui do Rio não tem ônibus direto para Mariana.
00024587-r	por:lemma	não ter
00024587-r	por:exe	Aqui do Rio não tem ônibus direto para Mariana.
77000012-n	por:lemma	eu
77000012-n	por:exe	Eu tenho 22 anos.
77000015-n	por:lemma	eu
77000015-n	por:exe	Eu tenho 22 anos.
01170052-v	por:lemma	beber
01170052-v	por:exe	Mas não se pode beber e dirigir. 
03282295-n	por:lemma	embaixada
03282295-n	por:exe	A embaixada do Brasil fica perto da estação de metrô Gaien-mae.\n
14145501-n	por:lemma	resfriado
14145501-n	por:exe	Eu estou um pouco resfriado.\n
06796119-n	por:lemma	selo
06796119-n	por:exe	Colou os selos no envelope.\n
07775375-n	por:lemma	peixe
07775375-n	por:exe	Estou preparando um peixe assado ao molho de camarão.\n
02512053-n	por:lemma	peixe
02512053-n	por:exe	Estou preparando um peixe assado ao molho de camarão.\n
01586866-a	por:lemma	bom
01586866-a	por:exe	Então, está bom. 
01048762-a	por:lemma	bom
01048762-a	por:exe	Então, está bom. 
00067638-a	por:lemma	bom
00067638-a	por:exe	Então, está bom. 
01993408-a	por:lemma	bom
01993408-a	por:exe	Então, está bom. 
01171213-a	por:lemma	bom
01171213-a	por:exe	Então, está bom. 
01800349-a	por:lemma	bom
01800349-a	por:exe	Então, está bom. 
01123148-a	por:lemma	bom
01123148-a	por:exe	Então, está bom. 
00064787-a	por:lemma	bom
00064787-a	por:exe	Então, está bom. 
00850183-a	por:lemma	bom
00850183-a	por:exe	Então, está bom. 
01129977-a	por:lemma	bom
01129977-a	por:exe	Então, está bom. 
01586752-a	por:lemma	bom
01586752-a	por:exe	Então, está bom. 
04588365-n	por:lemma	janela
04588365-n	por:exe	A janela da sala dá para a lagoa.\n
04587648-n	por:lemma	janela
04587648-n	por:exe	A janela da sala dá para a lagoa.\n
05216365-n	por:lemma	corpo
05216365-n	por:exe	Ele tirou a roupa e reparou que estava magro.\n
76100002-x	por:lemma	folha
76100002-x	por:exe	Passe na papelaria e compre cem folhas de papel almaço.\n
04967191-n	por:lemma	verde
04967191-n	por:exe	Ela vestia um suéter verde.\n
80001047-v	por:lemma	morrer
80001047-v	por:exe	Qualquer ser humano vai morrer um dia.\n
03497657-n	por:lemma	chapéu
03497657-n	por:exe	Ele tirou o chapéu na sala de aula.\n
15129927-n	por:lemma	hora
15129927-n	por:exe	A que horas sai o ônibus para Mariana?
06359877-n	por:lemma	frase
06359877-n	por:exe	Esta frase, cujo autor eu desconheço, é antiga.\n
00546389-n	por:lemma	canção
00546389-n	por:exe	De qual canção você gosta mais?\n
07048000-n	por:lemma	canção
07048000-n	por:exe	De qual canção você gosta mais?\n
01754737-v	por:lemma	cortar
01754737-v	por:exe	Você corta o limão em oito pedaços. \n
07447641-n	por:lemma	festa
07447641-n	por:exe	Vou dar uma festa no sábado à noite.
01842204-v	por:lemma	sair
01842204-v	por:exe	A secretária saiu de casa cedo com receio de perder o horário da entrevista.\n
04241394-n	por:lemma	sandália(s)
04241394-n	por:exe	Os visitantes tiram os sapatos na entrada e usam sandálias dentro do hospital.\n
05301908-n	por:lemma	boca
05301908-n	por:exe	Minha namorada me deu um beijo na boca.
02440250-n	por:lemma	mão
02440250-n	por:exe	Ele andava com as mãos nos bolsos.\n
09823502-n	por:lemma	tia
09823502-n	por:exe	Minha tia mora em Brasília.
10193967-n	por:lemma	marido
10193967-n	por:exe	O marido dela é músico.\n
15213406-n	por:lemma	novembro
15213406-n	por:exe	15 de novembro é o dia da Proclamação da República.\n
06277280-n	por:lemma	televisão
06277280-n	por:exe	Os 40% restante dos brasileiros viram o jogo na televisão.\n
13831176-n	por:lemma	norte
13831176-n	por:exe	No norte do Brasil você encontra frutas diferentes.\n
06964901-n	por:lemma	francês
06964901-n	por:exe	Eu sei francês.
01318741-a	por:lemma	doer
01318741-a	por:exe	Meus pés doem porque os sapatos estão muito apertados.\n
01712753-a	por:lemma	doer
01712753-a	por:exe	Meus pés doem porque os sapatos estão muito apertados.\n
05395690-n	por:lemma	barriga
05395690-n	por:exe	Estou com dor de barriga.\n
05556943-n	por:lemma	barriga
05556943-n	por:exe	Estou com dor de barriga.\n
02324478-v	por:lemma	adicionar
02324478-v	por:exe	Adicione sal e pimenta a gosto.\n
00640828-v	por:lemma	adicionar
00640828-v	por:exe	Adicione sal e pimenta a gosto.\n
00182406-v	por:lemma	adicionar
00182406-v	por:exe	Adicione sal e pimenta a gosto.\n
00749230-a	por:lemma	fácil
00749230-a	por:exe	A prova foi fácil.\n
14061805-n	por:lemma	doença
14061805-n	por:exe	Você já pegou alguma doença grave?\n
14055408-n	por:lemma	doença
14055408-n	por:exe	Você já pegou alguma doença grave?\n
14473054-n	por:lemma	doença
14473054-n	por:exe	Você já pegou alguma doença grave?\n
10399491-n	por:lemma	pais
10399491-n	por:exe	Carlos era a esperança dos pais.\n
13833375-n	por:lemma	sul
13833375-n	por:exe	Mas é o maior país da América do Sul.
02472293-n	por:lemma	pessoa
02472293-n	por:exe	Essa é uma pessoa em quem confiamos.\n
15212167-n	por:lemma	julho
15212167-n	por:exe	O primeiro semestre termina no final de julho.\n
00442917-a	por:lemma	longe
00442917-a	por:exe	É longe daqui?\n
01421622-v	por:lemma	pôr
01421622-v	por:exe	Põe num copo e soca com um pilão.
03398467-n	por:lemma	frente
03398467-n	por:exe	Ele pára em frente à rodoviária.
00964768-a	por:lemma	fraco
00964768-a	por:exe	Como ele tem oitenta anos, já está fraco.\n
02324397-a	por:lemma	fraco
02324397-a	por:exe	Como ele tem oitenta anos, já está fraco.\n
00709215-a	por:lemma	fraco
00709215-a	por:exe	Como ele tem oitenta anos, já está fraco.\n
02040233-a	por:lemma	fraco
02040233-a	por:exe	Como ele tem oitenta anos, já está fraco.\n
02040049-a	por:lemma	fraco
02040049-a	por:exe	Como ele tem oitenta anos, já está fraco.\n
00254978-r	por:lemma	todos os meses
00254978-r	por:exe	Todos os meses, recebo meu salário no dia 20.\n
77000091-n	por:lemma	que
77000091-n	por:exe	Que tipo de filme você prefere?\n
06605897-n	por:lemma	sentido
06605897-n	por:exe	O professor explicou o sentido da palavra.\n
05919866-n	por:lemma	sentido
05919866-n	por:exe	O professor explicou o sentido da palavra.\n
06601327-n	por:lemma	sentido
06601327-n	por:exe	O professor explicou o sentido da palavra.\n
04059701-n	por:lemma	atrás
04059701-n	por:exe	O carro dele vem atrás daquele táxi.\n
02767665-n	por:lemma	atrás
02767665-n	por:exe	O carro dele vem atrás daquele táxi.\n
03540595-n	por:lemma	hospital
03540595-n	por:exe	O motorista ainda está no hospital e não pode dar informações sobre o acidente.\n
08054417-n	por:lemma	hospital
08054417-n	por:exe	O motorista ainda está no hospital e não pode dar informações sobre o acidente.\n
05311054-n	por:lemma	olho
05311054-n	por:exe	Ela é baixa, magra e tem os olhos azuis.
05316025-n	por:lemma	olho
05316025-n	por:exe	Ela é baixa, magra e tem os olhos azuis.
02871439-n	por:lemma	estante
02871439-n	por:exe	Será que vão caber todos esses livros na estante?\n
01186408-a	por:lemma	leve
01186408-a	por:exe	Como minha mala está leve, posso carregá-la sozinho.\n
04049098-n	por:lemma	estação
04049098-n	por:exe	A embaixada do Brasil fica perto da estação de metrô Gaien-mae.\n
03030663-n	por:lemma	cigarro
03030663-n	por:exe	Ele fuma um maço de cigarros por dia.\n
02230772-v	por:lemma	entregar
02230772-v	por:exe	Entreguei  os documentos ao meu chefe.\n
90000504-n	por:lemma	daqui a dois anos
90000504-n	por:exe	A Copa do Mundo será realizada daqui a dois anos.\n
00729108-n	por:lemma	lição de casa
00729108-n	por:exe	Eu ia fazer a lição de casa mas acabei dormindo.\n
03815615-n	por:lemma	gravata
03815615-n	por:exe	Hoje ele está usando uma gravata listrada.\n
07596684-n	por:lemma	doce
07596684-n	por:exe	Não quer provar este doce?\n
05560787-n	por:lemma	pé
05560787-n	por:exe	Meus pés doem porque os sapatos estão muito apertados.\n
05563266-n	por:lemma	pé
05563266-n	por:exe	Meus pés doem porque os sapatos estão muito apertados.\n
15211189-n	por:lemma	abril
15211189-n	por:exe	Campos do Jordão teve ontem o dia mais frio para um mês de abril nos últimos vinte anos.
02310007-v	por:lemma	devolver
02310007-v	por:exe	Mandei uma carta para ele, mas foi devolvida.\n
01308381-v	por:lemma	devolver
01308381-v	por:exe	Mandei uma carta para ele, mas foi devolvida.\n
80001595-v	por:lemma	devolver
80001595-v	por:exe	Mandei uma carta para ele, mas foi devolvida.\n
10080869-n	por:lemma	pai
10080869-n	por:exe	A minha mãe vai bem, mas meu pai não está muito bem de saúde.
02411224-a	por:lemma	grosso
02411224-a	por:exe	Ela tem cabelo grosso e comprido.\n
04446276-n	por:lemma	banheiro
04446276-n	por:exe	Onde fica o banheiro?\n
04555291-n	por:lemma	banheiro
04555291-n	por:exe	Onde fica o banheiro?\n
15212455-n	por:lemma	agosto
15212455-n	por:exe	Meu aniversário é no dia 15 de agosto.
00292937-a	por:lemma	ocupado
00292937-a	por:exe	Estava muito ocupado nesta semana.\n
00273082-a	por:lemma	escuro
00273082-a	por:exe	Quando chegamos no Rio de Janeiro, ainda estava escuro.\n
03291819-n	por:lemma	envelope
03291819-n	por:exe	Parece que não cabe neste envelope.\n
80001545-n	por:lemma	vizinho
80001545-n	por:exe	Meu vizinho vendeu caro a sua casa.\n
00523513-n	por:lemma	esporte
00523513-n	por:exe	Você pratica algum esporte?\n
03179701-n	por:lemma	escrivainha
03179701-n	por:exe	Achei a pasta na gaveta da escrivaninha.\n
04202417-n	por:lemma	loja
04202417-n	por:exe	As lojas no centro da cidade fecham aos domingos.\n
02016062-v	por:lemma	descer
02016062-v	por:exe	Desceu de elevador do déximo andar.\n
15237782-n	por:lemma	inverno
15237782-n	por:exe	O bem-te-vi não passou fome no inverno, porque economizou no verão.\n
80001691-n	por:lemma	cima
80001691-n	por:exe	O sal está em cima da mesa.\n
08663354-n	por:lemma	cima
08663354-n	por:exe	O sal está em cima da mesa.\n
07804323-n	por:lemma	refeição
07804323-n	por:exe	Doutor, o melhor é tomar os comprimidos antes, durante ou depois das refeições?\n
15245990-n	por:lemma	refeição
15245990-n	por:exe	Doutor, o melhor é tomar os comprimidos antes, durante ou depois das refeições?\n
90000417-n	por:lemma	refeição
90000417-n	por:exe	Doutor, o melhor é tomar os comprimidos antes, durante ou depois das refeições?\n
07575076-n	por:lemma	almoço
07575076-n	por:exe	Avise o pessoal que o almoço vai atrasar.
15156001-n	por:lemma	hoje
15156001-n	por:exe	Hoje nós vamos visitar algumas igrejas e museus de Ouro Preto.
07557434-n	por:lemma	cozinha
07557434-n	por:exe	A cozinha é mesmo uma atividade criativa.\n
02395115-a	por:lemma	delicioso
02395115-a	por:exe	Faço um café delicioso.\n
02396720-a	por:lemma	delicioso
02396720-a	por:exe	Faço um café delicioso.\n
