# TUFS Basic Portuguese Wordnet	por	http://www.coelang.tufs.ac.jp/mt/pt/	CC BY 4.0
15210045-n	por:lemma	janeiro
15210045-n	por:exe	Janeiro é o mês do meu aniversário.
05755883-n	por:lemma	estudo
05755883-n	por:exe	Tenho que dedicar-me ao estudo.
04971928-n	por:lemma	castanho
04971928-n	por:exe	Ele tem os olhos castanhos.
15163797-n	por:lemma	domingo
15163797-n	por:exe	Eles têm o costume de passar juntos os domingos em família.
15043763-n	por:lemma	neve
15043763-n	por:exe	Prevê-se para amanhã queda de neve nas terras altas do interior.
00251013-n	por:lemma	limpeza
00251013-n	por:exe	Não gosto de fazer limpeza.
08058098-n	por:lemma	empresa
08058098-n	por:exe	O governo apóia a criação de novas empresas.
01382086-a	por:lemma	grande
01382086-a	por:exe	Um dia eu queria visitar as grandes florestas do Brasil.
01453084-a	por:lemma	grande
01453084-a	por:exe	Um dia eu queria visitar as grandes florestas do Brasil.
00527870-a	por:lemma	grande
00527870-a	por:exe	Um dia eu queria visitar as grandes florestas do Brasil.
01677433-a	por:lemma	grande
01677433-a	por:exe	Um dia eu queria visitar as grandes florestas do Brasil.
10084295-n	por:lemma	menina
10084295-n	por:exe	As meninas gostam de brincar em casa.
10129825-n	por:lemma	menina
10129825-n	por:exe	As meninas gostam de brincar em casa.
10129825-n	por:lemma	irmã mais velha
10129825-n	por:exe	Saí ontem com minha irmã mais velha.
00065495-v	por:lemma	estar bem
00065495-v	por:exe	Estou muito bem.
80001734-n	por:lemma	aula
80001734-n	por:exe	Ele faltou à aula ontem.
00889472-n	por:lemma	aula
00889472-n	por:exe	Ele faltou à aula ontem.
02608347-v	por:lemma	começar
02608347-v	por:exe	A época moderna começa com o descobrimento da América.
07850329-n	por:lemma	queijo
07850329-n	por:exe	A França é um dos países da Europa que produz maior variedade de queijos.
03623556-n	por:lemma	faca
03623556-n	por:exe	Aquela loja tem uma enorme colecção de facas.
03624134-n	por:lemma	faca
03624134-n	por:exe	Aquela loja tem uma enorme colecção de facas.
01776727-v	por:lemma	detestar
01776727-v	por:exe	Detesto aqueles que digam mentiras.
01774136-v	por:lemma	detestar
01774136-v	por:exe	Detesto aqueles que digam mentiras.
02783161-n	por:lemma	caneta
02783161-n	por:exe	Prefiro escrever a lápis à caneta.
02632567-v	por:lemma	querer
02632567-v	por:exe	Queria um café.
01579608-a	por:lemma	já
01579608-a	por:exe	Vou já aí.
03427296-n	por:lemma	portão
03427296-n	por:exe	Os guardas abriram o portão.
04026417-n	por:lemma	carteira
04026417-n	por:exe	Roubaram-me a  carteira no metro.
11456462-n	por:lemma	tempo bom
11456462-n	por:exe	Está bom tempo hoje.
07848338-n	por:lemma	manteiga
07848338-n	por:exe	Comprei um pacote de manteiga.
90000501-n	por:lemma	ano passado
90000501-n	por:exe	Apanhei uma doença grave no ano passado, mas agora fico bem.
15210870-n	por:lemma	março
15210870-n	por:exe	A primavera começa a 21 de Março e termina a 20 de Junho.
77000072-n	por:lemma	aqui
77000072-n	por:exe	O autocarro não passa por aqui.
08489497-n	por:lemma	aqui
08489497-n	por:exe	O autocarro não passa por aqui.
03561345-n	por:lemma	pintura
03561345-n	por:exe	Comprei um livro sobre hístoria da pintura.
03234306-n	por:lemma	pintura
03234306-n	por:exe	Comprei um livro sobre hístoria da pintura.
03876519-n	por:lemma	pintura
03876519-n	por:exe	Comprei um livro sobre hístoria da pintura.
07110615-n	por:lemma	voz
07110615-n	por:exe	De repente, ouviu uma voz a chamá-la.
05202284-n	por:lemma	voz
05202284-n	por:exe	De repente, ouviu uma voz a chamá-la.
09411430-n	por:lemma	rio
09411430-n	por:exe	O Tejo é o maior rio em Portugal.
15236859-n	por:lemma	outono
15236859-n	por:exe	As vindimas começam no início do Outono.
02107442-v	por:lemma	perguntar
02107442-v	por:exe	Ele perguntou-me pelo caminho para o aeroporto.　
02169891-v	por:lemma	perguntar
02169891-v	por:exe	Ele perguntou-me pelo caminho para o aeroporto.　
02242464-v	por:lemma	vender
02242464-v	por:exe	Venderam tudo o que havia no armazém.
00271022-a	por:lemma	claro
00271022-a	por:exe	Este vestido claro ficará-lhe bem.
00396523-a	por:lemma	claro
00396523-a	por:exe	Este vestido claro ficará-lhe bem.
00269989-a	por:lemma	claro
00269989-a	por:exe	Este vestido claro ficará-lhe bem.
00278551-a	por:lemma	claro
00278551-a	por:exe	Este vestido claro ficará-lhe bem.
02924116-n	por:lemma	autocarro
02924116-n	por:exe	Tenho que apanhar o autocarro para ir ao centro da cidade.
01614426-v	por:lemma	colar
01614426-v	por:exe	Tem que colar o selo de oitenta ienes no envelope.
80001230-x	por:lemma	sim
80001230-x	por:exe	"Gostou do vinho?""Sim, foi óptimo!"
01184932-a	por:lemma	pesado
01184932-a	por:exe	O saco está tão pesado que ela não pode levá-lo.
07881800-n	por:lemma	bebida
07881800-n	por:exe	Pedi  uma bebida fresca e deram-me uma limonada com vàrios cubos de gelo.
01119192-a	por:lemma	hábil
01119192-a	por:exe	Ela é habil a manejar o arco e a flecha.
02226162-a	por:lemma	hábil
02226162-a	por:exe	Ela é habil a manejar o arco e a flecha.
01838916-a	por:lemma	hábil
01838916-a	por:exe	Ela é habil a manejar o arco e a flecha.
03467517-n	por:lemma	guitarra
03467517-n	por:exe	Existem vários tipos de guitarra.
03613294-n	por:lemma	chave
03613294-n	por:exe	Esta chave é tua?
01553629-a	por:lemma	muito
01553629-a	por:exe	Muita gente sonha com prémios da lotaria.
01551633-a	por:lemma	muito
01551633-a	por:exe	Muita gente sonha com prémios da lotaria.
01552419-a	por:lemma	muito
01552419-a	por:exe	Muita gente sonha com prémios da lotaria.
00127137-a	por:lemma	velho
00127137-a	por:exe	Ele ama o seu carro velho.
01638438-a	por:lemma	velho
01638438-a	por:exe	Ele ama o seu carro velho.
01729384-a	por:lemma	velho
01729384-a	por:exe	Ele ama o seu carro velho.
10694258-n	por:lemma	professor
10694258-n	por:exe	Ela aprendeu canto com um professor muito famoso.
07859284-n	por:lemma	açúcar
07859284-n	por:exe	Ele pôs duas colheres de açúcar no café.
09605289-n	por:lemma	adulto
09605289-n	por:exe	Ele não acreditava no que os adultos lhe contaram.
04081281-n	por:lemma	restaurante
04081281-n	por:exe	Ele levou-a a jantar num restaurante italiano, no dia do aniversário dela.
04081281-n	por:lemma	cantina
04081281-n	por:exe	Os professores também almoçam na cantina da escola.
10448983-n	por:lemma	policial
10448983-n	por:exe	O polícia prendeu os suspeitos.
10448983-n	por:lemma	polícia
10448983-n	por:exe	É melhor perguntar ao polícia
90000507-n	por:lemma	esta semana
90000507-n	por:exe	Teremos uma festa na casa dele na sexta-feira desta semana.
02686568-n	por:lemma	avião
02686568-n	por:exe	Viajo de avião
02691156-n	por:lemma	avião
02691156-n	por:exe	Viajo de avião
08420278-n	por:lemma	banco
08420278-n	por:exe	Ele trabalha no banco.
02787772-n	por:lemma	banco
02787772-n	por:exe	Ele trabalha no banco.
02018049-v	por:lemma	apanhar
02018049-v	por:exe	Vamos correr para apanhar aquele autocarro.
02324026-v	por:lemma	pedir emprestado
02324026-v	por:exe	Ele pediu-me dinheiro emprestado.
01447257-v	por:lemma	empurrar
01447257-v	por:exe	Ele empurrou a porta da entrada.
02398378-a	por:lemma	picante
02398378-a	por:exe	A gastronomia tailandesa é muito picante.
02397732-a	por:lemma	picante
02397732-a	por:exe	A gastronomia tailandesa é muito picante.
06628228-n	por:lemma	cartão postal
06628228-n	por:exe	Recebi ontem o cartão postal do meu namorado que está agora na França.
06627938-n	por:lemma	cartão postal
06627938-n	por:exe	Recebi ontem o cartão postal do meu namorado que está agora na França.
03959485-n	por:lemma	prato
03959485-n	por:exe	Ele partiu os pratos de porcelana.
00393105-a	por:lemma	branco
00393105-a	por:exe	Ele tem os dentes brancos, porque não costuma fumar.
08625073-n	por:lemma	direita
08625073-n	por:exe	Só consigo escrever com a mão direita.
03051540-n	por:lemma	roupa
03051540-n	por:exe	Deitou a criança e vestiu-lhe a roupa.
02728440-n	por:lemma	roupa
02728440-n	por:exe	Deitou a criança e vestiu-lhe a roupa.
02728440-n	por:lemma	roupa
02728440-n	por:exe	Queria comprar uma nova roupa.
03419014-n	por:lemma	roupa
03419014-n	por:exe	Deitou a criança e vestiu-lhe a roupa.
15165289-n	por:lemma	manhã
15165289-n	por:exe	Ele trabalha de manhã até à noite.
15165289-n	por:lemma	manhã
15165289-n	por:exe	Chegou a casa muito tarde por volta das 3 da manhã.
00109151-r	por:lemma	aí
00109151-r	por:exe	Ele foi ao estrangeiro e aí  ficou para sempre.
03720163-n	por:lemma	mapa
03720163-n	por:exe	Você tem o mapa de Lisboa?
00024996-a	por:lemma	novo
00024996-a	por:exe	"Que há de novo?""Nada de novo, continua tudo na mesma."
01642477-a	por:lemma	novo
01642477-a	por:exe	"Que há de novo?""Nada de novo, continua tudo na mesma."
01641648-a	por:lemma	novo
01641648-a	por:exe	"Que há de novo?""Nada de novo, continua tudo na mesma."
01687167-a	por:lemma	novo
01687167-a	por:exe	"Que há de novo?""Nada de novo, continua tudo na mesma."
02584699-a	por:lemma	novo
02584699-a	por:exe	"Que há de novo?""Nada de novo, continua tudo na mesma."
01686439-a	por:lemma	novo
01686439-a	por:exe	"Que há de novo?""Nada de novo, continua tudo na mesma."
02070491-a	por:lemma	novo
02070491-a	por:exe	"Que há de novo?""Nada de novo, continua tudo na mesma."
02013758-a	por:lemma	novo
02013758-a	por:exe	"Que há de novo?""Nada de novo, continua tudo na mesma."
01640850-a	por:lemma	novo
01640850-a	por:exe	"Que há de novo?""Nada de novo, continua tudo na mesma."
00894552-n	por:lemma	prática
00894552-n	por:exe	Tenho que ｆazer prática.
01292683-a	por:lemma	gostar de
01292683-a	por:exe	Ela gosta de gatos.
01777210-v	por:lemma	gostar de
01777210-v	por:exe	Ela gosta de gatos.
03038685-n	por:lemma	sala (brk:de aula)
03038685-n	por:exe	Todos os estudantes já entraram na sala.
00296131-r	por:lemma	se calhar
00296131-r	por:exe	Se calhar amanhã choverá.
00154449-r	por:lemma	se calhar
00154449-r	por:exe	Se calhar amanhã choverá.
03001627-n	por:lemma	cadeira
03001627-n	por:exe	Senta-te nesta cadeira.
01734929-v	por:lemma	tirar fotocópia
01734929-v	por:exe	Mandou-me tirar duas fotocópias do relatório.
01914947-v	por:lemma	correr
01914947-v	por:exe	Ｏ meu filho corre mais rápido do que outros na minha família.
01926311-v	por:lemma	correr
01926311-v	por:exe	Ｏ meu filho corre mais rápido do que outros na minha família.
02005496-v	por:lemma	voltar
02005496-v	por:exe	Voltou à aldeia passados quinze anos.
04379243-n	por:lemma	mesa
04379243-n	por:exe	Passe-me o sal que está na mesa.
04298308-n	por:lemma	escada
04298308-n	por:exe	Tivemos de subir até ao quinto andar pela escada, já que o elevador estava avariado.
00037919-v	por:lemma	tomar banho
00037919-v	por:exe	Ela lia a revista enquanto tomava banho.
01532589-v	por:lemma	limpar
01532589-v	por:exe	Minha mãe limpa a casa todos os dias.
01533442-v	por:lemma	limpar
01533442-v	por:exe	Minha mãe limpa a casa todos os dias.
07663592-n	por:lemma	carne de vaca
07663592-n	por:exe	Os híndus não comem carne de vaca.
08182962-n	por:lemma	muitas pessoas
08182962-n	por:exe	Muitas pessoas correram ao banco.
08182379-n	por:lemma	muitas pessoas
08182379-n	por:exe	Muitas pessoas correram ao banco.
80000079-n	por:lemma	mês passado
80000079-n	por:exe	Houve aqui um acidente de trânsito no mês passado.
10020890-n	por:lemma	médico
10020890-n	por:exe	É melhor consultar o médico.
10305802-n	por:lemma	médico
10305802-n	por:exe	É melhor consultar o médico.
03710193-n	por:lemma	caixa do correiro
03710193-n	por:exe	Perto da minha casa há uma caixa do correio.
03989074-n	por:lemma	caixa do correiro
03989074-n	por:exe	Perto da minha casa há uma caixa do correio.
15136147-n	por:lemma	semana
15136147-n	por:exe	Daqui a duas semanas tenho de dar a resposta.
15169873-n	por:lemma	semana
15169873-n	por:exe	Daqui a duas semanas tenho de dar a resposta.
15211806-n	por:lemma	junho
15211806-n	por:exe	O dia 10 de Junho, que é o dia de Portugal e de Camões, é feriado nacional.
04489008-n	por:lemma	calça
04489008-n	por:exe	Prefiro estar com calça de ganga.
04230808-n	por:lemma	saia
04230808-n	por:exe	Comprei uma saia azul.
08544813-n	por:lemma	país
08544813-n	por:exe	Portugal é o país da saudade.
08490199-n	por:lemma	país
08490199-n	por:exe	Portugal é o país da saudade.
00081737-r	por:lemma	todos os anos
00081737-r	por:exe	Eles visitam a Itália todos os anos.
00018158-v	por:lemma	acordar
00018158-v	por:exe	Acordo às sete todas as manhãs.
05538625-n	por:lemma	cabeça
05538625-n	por:exe	Estou com dor de cabeça.
02418686-v	por:lemma	brincar
02418686-v	por:exe	Os meninos brincavam ao esconde-esconde.
04965661-n	por:lemma	amarelo
04965661-n	por:exe	Comprei as flores de cor de amarelo, mas não sei o nome.
02561888-a	por:lemma	estreito
02561888-a	por:exe	Os turistas passearam pelas ruas estreitas de Alfama.
00476663-a	por:lemma	estreito
00476663-a	por:exe	Os turistas passearam pelas ruas estreitas de Alfama.
05137165-n	por:lemma	altura
05137165-n	por:exe	Este prédio tem vinte metros de altura.
05131647-n	por:lemma	altura
05131647-n	por:exe	Este prédio tem vinte metros de altura.
00009966-r	por:lemma	poderia (brk:fazer)
00009966-r	por:exe	Poderia abrir a janela?
00009966-r	por:lemma	faça favor
00009966-r	por:exe	"Posso sentar-me aqui?""Faça favor."
10103485-n	por:lemma	estrangeiro
10103485-n	por:exe	Hoje em dia vivem  muitos estrangeiros no Japão.
02958343-n	por:lemma	carro
02958343-n	por:exe	Vou de carro.
03924069-n	por:lemma	disco
03924069-n	por:exe	Ele tem as colecções dos discos preciosos.
10332385-n	por:lemma	mãe
10332385-n	por:exe	Normalmente um agregado familiar compõe-se de pai, mãe e dois filhos.
10332385-n	por:lemma	mamã
10332385-n	por:exe	Mamã, faz o bolo-rei!
02410855-v	por:lemma	trabalhar
02410855-v	por:exe	Ela trabalha aqui há cinco anos.
07668702-n	por:lemma	carne de porco
07668702-n	por:exe	Os judeus e os muçulmanos não comem carne de porco.
00081836-n	por:lemma	compra
00081836-n	por:exe	Fiz uma boa compra.
04203889-n	por:lemma	compra
04203889-n	por:exe	Fiz uma boa compra.
13836136-n	por:lemma	oeste
13836136-n	por:exe	O vento soprava do oeste.
02368336-a	por:lemma	doce
02368336-a	por:exe	O sumo de pêssego é bastante doce.
04254777-n	por:lemma	meia(s)
04254777-n	por:exe	Não podia calçar meias de lã com aqueles sapatos, pois eram demasiado grossas.
01845229-v	por:lemma	viajar
01845229-v	por:exe	Um dia será possível viajar até à Lua.
01846916-v	por:lemma	viajar
01846916-v	por:exe	Um dia será possível viajar até à Lua.
01845720-v	por:lemma	viajar
01845720-v	por:exe	Um dia será possível viajar até à Lua.
00061203-r	por:lemma	atrás
00061203-r	por:exe	Chegaram todos senão ele que devia vir atrás.　
10112591-n	por:lemma	amigo
10112591-n	por:exe	Ele é bom e velho amigo.
08588294-n	por:lemma	dentro
08588294-n	por:exe	Vamos para dentro porque está frio.
08588152-n	por:lemma	dentro
08588152-n	por:exe	Vamos para dentro porque está frio.
77000021-n	por:lemma	tu
77000021-n	por:exe	Tu estás interessada no projecto?
77000021-n	por:lemma	você
77000021-n	por:exe	Você tem de descansar.
02771169-v	por:lemma	fazer bom tempo
02771169-v	por:exe	Hoje faz bom tempo.
77000061-a	por:lemma	este
77000061-a	por:exe	Gosto de gatos; considero estes animais bons companheiros.
80001619-a	por:lemma	este
80001619-a	por:exe	Gosto de gatos; considero estes animais bons companheiros.
77000075-a	por:lemma	este
77000075-a	por:exe	Gosto de gatos; considero estes animais bons companheiros.
04018667-n	por:lemma	casa de banho
04018667-n	por:exe	Onde fica a casa de banho?
08649345-n	por:lemma	lado
08649345-n	por:exe	A rapariga sentou-se ao meu lado no comboio.
08649345-n	por:lemma	perto
08649345-n	por:exe	A escola fica perto da minha casa.
08649345-n	por:lemma	contíguo
08649345-n	por:exe	A casa dele é contígua à minha.
05136150-n	por:lemma	lado
05136150-n	por:exe	A rapariga sentou-se ao meu lado no comboio.
15211484-n	por:lemma	maio
15211484-n	por:exe	O primeiro dia de Maio, Dia Internacional do Trabalhador, é feriado.
05563770-n	por:lemma	braço
05563770-n	por:exe	Ela teve de puxar a filha por um braço para que não ficasse para trás.
15165490-n	por:lemma	dia
15165490-n	por:exe	Ele trabalha de noite e descansa de dia.
04272054-n	por:lemma	óculo(s)
04272054-n	por:exe	Comecei a ter que semicerrar os olhos para ver: vou precisar de usar óculos.
80000746-n	por:lemma	caracter chinês
80000746-n	por:exe	Ele sabe muita quantidade de caracteres chineses.
10287213-n	por:lemma	homem
10287213-n	por:exe	Os homens jogam as cartas no café.
09624168-n	por:lemma	homem
09624168-n	por:exe	Os homens jogam as cartas no café.
15164105-n	por:lemma	terça-feira
15164105-n	por:exe	Tem lições de piano às terças-feiras.　
77000099-n	por:lemma	todas as pessoas
77000099-n	por:exe	Todas as pessoas gostam dela.
00479391-v	por:lemma	apagar
00479391-v	por:exe	Apaguei os sublinhados a lápis no texto.
03238879-n	por:lemma	camisa
03238879-n	por:exe	Muitos empregados no escritório vestem a camisa branca.
02412164-a	por:lemma	fino
02412164-a	por:exe	Comprei um livro fino.
02414188-a	por:lemma	fino
02414188-a	por:exe	Comprei um livro fino.
08489627-n	por:lemma	ali
08489627-n	por:exe	Vi uma ponte e fui por ali.
01168468-v	por:lemma	comer
01168468-v	por:exe	Não consigo comer porque estou com dor de dentes.
01166351-v	por:lemma	comer
01166351-v	por:exe	Não consigo comer porque estou com dor de dentes.
01179865-v	por:lemma	comer
01179865-v	por:exe	Não consigo comer porque estou com dor de dentes.
15122231-n	por:lemma	hora
15122231-n	por:exe	À hora de saída do trabalho, o trânsito é infernal.
02818832-n	por:lemma	cama
02818832-n	por:exe	Estou com sono. Vou para a cama.
90000503-n	por:lemma	próximo ano
90000503-n	por:exe	No próximo ano eles vão casar-se.
08168367-n	por:lemma	país estrangeiro
08168367-n	por:exe	Gostaria de visitar os paises estrangeiros.
02560548-a	por:lemma	largo
02560548-a	por:exe	A casa fica numa rua larga e cheia de sol.
01384212-a	por:lemma	largo
01384212-a	por:exe	A casa fica numa rua larga e cheia de sol.
01031256-v	por:lemma	enviar
01031256-v	por:exe	Enviei uma carta ao amigo.
01995211-v	por:lemma	enviar
01995211-v	por:exe	Enviei uma carta ao amigo.
00255710-n	por:lemma	lavagem
00255710-n	por:exe	Aconselha-se a lavagem a seco de tecidos delicados.
07110457-n	por:lemma	fala
07110457-n	por:exe	Ela sentiu-se sozinha e veio falar com alguém.
00893243-n	por:lemma	fala
00893243-n	por:exe	Ela sentiu-se sozinha e veio falar com alguém.
07221094-n	por:lemma	fala
07221094-n	por:exe	Ela sentiu-se sozinha e veio falar com alguém.
07139316-n	por:lemma	fala
07139316-n	por:exe	Ela sentiu-se sozinha e veio falar com alguém.
00031798-r	por:lemma	já
00031798-r	por:exe	Já comeste tudo?
07555863-n	por:lemma	comida
07555863-n	por:exe	Ela sempre pensa em comida.
07560652-n	por:lemma	comida
07560652-n	por:exe	Ela sempre pensa em comida.
00157412-r	por:lemma	às vezes
00157412-r	por:exe	Faltei à aula às vezes.
00021212-r	por:lemma	às vezes
00021212-r	por:exe	Faltei à aula às vezes.
03740161-n	por:lemma	remédio
03740161-n	por:exe	A enfermeira receitou-me um remédio.
02318272-a	por:lemma	directo
02318272-a	por:exe	Vamos pelo caminho mais directo.
02310895-a	por:lemma	directo
02310895-a	por:exe	Vamos pelo caminho mais directo.
02314584-a	por:lemma	directo
02314584-a	por:exe	Vamos pelo caminho mais directo.
10787470-n	por:lemma	mulher
10787470-n	por:exe	As mulheres ficam em casa a cozinhar.
10736091-n	por:lemma	tio
10736091-n	por:exe	O tio comprou os brinquedos aos sobrinhos.
04404997-n	por:lemma	máquina fotográfica
04404997-n	por:exe	Levei a máquina fotográfica.
02942699-n	por:lemma	máquina fotográfica
02942699-n	por:exe	Levei a máquina fotográfica.
04370048-n	por:lemma	camisola
04370048-n	por:exe	Vestiu uma camisola de lã grossa porque estava frio.
02626604-v	por:lemma	tornar-se
02626604-v	por:exe	A situação tornou-se difícil.
02623529-v	por:lemma	tornar-se
02623529-v	por:exe	A situação tornou-se difícil.
04398497-n	por:lemma	café
04398497-n	por:exe	Lisboa tem muitos cafés.
00081591-r	por:lemma	todas as semanas
00081591-r	por:exe	Frequento o hospital todas as semanas.
01535246-v	por:lemma	lavar
01535246-v	por:exe	Já lavei os dentes.
01535246-v	por:lemma	lavar
01535246-v	por:exe	A empregada lava as minhas roupas.
00036362-v	por:lemma	lavar
00036362-v	por:exe	Já lavei os dentes.
01536168-v	por:lemma	lavar
01536168-v	por:exe	Já lavei os dentes.
00606093-v	por:lemma	praticar
00606093-v	por:exe	Ela pratica piano  todos os dias.
01723224-v	por:lemma	praticar
01723224-v	por:exe	Ela pratica piano  todos os dias.
15156187-n	por:lemma	ontem
15156187-n	por:exe	Ela fez vinte anos ontem.
01919428-a	por:lemma	silencioso
01919428-a	por:exe	Era um jardim silencioso longe dos barulhos da cidade.
01918984-a	por:lemma	silencioso
01918984-a	por:exe	Era um jardim silencioso longe dos barulhos da cidade.
04437953-n	por:lemma	relógio
04437953-n	por:exe	O relógio da cozinha anda 3 minutos atrasado.
03046257-n	por:lemma	relógio
03046257-n	por:exe	O relógio da cozinha anda 3 minutos atrasado.
04350905-n	por:lemma	casaco
04350905-n	por:exe	Este casaco fica bem contigo.
00409440-a	por:lemma	escuro
00409440-a	por:exe	Gosto da cor azul-escuro.
00842199-a	por:lemma	forte
00842199-a	por:exe	Além de ser bonito, ele é um rapaz alto e forte.
15163979-n	por:lemma	segunda-feira
15163979-n	por:exe	Segunda-feira passada foi feriado.
00059413-r	por:lemma	muitas vezes
00059413-r	por:exe	Eles muitas vezes faltaram à aula.
00035058-r	por:lemma	muitas vezes
00035058-r	por:exe	Eles muitas vezes faltaram à aula.
05687338-n	por:lemma	questão
05687338-n	por:exe	Pôs-lhe uma questão tão estranha que ela hesitou antes de responder.
06784003-n	por:lemma	questão
06784003-n	por:exe	Pôs-lhe uma questão tão estranha que ela hesitou antes de responder.
03281145-n	por:lemma	elevador
03281145-n	por:exe	Eu subi ao quinto andar num elevador.
05320899-n	por:lemma	orelha(s)
05320899-n	por:exe	Ele usa um brinco na orelha direita.
00007846-n	por:lemma	alguém
00007846-n	por:exe	Alguém passou pela minha casa?
03436182-n	por:lemma	rádio-cassete
03436182-n	por:exe	O professor sempre trouxe o rádio-cassete para a aula.
04284002-n	por:lemma	colher
04284002-n	por:exe	Ela ofereceu-me uma linda colher de prata.
13134947-n	por:lemma	fruta
13134947-n	por:exe	A maçã é uma fruta que eu gosto.
11683989-n	por:lemma	fruta
11683989-n	por:exe	A maçã é uma fruta que eu gosto.
02730813-v	por:lemma	dizer
02730813-v	por:exe	Disse obrigado e saiu.
01009240-v	por:lemma	dizer
01009240-v	por:exe	Disse obrigado e saiu.
00941990-v	por:lemma	dizer
00941990-v	por:exe	Disse obrigado e saiu.
00979870-v	por:lemma	dizer
00979870-v	por:exe	Disse obrigado e saiu.
09854218-n	por:lemma	irmã
09854218-n	por:exe	Você tem irmãs?
04507155-n	por:lemma	guarda-chuva
04507155-n	por:exe	Vocês trouxeram guarda-chuva?
02229324-a	por:lemma	inábil
02229324-a	por:exe	Revelou-se inábil na condução do negócio.
01870636-a	por:lemma	inábil
01870636-a	por:exe	Revelou-se inábil na condução do negócio.
01128103-a	por:lemma	inábil
01128103-a	por:exe	Revelou-se inábil na condução do negócio.
02229000-a	por:lemma	inábil
02229000-a	por:exe	Revelou-se inábil na condução do negócio.
15270431-n	por:lemma	hora
15270431-n	por:exe	A visita ao museu durou uma hora e meia.
15227846-n	por:lemma	hora
15227846-n	por:exe	A visita ao museu durou uma hora e meia.
15269513-n	por:lemma	hora
15269513-n	por:exe	A visita ao museu durou uma hora e meia.
00744916-a	por:lemma	difícil
00744916-a	por:exe	É bastante difícil para ele falar em público.
04401088-n	por:lemma	telefone
04401088-n	por:exe	O telefone tocou cinco vezes mas ninguém atendeu.
06272803-n	por:lemma	telefone
06272803-n	por:exe	O telefone tocou cinco vezes mas ninguém atendeu.
02870092-n	por:lemma	livro
02870092-n	por:exe	Ele tem muitos livros.
06410904-n	por:lemma	livro
06410904-n	por:exe	Ele tem muitos livros.
09972010-n	por:lemma	primo
09972010-n	por:exe	Ele deu-se muito bem com os primos.
14974264-n	por:lemma	papel
14974264-n	por:exe	Ele apanhou duas folhas de papéis.
80000677-n	por:lemma	papel
80000677-n	por:exe	Ele apanhou duas folhas de papéis.
06255777-n	por:lemma	papel
06255777-n	por:exe	Ele apanhou duas folhas de papéis.
04960277-n	por:lemma	preto
04960277-n	por:exe	Ele escreveu a carta a tinta preta.
02770717-v	por:lemma	nublar-se
02770717-v	por:exe	O céu nublou-se ao fim da tarde.
02529945-a	por:lemma	fresco
02529945-a	por:exe	Na Primavera, ainda há manhãs muito frescas.
02207206-v	por:lemma	comprar
02207206-v	por:exe	Eu compro o jornal no quiosque todas as manhãs.
02208265-v	por:lemma	comprar
02208265-v	por:exe	Eu compro o jornal no quiosque todas as manhãs.
00422620-a	por:lemma	sujo
00422620-a	por:exe	A rua está suja de óleo por causa do trânsito automóvel.
01908889-a	por:lemma	sujo
01908889-a	por:exe	A rua está suja de óleo por causa do trânsito automóvel.
00419289-a	por:lemma	sujo
00419289-a	por:exe	A rua está suja de óleo por causa do trânsito automóvel.
01345109-v	por:lemma	fechar
01345109-v	por:exe	Não se importa de fechar a porta?
01960911-v	por:lemma	nadar
01960911-v	por:exe	Ela sabe nadar.
00933154-a	por:lemma	caro
00933154-a	por:exe	Que caro!
04199027-n	por:lemma	sapato(s)
04199027-n	por:exe	Preciso de comprar um par de sapatos novos.
04330340-n	por:lemma	aquecedor
04330340-n	por:exe	Ele ligou o aquecedor.
07823951-n	por:lemma	caril
07823951-n	por:exe	Ele fez um óptimo caril de frango.
05598147-n	por:lemma	nariz
05598147-n	por:exe	Inspire pelo nariz e expire lentamente pela boca
05658826-n	por:lemma	nariz
05658826-n	por:exe	Inspire pelo nariz e expire lentamente pela boca
06947032-n	por:lemma	inglês
06947032-n	por:exe	Não sei falar inglês
07575726-n	por:lemma	jantar
07575726-n	por:exe	Ele convidou-nos para o jantar.
07575726-n	por:lemma	jantar
07575726-n	por:exe	Ela preparou um jantar num instante.
03485794-n	por:lemma	lenço
03485794-n	por:exe	Ela enxugou as lágrimas com um lenço.
01198101-v	por:lemma	respirar
01198101-v	por:exe	Queria respirar o ar puro.
02741003-v	por:lemma	pendurar
02741003-v	por:exe	Ela pendurou o quadro na parede.
01206474-a	por:lemma	baixo
01206474-a	por:exe	Ele é mais baixo do que a sua namorada.
13832355-n	por:lemma	leste
13832355-n	por:exe	O navio partiu para o leste.
11525955-n	por:lemma	vento
11525955-n	por:exe	Soprou um vento quente.
02324182-v	por:lemma	emprestar
02324182-v	por:exe	Emprestou muito dinheiro ao velho amigo.
01437963-a	por:lemma	comprido
01437963-a	por:exe	Ela tem o cabelo comprido.
01433493-a	por:lemma	comprido
01433493-a	por:exe	Ela tem o cabelo comprido.
01444022-a	por:lemma	comprido
01444022-a	por:exe	Ela tem o cabelo comprido.
80001077-n	por:lemma	quanto
80001077-n	por:exe	Quantas é que o senhor queria?
80001077-n	por:lemma	quanto custa
80001077-n	por:exe	Quanto custa?
10665698-n	por:lemma	aluno
10665698-n	por:exe	Ele é bom aluno.
10665698-n	por:lemma	estudante
10665698-n	por:exe	Houve uma manifestação de estudantes em frente do Ministério da Educação.
10251779-n	por:lemma	aluno
10251779-n	por:exe	Ele é bom aluno.
08615374-n	por:lemma	parque
08615374-n	por:exe	Os parques nacionais africanos atraem muitos turistas.
77000064-n	por:lemma	qual
77000064-n	por:exe	Qual dos livros recomendas?
03290771-n	por:lemma	entrada
03290771-n	por:exe	Eles estavam a conversar na entrada da casa.
03290771-n	por:lemma	entrada
03290771-n	por:exe	Além da porta da frente, tinha também uma entrada nas traseiras.
06409752-n	por:lemma	composição
06409752-n	por:exe	O trabalho de casa foi uma composição de tema livre.
10286084-n	por:lemma	irmão
10286084-n	por:exe	Não tenho irmãos. Sou filho único.
09876454-n	por:lemma	irmão
09876454-n	por:exe	Não tenho irmãos. Sou filho único.
80001731-n	por:lemma	estudante estrangeiro
80001731-n	por:exe	Na minha universidade há muitos estudantes estrangeiros.
77000031-n	por:lemma	eles; elas
77000031-n	por:lemma	eles; elas
77000031-n	por:exe	Ele quis sair com elas.
00934199-a	por:lemma	barato
00934199-a	por:exe	O mito da energia nuclear ser mais económica já totalmente se destruiu há muito tempo.
00935103-a	por:lemma	barato
00935103-a	por:exe	O mito da energia nuclear ser mais económica já totalmente se destruiu há muito tempo.
02747802-n	por:lemma	cinzeiro
02747802-n	por:exe	Podia trazer o cinzeiro?
15213115-n	por:lemma	outubro
15213115-n	por:exe	O dia 5 de Outubro é o dia da Implantação da República em Portugal.
15203791-n	por:lemma	ano
15203791-n	por:exe	Um ano tem normalmente 365 dias.
03619890-n	por:lemma	cozinha
03619890-n	por:exe	Passava horas na cozinha a experimentar receitas novas.
00273734-v	por:lemma	ensinar
00273734-v	por:exe	O professor ensina e os alunos aprendem.
00829107-v	por:lemma	ensinar
00829107-v	por:exe	O professor ensina e os alunos aprendem.
00963570-v	por:lemma	falar
00963570-v	por:exe	Ensinou o papagaio a falar.
00815686-v	por:lemma	responder
00815686-v	por:exe	O menino respondeu-lhe que não tinha estudado a lição.
00635523-v	por:lemma	responder
00635523-v	por:exe	O menino respondeu-lhe que não tinha estudado a lição.
03417345-n	por:lemma	jardim
03417345-n	por:exe	Atrás da minha casa, havia uns cavalos.
03417749-n	por:lemma	jardim
03417749-n	por:exe	Atrás da minha casa, havia uns cavalos.
01775164-v	por:lemma	gostar muito
01775164-v	por:exe	Gosto muito de jogar futebol.
01828736-v	por:lemma	gostar muito
01828736-v	por:exe	Gosto muito de jogar futebol.
06418901-n	por:lemma	dicionário
06418901-n	por:exe	Ele consultou vários dicionários de língua portuguesa.
15164570-n	por:lemma	sábado
15164570-n	por:exe	Tiveram um fim-de-semana divertido: foram à praia no sábado e tiveram a festa no domingo.
00284798-n	por:lemma	passeio
00284798-n	por:exe	As mães levaram as crianças a dar um passeio.
00284101-n	por:lemma	passeio
00284101-n	por:exe	As mães levaram as crianças a dar um passeio.
01712704-v	por:lemma	fazer
01712704-v	por:exe	Faça o que quiser.
08277393-n	por:lemma	escola
08277393-n	por:exe	Ele anda naquela escola desde os seis anos.
08276720-n	por:lemma	escola
08276720-n	por:exe	Ele anda naquela escola desde os seis anos.
00161630-r	por:lemma	devagar
00161630-r	por:exe	Ele anda devagar.
90000506-n	por:lemma	semana passada
90000506-n	por:exe	Na semana passada fiz um exame.
03057021-n	por:lemma	casaco
03057021-n	por:exe	Este casaco deve ser lavado a seco.
03057021-n	por:lemma	casaco
03057021-n	por:exe	Queria um casaco novo.
03589791-n	por:lemma	casaco
03589791-n	por:exe	Este casaco deve ser lavado a seco.
06929279-n	por:lemma	japonês
06929279-n	por:exe	Aprender japonês é mais difícil do que outras línguas.
03303965-n	por:lemma	saída
03303965-n	por:exe	Uma das saídas da rotunda leva ao centro da cidade e a outra à autoestrada.
10142391-n	por:lemma	avô
10142391-n	por:exe	Meu avô paterno morreu na Segunda Guerra Mundial.
07934530-n	por:lemma	chá preto
07934530-n	por:exe	Os ingleses gostam muito de chá preto.
07933274-n	por:lemma	chá preto
07933274-n	por:exe	Os ingleses gostam muito de chá preto.
07933274-n	por:lemma	chá
07933274-n	por:exe	O chá cultiva-se na Ilha de São Miguel, nos Açores.
07989373-n	por:lemma	casal
07989373-n	por:exe	No parque estava sentado um casal velho num banco.
10146559-n	por:lemma	quitanda
10146559-n	por:exe	Naquele tempo, ao longo da rua abriam-se as quitandas às portas.
03457686-n	por:lemma	quitanda
03457686-n	por:exe	Naquele tempo, ao longo da rua abriam-se as quitandas às portas.
03147509-n	por:lemma	chávena
03147509-n	por:exe	Comprei um serviço de chá com cinco chávenas e cinco pires.
03972524-n	por:lemma	bolso
03972524-n	por:exe	Ele andava com as mãos nos bolsos.
04968895-n	por:lemma	azul
04968895-n	por:exe	A saia azul fica-lhe bem.
01555416-a	por:lemma	pouco
01555416-a	por:exe	Só posso comer muito pouco.
01552885-a	por:lemma	pouco
01552885-a	por:exe	Só posso comer muito pouco.
00017865-v	por:lemma	dormir
00017865-v	por:exe	Eu durmo oito horas todos os dias.
00450147-a	por:lemma	perto
00450147-a	por:exe	A estação é perto daqui.
00444519-a	por:lemma	perto
00444519-a	por:exe	A estação é perto daqui.
00445169-a	por:lemma	perto
00445169-a	por:exe	A estação é perto daqui.
00584367-n	por:lemma	trabalho
00584367-n	por:exe	O trabalho e lazer, ambos são importantes para as pessoas.
07574602-n	por:lemma	pequeno almoço
07574602-n	por:exe	Não costumo tomar o pequeno almoço.
08078020-n	por:lemma	família
08078020-n	por:exe	Minha família é de cinco pessoas.
10236304-n	por:lemma	família
10236304-n	por:exe	Minha família é de cinco pessoas.
07970406-n	por:lemma	família
07970406-n	por:exe	Minha família é de cinco pessoas.
07970406-n	por:lemma	lar
07970406-n	por:exe	Ele queria ter um lar.
04197391-n	por:lemma	camisa
04197391-n	por:exe	Quando era estudante, ela andava sempre de calças de ganga e camisa comprida.
09918248-n	por:lemma	criança
09918248-n	por:exe	As crianças brincavam alegremente no jardim.
12212361-n	por:lemma	legume
12212361-n	por:exe	Tens que comer mais legumes.
07707451-n	por:lemma	legume
07707451-n	por:exe	Tens que comer mais legumes.
03365991-n	por:lemma	andar
03365991-n	por:exe	Vocês moram no rés-do-chão, e nós no segundo andar.
00976508-a	por:lemma	rápido
00976508-a	por:exe	Ele corre mais rápido do que eu.
00981818-a	por:lemma	rápido
00981818-a	por:exe	Ele corre mais rápido do que eu.
00979862-a	por:lemma	rápido
00979862-a	por:exe	Ele corre mais rápido do que eu.
01367431-a	por:lemma	animado
01367431-a	por:exe	Foi uma festa muito animada.
07644382-n	por:lemma	frango
07644382-n	por:exe	O almoço foi frango assado com batatas fritas.
07644967-n	por:lemma	frango
07644967-n	por:exe	O almoço foi frango assado com batatas fritas.
07813107-n	por:lemma	sal
07813107-n	por:exe	Faça o favor de passar-me o sal.
07825972-n	por:lemma	molho de soja
07825972-n	por:exe	Tenho saudade do sabor do molho de soja.
02005948-v	por:lemma	chegar
02005948-v	por:exe	Chegou a casa tarde ontem à noite.
02930766-n	por:lemma	táxi
02930766-n	por:exe	Apanhe um táxi.
04371225-n	por:lemma	piscina
04371225-n	por:exe	Ele nada todos os dias na piscina.
00604617-a	por:lemma	conveniente
00604617-a	por:exe	Os transportes em Lisboa tornaram-se convenientes.
15237250-n	por:lemma	verão
15237250-n	por:exe	Ela costuma passar o verão à beira-mar.
03757138-n	por:lemma	metro
03757138-n	por:exe	A fábrica está em greve.
04349306-n	por:lemma	metro
04349306-n	por:exe	A fábrica está em greve.
77000090-n	por:lemma	como
77000090-n	por:exe	Como foi o filme?
80001331-x	por:lemma	como
80001331-x	por:exe	Como foi o filme?
77000104-n	por:lemma	quando
77000104-n	por:exe	Quando é que parte este autocarro?
04105893-n	por:lemma	apartamento
04105893-n	por:exe	Queria alugar um apartamento perto do escritório.
06415419-n	por:lemma	caderno
06415419-n	por:exe	Deixei o caderno na sala de aula.
01376705-a	por:lemma	famoso
01376705-a	por:exe	O Douro é uma região famosa pelo seu vinho.
01375831-a	por:lemma	famoso
01375831-a	por:exe	O Douro é uma região famosa pelo seu vinho.
00953216-v	por:lemma	contar
00953216-v	por:exe	Contou uma história de um homem riquíssimo.
00962447-v	por:lemma	contar
00962447-v	por:exe	Contou uma história de um homem riquíssimo.
02935891-n	por:lemma	cantina
02935891-n	por:exe	Os professores também almoçam na cantina da escola.
01984902-v	por:lemma	sentar-se
01984902-v	por:exe	Sente-se, por favor.
00120223-r	por:lemma	～ndo
00120223-r	por:exe	Não coma andando.
00120095-r	por:lemma	～ndo
00120095-r	por:exe	Não coma andando.
02386612-a	por:lemma	pequeno
02386612-a	por:exe	Prefiro ter um carro pequeno para circular na cidade.
02386612-a	por:lemma	curto
02386612-a	por:exe	Ele tem o cabelo curto.
02345713-a	por:lemma	mau・má
02345713-a	por:exe	Fui devagar porque a estrada estava má.
00478311-a	por:lemma	mau・má
00478311-a	por:exe	Fui devagar porque a estrada estava má.
01174222-a	por:lemma	mau・má
01174222-a	por:exe	Fui devagar porque a estrada estava má.
03025755-n	por:lemma	pauzinhos
03025755-n	por:exe	Você sabe muito bem comer com pauzinhos.
15166191-n	por:lemma	tarde
15166191-n	por:exe	Volto a ligar à tarde.
80000080-n	por:lemma	este mês
80000080-n	por:exe	Ainda não recebi o ordenado deste mês.
06624161-n	por:lemma	carta
06624161-n	por:exe	Tenho aqui duas cartas para pôr no correio.
01909812-v	por:lemma	virar
01909812-v	por:exe	Vire à direita na próxima esquina, faz favor.
07929519-n	por:lemma	café
07929519-n	por:exe	Ele pediu um café depois da refeição.
01729431-v	por:lemma	cantar
01729431-v	por:exe	Ela canta muito bem.
11501381-n	por:lemma	chuva
11501381-n	por:exe	Deixei a janela aberta, porque não imaginava que a chuva entrasse. Mas o chão  está todo molhado.
07749582-n	por:lemma	limão
07749582-n	por:exe	O sumo de limão é muito rico em vitamina.
90000511-n	por:lemma	anteontem
90000511-n	por:exe	Anteontem encontrei-o por acaso na Baixa . 
00118032-r	por:lemma	então
00118032-r	por:exe	"Eu não posso sair.""Então vou eu aí."
00118032-r	por:lemma	então
00118032-r	por:exe	Então até amanhã.
04468005-n	por:lemma	comboio
04468005-n	por:exe	Para onde vai este comboio?
77000002-n	por:lemma	nós
77000002-n	por:exe	Nós, os japoneses, gostamos muito de futebol.
15206296-n	por:lemma	um mês
15206296-n	por:exe	Fiz uma dieta durante um mês.
02834778-n	por:lemma	bicicleta
02834778-n	por:exe	Se quiseres, emprestar-te-ei a minha bicicleta.
06597466-n	por:lemma	revista
06597466-n	por:exe	Esta revista sai todos os meses.
06595351-n	por:lemma	revista
06595351-n	por:exe	Esta revista sai todos os meses.
03704210-n	por:lemma	revista
03704210-n	por:exe	Esta revista sai todos os meses.
08238463-n	por:lemma	turma
08238463-n	por:exe	Nesta escola há cinco turmas do quinto ano.
00050454-v	por:lemma	despir(-se)
00050454-v	por:exe	Ele despiu o casaco e pendurou-o no cabide.
02649830-v	por:lemma	morar
02649830-v	por:exe	Onde é que você mora?
15155891-n	por:lemma	amanhã
15155891-n	por:exe	Eles vão partir amanhã de manhã.
04208936-n	por:lemma	chuveiro
04208936-n	por:exe	Meteu-se debaixo do chuveiro e abriu a torneira.
15213774-n	por:lemma	dezembro
15213774-n	por:exe	O primeiro dia de Dezembro, dia da Restauração da Independência, é feriado nacional.
00625119-v	por:lemma	ler
00625119-v	por:exe	Ontem li um artigo sobre esse tema.
02774152-n	por:lemma	mala
02774152-n	por:exe	A sua bagagem foi constituída por três malas e uma mochila, não foi?
02773037-n	por:lemma	mala
02773037-n	por:exe	A sua bagagem foi constituída por três malas e uma mochila, não foi?
13250542-n	por:lemma	dinheiro
13250542-n	por:exe	Tenho que arranjar dinheiro.
13384557-n	por:lemma	dinheiro
13384557-n	por:exe	Tenho que arranjar dinheiro.
05600637-n	por:lemma	cara
05600637-n	por:exe	Tenho a cara redonda.
07597365-n	por:lemma	rebuçados
07597365-n	por:exe	Comprei numa farmácia um pacote de rebuçados contra a tosse.
00024356-r	por:lemma	não
00024356-r	por:exe	"Queres comer alguma coisa?""Não, não quero nada."
03176763-n	por:lemma	centro comercial
03176763-n	por:exe	Vamos ao centro comercial récem-inaugurado.
01725051-v	por:lemma	tocar
01725051-v	por:exe	Ela toca piano muito bem.
03388183-n	por:lemma	caneta-tinteiro
03388183-n	por:exe	Ele ofereceu ao filho uma caneta-tinteiro quando entrou na universidade.
77000089-a	por:lemma	assim
77000089-a	por:exe	Mesmo assim é que eu gosto!
15164354-n	por:lemma	quinta-feira
15164354-n	por:exe	Há aulas de música às quintas-feiras à tarde.
00056916-r	por:lemma	faça favor
00056916-r	por:exe	"Posso sentar-me aqui?""Faça favor."
00816481-a	por:lemma	devagar
00816481-a	por:exe	Ela anda muito devagar.
01901186-a	por:lemma	devagar
01901186-a	por:exe	Ela anda muito devagar.
04956594-n	por:lemma	cor
04956594-n	por:exe	O vermelho e o branco são as cores nacionais japonesas.
04674968-n	por:lemma	cor
04674968-n	por:exe	O vermelho e o branco são as cores nacionais japonesas.
07109730-n	por:lemma	palavra
07109730-n	por:exe	Leu cuidadosamente cada palavra.
06282651-n	por:lemma	palavra
06282651-n	por:exe	Leu cuidadosamente cada palavra.
00121135-r	por:lemma	assim
00121135-r	por:exe	Porque dizes assim?
04962784-n	por:lemma	vermelho
04962784-n	por:exe	Ela ficou vermelha com vergonha.
03871083-n	por:lemma	bagagem
03871083-n	por:exe	Perdi a minha bagagem no aeroporto.
02774630-n	por:lemma	bagagem
02774630-n	por:exe	Perdi a minha bagagem no aeroporto.
07891726-n	por:lemma	bebida alcoólica
07891726-n	por:exe	Vendem-se bebidas alcoólicas
07884567-n	por:lemma	bebida alcoólica
07884567-n	por:exe	Vendem-se bebidas alcoólicas
07891433-n	por:lemma	bebida alcoólica
07891433-n	por:exe	Vendem-se bebidas alcoólicas
15164463-n	por:lemma	sexta-feira
15164463-n	por:exe	Costumam sair com os amigos sexta-feira à noite.
03581125-n	por:lemma	cruzamento
03581125-n	por:exe	Naquele cruzamento, acontecem muitos acidentes.
02410393-a	por:lemma	grosso
02410393-a	por:exe	Cortei o pão em fatias grossas.
02410393-a	por:lemma	grosso
02410393-a	por:exe	Encontrou-se um tronco grosso de árvore.
02415390-a	por:lemma	grosso
02415390-a	por:exe	Cortei o pão em fatias grossas.
02756821-v	por:lemma	chover
02756821-v	por:exe	O céu cobre-se de nuvens escuras. Talvez chova amanhã.
02529264-a	por:lemma	quente
02529264-a	por:exe	Quando o tempo está frio vestem-se roupas quentes.
01546111-v	por:lemma	levantar-se
01546111-v	por:exe	Eles levantaram-se.
10142747-n	por:lemma	avó
10142747-n	por:exe	Minha avó cozinha muito bem.
07679356-n	por:lemma	pão
07679356-n	por:exe	O pão é a base da alimentação de muitos povos.
03259505-n	por:lemma	casa
03259505-n	por:exe	Esta casa foi construída há cem anos.
03544360-n	por:lemma	casa
03544360-n	por:exe	Esta casa foi construída há cem anos.
03544360-n	por:lemma	casa
03544360-n	por:exe	Vamos para casa.
08559508-n	por:lemma	casa
08559508-n	por:exe	Esta casa foi construída há cem anos.
08559508-n	por:lemma	casa
08559508-n	por:exe	Vamos para casa.
15210486-n	por:lemma	fevereiro
15210486-n	por:exe	O Carnaval é em Fevereiro.
15167349-n	por:lemma	noite
15167349-n	por:exe	Passaram todos a noite em claro.
15155747-n	por:lemma	noite
15155747-n	por:exe	Passaram todos a noite em claro.
15167027-n	por:lemma	noite
15167027-n	por:exe	Passaram todos a noite em claro.
15167027-n	por:lemma	ontem à noite
15167027-n	por:exe	Tivemos uma festa ontem à noite na casa dela.
15167474-n	por:lemma	noite
15167474-n	por:exe	Passaram todos a noite em claro.
03438257-n	por:lemma	copo
03438257-n	por:exe	Dá-me um copo de água.
08613593-n	por:lemma	fora
08613593-n	por:exe	Vamos almoçar fora.
03338821-n	por:lemma	filme
03338821-n	por:exe	Tenho que comprar um rolo de filme fotográfico.
06613686-n	por:lemma	filme
06613686-n	por:exe	Tenho que comprar um rolo de filme fotográfico.
06613686-n	por:lemma	fílme
06613686-n	por:exe	Esse filme está em exibição em vários cinemas de Lisboa.
06262567-n	por:lemma	filme
06262567-n	por:exe	Tenho que comprar um rolo de filme fotográfico.
04096066-n	por:lemma	rua
04096066-n	por:exe	Perguntei pelo nome da rua.
15212739-n	por:lemma	setembro
15212739-n	por:exe	Setembro é o mês das vindimas.
77000079-a	por:lemma	aquele
77000079-a	por:exe	Aquele livro é mais interessante do que esse.
14524198-n	por:lemma	nublado
14524198-n	por:exe	O céu apresenta-se muito nublado e a chuva não tarda.
13828795-n	por:lemma	vertical
13828795-n	por:exe	Atenção, soldados!, todos na vertical!
00543233-n	por:lemma	música
00543233-n	por:exe	Entre todas as artes, a música era o que mais o atraía.
05718556-n	por:lemma	música
05718556-n	por:exe	Entre todas as artes, a música era o que mais o atraía.
05718935-n	por:lemma	música
05718935-n	por:exe	Entre todas as artes, a música era o que mais o atraía.
07020895-n	por:lemma	música
07020895-n	por:exe	Entre todas as artes, a música era o que mais o atraía.
00409709-r	por:lemma	próximo
00409709-r	por:exe	Estas duas cadeiras estão demasiado próximas.
08641113-n	por:lemma	próximo
08641113-n	por:exe	Estas duas cadeiras estão demasiado próximas.
03112099-n	por:lemma	corredor
03112099-n	por:exe	Os meninos corriam, saltavam e brincavam no corredor da escola.
03661043-n	por:lemma	biblioteca
03661043-n	por:exe	A biblioteca está fechada nas segundas-feiras.
07840804-n	por:lemma	ovo
07840804-n	por:exe	Baｔeu ovos para fazer uma omelete de queijo.
90000502-n	por:lemma	este ano
90000502-n	por:exe	Este ano é o ano bissexto.
03908204-n	por:lemma	lápis
03908204-n	por:exe	Ofereceu à criança uma caixa de lápis de cor.
14796748-n	por:lemma	lápis
14796748-n	por:exe	Ofereceu à criança uma caixa de lápis de cor.
05282433-n	por:lemma	dente
05282433-n	por:exe	Um adulto tem trinta e dois dentes.
05282746-n	por:lemma	dente
05282746-n	por:exe	Um adulto tem trinta e dois dentes.
01649720-a	por:lemma	novo
01649720-a	por:exe	Ele tem um ano mais novo do que eu.
01646941-a	por:lemma	novo
01646941-a	por:exe	Ele tem um ano mais novo do que eu.
00514884-a	por:lemma	todo ～
00514884-a	por:exe	Ele trabalha todo o dia.
00988232-a	por:lemma	fino
00988232-a	por:exe	Ela tem as pernas finas.
01029368-v	por:lemma	chamar-se
01029368-v	por:exe	Chamo-me Fernando de Castro.
77000084-n	por:lemma	onde
77000084-n	por:exe	Desculpe, onde fica a casa de banho?
00220082-a	por:lemma	bonito
00220082-a	por:exe	A casa dos meus avós tem um jardim muito bonito.
01586342-a	por:lemma	bonito
01586342-a	por:exe	A casa dos meus avós tem um jardim muito bonito.
01586342-a	por:lemma	bom・boa
01586342-a	por:exe	Precisa-se de uma faca boa, porque esta não corta bem.
01346003-v	por:lemma	abrir
01346003-v	por:exe	O guarda abriu o portão com a sua chave.
09853467-n	por:lemma	irmão mais velho
09853467-n	por:exe	Meu irmão mais velho chama-se Ronaldo.
09853467-n	por:lemma	irmão mais velho
09853467-n	por:exe	Meu irmão mais velho comprou um carro novo.
03102654-n	por:lemma	frigorífico
03102654-n	por:exe	Há sumo de maçã no frigorífico.
03273913-n	por:lemma	frigorífico
03273913-n	por:exe	Há sumo de maçã no frigorífico.
02399595-a	por:lemma	mau
02399595-a	por:exe	Falando a verdade, o prato que ela cozinhou foi mau.
01716971-a	por:lemma	mau
01716971-a	por:exe	Falando a verdade, o prato que ela cozinhou foi mau.
07845335-n	por:lemma	leite
07845335-n	por:exe	Costumo beber o leite todos os dias antes de dormir.
07844042-n	por:lemma	leite
07844042-n	por:exe	Costumo beber o leite todos os dias antes de dormir.
10780632-n	por:lemma	esposa
10780632-n	por:exe	Até ontem ela era noiva, mas a partir de hoje é esposa.
10780632-n	por:lemma	esposa
10780632-n	por:exe	É a minha esposa.
08625462-n	por:lemma	esquerda
08625462-n	por:exe	Vire na segunda esquina à esquerda
90000508-n	por:lemma	próxima semana
90000508-n	por:exe	Na próxima semana vou fazer 20 anos
01848718-v	por:lemma	ir
01848718-v	por:exe	Vou a Portugal
06518719-n	por:lemma	bilhete
06518719-n	por:exe	Os bilhetes para o concerto esgotaram-se rapidamente.
01470670-v	por:lemma	encontrar
01470670-v	por:exe	Nunca encontrei ninguém conhecido no metro.
02428924-v	por:lemma	encontrar
02428924-v	por:exe	Nunca encontrei ninguém conhecido no metro.
10285313-n	por:lemma	menino
10285313-n	por:exe	Os meninos gostam de brincar fora.
03542333-n	por:lemma	hotel
03542333-n	por:exe	Tenho que reservar o hotel.
02913152-n	por:lemma	edifício
02913152-n	por:exe	O edifício do Teatro devia ser demolido por causa do incêndio.
07649854-n	por:lemma	carne
07649854-n	por:exe	Ele é vegetariano, por isso não come carne.
09397391-n	por:lemma	lagoa
09397391-n	por:exe	As lagoas da Serra da Estrela são muito bonitas.
07935152-n	por:lemma	chá
07935152-n	por:exe	O chá cultiva-se na Ilha de São Miguel, nos Açores.
03082979-n	por:lemma	computador
03082979-n	por:exe	Ele introduziu dados no computador.
00312553-n	por:lemma	viagem
00312553-n	por:exe	Boa viagem!
04043733-n	por:lemma	rádio
04043733-n	por:exe	O rádio é uma companhia agradável enquanto estudo.
01442186-a	por:lemma	curto
01442186-a	por:exe	Ele tem o cabelo curto.
01436003-a	por:lemma	curto
01436003-a	por:exe	Ele tem o cabelo curto.
01442826-a	por:lemma	curto
01442826-a	por:exe	Ele tem o cabelo curto.
14513694-n	por:lemma	lar
14513694-n	por:exe	Ele queria ter um lar.
02808440-n	por:lemma	banho
02808440-n	por:exe	Ele estava a tomar banho.
02807731-n	por:lemma	banho
02807731-n	por:exe	Ele estava a tomar banho.
15274074-n	por:lemma	férias
15274074-n	por:exe	As férias de Páscoa estão à porta.
15183428-n	por:lemma	férias
15183428-n	por:exe	As férias de Páscoa estão à porta.
15137890-n	por:lemma	férias
15137890-n	por:exe	As férias de Páscoa estão à porta.
00027918-r	por:lemma	ainda
00027918-r	por:exe	Ainda não fiz nada.
00031304-r	por:lemma	ainda
00031304-r	por:exe	Ainda não fiz nada.
03925226-n	por:lemma	fotografia
03925226-n	por:exe	Tirou bastantes fotografias na viagem.
03931044-n	por:lemma	fotografia
03931044-n	por:exe	Tirou bastantes fotografias na viagem.
04248607-n	por:lemma	fotografia
04248607-n	por:exe	Tirou bastantes fotografias na viagem.
15164233-n	por:lemma	quarta-feira
15164233-n	por:exe	Tem uma consulta marcada para a próxima quarta-feira.
11524662-n	por:lemma	clima
11524662-n	por:exe	A amenidade do clima e a beleza das paisagens fazem desta ilha um paraíso.
07193184-n	por:lemma	pergunta
07193184-n	por:exe	Poderia fazer uma pergunta?
07196682-n	por:lemma	pergunta
07196682-n	por:exe	Poderia fazer uma pergunta?
05797597-n	por:lemma	pergunta
05797597-n	por:exe	Poderia fazer uma pergunta?
07193596-n	por:lemma	pergunta
07193596-n	por:exe	Poderia fazer uma pergunta?
01904930-v	por:lemma	andar
01904930-v	por:exe	Tens que andar mais rápido
03383948-n	por:lemma	garfo
03383948-n	por:exe	Não gosto de comer com garfo e faca, prefiro com pauzinhos.
08286569-n	por:lemma	universidade
08286569-n	por:exe	Frequento a universidade todos os dias.
08286163-n	por:lemma	universidade
08286163-n	por:exe	Frequento a universidade todos os dias.
08278169-n	por:lemma	universidade
08278169-n	por:exe	Frequento a universidade todos os dias.
01000214-v	por:lemma	escrever
01000214-v	por:exe	Como é que se escreve o seu nome?
02471690-v	por:lemma	escrever
02471690-v	por:exe	Como é que se escreve o seu nome?
01020356-v	por:lemma	escrever
01020356-v	por:exe	Como é que se escreve o seu nome?
01691057-v	por:lemma	escrever
01691057-v	por:exe	Como é que se escreve o seu nome?
01698271-v	por:lemma	escrever
01698271-v	por:exe	Como é que se escreve o seu nome?
01020934-v	por:lemma	escrever
01020934-v	por:exe	Como é que se escreve o seu nome?
00993014-v	por:lemma	escrever
00993014-v	por:exe	Como é que se escreve o seu nome?
03822171-n	por:lemma	jornal
03822171-n	por:exe	O único jornal que comprava era um jornal de futebol.
06267145-n	por:lemma	jornal
06267145-n	por:exe	O único jornal que comprava era um jornal de futebol.
14961722-n	por:lemma	jornal
14961722-n	por:exe	O único jornal que comprava era um jornal de futebol.
07197021-n	por:lemma	exame
07197021-n	por:exe	Temos que fazer exame para entrar na universidade.
00158309-r	por:lemma	mesmo
00158309-r	por:exe	A universidade fica mesmo no fim da alameda.
00002621-r	por:lemma	mesmo
00002621-r	por:exe	A universidade fica mesmo no fim da alameda.
00002950-r	por:lemma	mesmo
00002950-r	por:exe	A universidade fica mesmo no fim da alameda.
13714184-n	por:lemma	grau
13714184-n	por:exe	A criança está  com quarenta graus de febre.
00119568-n	por:lemma	voar
00119568-n	por:exe	As aves voam.
08145553-n	por:lemma	correio
08145553-n	por:exe	Mandei-lhe os livros pelo correio.
15237044-n	por:lemma	primavera
15237044-n	por:exe	As andorinhas chegam na Primavera.
01270199-v	por:lemma	lavar
01270199-v	por:exe	A empregada lava as minhas roupas.
06505517-n	por:lemma	fotocópia
06505517-n	por:exe	As fotocópias a cores são mais caras.
15166462-n	por:lemma	tardinha
15166462-n	por:exe	Eles iam sempre para a praia à tardinha e ficavam para ver o pôr-de-sol no mar.
15166462-n	por:lemma	ontem à noite
15166462-n	por:exe	Tivemos uma festa ontem à noite na casa dela.
01343918-a	por:lemma	interessante
01343918-a	por:exe	O filme foi interessante?
01344344-a	por:lemma	interessante
01344344-a	por:exe	O filme foi interessante?
01344344-a	por:lemma	alegre
01344344-a	por:exe	Ele é uma pessoa muito alegre.
01265308-a	por:lemma	interessante
01265308-a	por:exe	O filme foi interessante?
01344485-a	por:lemma	interessante
01344485-a	por:exe	O filme foi interessante?
00067045-r	por:lemma	frente
00067045-r	por:exe	Ia na frente do cortejo com uma bandeira.
00067265-r	por:lemma	frente
00067265-r	por:exe	Ia na frente do cortejo com uma bandeira.
90000515-n	por:lemma	depois de amanhã
90000515-n	por:exe	Tenho um encontro com ele depois de amanhã.
01296462-v	por:lemma	colar
01296462-v	por:exe	Vamos ver se conseguimos colar a asa da chávena.
01801029-a	por:lemma	alegre
01801029-a	por:exe	Ele é uma pessoa muito alegre.
03906997-n	por:lemma	caneta
03906997-n	por:exe	Poderia emprestar-me uma caneta?
77000095-n	por:lemma	quem
77000095-n	por:exe	Quem é?
77000095-n	por:lemma	quem
77000095-n	por:exe	Quem é que telefonou?
90000500-n	por:lemma	há dois anos
90000500-n	por:exe	Meu avô morreu há dois anos.　
03221720-n	por:lemma	porta
03221720-n	por:exe	Poderia abrir a porta, por favor.
03221720-n	por:lemma	porta
03221720-n	por:exe	Alguém bateu à porta.　
00050681-r	por:lemma	não haver
00050681-r	por:exe	Não há para comer.　
00024587-r	por:lemma	não haver
00024587-r	por:exe	Não há para comer.　
77000012-n	por:lemma	eu
77000012-n	por:exe	Eu sou japonês.
77000015-n	por:lemma	eu
77000015-n	por:exe	Eu sou japonês.
01344963-a	por:lemma	chato
01344963-a	por:exe	O filme foi chato.
01170052-v	por:lemma	beber
01170052-v	por:exe	Encheu o copo de leite e bebeu.
03282295-n	por:lemma	embaixada
03282295-n	por:exe	Onde fica a Embaixada do Japão?
14145501-n	por:lemma	constipação
14145501-n	por:exe	Apanhei uma constipação forte neste inverno.
06796119-n	por:lemma	selo
06796119-n	por:exe	Colei o selo de cinquenta ienes no cartão postal.
07775375-n	por:lemma	peixe
07775375-n	por:exe	Prefiro peixe a carne.
02512053-n	por:lemma	peixe
02512053-n	por:exe	Prefiro peixe a carne.
01586866-a	por:lemma	bom・boa
01586866-a	por:exe	Precisa-se de uma faca boa, porque esta não corta bem.
01048762-a	por:lemma	bom・boa
01048762-a	por:exe	Precisa-se de uma faca boa, porque esta não corta bem.
00067638-a	por:lemma	bom・boa
00067638-a	por:exe	Precisa-se de uma faca boa, porque esta não corta bem.
01993408-a	por:lemma	bom・boa
01993408-a	por:exe	Precisa-se de uma faca boa, porque esta não corta bem.
01171213-a	por:lemma	bom・boa
01171213-a	por:exe	Precisa-se de uma faca boa, porque esta não corta bem.
01800349-a	por:lemma	bom・boa
01800349-a	por:exe	Precisa-se de uma faca boa, porque esta não corta bem.
01123148-a	por:lemma	bom・boa
01123148-a	por:exe	Precisa-se de uma faca boa, porque esta não corta bem.
00064787-a	por:lemma	bom・boa
00064787-a	por:exe	Precisa-se de uma faca boa, porque esta não corta bem.
00850183-a	por:lemma	bom・boa
00850183-a	por:exe	Precisa-se de uma faca boa, porque esta não corta bem.
01129977-a	por:lemma	bom・boa
01129977-a	por:exe	Precisa-se de uma faca boa, porque esta não corta bem.
01586752-a	por:lemma	bom・boa
01586752-a	por:exe	Precisa-se de uma faca boa, porque esta não corta bem.
04588365-n	por:lemma	janela
04588365-n	por:exe	A casa tem muita luz, todas as divisões têm grandes janelas.
04587648-n	por:lemma	janela
04587648-n	por:exe	A casa tem muita luz, todas as divisões têm grandes janelas.
05216365-n	por:lemma	corpo
05216365-n	por:exe	O corpo humano é formado por cabeça, tronco e membros.
76100002-x	por:lemma	folha
76100002-x	por:exe	Apanhou uma folha de papel para tomar notas.
04967191-n	por:lemma	verde
04967191-n	por:exe	A cor verde significa esperança.
80001047-v	por:lemma	morrer
80001047-v	por:exe	Queria morrer pela pátria.
03497657-n	por:lemma	chapéu
03497657-n	por:exe	Ela tirou o chapéu.
15129927-n	por:lemma	hora
15129927-n	por:exe	São dez horas da manhã.
06359877-n	por:lemma	texto
06359877-n	por:exe	Escreveu um texto.
00546389-n	por:lemma	canção
00546389-n	por:exe	A criança aprendeu rapidamente as letras da canção.
07048000-n	por:lemma	canção
07048000-n	por:exe	A criança aprendeu rapidamente as letras da canção.
01754737-v	por:lemma	cortar
01754737-v	por:exe	Queria cortar o cabelo.
07447641-n	por:lemma	festa
07447641-n	por:exe	Ele convidou-me à festa.
01842204-v	por:lemma	sair
01842204-v	por:exe	Vou sair amanhã de manhã.
04241394-n	por:lemma	chinelo(s)
04241394-n	por:exe	Mal chegou a casa, ele calçou os chinelos.
05301908-n	por:lemma	boca
05301908-n	por:exe	Ele deu-lhe um beijo na boca.
02440250-n	por:lemma	mão(s)
02440250-n	por:exe	Agarrou na caneta com a mão direita e começou a escrever.
09823502-n	por:lemma	tia
09823502-n	por:exe	Minha tia vai casar neste ano.
10193967-n	por:lemma	marido
10193967-n	por:exe	O marido dela é muito simpático.
15213406-n	por:lemma	novembro
15213406-n	por:exe	O primeiro dia de Novembro, dia de Todos os Santos, é feriado.
06277280-n	por:lemma	televisão
06277280-n	por:exe	Ele comprou uma televisão e um vídeo.
13831176-n	por:lemma	norte
13831176-n	por:exe	O ponteiro indica o norte.
06964901-n	por:lemma	português
06964901-n	por:exe	Ele fala muito bem português.
01318741-a	por:lemma	doer-se
01318741-a	por:exe	Dói-me a cabeça.
01712753-a	por:lemma	doer-se
01712753-a	por:exe	Dói-me a cabeça.
05395690-n	por:lemma	barriga
05395690-n	por:exe	O bebé, depois de ter a barriga cheia, ficou sorridente.
05556943-n	por:lemma	barriga
05556943-n	por:exe	O bebé, depois de ter a barriga cheia, ficou sorridente.
02324478-v	por:lemma	juntar
02324478-v	por:exe	Juntou água no vinho.
00640828-v	por:lemma	juntar
00640828-v	por:exe	Juntou água no vinho.
00182406-v	por:lemma	juntar
00182406-v	por:exe	Juntou água no vinho.
00749230-a	por:lemma	fácil
00749230-a	por:exe	O exame foi fácil.
14061805-n	por:lemma	doença
14061805-n	por:exe	Ele apanhou uma doença grave.
14055408-n	por:lemma	doença
14055408-n	por:exe	Ele apanhou uma doença grave.
14473054-n	por:lemma	doença
14473054-n	por:exe	Ele apanhou uma doença grave.
10399491-n	por:lemma	meus pais
10399491-n	por:exe	Nas férias de inverno vou regressar à casa dos meus pais.
13833375-n	por:lemma	sul
13833375-n	por:exe	Ele vem do sul.
02472293-n	por:lemma	pessoa
02472293-n	por:exe	As pessoas que viram o acidente disseram que a culpa era dele.
15212167-n	por:lemma	julho
15212167-n	por:exe	Este ano vamos de férias em Julho.
00442917-a	por:lemma	longe
00442917-a	por:exe	Atirou a bola para muito longe.
01421622-v	por:lemma	pôr
01421622-v	por:exe	Pus a água no copo.
03398467-n	por:lemma	frente
03398467-n	por:exe	Vamos encontrar-nos em frente da estação.
00964768-a	por:lemma	fraco
00964768-a	por:exe	Há dois dias que ela quase não comia nada e sentiu-se fraca e cansada.
02324397-a	por:lemma	fraco
02324397-a	por:exe	Há dois dias que ela quase não comia nada e sentiu-se fraca e cansada.
00709215-a	por:lemma	fraco
00709215-a	por:exe	Há dois dias que ela quase não comia nada e sentiu-se fraca e cansada.
02040233-a	por:lemma	fraco
02040233-a	por:exe	Há dois dias que ela quase não comia nada e sentiu-se fraca e cansada.
02040049-a	por:lemma	fraco
02040049-a	por:exe	Há dois dias que ela quase não comia nada e sentiu-se fraca e cansada.
00254978-r	por:lemma	todos os meses
00254978-r	por:exe	Todos os meses vou ao cabeleireiro.
77000091-n	por:lemma	como
77000091-n	por:exe	Como é que aconteceu o desastre?
06605897-n	por:lemma	sentido
06605897-n	por:exe	Qual é o sentido desta palavra?
05919866-n	por:lemma	sentido
05919866-n	por:exe	Qual é o sentido desta palavra?
06601327-n	por:lemma	sentido
06601327-n	por:exe	Qual é o sentido desta palavra?
04059701-n	por:lemma	atrás
04059701-n	por:exe	O marido vai na frente e ela atrás.
02767665-n	por:lemma	atrás
02767665-n	por:exe	O marido vai na frente e ela atrás.
03540595-n	por:lemma	hospital
03540595-n	por:exe	Meu avô foi internado no hospital.
08054417-n	por:lemma	hospital
08054417-n	por:exe	Meu avô foi internado no hospital.
05311054-n	por:lemma	olho(s)
05311054-n	por:exe	Tinha uns olhos grandes e expressivos.
05316025-n	por:lemma	olho(s)
05316025-n	por:exe	Tinha uns olhos grandes e expressivos.
02871439-n	por:lemma	estante
02871439-n	por:exe	Ele tirou um livro da estante e começou a ler.
01186408-a	por:lemma	leve
01186408-a	por:exe	A mala estava tão leve que era fácil transportá-la.
04049098-n	por:lemma	estação
04049098-n	por:exe	Este comboio pára em todas as estações.
03030663-n	por:lemma	cigarro
03030663-n	por:exe	Ele fuma um maço de cigarros por dia.
02230772-v	por:lemma	entregar
02230772-v	por:exe	Já lhe entregaste o livro ?
90000504-n	por:lemma	daqui a dois anos
90000504-n	por:exe	Daqui a dois anos vai ser construída aqui uma estação nova.
00729108-n	por:lemma	trabalho de casa
00729108-n	por:exe	Ontem o professor deu aos alunos muitos trabalhos de casa.
03815615-n	por:lemma	gravata
03815615-n	por:exe	Esta gravata fica muito bem contigo..
07596684-n	por:lemma	doce
07596684-n	por:exe	Aquela pastelaria tem doces regionais
05560787-n	por:lemma	pé(s)
05560787-n	por:exe	Aqueles sapatos apertavam-me os pés, mal conseguia andar.
05563266-n	por:lemma	pé(s)
05563266-n	por:exe	Aqueles sapatos apertavam-me os pés, mal conseguia andar.
15211189-n	por:lemma	abril
15211189-n	por:exe	O dia 25 de Abril é feriado em Portugal.
02310007-v	por:lemma	devolver
02310007-v	por:exe	Como a morada estava incompleta, a carta foi devolvida.
01308381-v	por:lemma	devolver
01308381-v	por:exe	Como a morada estava incompleta, a carta foi devolvida.
80001595-v	por:lemma	devolver
80001595-v	por:exe	Como a morada estava incompleta, a carta foi devolvida.
10080869-n	por:lemma	papá
10080869-n	por:exe	Papá, vamos ao parque!
10080869-n	por:lemma	pai
10080869-n	por:exe	Ele tornou-se orfão de pai quando era miúdo.
02411224-a	por:lemma	grosso
02411224-a	por:exe	Encontrou-se um tronco grosso de árvore.
04446276-n	por:lemma	casa de banho
04446276-n	por:exe	Eu queria ir à casa de banho.
04555291-n	por:lemma	casa de banho
04555291-n	por:exe	Eu queria ir à casa de banho.
15212455-n	por:lemma	agosto
15212455-n	por:exe	A maior parte dos portugueses têm férias em Agosto.
00292937-a	por:lemma	ocupado
00292937-a	por:exe	Ele é um homem sempre ocupado.
00273082-a	por:lemma	escuro
00273082-a	por:exe	O túnel estava escuro como breu.
03291819-n	por:lemma	envelope
03291819-n	por:exe	Escrevi a morada no envelope.
80001545-n	por:lemma	contíguo
80001545-n	por:exe	A casa dele é contígua à minha.
09215315-n	por:lemma	baixo
09215315-n	por:exe	Ela mora no quinto andar e a sua filha mora no andar em baixo.
80001661-n	por:lemma	baixo
80001661-n	por:exe	Ela mora no quinto andar e a sua filha mora no andar em baixo.
00523513-n	por:lemma	desporto
00523513-n	por:exe	Gosto de todos os tipos de desporto.
03179701-n	por:lemma	escritório
03179701-n	por:exe	Passe-me o livro que está em cima da mesa.
04202417-n	por:lemma	loja
04202417-n	por:exe	Esta loja está fechada nos domingos.
02016062-v	por:lemma	descer
02016062-v	por:exe	Em que estação é que desce?
15237782-n	por:lemma	inverno
15237782-n	por:exe	Anoitece muito cedo no Inverno.
80001691-n	por:lemma	cima
80001691-n	por:exe	Deitou-se de barriga para cima.
08663354-n	por:lemma	cima
08663354-n	por:exe	Deitou-se de barriga para cima.
07804323-n	por:lemma	refeição
07804323-n	por:exe	Aquele café oferece refeição leve.
15245990-n	por:lemma	refeição
15245990-n	por:exe	Aquele café oferece refeição leve.
90000417-n	por:lemma	refeição
90000417-n	por:exe	Aquele café oferece refeição leve.
07575076-n	por:lemma	almoço
07575076-n	por:exe	O que vai comer ao almoço?
15156001-n	por:lemma	hoje
15156001-n	por:exe	Não deixes para amanhã o que podes fazer hoje.
09604981-n	por:lemma	eu
09604981-n	por:exe	Eu sou estudante.
07557434-n	por:lemma	cozinha
07557434-n	por:exe	Gosto muito de cozinha portuguesa.
02395115-a	por:lemma	bom
02395115-a	por:exe	Este prato foi bom!
02396720-a	por:lemma	bom
02396720-a	por:exe	Este prato foi bom!
