# TUFS Basic Vietnamese Wordnet	vie http://www.coelang.tufs.ac.jp/mt/vi/	CC BY 4.0
15210045-n	vie:lemma	tháng một
15210045-n	vie:exe	Tháng một ở Việt Nam có tết tây, còn tháng hai có tết ta.
05755883-n	vie:lemma	học tập
05755883-n	vie:exe	Người nước ngoài đó học tập chăm chỉ.
04971928-n	vie:lemma	nâu
04971928-n	vie:exe	Dưới ghế có một con mèo màu nâu.
15163797-n	vie:lemma	chủ nhật
15163797-n	vie:exe	Cả chủ Nhật cũng phải đi làm thêm.
15043763-n	vie:lemma	tuyết
15043763-n	vie:exe	Tối qua trời lạnh đến nỗi có tuyết.
00251013-n	vie:lemma	dọn phòng
00251013-n	vie:exe	Tôi thường dọn phòng vào thứ hai.\n\n
08058098-n	vie:lemma	công ty
08058098-n	vie:exe	Công ty này có hai mưoi lăm người.
01382086-a	vie:lemma	lớn
01382086-a	vie:exe	Đi thẳng qua ngã tư đó có một ngân hàng lớn.
01453084-a	vie:lemma	lớn
01453084-a	vie:exe	Đi thẳng qua ngã tư đó có một ngân hàng lớn.
00527870-a	vie:lemma	lớn
00527870-a	vie:exe	Đi thẳng qua ngã tư đó có một ngân hàng lớn.
01677433-a	vie:lemma	lớn
01677433-a	vie:exe	Đi thẳng qua ngã tư đó có một ngân hàng lớn.
10084295-n	vie:lemma	con gái
10084295-n	vie:exe	Dạo này anh ấy hay đi ra ngoài với một con gái.
10129825-n	vie:lemma	con gái
10129825-n	vie:exe	Dạo này anh ấy hay đi ra ngoài với một con gái.
10129825-n	vie:lemma	chị
10129825-n	vie:exe	Có khi chị tôi không ăn tối.\n\n
00065495-v	vie:lemma	khỏe
00065495-v	vie:exe	Mấy hôm nay tôi không khỏe lắm.
80001734-n	vie:lemma	giờ học
80001734-n	vie:exe	Trước giờ học tôi mua báo.
00889472-n	vie:lemma	giờ học
00889472-n	vie:exe	Trước giờ học tôi mua báo.
02608347-v	vie:lemma	bắt đầu
02608347-v	vie:exe	Hôm nay chúng ta bắt đầu học từ trang 120.
07850329-n	vie:lemma	phó mát
07850329-n	vie:exe	Ăn quá nhiều phó mát, sữa, trứng cũng không tốt lắm.
03623556-n	vie:lemma	dao
03623556-n	vie:exe	Hiện nay ai cũng ăn được bằng nĩa và dao.
03624134-n	vie:lemma	dao
03624134-n	vie:exe	Hiện nay ai cũng ăn được bằng nĩa và dao.
01776727-v	vie:lemma	không thích
01776727-v	vie:exe	Chớ vì không thích thầy giáo mà lười. 
01774136-v	vie:lemma	không thích
01774136-v	vie:exe	Chớ vì không thích thầy giáo mà lười. 
02783161-n	vie:lemma	bút bi
02783161-n	vie:exe	Cho tôi một tờ giấy và một cây bút bi.
02632567-v	vie:lemma	muốn
02632567-v	vie:exe	Tôi muốn đi du lịch khắp thế giới.
01579608-a	vie:lemma	sắp
01579608-a	vie:exe	Xe buýt sắp đến, chị thấy không? Xe màu xanh lá cây đó.
03427296-n	vie:lemma	cổng
03427296-n	vie:exe	Vâng, 2 giờ chiều gặp nhau ở cổng trường nhé. 
04026417-n	vie:lemma	ví
04026417-n	vie:exe	Đối với tôi ví càng nhỏ càng dễ dùng.\n
11456462-n	vie:lemma	trời đẹp
11456462-n	vie:exe	Hôm nay trời đẹp bạn sẽ có chuyến du lịch thú vị.\n\n
07848338-n	vie:lemma	bơ
07848338-n	vie:exe	Tôi thích ăn bánh mì với bơ.
15210870-n	vie:lemma	tháng ba
15210870-n	vie:exe	Ở Nhật mùa xuân bắt đầu từ tháng ba.\n\n
77000072-n	vie:lemma	đây
77000072-n	vie:exe	Đây là sầu riêng.
08489497-n	vie:lemma	đây
08489497-n	vie:exe	Đây là sầu riêng.
03561345-n	vie:lemma	tranh
03561345-n	vie:exe	Bức tranh này do tôi vẽ.
03234306-n	vie:lemma	tranh
03234306-n	vie:exe	Bức tranh này do tôi vẽ.
03876519-n	vie:lemma	tranh
03876519-n	vie:exe	Bức tranh này do tôi vẽ.
07110615-n	vie:lemma	tiếng
07110615-n	vie:exe	Tiếng cãi nhau khiến hàng xóm khó chịu.
05202284-n	vie:lemma	tiếng
05202284-n	vie:exe	Tiếng cãi nhau khiến hàng xóm khó chịu.
09411430-n	vie:lemma	sông
09411430-n	vie:exe	Dưới sông có một chiếc tàu. 
15236859-n	vie:lemma	mùa thu
15236859-n	vie:exe	Mùa thu không có nhiều ngày mưa gió.
02107442-v	vie:lemma	nghe
02107442-v	vie:exe	Tôi thường vừa nghe nhạc vừa học.
02169891-v	vie:lemma	nghe
02169891-v	vie:exe	Tôi thường vừa nghe nhạc vừa học.
02242464-v	vie:lemma	bán
02242464-v	vie:exe	Ở đây có bán từ điển Nhật-Việt không ạ?
00271022-a	vie:lemma	sáng
00396523-a	vie:lemma	sáng
00269989-a	vie:lemma	sáng
00278551-a	vie:lemma	sáng
02924116-n	vie:lemma	xe buýt
02924116-n	vie:exe	Xe buýt sắp đến, chị thấy không? Xe màu xanh lá cây đó.\n
01614426-v	vie:lemma	dán
01614426-v	vie:exe	Bưu thiếp này không cần dán tem.\n\n
80001230-x	vie:lemma	có
80001230-x	vie:exe	Có, tôi biết. 
01184932-a	vie:lemma	nặng
01184932-a	vie:exe	Phong bì này mỏng mà nặng, không biết có gì bên trong không ?
07881800-n	vie:lemma	đồ uống
07881800-n	vie:exe	Đồ uống hộp thường dở.
01119192-a	vie:lemma	giỏi
01119192-a	vie:exe	Anh nói tiếng Việt giỏi quá!　 
02226162-a	vie:lemma	giỏi
02226162-a	vie:exe	Anh nói tiếng Việt giỏi quá!　 
01838916-a	vie:lemma	giỏi
01838916-a	vie:exe	Anh nói tiếng Việt giỏi quá!　 
03467517-n	vie:lemma	đàn ghi-ta
03467517-n	vie:exe	Tôi biết chơi ghi-ta.
03613294-n	vie:lemma	chìa khoá
03613294-n	vie:exe	Tôi mất chìa khoá rồi!
01553629-a	vie:lemma	nhiều
01553629-a	vie:exe	Cảm ơn em nhiều ! 
01551633-a	vie:lemma	nhiều
01551633-a	vie:exe	Cảm ơn em nhiều ! 
01552419-a	vie:lemma	nhiều
01552419-a	vie:exe	Cảm ơn em nhiều ! 
00127137-a	vie:lemma	cũ
00127137-a	vie:exe	Ý tưởng này trở nên cũ.
01638438-a	vie:lemma	cũ
01638438-a	vie:exe	Ý tưởng này trở nên cũ.
01729384-a	vie:lemma	cũ
01729384-a	vie:exe	Ý tưởng này trở nên cũ.
10694258-n	vie:lemma	cô giáo
10694258-n	vie:exe	Tôi được cô giáo khen.
07859284-n	vie:lemma	đường
07859284-n	vie:exe	Tôi muốn uống trà Lipton không đường.
09605289-n	vie:lemma	người lớn
09605289-n	vie:exe	Trách nhiệm của người lớn là gì?
04081281-n	vie:lemma	nhà hàng
04081281-n	vie:exe	Hàng tuần vợ chồng ấy đi ăn tối ở nhà hàng.
04081281-n	vie:lemma	quán ăn
04081281-n	vie:exe	Quán ăn sắp mở cửa.
10448983-n	vie:lemma	công an
10448983-n	vie:exe	Hai công an đứng trước cửa vào toà nhà kia đang nói chuyện với nhau.
10448983-n	vie:lemma	công an
10448983-n	vie:exe	Hai công an đứng trước cửa vào toà nhà kia đang nói chuyện với nhau.\n
90000507-n	vie:lemma	tuần này
90000507-n	vie:exe	Trong tuần này cô Liên đến thăm nhà tôi.
02686568-n	vie:lemma	máy bay
02686568-n	vie:exe	Nếu tôi đi Hà Nội thì tôi sẽ đi bằng máy bay.
02691156-n	vie:lemma	máy bay
02691156-n	vie:exe	Nếu tôi đi Hà Nội thì tôi sẽ đi bằng máy bay.
08420278-n	vie:lemma	ngân hàng
08420278-n	vie:exe	Đi thẳng qua ngã tư đó có một ngân hàng lớn.
02787772-n	vie:lemma	ngân hàng
02787772-n	vie:exe	Đi thẳng qua ngã tư đó có một ngân hàng lớn.
02018049-v	vie:lemma	xuống
02324026-v	vie:lemma	mượn
02324026-v	vie:exe	Tôi mượn cuốn sách của thư viện 
01447257-v	vie:lemma	ấn
01447257-v	vie:exe	Ấn nút này để bật điều hoà.
02398378-a	vie:lemma	cay
02398378-a	vie:exe	Món ăn Hàn Quốc rất cay.
02397732-a	vie:lemma	cay
02397732-a	vie:exe	Món ăn Hàn Quốc rất cay.
06628228-n	vie:lemma	bưu thiếp
06628228-n	vie:exe	Tôi gửi bưu thiếp cho gia đình.
06627938-n	vie:lemma	bưu thiếp
06627938-n	vie:exe	Tôi gửi bưu thiếp cho gia đình.
03959485-n	vie:lemma	đĩa
03959485-n	vie:exe	Đĩa này nhẹ quá.
00393105-a	vie:lemma	trắng
00393105-a	vie:exe	Con mèo này trắng.
08625073-n	vie:lemma	phải
08625073-n	vie:exe	Muốn đến cửa hàng rau quả thì anh rẽ phải ở đó, cửa hàng đó ở ngay bên trái đường.
03051540-n	vie:lemma	áo
03051540-n	vie:exe	Chị mua áo ở đâu?
02728440-n	vie:lemma	áo
02728440-n	vie:exe	Chị mua áo ở đâu?
02728440-n	vie:lemma	bộ quần áo
02728440-n	vie:exe	Bộ quần áo  này rất ăn với cô ấy.
03419014-n	vie:lemma	áo
03419014-n	vie:exe	Chị mua áo ở đâu?
15165289-n	vie:lemma	sáng
15165289-n	vie:exe	Sáng mai tôi gặp bạn.
15165289-n	vie:lemma	buổi sáng
15165289-n	vie:exe	Buổi sáng tôi đi học.
00109151-r	vie:lemma	đó
00109151-r	vie:exe	Tên người đó tôi quên mất rồi.
03720163-n	vie:lemma	bản đồ
03720163-n	vie:exe	Khi đi thành phố mới chị nên mua một tờ bản đồ.
00024996-a	vie:lemma	mới
00024996-a	vie:exe	Giám đốc chọn chị ấy làm thư ký mới.
01642477-a	vie:lemma	mới
01642477-a	vie:exe	Giám đốc chọn chị ấy làm thư ký mới.
01641648-a	vie:lemma	mới
01641648-a	vie:exe	Giám đốc chọn chị ấy làm thư ký mới.
01687167-a	vie:lemma	mới
01687167-a	vie:exe	Giám đốc chọn chị ấy làm thư ký mới.
02584699-a	vie:lemma	mới
02584699-a	vie:exe	Giám đốc chọn chị ấy làm thư ký mới.
01686439-a	vie:lemma	mới
01686439-a	vie:exe	Giám đốc chọn chị ấy làm thư ký mới.
02070491-a	vie:lemma	mới
02070491-a	vie:exe	Giám đốc chọn chị ấy làm thư ký mới.
02013758-a	vie:lemma	mới
02013758-a	vie:exe	Giám đốc chọn chị ấy làm thư ký mới.
01640850-a	vie:lemma	mới
01640850-a	vie:exe	Giám đốc chọn chị ấy làm thư ký mới.
00894552-n	vie:lemma	tập
00894552-n	vie:exe	Chị ấy tập chơi pi-a-nô suốt ngày.
01292683-a	vie:lemma	thích
01292683-a	vie:exe	Chị thích cái gì?
01777210-v	vie:lemma	thích
01777210-v	vie:exe	Chị thích cái gì?
03038685-n	vie:lemma	lớp học
03038685-n	vie:exe	Nhà trường cấm hút thuốc trong lớp học.
00296131-r	vie:lemma	có lẽ
00296131-r	vie:exe	Có lẽ lâu quá rồi.
00154449-r	vie:lemma	có lẽ
00154449-r	vie:exe	Có lẽ lâu quá rồi.
03001627-n	vie:lemma	ghế
03001627-n	vie:exe	Dưới ghế có một con mèo màu nâu.
01734929-v	vie:lemma	photocopy
01734929-v	vie:exe	Tôi đã photocopy trang này, nhưng để quên bản sao đó ở chỗ nào đó.
01914947-v	vie:lemma	chạy
01914947-v	vie:exe	Con chó kia chạy nhanh.
01926311-v	vie:lemma	chạy
01926311-v	vie:exe	Con chó kia chạy nhanh.
02005496-v	vie:lemma	về
02005496-v	vie:exe	Chị đi đâu về?
04379243-n	vie:lemma	bàn ăn
04379243-n	vie:exe	Trên bàn ăn có mấy quyển sách.
04298308-n	vie:lemma	cầu thang
04298308-n	vie:exe	Căn hộ này chỉ có cầu thang.
00037919-v	vie:lemma	tắm
00037919-v	vie:exe	Hôm nay trời nóng nên tôi tắm nhiều lần rồi.
01532589-v	vie:lemma	dọn phòng
01532589-v	vie:exe	Tôi thường dọn phòng vào thứ hai.
01533442-v	vie:lemma	dọn phòng
01533442-v	vie:exe	Tôi thường dọn phòng vào thứ hai.
07663592-n	vie:lemma	thịt bò
07663592-n	vie:exe	Thịt bò, thịt gà và thịt lợn, chị thích nhất là thịt nào?\n
08182962-n	vie:lemma	đám đông
08182962-n	vie:exe	Tôi không thích ở trong đám đông người.
08182379-n	vie:lemma	đám đông
08182379-n	vie:exe	Tôi không thích ở trong đám đông người.
80000079-n	vie:lemma	tháng trước
80000079-n	vie:exe	Tháng trước một người bạn Việt Nam của tôi tới Nhật Bản.
10020890-n	vie:lemma	bác sĩ
10020890-n	vie:exe	Nó muốn trở thành bác sĩ trong tương lai.
10305802-n	vie:lemma	bác sĩ
10305802-n	vie:exe	Nó muốn trở thành bác sĩ trong tương lai.
03710193-n	vie:lemma	hộp thư
03710193-n	vie:exe	Hộp thư ở Việt Nam màu gì ?
03989074-n	vie:lemma	hộp thư
03989074-n	vie:exe	Hộp thư ở Việt Nam màu gì ?
15136147-n	vie:lemma	tuần
15136147-n	vie:exe	Từ tuần sau là nghỉ hè rồi. 
15169873-n	vie:lemma	tuần
15169873-n	vie:exe	Từ tuần sau là nghỉ hè rồi. 
15211806-n	vie:lemma	tháng sáu
15211806-n	vie:exe	Tháng sáu năm kia hai người ấy đã kết hôn.
04489008-n	vie:lemma	quần
04489008-n	vie:exe	Anh ấy cởi quần để qua sông.
04230808-n	vie:lemma	váy
04230808-n	vie:exe	Mùa đông chỉ mặc váy và bít tất thì chắc lạnh lắm.\n
08544813-n	vie:lemma	nước
08544813-n	vie:exe	Chị ấy là người nước nào?
08490199-n	vie:lemma	nước
08490199-n	vie:exe	Chị ấy là người nước nào?
00081737-r	vie:lemma	hàng năm
00081737-r	vie:exe	Tháng tám hàng năm có rất nhiều khách du lịch ở sân bay.
00018158-v	vie:lemma	dậy
00018158-v	vie:exe	Cha tôi không bao giờ dậy muộn.
05538625-n	vie:lemma	đầu
05538625-n	vie:exe	Tôi bị đau đầu.
02418686-v	vie:lemma	chơi
02418686-v	vie:exe	Chị đi làm việc hay đi chơi? 
04965661-n	vie:lemma	vàng
04965661-n	vie:exe	Vòi hoa sen màu vàng này bị hỏng rồi.\n\n
02561888-a	vie:lemma	hẹp
02561888-a	vie:exe	Nhà cửa ở Tokyo thường hẹp.
00476663-a	vie:lemma	hẹp
00476663-a	vie:exe	Nhà cửa ở Tokyo thường hẹp.
05137165-n	vie:lemma	độ cao
05137165-n	vie:exe	Núi Phụ Sĩ có độ cao hơn ba nghìn mét.
05131647-n	vie:lemma	độ cao
05131647-n	vie:exe	Núi Phụ Sĩ có độ cao hơn ba nghìn mét.
00009966-r	vie:lemma	xin ...
00009966-r	vie:exe	Xin cho tôi biết.
00009966-r	vie:lemma	mời ...
00009966-r	vie:exe	Mời anh vào. 
10103485-n	vie:lemma	người nước ngoài
10103485-n	vie:exe	Người nước ngoài đó học tập chăm chỉ.
02958343-n	vie:lemma	xe ô tô
02958343-n	vie:exe	Từ nhà em đến sân bay đi ô tô hết 2 tiếng.
03924069-n	vie:lemma	đĩa hát
03924069-n	vie:exe	Tôi cho bạn lưu học sinh mượn một đĩa hát.
10332385-n	vie:lemma	mẹ
10332385-n	vie:exe	Mẹ cho con đi chợ. 
10332385-n	vie:lemma	mẹ
10332385-n	vie:exe	Hôm kia tôi đã mua một chiếc khăn tay cho mẹ tôi.\n\n
02410855-v	vie:lemma	làm việc
02410855-v	vie:exe	Chị ấy làm việc ở siêu thị.
07668702-n	vie:lemma	thịt lợn
07668702-n	vie:exe	Thịt bò, thịt gà và thịt lợn, chị thích nhất là thịt nào?\n
00081836-n	vie:lemma	đi mua hàng
00081836-n	vie:exe	Nó chưa đi mua hàng một mình lần nào.
04203889-n	vie:lemma	đi mua hàng
04203889-n	vie:exe	Nó chưa đi mua hàng một mình lần nào.
13836136-n	vie:lemma	phía tây
13836136-n	vie:exe	Phía bắc Việt Nam là Trung Quốc, phía đông và phía nam là biển, còn phía tây là Căm-pu-chia.
02368336-a	vie:lemma	ngọt
02368336-a	vie:exe	Chắc cô thích ăn ngọt, phải không?
04254777-n	vie:lemma	bít tất
04254777-n	vie:exe	Mùa đông chỉ mặc váy và bít tất thì chắc lạnh lắm.\n
01845229-v	vie:lemma	đi du lịch
01845229-v	vie:exe	Khi nào anh ấy đi du lịch?
01846916-v	vie:lemma	đi du lịch
01846916-v	vie:exe	Khi nào anh ấy đi du lịch?
01845720-v	vie:lemma	đi du lịch
01845720-v	vie:exe	Khi nào anh ấy đi du lịch?
00061203-r	vie:lemma	sau
00061203-r	vie:exe	Sau khi ăn trưa nó làm việc hăng hái hơn.
10112591-n	vie:lemma	bạn
10112591-n	vie:exe	Sáng mai tôi gặp bạn.
08588294-n	vie:lemma	trong
08588294-n	vie:exe	Đừng hút thuốc trong quán này.
08588152-n	vie:lemma	trong
08588152-n	vie:exe	Đừng hút thuốc trong quán này.
77000021-n	vie:lemma	cậu
77000021-n	vie:exe	Cậu yêu ai?
77000021-n	vie:lemma	bạn
77000021-n	vie:exe	Chính các bạn là những người chủ tương lai.
02771169-v	vie:lemma	trời đẹp
02771169-v	vie:exe	Hôm nay trời đẹp bạn sẽ có chuyến du lịch thú vị.\n
77000061-a	vie:lemma	này
77000061-a	vie:exe	Anh phải đọc bài này cẩn thận, chứ không thì không thể hiểu được.
80001619-a	vie:lemma	này
80001619-a	vie:exe	Anh phải đọc bài này cẩn thận, chứ không thì không thể hiểu được.
77000075-a	vie:lemma	này
77000075-a	vie:exe	Anh phải đọc bài này cẩn thận, chứ không thì không thể hiểu được.
04018667-n	vie:lemma	phòng vệ sinh
04018667-n	vie:exe	Phòng vệ sinh chỉ có ở tầng một thôi.
08649345-n	vie:lemma	bên cạnh
08649345-n	vie:exe	Bên cạnh tủ lạnh có bếp ga. 
08649345-n	vie:lemma	bên cạnh
08649345-n	vie:exe	Bên cạnh tủ lạnh có bếp ga.
08649345-n	vie:lemma	bên cạnh
08649345-n	vie:exe	Bên cạnh tủ lạnh có bếp ga.
05136150-n	vie:lemma	bên cạnh
05136150-n	vie:exe	Bên cạnh tủ lạnh có bếp ga. 
15211484-n	vie:lemma	tháng năm
15211484-n	vie:exe	Tháng năm nhiều người cảm thấy buồn ngủ vì trời ấm áp.\n
05563770-n	vie:lemma	cánh tay
05563770-n	vie:exe	Tôi bị thương cánh tay trong khi làm việc.
04272054-n	vie:lemma	kính
04272054-n	vie:exe	Cha tôi đeo kính khi xem ti vi.
80000746-n	vie:lemma	chữ Hán
80000746-n	vie:exe	Anh Tuấn viết được chữ Hán.
10287213-n	vie:lemma	đàn ông
10287213-n	vie:exe	Người đàn ông ấy thường mặc áo sơ mi khi làm việc.
09624168-n	vie:lemma	đàn ông
09624168-n	vie:exe	Người đàn ông ấy thường mặc áo sơ mi khi làm việc.
15164105-n	vie:lemma	thứ ba
15164105-n	vie:exe	Tôi làm thêm vào thứ ba và thứ năm.\n
77000099-n	vie:lemma	mọi người
77000099-n	vie:exe	Hầu hết mọi người đều biết chuyện này.
00479391-v	vie:lemma	tắt
00479391-v	vie:exe	Tắt đèn đi, bây giờ đã sáng lắm rồi.
03238879-n	vie:lemma	áo sơ mi
03238879-n	vie:exe	Người đàn ông ấy thường mặc áo sơ mi khi làm việc.
02412164-a	vie:lemma	mỏng
02412164-a	vie:exe	Phong bì này mỏng mà nặng, không biết có gì bên trong không ?
02414188-a	vie:lemma	mỏng
02414188-a	vie:exe	Phong bì này mỏng mà nặng, không biết có gì bên trong không ?
08489627-n	vie:lemma	kia
08489627-n	vie:exe	Kia là nhà tôi.
01168468-v	vie:lemma	ăn
01168468-v	vie:exe	Hà ơi, đã ăn sáng chưa? 
01166351-v	vie:lemma	ăn
01166351-v	vie:exe	Hà ơi, đã ăn sáng chưa? 
01179865-v	vie:lemma	ăn
01179865-v	vie:exe	Hà ơi, đã ăn sáng chưa? 
15122231-n	vie:lemma	khi
15122231-n	vie:exe	Sau khi ăn cơm tôi uống chè.
02818832-n	vie:lemma	giường
02818832-n	vie:exe	Chân giường này quá to, không đẹp lắm.
08168367-n	vie:lemma	nước ngoài
08168367-n	vie:exe	Anh ấy đi nước ngoài những 3 năm.
02560548-a	vie:lemma	rộng
02560548-a	vie:exe	Nhà cửa ở nông thôn rộng rãi.
01384212-a	vie:lemma	rộng
01384212-a	vie:exe	Nhà cửa ở nông thôn rộng rãi.
01031256-v	vie:lemma	gửi
01031256-v	vie:exe	Tôi gửi thư cho chị Thuận.
01995211-v	vie:lemma	gửi
01995211-v	vie:exe	Tôi gửi thư cho chị Thuận.
00255710-n	vie:lemma	giặt
00255710-n	vie:exe	Kiểm tra kỹ túi áo trước khi giặt.\n\n
07110457-n	vie:lemma	chuyện
07110457-n	vie:exe	Em chào anh ạ, anh có chuyện gì thế ạ ? 
00893243-n	vie:lemma	chuyện
00893243-n	vie:exe	Em chào anh ạ, anh có chuyện gì thế ạ ? 
07221094-n	vie:lemma	chuyện
07221094-n	vie:exe	Em chào anh ạ, anh có chuyện gì thế ạ ? 
07139316-n	vie:lemma	chuyện
07139316-n	vie:exe	Em chào anh ạ, anh có chuyện gì thế ạ ? 
00031798-r	vie:lemma	đã
00031798-r	vie:exe	Anh đã làm bài tập hay chưa?
00157412-r	vie:lemma	có khi
00157412-r	vie:exe	Có khi chị tôi không ăn tối.
00021212-r	vie:lemma	có khi
00021212-r	vie:exe	Có khi chị tôi không ăn tối.
03740161-n	vie:lemma	thuốc
03740161-n	vie:exe	Trong khi dùng thuốc anh không nên uống rượu.
02318272-a	vie:lemma	thẳng
02318272-a	vie:exe	Đi thẳng qua ngã tư đó có một ngân hàng lớn.\n
02310895-a	vie:lemma	thẳng
02310895-a	vie:exe	Đi thẳng qua ngã tư đó có một ngân hàng lớn.\n
02314584-a	vie:lemma	thẳng
02314584-a	vie:exe	Đi thẳng qua ngã tư đó có một ngân hàng lớn.\n
10787470-n	vie:lemma	phụ nữ
10787470-n	vie:exe	Phụ nữ sợ khi gặp phải một người nào đó không quen trên đường tối.
10736091-n	vie:lemma	chú
10736091-n	vie:exe	Đây là máy ảnh chú tôi mua cho tôi.
04404997-n	vie:lemma	máy ảnh
04404997-n	vie:exe	Có máy ảnh mà không có phim thì không có ý nghĩa.
02942699-n	vie:lemma	máy ảnh
02942699-n	vie:exe	Có máy ảnh mà không có phim thì không có ý nghĩa.
04370048-n	vie:lemma	áo len
04370048-n	vie:exe	Chị ấy thích mặc áo len.
02626604-v	vie:lemma	trở nên
02626604-v	vie:exe	Ông ấy trở nên giàu có. 
02623529-v	vie:lemma	trở nên
02623529-v	vie:exe	Ông ấy trở nên giàu có. 
04398497-n	vie:lemma	quán cà phê
04398497-n	vie:exe	Ông nội tôi hay đi quán cà phê.\n
00081591-r	vie:lemma	hàng tuần
00081591-r	vie:exe	Hàng tuần vợ chồng ấy đi ăn tối ở nhà hàng.
01535246-v	vie:lemma	rửa
01535246-v	vie:exe	Buổi sáng tôi đánh răng, rửa mặt.
01535246-v	vie:lemma	giặt
01535246-v	vie:exe	Kiểm tra kỹ túi áo trước khi giặt.
00036362-v	vie:lemma	rửa
00036362-v	vie:exe	Buổi sáng tôi đánh răng, rửa mặt.
01536168-v	vie:lemma	rửa
01536168-v	vie:exe	Buổi sáng tôi đánh răng, rửa mặt.
00606093-v	vie:lemma	tập
00606093-v	vie:exe	Mặc dù em tập viết nhiều lần nhưng mà vẫn hay quên. 
01723224-v	vie:lemma	tập
01723224-v	vie:exe	Mặc dù em tập viết nhiều lần nhưng mà vẫn hay quên. 
15156187-n	vie:lemma	hôm qua
15156187-n	vie:exe	Hôm qua tôi gặp anh Nam. 
01919428-a	vie:lemma	yên tĩnh
01919428-a	vie:exe	Thành phố này yên tĩnh lắm.\n
01918984-a	vie:lemma	yên tĩnh
01918984-a	vie:exe	Thành phố này yên tĩnh lắm.\n
04437953-n	vie:lemma	đồng hồ
04437953-n	vie:exe	Đồng hồ tôi nhanh đến mười ba phút.
03046257-n	vie:lemma	đồng hồ
03046257-n	vie:exe	Đồng hồ tôi nhanh đến mười ba phút.
04350905-n	vie:lemma	com lê
04350905-n	vie:exe	Không chỉ vào mùa đông mà còn vào mủa hè một số người Nhật cũng mặc com lê.
00409440-a	vie:lemma	tối
00842199-a	vie:lemma	mạnh
00842199-a	vie:exe	Ông ấy không được mạnh.
15163979-n	vie:lemma	thứ hai
15163979-n	vie:exe	Tôi thường dọn phòng vào thứ hai.\n\n
00059413-r	vie:lemma	nhiều lần
00059413-r	vie:exe	Trong khi cô Lan ở bệnh viện chúng em thăm cô nhiều lần.
00035058-r	vie:lemma	nhiều lần
00035058-r	vie:exe	Trong khi cô Lan ở bệnh viện chúng em thăm cô nhiều lần.
05687338-n	vie:lemma	bài
05687338-n	vie:exe	Em làm bài tập xong chưa?
06784003-n	vie:lemma	bài
06784003-n	vie:exe	Em làm bài tập xong chưa?
03281145-n	vie:lemma	thang máy
03281145-n	vie:exe	Tôi không thích thang máy vì bên trong rất bí.
05320899-n	vie:lemma	tai
05320899-n	vie:exe	Tai con voi rất lớn.
00007846-n	vie:lemma	một người nào đó
00007846-n	vie:exe	Phụ nữ sợ khi gặp phải một người nào đó không quen trên đường tối.
03436182-n	vie:lemma	máy ra-đi-ô cát-xét
03436182-n	vie:exe	Sử dụng máy ghi âm, máy ra-đi-ô cát-xét sẽ giúp anh học tiếng Việt tốt hơn.
04284002-n	vie:lemma	thìa
04284002-n	vie:exe	Người Hàn Quốc thường ăn cơm bằng thìa.\n
13134947-n	vie:lemma	hoa quả
13134947-n	vie:exe	Em họ tôi thường ăn hoa qủa sau bữa trưa.
11683989-n	vie:lemma	hoa quả
11683989-n	vie:exe	Em họ tôi thường ăn hoa qủa sau bữa trưa.
02730813-v	vie:lemma	nói
02730813-v	vie:exe	Sao anh nói vậy?
01009240-v	vie:lemma	nói
01009240-v	vie:exe	Sao anh nói vậy?
00941990-v	vie:lemma	nói
00941990-v	vie:exe	Sao anh nói vậy?
00979870-v	vie:lemma	nói
00979870-v	vie:exe	Sao anh nói vậy?
09854218-n	vie:lemma	chị
09854218-n	vie:exe	Có khi chị tôi không ăn tối.
04507155-n	vie:lemma	ô
04507155-n	vie:exe	Ô màu xanh da trời này của ai?
02229324-a	vie:lemma	kém
02229324-a	vie:exe	Tiếng Anh của tôi còn kém lắm.
01870636-a	vie:lemma	kém
01870636-a	vie:exe	Tiếng Anh của tôi còn kém lắm.
01128103-a	vie:lemma	kém
01128103-a	vie:exe	Tiếng Anh của tôi còn kém lắm.
02229000-a	vie:lemma	kém
02229000-a	vie:exe	Tiếng Anh của tôi còn kém lắm.
15270431-n	vie:lemma	thời gian
15270431-n	vie:exe	Không còn thời gian nữa, nhanh lên!
15227846-n	vie:lemma	thời gian
15227846-n	vie:exe	Không còn thời gian nữa, nhanh lên!
15269513-n	vie:lemma	thời gian
15269513-n	vie:exe	Không còn thời gian nữa, nhanh lên!
00744916-a	vie:lemma	khó
00744916-a	vie:exe	Em thấy chữ Hán rất khó. 
04401088-n	vie:lemma	điện thoại
04401088-n	vie:exe	Cho tôi biết số điện thoại của chị được không?
06272803-n	vie:lemma	điện thoại
06272803-n	vie:exe	Cho tôi biết số điện thoại của chị được không?
02870092-n	vie:lemma	sách
02870092-n	vie:exe	Tôi vừa đọc hết cuốn sách này.
06410904-n	vie:lemma	sách
06410904-n	vie:exe	Tôi vừa đọc hết cuốn sách này.
09972010-n	vie:lemma	em họ
09972010-n	vie:exe	Em họ tôi thường ăn hoa qủa sau bữa trưa.
14974264-n	vie:lemma	giấy
14974264-n	vie:exe	Cho tôi một tờ giấy và một cây bút bi.
80000677-n	vie:lemma	giấy
80000677-n	vie:exe	Cho tôi một tờ giấy và một cây bút bi.
06255777-n	vie:lemma	giấy
06255777-n	vie:exe	Cho tôi một tờ giấy và một cây bút bi.
04960277-n	vie:lemma	đen
04960277-n	vie:exe	Hai con mèo đen chạy vào vườn của nhà tôi. 
02770717-v	vie:lemma	có mây
02770717-v	vie:exe	Trời có mây.
02529945-a	vie:lemma	mát
02529945-a	vie:exe	Tháng mười ở Nhật Bản trời mát đấy.
02207206-v	vie:lemma	mua
02207206-v	vie:exe	Chị mua áo ở đâu?
02208265-v	vie:lemma	mua
02208265-v	vie:exe	Chị mua áo ở đâu?
00422620-a	vie:lemma	bẩn
00422620-a	vie:exe	Phòng này bẩn quá!
01908889-a	vie:lemma	bẩn
01908889-a	vie:exe	Phòng này bẩn quá!
00419289-a	vie:lemma	bẩn
00419289-a	vie:exe	Phòng này bẩn quá!
01345109-v	vie:lemma	đóng
01345109-v	vie:exe	Khi nghe nhạc anh đóng cửa đi.
01960911-v	vie:lemma	bơi
01960911-v	vie:exe	Khi tôi còn trẻ, tôi thường bơi ở ao.
00933154-a	vie:lemma	đắt
00933154-a	vie:exe	Cái nhà này đắt không?
04199027-n	vie:lemma	giày
04199027-n	vie:exe	Giày này đẹp mà đắt thế.
04330340-n	vie:lemma	sưởi lò
04330340-n	vie:exe	Sưởi lò hiện đại nhất của công ty này rất tiện.
07823951-n	vie:lemma	ca ri
07823951-n	vie:exe	Chúng ta ăn món ca ri ở quán ăn Ấn Độ.
05598147-n	vie:lemma	mũi
05598147-n	vie:exe	Anh ấy cho rằng phụ nữ miệng nhỏ mũi cao đẹp hơn.
05658826-n	vie:lemma	mũi
05658826-n	vie:exe	Anh ấy cho rằng phụ nữ miệng nhỏ mũi cao đẹp hơn.
06947032-n	vie:lemma	tiếng Anh
06947032-n	vie:exe	Tôi học tiếng Anh 3 giờ một ngày.
07575726-n	vie:lemma	bữa tối
07575726-n	vie:exe	Em ăn tối chưa?\n\n
07575726-n	vie:lemma	bữa tối
07575726-n	vie:exe	Em ăn tối chưa?
03485794-n	vie:lemma	khăn tay
03485794-n	vie:exe	Hôm kia tôi đã mua một chiếc khăn tay cho mẹ tôi.
01198101-v	vie:lemma	hút
01198101-v	vie:exe	Em không được hút thuốc ở đây.
02741003-v	vie:lemma	treo
02741003-v	vie:exe	Thế thì treo bức ảnh này trên tường được không?\n
01206474-a	vie:lemma	thấp
01206474-a	vie:exe	Mây trên trời càng ở xa thấy càng thấp.
13832355-n	vie:lemma	phía đông
13832355-n	vie:exe	Phía bắc Việt Nam là Trung Quốc, phía đông và phía nam là biển, còn phía tây là Căm-pu-chia.
11525955-n	vie:lemma	gió
11525955-n	vie:exe	Mùa thu không có nhiều ngày mưa gió.
02324182-v	vie:lemma	cho mượn
02324182-v	vie:exe	Tôi cho bạn lưu học sinh mượn một đĩa hát.
01437963-a	vie:lemma	dài
01437963-a	vie:exe	Cái cầu này dài bằng cái cầu kia.
01433493-a	vie:lemma	dài
01433493-a	vie:exe	Cái cầu này dài bằng cái cầu kia.
01444022-a	vie:lemma	dài
01444022-a	vie:exe	Cái cầu này dài bằng cái cầu kia.
80001077-n	vie:lemma	bao nhiêu
80001077-n	vie:exe	Năm nay anh bao nhiêu tuổi?
80001077-n	vie:lemma	bao nhiêu tiền
80001077-n	vie:exe	Quyển sách này giá bao nhiêu tiền?
10665698-n	vie:lemma	học sinh
10665698-n	vie:exe	Hiệu trưởng phát phần thưởng cho học sinh.
10665698-n	vie:lemma	sinh viên
10665698-n	vie:exe	Tôi là sinh viên.
10251779-n	vie:lemma	học sinh
10251779-n	vie:exe	Hiệu trưởng phát phần thưởng cho học sinh.
08615374-n	vie:lemma	công viên
08615374-n	vie:exe	Hàng ngày tôi đi công viên tập thể dục.
77000064-n	vie:lemma	nào
77000064-n	vie:exe	Chị ấy là người nước nào?
03290771-n	vie:lemma	cửa ra vào
03290771-n	vie:exe	Ở Nhật Bản có cửa ra vào gọi là Genkan.
03290771-n	vie:lemma	lối vào
03290771-n	vie:exe	Tôi không thể tìm ra lối vào được.
06409752-n	vie:lemma	đặt câu
06409752-n	vie:exe	Em hãy đạt câu.
10286084-n	vie:lemma	anh em
10286084-n	vie:exe	Tôi có hai anh em.
09876454-n	vie:lemma	anh em
09876454-n	vie:exe	Tôi có hai anh em.
80001731-n	vie:lemma	lưu học sinh
80001731-n	vie:exe	Tôi cho bạn lưu học sinh mượn một đĩa hát.
77000031-n	vie:lemma	các bà ấy
77000031-n	vie:exe	Các bà ấy khoẻ lắm.
00934199-a	vie:lemma	rẻ
00934199-a	vie:exe	Thế thì rẻ quá.
00935103-a	vie:lemma	rẻ
00935103-a	vie:exe	Thế thì rẻ quá.
02747802-n	vie:lemma	gạt tàn
02747802-n	vie:exe	Đừng hút thuốc ở đây, không có gạt tàn mà.
15213115-n	vie:lemma	tháng mười
15213115-n	vie:exe	Tháng mười ở Nhật Bản trời mát đấy.
15203791-n	vie:lemma	năm
15203791-n	vie:exe	Anh ấy đi nước ngoài những 3 năm.
03619890-n	vie:lemma	phòng bếp
03619890-n	vie:exe	Phòng này vừa là nhà bếp vừa là phòng ăn.
00273734-v	vie:lemma	dạy
00273734-v	vie:exe	Xin ông dạy cho cháu.
00829107-v	vie:lemma	dạy
00829107-v	vie:exe	Xin ông dạy cho cháu.
00963570-v	vie:lemma	nói chuyện
00963570-v	vie:exe	Chúng em nói chuyện đến khuya. 
00815686-v	vie:lemma	trả lời
00815686-v	vie:exe	Giả sử có người hỏi, anh sẽ trả lời sao?
00635523-v	vie:lemma	trả lời
00635523-v	vie:exe	Giả sử có người hỏi, anh sẽ trả lời sao?
03417345-n	vie:lemma	sân
03417345-n	vie:exe	Ngoài sân có xe máy. 
03417749-n	vie:lemma	sân
03417749-n	vie:exe	Ngoài sân có xe máy. 
01775164-v	vie:lemma	rất thích
01775164-v	vie:exe	Trẻ con rất thích ăn kẹo.
01828736-v	vie:lemma	rất thích
01828736-v	vie:exe	Trẻ con rất thích ăn kẹo.
06418901-n	vie:lemma	từ điển
06418901-n	vie:exe	Từ điển này tốt, từ điển này không tốt.
15164570-n	vie:lemma	thứ bảy
15164570-n	vie:exe	Thứ bảy, chủ nhật Phương thường làm gì?
00284798-n	vie:lemma	đi dạo
00284798-n	vie:exe	Sáng qua tôi đi dạo công viên.
00284101-n	vie:lemma	đi dạo
00284101-n	vie:exe	Sáng qua tôi đi dạo công viên.
01712704-v	vie:lemma	làm
01712704-v	vie:exe	Sau khi tốt nghiệp, em muốn làm nghề gì? 
08277393-n	vie:lemma	trường học
08277393-n	vie:exe	Từ nhà tôi đến trường học rất gần.\n\n
08276720-n	vie:lemma	trường học
08276720-n	vie:exe	Từ nhà tôi đến trường học rất gần.\n\n
00161630-r	vie:lemma	chậm
00161630-r	vie:exe	Xin thầy nói chậm hơn. 
90000506-n	vie:lemma	tuần trước
90000506-n	vie:exe	Tuần trước tôi đã xem phim ấy rồi nhưng tuần này tôi muốn xem lại.
03057021-n	vie:lemma	áo ngoài
03057021-n	vie:exe	Anh mang áo ngoài đi, dự báo thời tiết nói là tối nay trời lạnh.
03057021-n	vie:lemma	áo khoác
03057021-n	vie:exe	Ở miền bắc mùa đông phải mặc áo khoác.
03589791-n	vie:lemma	áo ngoài
03589791-n	vie:exe	Anh mang áo ngoài đi, dự báo thời tiết nói là tối nay trời lạnh.
06929279-n	vie:lemma	tiếng Nhật
06929279-n	vie:exe	Em thấy tiếng Nhật thế nào? 
03303965-n	vie:lemma	lối ra
03303965-n	vie:exe	Xin lỗi, lối ra ở đâu?
10142391-n	vie:lemma	ông nội
10142391-n	vie:exe	Ông nội tôi hay đi quán cà phê.
07934530-n	vie:lemma	trà Lipton
07934530-n	vie:exe	Tôi muốn uống trà Lipton không đường.\n
07933274-n	vie:lemma	trà Lipton
07933274-n	vie:exe	Tôi muốn uống trà Lipton không đường.\n
07933274-n	vie:lemma	trà
07933274-n	vie:exe	Cà phê hay trà xanh, em thích loại nào hơn?\n
07989373-n	vie:lemma	vợ chồng
07989373-n	vie:exe	Hàng tuần vợ chồng ấy đi ăn tối ở nhà hàng.\n\n
10146559-n	vie:lemma	cửa hàng rau quả
10146559-n	vie:exe	Muốn đến cửa hàng rau quả thì anh rẽ phải ở đó, cửa hàng đó ở ngay bên trái đường.\n\n
03457686-n	vie:lemma	cửa hàng rau quả
03457686-n	vie:exe	Muốn đến cửa hàng rau quả thì anh rẽ phải ở đó, cửa hàng đó ở ngay bên trái đường.\n\n
03147509-n	vie:lemma	tách
03147509-n	vie:exe	Ông ấy thích sưu tập tách cổ châu Âu.
03972524-n	vie:lemma	túi
03972524-n	vie:exe	Kiểm tra kỹ túi áo trước khi giặt.\n
04968895-n	vie:lemma	xanh da trời
04968895-n	vie:exe	Ô màu xanh da trời này của ai?\n\n
01555416-a	vie:lemma	ít
01555416-a	vie:exe	Vì sao chị ăn ít thế?
01552885-a	vie:lemma	ít
01552885-a	vie:exe	Vì sao chị ăn ít thế?
00017865-v	vie:lemma	đi ngủ
00017865-v	vie:exe	Tôi đi ngủ lúc 10 giờ tối.
00450147-a	vie:lemma	gần
00450147-a	vie:exe	Từ nhà tôi đến trường học rất gần.\n
00444519-a	vie:lemma	gần
00444519-a	vie:exe	Từ nhà tôi đến trường học rất gần.\n
00445169-a	vie:lemma	gần
00445169-a	vie:exe	Từ nhà tôi đến trường học rất gần.\n
00584367-n	vie:lemma	việc làm
00584367-n	vie:exe	Anh ấy tốt nghiệp đại học nổi tiếng rồi mà chưa có việc làm.\n
07574602-n	vie:lemma	bữa sáng
07574602-n	vie:exe	Chị ấy luôn luôn ăn sáng với gia đình.
08078020-n	vie:lemma	gia đình
08078020-n	vie:exe	Cả gia đình em có khoẻ không?
10236304-n	vie:lemma	gia đình
10236304-n	vie:exe	Cả gia đình em có khoẻ không?
07970406-n	vie:lemma	gia đình
07970406-n	vie:exe	Cả gia đình em có khoẻ không?
07970406-n	vie:lemma	gia đình
07970406-n	vie:exe	Hiện nay bạo lực là một vấn đề gia đình rất lớn.
04197391-n	vie:lemma	áo lót
04197391-n	vie:exe	Tôi phải mua áo lót mới.
09918248-n	vie:lemma	trẻ con
09918248-n	vie:exe	Trẻ con rất thích ăn kẹo.\n\n
12212361-n	vie:lemma	rau
12212361-n	vie:exe	Mẹ tôi sai tôi đi mua rau. 
07707451-n	vie:lemma	rau
07707451-n	vie:exe	Mẹ tôi sai tôi đi mua rau. 
03365991-n	vie:lemma	tầng
03365991-n	vie:exe	Phòng vệ sinh chỉ có ở tầng một thôi.
00976508-a	vie:lemma	nhanh
00976508-a	vie:exe	Con chó kia chạy nhanh.
00981818-a	vie:lemma	nhanh
00981818-a	vie:exe	Con chó kia chạy nhanh.
00979862-a	vie:lemma	nhanh
00979862-a	vie:exe	Con chó kia chạy nhanh.
01367431-a	vie:lemma	náo nhiệt
01367431-a	vie:exe	Năm sau hay là năm sau nữa, tôi sẽ đến sống một thành phố náo nhiệt hơn.
07644382-n	vie:lemma	thịt gà
07644382-n	vie:exe	Thịt bò, thịt gà và thịt lợn, chị thích nhất là thịt nào?\n
07644967-n	vie:lemma	thịt gà
07644967-n	vie:exe	Thịt bò, thịt gà và thịt lợn, chị thích nhất là thịt nào?\n
07813107-n	vie:lemma	muối
07813107-n	vie:exe	Có quá nhiều muối thì không ngon miệng.
07825972-n	vie:lemma	xì dầu
07825972-n	vie:exe	Món này nhạt, thêm một chút xì dầu sẽ ngon hơn.\n
02005948-v	vie:lemma	tới
02005948-v	vie:exe	Tháng trước một người bạn Việt Nam của tôi tới Nhật Bản.\n
02930766-n	vie:lemma	tắc xi
02930766-n	vie:exe	Khi mua ở cửa hàng tổng hợp chúng tôi thường đi bằng tắc xi.
04371225-n	vie:lemma	bể bơi
04371225-n	vie:exe	Bể bơi này sâu tới 4m.
00604617-a	vie:lemma	tiện
00604617-a	vie:exe	Sưởi lò hiện đại nhất của công ty này rất tiện.\n
15237250-n	vie:lemma	mùa hè
15237250-n	vie:exe	Mùa hè Nhật Bản không những nóng mà còn oi bức.
03757138-n	vie:lemma	tàu điện ngầm
03757138-n	vie:exe	Trong xe điện ngầm người ta không thể nghe ra-đi-ô được.
04349306-n	vie:lemma	tàu điện ngầm
04349306-n	vie:exe	Trong xe điện ngầm người ta không thể nghe ra-đi-ô được.
77000090-n	vie:lemma	thế nào
77000090-n	vie:exe	Ngày mai thời tiết thế nào?
80001331-x	vie:lemma	thế nào
80001331-x	vie:exe	Ngày mai thời tiết thế nào?
77000104-n	vie:lemma	khi nào
77000104-n	vie:exe	Khi nào anh đi Việt Nam?
04105893-n	vie:lemma	căn hộ
04105893-n	vie:exe	Căn hộ này chỉ có cầu thang.
06415419-n	vie:lemma	vở
06415419-n	vie:exe	Cho Long mượn vở tiếng Anh của Thùy một chút có được không?
01376705-a	vie:lemma	nổi tiếng
01376705-a	vie:exe	Cô ấy trở thành một nhà văn nổi tiếng.
01375831-a	vie:lemma	nổi tiếng
01375831-a	vie:exe	Cô ấy trở thành một nhà văn nổi tiếng.
00953216-v	vie:lemma	kể
00953216-v	vie:exe	Không có gì để làm cả, kể một chuyện vui nào đó cho tôi!
00962447-v	vie:lemma	kể
00962447-v	vie:exe	Không có gì để làm cả, kể một chuyện vui nào đó cho tôi!
02935891-n	vie:lemma	quán ăn
02935891-n	vie:exe	Quán ăn sắp mở cửa.
01984902-v	vie:lemma	ngồi
01984902-v	vie:exe	Mời anh ngồi.
00120223-r	vie:lemma	vừa ... vừa ...
00120223-r	vie:exe	Tôi thường vừa nghe nhạc vừa học.
00120095-r	vie:lemma	vừa ... vừa ...
00120095-r	vie:exe	Tôi thường vừa nghe nhạc vừa học.
02386612-a	vie:lemma	nhỏ
02386612-a	vie:exe	Cô giáo mới chia lớp thành 3 nhóm nhỏ.
02386612-a	vie:lemma	ngắn
02386612-a	vie:exe	Người ta cảm thấy ngày nghỉ ngắn lắm.
02345713-a	vie:lemma	xấu
02345713-a	vie:exe	Ở đâu cũng có người xấu.
00478311-a	vie:lemma	xấu
00478311-a	vie:exe	Ở đâu cũng có người xấu.
01174222-a	vie:lemma	xấu
01174222-a	vie:exe	Ở đâu cũng có người xấu.
03025755-n	vie:lemma	đũa
03025755-n	vie:exe	Tôi biết ăn đũa.
15166191-n	vie:lemma	buổi chiều
15166191-n	vie:exe	Chiều này anh đi đâu?
80000080-n	vie:lemma	tháng này
80000080-n	vie:exe	Tháng này là tháng mấy?
06624161-n	vie:lemma	thư
06624161-n	vie:exe	Chị viết thư chưa?
01909812-v	vie:lemma	rẽ
01909812-v	vie:exe	Cấm rẽ phải.
07929519-n	vie:lemma	cà phê
07929519-n	vie:exe	Cà phê hay trà xanh, em thích loại nào hơn?
01729431-v	vie:lemma	hát
01729431-v	vie:exe	Chị có hát được bài hát này không?
11501381-n	vie:lemma	mưa
11501381-n	vie:exe	Mùa thu không có nhiều ngày mưa gió.
07749582-n	vie:lemma	chanh
07749582-n	vie:exe	Ông ngoại tôi ghét chanh.
90000511-n	vie:lemma	hôm kia
90000511-n	vie:exe	Hôm kia tôi đã mua một chiếc khăn tay cho mẹ tôi.
00118032-r	vie:lemma	thế thì
00118032-r	vie:exe	Thế thì rẻ quá.
00118032-r	vie:lemma	thế thì
00118032-r	vie:exe	Thế thì ba mươi lăm nghìn nhé.
04468005-n	vie:lemma	tàu điện
04468005-n	vie:exe	Ngày kia tôi sẽ đi Tokyo bằng xe điện.\n
77000002-n	vie:lemma	chúng tôi
77000002-n	vie:exe	Tuy vậy chúng tôi vẫn thua cuộc.
15206296-n	vie:lemma	một tháng
15206296-n	vie:exe	Tôi đi du lịch một tháng.
02834778-n	vie:lemma	xe đạp
02834778-n	vie:exe	Xe đạp này tốt nhất.
06597466-n	vie:lemma	tạp chí
06597466-n	vie:exe	Tôi đọc tạp chí Việt Nam nhưng có nhiều từ không biết ý nghĩa.
06595351-n	vie:lemma	tạp chí
06595351-n	vie:exe	Tôi đọc tạp chí Việt Nam nhưng có nhiều từ không biết ý nghĩa.
03704210-n	vie:lemma	tạp chí
03704210-n	vie:exe	Tôi đọc tạp chí Việt Nam nhưng có nhiều từ không biết ý nghĩa.
08238463-n	vie:lemma	lớp
08238463-n	vie:exe	Lớp này có năm người.
00050454-v	vie:lemma	cởi
00050454-v	vie:exe	Anh ấy cởi quần để qua sông.
02649830-v	vie:lemma	sống
02649830-v	vie:exe	Chị sống ở đâu?
15155891-n	vie:lemma	ngày mai
15155891-n	vie:exe	Ngày mai thời tiết thế nào?
04208936-n	vie:lemma	vòi hoa sen
04208936-n	vie:exe	Vòi hoa sen màu vàng này bị hỏng rồi.\n\n
15213774-n	vie:lemma	tháng mười hai
15213774-n	vie:exe	Tháng mười hai năm ngoái tôi làm quen với cô ấy.\n
00625119-v	vie:lemma	đọc
00625119-v	vie:exe	Tôi vừa đọc hết cuốn sách này.
02774152-n	vie:lemma	túi
02774152-n	vie:exe	Cái túi đỏ này bao nhiêu tiền ạ?
02773037-n	vie:lemma	túi
02773037-n	vie:exe	Cái túi đỏ này bao nhiêu tiền ạ?
13250542-n	vie:lemma	tiền
13250542-n	vie:exe	Tôi trả tiền rồi mà.
13384557-n	vie:lemma	tiền
13384557-n	vie:exe	Tôi trả tiền rồi mà.
05600637-n	vie:lemma	mặt
05600637-n	vie:exe	Buổi sáng tôi đánh răng, rửa mặt.
07597365-n	vie:lemma	kẹo
07597365-n	vie:exe	Trẻ con rất thích ăn kẹo.
00024356-r	vie:lemma	không
00024356-r	vie:exe	Tôi không biết đâu.
03176763-n	vie:lemma	cửa hàng tổng hợp
03176763-n	vie:exe	Khi mua ở cửa hàng tổng hợp chúng tôi thường đi bằng tắc xi.
01725051-v	vie:lemma	chơi
01725051-v	vie:exe	Tôi biết chơi ghi-ta.
03388183-n	vie:lemma	bút máy
03388183-n	vie:exe	Nhiều nhà văn thích dùng bút máy.
77000089-a	vie:lemma	thế này
77000089-a	vie:exe	Không có kinh nghiệm, làm sao mà vượt qua khó khăn như thế này được.
15164354-n	vie:lemma	thứ năm
15164354-n	vie:exe	Tôi làm thêm vào thứ ba và thứ năm.\n\n
00056916-r	vie:lemma	mời ...
00056916-r	vie:exe	Mời anh vào. 
00816481-a	vie:lemma	chậm
00816481-a	vie:exe	Con chó này chạy rất chậm.
01901186-a	vie:lemma	chậm
01901186-a	vie:exe	Con chó này chạy rất chậm.
04956594-n	vie:lemma	màu
04956594-n	vie:exe	Hộp thư ở Việt Nam màu gì ?
04674968-n	vie:lemma	màu
04674968-n	vie:exe	Hộp thư ở Việt Nam màu gì ?
07109730-n	vie:lemma	lời nói
07109730-n	vie:exe	Lời nói phải đi đôi với việc làm.
06282651-n	vie:lemma	lời nói
06282651-n	vie:exe	Lời nói phải đi đôi với việc làm.
00121135-r	vie:lemma	thế
00121135-r	vie:exe	Cái gì khiến anh ấy nói như thế?
04962784-n	vie:lemma	đỏ
04962784-n	vie:exe	Cái túi đỏ này bao nhiêu tiền ạ?
03871083-n	vie:lemma	hành lý
03871083-n	vie:exe	Anh đến đây mang mấy chiếc hành lý?
02774630-n	vie:lemma	hành lý
02774630-n	vie:exe	Anh đến đây mang mấy chiếc hành lý?
07891726-n	vie:lemma	vang
07891726-n	vie:exe	Rượu vang Beaujolais Nouveau được bán rất nhiều tại Nhật Bản.\n\n
07884567-n	vie:lemma	vang
07884567-n	vie:exe	Rượu vang Beaujolais Nouveau được bán rất nhiều tại Nhật Bản.\n\n
07891433-n	vie:lemma	vang
07891433-n	vie:exe	Rượu vang Beaujolais Nouveau được bán rất nhiều tại Nhật Bản.\n\n
15164463-n	vie:lemma	thứ sáu
15164463-n	vie:exe	Thứ sáu tuần sau cho phép tôi nghỉ, được không ạ?
03581125-n	vie:lemma	ngã tư
03581125-n	vie:exe	Đi thẳng qua ngã tư đó có một ngân hàng lớn.
02410393-a	vie:lemma	dày
02410393-a	vie:exe	Quyển sách ấy dày đến nỗi không thể đọc hết được.\n\n
02410393-a	vie:lemma	dày
02410393-a	vie:exe	Chân giường này quá to, không đẹp lắm.
02415390-a	vie:lemma	dày
02415390-a	vie:exe	Quyển sách ấy dày đến nỗi không thể đọc hết được.\n\n
02756821-v	vie:lemma	mưa
02756821-v	vie:exe	Tôi bị mưa.
02529264-a	vie:lemma	ấm
02529264-a	vie:exe	Thời tiết trở nên ấm áp hơn. 
01546111-v	vie:lemma	đứng
01546111-v	vie:exe	Hãy đứng xa xa mà nhìn lại.
10142747-n	vie:lemma	bà nội
10142747-n	vie:exe	Tuần sau gia đình em đi thăm nhà bà nội.
07679356-n	vie:lemma	bánh mì
07679356-n	vie:exe	Tôi thích ăn bánh mì với bơ.
03259505-n	vie:lemma	nhà
03259505-n	vie:exe	Từ nhà tôi đến ga 2 km. 
03544360-n	vie:lemma	nhà
03544360-n	vie:exe	Từ nhà tôi đến ga 2 km. 
03544360-n	vie:lemma	nhà tôi?
08559508-n	vie:lemma	nhà
08559508-n	vie:exe	Từ nhà tôi đến ga 2 km. 
08559508-n	vie:lemma	nhà tôi?
15210486-n	vie:lemma	tháng hai
15210486-n	vie:exe	Ngày mười bốn tháng hai là ngày Valentine.
15167349-n	vie:lemma	tối
15167349-n	vie:exe	Tối qua trời lạnh đến nỗi có tuyết.
15155747-n	vie:lemma	tối
15155747-n	vie:exe	Tối qua trời lạnh đến nỗi có tuyết.
15167027-n	vie:lemma	tối
15167027-n	vie:exe	Tối qua trời lạnh đến nỗi có tuyết.
15167027-n	vie:lemma	tối qua
15167027-n	vie:exe	Tối qua anh ấy đến thăm nhà tôi.
15167474-n	vie:lemma	tối
15167474-n	vie:exe	Tối qua trời lạnh đến nỗi có tuyết.
03438257-n	vie:lemma	cốc
03438257-n	vie:exe	Xin cho tôi một cốc nước.
08613593-n	vie:lemma	ngoài
08613593-n	vie:exe	Ngoài sân có xe máy. 
03338821-n	vie:lemma	phim
03338821-n	vie:exe	Có máy ảnh mà không có phim thì không có ý nghĩa.
06613686-n	vie:lemma	phim
06613686-n	vie:exe	Có máy ảnh mà không có phim thì không có ý nghĩa.
06613686-n	vie:lemma	phim
06613686-n	vie:exe	Anh muốn nhờ em ghi băng bộ phim tối nay, có được không? 
06262567-n	vie:lemma	phim
06262567-n	vie:exe	Có máy ảnh mà không có phim thì không có ý nghĩa.
04096066-n	vie:lemma	đường
04096066-n	vie:exe	Muốn đến cửa hàng rau quả thì anh rẽ phải ở đó, cửa hàng đó ở ngay bên trái đường.
15212739-n	vie:lemma	tháng chín
15212739-n	vie:exe	Nghỉ hè bắt đầu từ cuối tháng bảy đến cuối tháng chín.
77000079-a	vie:lemma	kia
77000079-a	vie:exe	Con chó kia chạy nhanh.
14524198-n	vie:lemma	có mây
14524198-n	vie:exe	Trời có mây.
13828795-n	vie:lemma	chiều dài
13828795-n	vie:exe	Chiều dài kệ sách này có mấy mét?
00543233-n	vie:lemma	âm nhạc
00543233-n	vie:exe	Thanh niên hay nghe nhạc phương Tây.
05718556-n	vie:lemma	âm nhạc
05718556-n	vie:exe	Thanh niên hay nghe nhạc phương Tây.
05718935-n	vie:lemma	âm nhạc
05718935-n	vie:exe	Thanh niên hay nghe nhạc phương Tây.
07020895-n	vie:lemma	âm nhạc
07020895-n	vie:exe	Thanh niên hay nghe nhạc phương Tây.
00409709-r	vie:lemma	gần
00409709-r	vie:exe	Gần đây có một ngôi nhà cho thuê.
08641113-n	vie:lemma	gần
08641113-n	vie:exe	Gần đây có một ngôi nhà cho thuê.
03112099-n	vie:lemma	hành lang
03112099-n	vie:exe	Không được chạy ở hành lang.
03661043-n	vie:lemma	thư viện
03661043-n	vie:exe	Từ đây đến thư viện đi bộ hết 15 phút.
07840804-n	vie:lemma	trứng
07840804-n	vie:exe	Ăn quá nhiều phó mát, sữa, trứng cũng không tốt lắm.\n
90000502-n	vie:lemma	năm nay
90000502-n	vie:exe	Năm nay tôi 25 tuổi.
03908204-n	vie:lemma	bút chì
03908204-n	vie:exe	Tôi tặng bút chì chúc anh tôi thi đỡ.
14796748-n	vie:lemma	bút chì
14796748-n	vie:exe	Tôi tặng bút chì chúc anh tôi thi đỡ.
05282433-n	vie:lemma	răng
05282433-n	vie:exe	Buổi sáng tôi đánh răng, rửa mặt.
05282746-n	vie:lemma	răng
05282746-n	vie:exe	Buổi sáng tôi đánh răng, rửa mặt.
01649720-a	vie:lemma	trẻ
01649720-a	vie:exe	Giả tôi trẻ lại được thì tôi muốn lập gia đình với cô ấy.
01646941-a	vie:lemma	trẻ
01646941-a	vie:exe	Giả tôi trẻ lại được thì tôi muốn lập gia đình với cô ấy.
00514884-a	vie:lemma	suốt
00514884-a	vie:exe	Chị ấy tập chơi pi-a-nô suốt ngày.
00988232-a	vie:lemma	mỏng
01029368-v	vie:lemma	tôi tên là ...
01029368-v	vie:exe	Tôi tên là Nguyễn Văn Hùng.\n
77000084-n	vie:lemma	đâu
77000084-n	vie:exe	Bưu điện ở đâu?
00220082-a	vie:lemma	đẹp
00220082-a	vie:exe	Hôm nay trời đẹp. 
01586342-a	vie:lemma	đẹp
01586342-a	vie:exe	Hôm nay trời đẹp. 
01586342-a	vie:lemma	tốt
01586342-a	vie:exe	Xe đạp này tốt nhất.
01346003-v	vie:lemma	mở
01346003-v	vie:exe	Cửa hàng này 5 giờ sáng mở cửa.\n\n
09853467-n	vie:lemma	anh
09853467-n	vie:exe	Anh tôi làm việc ở sứ quan Nhật Bản.
09853467-n	vie:lemma	anh
09853467-n	vie:exe	Anh tôi làm việc ở sứ quan Nhật Bản.
03102654-n	vie:lemma	tủ lạnh
03102654-n	vie:exe	Bên cạnh tủ lạnh có bếp ga. 
03273913-n	vie:lemma	tủ lạnh
03273913-n	vie:exe	Bên cạnh tủ lạnh có bếp ga. 
02399595-a	vie:lemma	không ngon miệng
02399595-a	vie:exe	Có quá nhiều muối thì không ngon miệng.
01716971-a	vie:lemma	không ngon miệng
01716971-a	vie:exe	Có quá nhiều muối thì không ngon miệng.
07845335-n	vie:lemma	sữa
07845335-n	vie:exe	Ăn quá nhiều phó mát, sữa, trứng cũng không tốt lắm.
07844042-n	vie:lemma	sữa
07844042-n	vie:exe	Ăn quá nhiều phó mát, sữa, trứng cũng không tốt lắm.
10780632-n	vie:lemma	vợ
10780632-n	vie:exe	Anh nên xin lỗi vợ, nếu không chị ấy sẽ giận lắm.
10780632-n	vie:lemma	vợ
10780632-n	vie:exe	Anh nên xin lỗi vợ, nếu không chị ấy sẽ giận lắm.
08625462-n	vie:lemma	trái
08625462-n	vie:exe	Muốn đến cửa hàng rau quả thì anh rẽ phải ở đó, cửa hàng đó ở ngay bên trái đường.\n
90000508-n	vie:lemma	tuần sau
90000508-n	vie:exe	Từ tuần sau là nghỉ hè rồi. 
01848718-v	vie:lemma	đi
01848718-v	vie:exe	Thoa đã đi Bát Tràng chưa?
06518719-n	vie:lemma	vé
06518719-n	vie:exe	Chiều mai tôi đi mua vé máy bay.
01470670-v	vie:lemma	gặp
01470670-v	vie:exe	Ngày mai tôi gặp anh Nam. 
02428924-v	vie:lemma	gặp
02428924-v	vie:exe	Ngày mai tôi gặp anh Nam. 
10285313-n	vie:lemma	con trai
10285313-n	vie:exe	Để con trai ấy ra ngoài chơi đi.
03542333-n	vie:lemma	khách sạn
03542333-n	vie:exe	Anh vẫn ở khách sạn Thăng Long chứ?
02913152-n	vie:lemma	toà nhà
02913152-n	vie:exe	Hai công an đứng trước cửa vào toà nhà kia đang nói chuyện với nhau.\n
07649854-n	vie:lemma	thịt
07649854-n	vie:exe	Thịt bò, thịt gà và thịt lợn, chị thích nhất là thịt nào?\n
09397391-n	vie:lemma	ao
09397391-n	vie:exe	Khi tôi còn trẻ, tôi thường bơi ở ao.
07935152-n	vie:lemma	trà
07935152-n	vie:exe	Cà phê hay trà xanh, em thích loại nào hơn?\n
03082979-n	vie:lemma	máy tính
03082979-n	vie:exe	Tôi không thể sửa máy tính.
00312553-n	vie:lemma	du lịch
00312553-n	vie:exe	Khi nào anh ấy đi du lịch?
04043733-n	vie:lemma	ra-đi-ô
04043733-n	vie:exe	Trong xe điện ngầm người ta không thể nghe ra-đi-ô được.
01442186-a	vie:lemma	ngắn
01442186-a	vie:exe	Người ta cảm thấy ngày nghỉ ngắn lắm.
01436003-a	vie:lemma	ngắn
01436003-a	vie:exe	Người ta cảm thấy ngày nghỉ ngắn lắm.
01442826-a	vie:lemma	ngắn
01442826-a	vie:exe	Người ta cảm thấy ngày nghỉ ngắn lắm.
14513694-n	vie:lemma	gia đình
14513694-n	vie:exe	Hiện nay bạo lực là một vấn đề gia đình rất lớn.
02808440-n	vie:lemma	buồng tắm
02808440-n	vie:exe	Bố tôi định xây dựng buồng tắm.
02807731-n	vie:lemma	buồng tắm
02807731-n	vie:exe	Bố tôi định xây dựng buồng tắm.
15274074-n	vie:lemma	ngày nghỉ
15274074-n	vie:exe	Người ta cảm thấy ngày nghỉ ngắn lắm.
15183428-n	vie:lemma	ngày nghỉ
15183428-n	vie:exe	Người ta cảm thấy ngày nghỉ ngắn lắm.
15137890-n	vie:lemma	ngày nghỉ
15137890-n	vie:exe	Người ta cảm thấy ngày nghỉ ngắn lắm.
00027918-r	vie:lemma	chưa
00027918-r	vie:exe	Tôi chưa viết xong. 
00031304-r	vie:lemma	chưa
00031304-r	vie:exe	Tôi chưa viết xong. 
03925226-n	vie:lemma	bức ảnh
03925226-n	vie:exe	Thế thì treo bức ảnh này trên tường được không?
03931044-n	vie:lemma	bức ảnh
03931044-n	vie:exe	Thế thì treo bức ảnh này trên tường được không?
04248607-n	vie:lemma	bức ảnh
04248607-n	vie:exe	Thế thì treo bức ảnh này trên tường được không?
15164233-n	vie:lemma	thứ tư
15164233-n	vie:exe	Hôm nay là ngày thứ tư.
11524662-n	vie:lemma	thời tiết
11524662-n	vie:exe	Ngày mai thời tiết thế nào?
07193184-n	vie:lemma	hỏi
07193184-n	vie:exe	Em hãy hỏi mẹ thử.
07196682-n	vie:lemma	hỏi
07196682-n	vie:exe	Em hãy hỏi mẹ thử.
05797597-n	vie:lemma	hỏi
05797597-n	vie:exe	Em hãy hỏi mẹ thử.
07193596-n	vie:lemma	hỏi
07193596-n	vie:exe	Em hãy hỏi mẹ thử.
01904930-v	vie:lemma	đi bộ
01904930-v	vie:exe	Từ đây đến thư viện đi bộ hết 15 phút.
03383948-n	vie:lemma	nĩa
03383948-n	vie:exe	Hiện nay ai cũng ăn được bằng nĩa và dao.
08286569-n	vie:lemma	trường đại học
08286569-n	vie:exe	Từ nhà tôi đến trường đại học mất 5 phút.
08286163-n	vie:lemma	trường đại học
08286163-n	vie:exe	Từ nhà tôi đến trường đại học mất 5 phút.
08278169-n	vie:lemma	trường đại học
08278169-n	vie:exe	Từ nhà tôi đến trường đại học mất 5 phút.
01000214-v	vie:lemma	viết
01000214-v	vie:exe	Cô ấy viết một bức thư cho bố mẹ.
02471690-v	vie:lemma	viết
02471690-v	vie:exe	Cô ấy viết một bức thư cho bố mẹ.
01020356-v	vie:lemma	viết
01020356-v	vie:exe	Cô ấy viết một bức thư cho bố mẹ.
01691057-v	vie:lemma	viết
01691057-v	vie:exe	Cô ấy viết một bức thư cho bố mẹ.
01698271-v	vie:lemma	viết
01698271-v	vie:exe	Cô ấy viết một bức thư cho bố mẹ.
01020934-v	vie:lemma	viết
01020934-v	vie:exe	Cô ấy viết một bức thư cho bố mẹ.
00993014-v	vie:lemma	viết
00993014-v	vie:exe	Cô ấy viết một bức thư cho bố mẹ.
03822171-n	vie:lemma	báo
03822171-n	vie:exe	Trước giờ học tôi mua báo.
06267145-n	vie:lemma	báo
06267145-n	vie:exe	Trước giờ học tôi mua báo.
14961722-n	vie:lemma	báo
14961722-n	vie:exe	Trước giờ học tôi mua báo.
07197021-n	vie:lemma	thi
07197021-n	vie:exe	Phải chăm học mấy năm, anh mới thi đỗ lấy tư cách đó được.
00158309-r	vie:lemma	vừa
00158309-r	vie:exe	Tôi vừa đọc hết cuốn sách này.
00002621-r	vie:lemma	vừa
00002621-r	vie:exe	Tôi vừa đọc hết cuốn sách này.
00002950-r	vie:lemma	vừa
00002950-r	vie:exe	Tôi vừa đọc hết cuốn sách này.
13714184-n	vie:lemma	độ
13714184-n	vie:exe	Hôm nay nóng quá, chắc chắn hơn ba mươi lăm độ.
00119568-n	vie:lemma	bay
00119568-n	vie:exe	Ngày kia tôi bay vào Sài Gòn.
08145553-n	vie:lemma	bưu điện
08145553-n	vie:exe	Bưu điện ở đâu?
15237044-n	vie:lemma	mùa xuân
15237044-n	vie:exe	Bây giờ là mùa xuân nên trời đẹp.
01270199-v	vie:lemma	giặt
01270199-v	vie:exe	Kiểm tra kỹ túi áo trước khi giặt.
06505517-n	vie:lemma	bản sao
06505517-n	vie:exe	Tôi đã photocopy trang này, nhưng để quên bản sao đó ở chỗ nào đó.
15166462-n	vie:lemma	tối
15166462-n	vie:lemma	tối qua
15166462-n	vie:exe	Tối qua anh ấy đến thăm nhà tôi.
01343918-a	vie:lemma	thú vị
01343918-a	vie:exe	Hôm nay trời đẹp bạn sẽ có chuyến du lịch thú vị.\n\n
01344344-a	vie:lemma	thú vị
01344344-a	vie:exe	Hôm nay trời đẹp bạn sẽ có chuyến du lịch thú vị.\n\n
01344344-a	vie:lemma	vui
01344344-a	vie:exe	Không ai không vui vì tin ấy.
01265308-a	vie:lemma	thú vị
01265308-a	vie:exe	Hôm nay trời đẹp bạn sẽ có chuyến du lịch thú vị.\n\n
01344485-a	vie:lemma	thú vị
01344485-a	vie:exe	Hôm nay trời đẹp bạn sẽ có chuyến du lịch thú vị.\n\n
00067045-r	vie:lemma	trước
00067045-r	vie:exe	Tôi đi trước nhé.
00067265-r	vie:lemma	trước
00067265-r	vie:exe	Tôi đi trước nhé.
90000515-n	vie:lemma	ngày kia
90000515-n	vie:exe	Ngày kia trường chúng ta được nghỉ đấy, bạn đã biết chưa?
01296462-v	vie:lemma	bật
01296462-v	vie:exe	Ấn nút này để bật điều hoà.
01801029-a	vie:lemma	vui
01801029-a	vie:exe	Không ai không vui vì tin ấy.
03906997-n	vie:lemma	bút
03906997-n	vie:exe	Chị ấy mua có một cái bút.
77000095-n	vie:lemma	ai
77000095-n	vie:exe	Ông ấy là ai?
77000095-n	vie:lemma	ai
77000095-n	vie:exe	Ông ấy là ai?
90000500-n	vie:lemma	năm kia
90000500-n	vie:exe	Tháng sáu năm kia hai người ấy đã kết hôn.
03221720-n	vie:lemma	cửa
03221720-n	vie:exe	Khi nghe nhạc anh đóng cửa đi.
03221720-n	vie:lemma	cửa
03221720-n	vie:exe	Khi nghe nhạc anh đóng cửa đi.\n
00050681-r	vie:lemma	không có
00050681-r	vie:exe	Giữa anh và tôi không có bí mật.
00024587-r	vie:lemma	không có
00024587-r	vie:exe	Giữa anh và tôi không có bí mật.
77000012-n	vie:lemma	tôi
77000012-n	vie:exe	Tôi muốn mua cả hai cái này.
77000015-n	vie:lemma	tôi
77000015-n	vie:exe	Tôi muốn mua cả hai cái này.
01344963-a	vie:lemma	chán
01344963-a	vie:exe	Bài học chán ấy làm các sinh viên buồn ngủ.
01170052-v	vie:lemma	uống
01170052-v	vie:exe	Tôi muốn uống nước cam hay là nước xoài.
03282295-n	vie:lemma	sứ quán
03282295-n	vie:exe	Sau đó, anh đến Sứ quán Nhật xin visa.
14145501-n	vie:lemma	bị cảm
14145501-n	vie:exe	Tôi bị cảm.
06796119-n	vie:lemma	tem
06796119-n	vie:exe	Xin cho tôi ba con tem mười nghìn đồng.
07775375-n	vie:lemma	cá
07775375-n	vie:exe	Người Việt hay ăn cá sông, còn người Nhật hay ăn cá biển.
02512053-n	vie:lemma	cá
02512053-n	vie:exe	Người Việt hay ăn cá sông, còn người Nhật hay ăn cá biển.
01586866-a	vie:lemma	tốt
01586866-a	vie:exe	Xe đạp này tốt nhất.
01048762-a	vie:lemma	tốt
01048762-a	vie:exe	Xe đạp này tốt nhất.
00067638-a	vie:lemma	tốt
00067638-a	vie:exe	Xe đạp này tốt nhất.
01993408-a	vie:lemma	tốt
01993408-a	vie:exe	Xe đạp này tốt nhất.
01171213-a	vie:lemma	tốt
01171213-a	vie:exe	Xe đạp này tốt nhất.
01800349-a	vie:lemma	tốt
01800349-a	vie:exe	Xe đạp này tốt nhất.
01123148-a	vie:lemma	tốt
01123148-a	vie:exe	Xe đạp này tốt nhất.
00064787-a	vie:lemma	tốt
00064787-a	vie:exe	Xe đạp này tốt nhất.
00850183-a	vie:lemma	tốt
00850183-a	vie:exe	Xe đạp này tốt nhất.
01129977-a	vie:lemma	tốt
01129977-a	vie:exe	Xe đạp này tốt nhất.
01586752-a	vie:lemma	tốt
01586752-a	vie:exe	Xe đạp này tốt nhất.
04588365-n	vie:lemma	cửa sổ
04588365-n	vie:exe	Vì mùa đông trời rét nên người ta thường không mở cửa sổ.
04587648-n	vie:lemma	cửa sổ
04587648-n	vie:exe	Vì mùa đông trời rét nên người ta thường không mở cửa sổ.
05216365-n	vie:lemma	người
05216365-n	vie:exe	Mẹ tôi đã lo đến gầy người.
76100002-x	vie:lemma	tờ
76100002-x	vie:exe	Cho tôi một tờ giấy và một cây bút bi.\n\n
04967191-n	vie:lemma	xanh lá cây
04967191-n	vie:exe	Xe buýt sắp đến, chị thấy không? Xe màu xanh lá cây đó.\n\n
80001047-v	vie:lemma	chết
80001047-v	vie:exe	Anh ấy yêu cô ấy đến mức có thể chết vì cô ấy. 
03497657-n	vie:lemma	mũ
03497657-n	vie:exe	Trời nắng lắm, đội mũ vào đi.
15129927-n	vie:lemma	giờ
15129927-n	vie:exe	Bây giờ 12 giờ rồi.
06359877-n	vie:lemma	bài
06359877-n	vie:exe	Bài học chán ấy làm các sinh viên buồn ngủ.
00546389-n	vie:lemma	bài hát
00546389-n	vie:exe	Chị có hát được bài hát này không?
07048000-n	vie:lemma	bài hát
07048000-n	vie:exe	Chị có hát được bài hát này không?
01754737-v	vie:lemma	cắt
01754737-v	vie:exe	Mẹ tôi cắt bánh sinh nhật thành 5 miếng.
07447641-n	vie:lemma	liên hoan
07447641-n	vie:exe	Liên hoan sắp bắt đầu chưa?
01842204-v	vie:lemma	đi ra ngoài
01842204-v	vie:exe	Để con trai ấy ra ngoài chơi đi.
04241394-n	vie:lemma	dép
04241394-n	vie:exe	Đi giày dép này đi.
05301908-n	vie:lemma	miệng
05301908-n	vie:exe	Anh ấy cho rằng phụ nữ miệng nhỏ mũi cao đẹp hơn.
02440250-n	vie:lemma	tay
02440250-n	vie:exe	Trước khi ăn, phải rửa tay.
09823502-n	vie:lemma	cô
09823502-n	vie:exe	Trong tuần này cô Liên đến thăm nhà tôi.
10193967-n	vie:lemma	chồng
10193967-n	vie:exe	Hàng tuần vợ chồng ấy đi ăn tối ở nhà hàng.
15213406-n	vie:lemma	tháng mười một
15213406-n	vie:exe	Tháng mười một ở Hokkaido có tuyết rơi chưa?
06277280-n	vie:lemma	ti-vi
06277280-n	vie:exe	Cha tôi đeo kính khi xem ti vi.\n\n
13831176-n	vie:lemma	phía bắc
13831176-n	vie:exe	Phía bắc Việt Nam là Trung Quốc, phía đông và phía nam là biển, còn phía tây là Căm-pu-chia.
06964901-n	vie:lemma	tiếng Pháp
06964901-n	vie:exe	À , nghe nói là em rất giỏi tiếng Pháp, đúng không? 
01318741-a	vie:lemma	đau
01318741-a	vie:exe	Vì tôi bị đau dạ dày.
01712753-a	vie:lemma	đau
01712753-a	vie:exe	Vì tôi bị đau dạ dày.
05395690-n	vie:lemma	bụng
05395690-n	vie:exe	Chú tôi rất dễ béo bụng.\n\n
05556943-n	vie:lemma	bụng
05556943-n	vie:exe	Chú tôi rất dễ béo bụng.\n\n
02324478-v	vie:lemma	thêm
02324478-v	vie:exe	Món này nhạt, thêm một chút xì dầu sẽ ngon hơn.\n
00640828-v	vie:lemma	thêm
00640828-v	vie:exe	Món này nhạt, thêm một chút xì dầu sẽ ngon hơn.\n
00182406-v	vie:lemma	thêm
00182406-v	vie:exe	Món này nhạt, thêm một chút xì dầu sẽ ngon hơn.\n
00749230-a	vie:lemma	dễ
00749230-a	vie:exe	Tiếng Việt rất dễ.
14061805-n	vie:lemma	bệnh
14061805-n	vie:exe	Bố tôi mắc bệnh.
14055408-n	vie:lemma	bệnh
14055408-n	vie:exe	Bố tôi mắc bệnh.
14473054-n	vie:lemma	bệnh
14473054-n	vie:exe	Bố tôi mắc bệnh.
10399491-n	vie:lemma	cha mẹ
10399491-n	vie:exe	Nếu tôi có nhiều tiền tôi muốn mua một ngôi nhà cho cha mẹ tôi.
13833375-n	vie:lemma	phía nam
13833375-n	vie:exe	Phía bắc Việt Nam là Trung Quốc, phía đông và phía nam là biển, còn phía tây là Căm-pu-chia.
02472293-n	vie:lemma	người
02472293-n	vie:exe	Chúc em sớm tìm được người ấy nhé.
15212167-n	vie:lemma	tháng bảy
15212167-n	vie:exe	Nghỉ hè bắt đầu từ cuối tháng bảy đến cuối tháng chín.
00442917-a	vie:lemma	xa
00442917-a	vie:exe	Mây trên trời càng ở xa thấy càng thấp.\n
03398467-n	vie:lemma	trước
03398467-n	vie:exe	Hai công an đứng trước cửa vào toà nhà kia đang nói chuyện với nhau.\n
00964768-a	vie:lemma	yếu
00964768-a	vie:exe	Phái mạnh phải bảo vệ phái yếu.\n
02324397-a	vie:lemma	yếu
02324397-a	vie:exe	Phái mạnh phải bảo vệ phái yếu.\n
00709215-a	vie:lemma	yếu
00709215-a	vie:exe	Phái mạnh phải bảo vệ phái yếu.\n
02040233-a	vie:lemma	yếu
02040233-a	vie:exe	Phái mạnh phải bảo vệ phái yếu.\n
02040049-a	vie:lemma	yếu
02040049-a	vie:exe	Phái mạnh phải bảo vệ phái yếu.\n
00254978-r	vie:lemma	hàng tháng
00254978-r	vie:exe	Hàng tháng anh ấy về quê.
77000091-n	vie:lemma	thế nào
77000091-n	vie:exe	Sau này, Ngọc muốn lấy người như thế nào?
06605897-n	vie:lemma	ý nghĩa
06605897-n	vie:exe	Tôi đọc tạp chí Việt Nam nhưng có nhiều từ không biết ý nghĩa.\n\n
05919866-n	vie:lemma	ý nghĩa
05919866-n	vie:exe	Tôi đọc tạp chí Việt Nam nhưng có nhiều từ không biết ý nghĩa.\n\n
06601327-n	vie:lemma	ý nghĩa
06601327-n	vie:exe	Tôi đọc tạp chí Việt Nam nhưng có nhiều từ không biết ý nghĩa.\n\n
04059701-n	vie:lemma	sau
04059701-n	vie:exe	Sau khi ăn trưa nó làm việc hăng hái hơn.
02767665-n	vie:lemma	sau
02767665-n	vie:exe	Sau khi ăn trưa nó làm việc hăng hái hơn.
03540595-n	vie:lemma	bệnh viện
03540595-n	vie:exe	Trong khi cô Lan ở bệnh viện chúng em thăm cô nhiều lần.
08054417-n	vie:lemma	bệnh viện
08054417-n	vie:exe	Trong khi cô Lan ở bệnh viện chúng em thăm cô nhiều lần.
05311054-n	vie:lemma	mắt
05311054-n	vie:exe	Mắt chị ấy to lắm.
05316025-n	vie:lemma	mắt
05316025-n	vie:exe	Mắt chị ấy to lắm.
02871439-n	vie:lemma	kệ sách
02871439-n	vie:exe	Chiều dài kệ sách này có mấy mét?
01186408-a	vie:lemma	nhẹ
01186408-a	vie:exe	Đĩa này nhẹ quá.
04049098-n	vie:lemma	ga
04049098-n	vie:exe	Từ nhà tôi đến ga 2 km. 
03030663-n	vie:lemma	thuốc lá
03030663-n	vie:exe	Anh không nên hút thuốc lá.
90000504-n	vie:lemma	năm sau nữa
90000504-n	vie:exe	Năm sau hay là năm sau nữa, tôi sẽ đến sống một thành phố náo nhiệt hơn.
00729108-n	vie:lemma	bài tập
00729108-n	vie:exe	Em làm bài tập xong chưa?
03815615-n	vie:lemma	ca vát
03815615-n	vie:exe	Ca vát không quen thì thắt rất khó.
07596684-n	vie:lemma	bánh kẹo
07596684-n	vie:exe	Cô Liên làm bánh kẹo rất ngon.
05560787-n	vie:lemma	chân
05560787-n	vie:exe	Tôi mỏi chân rồi.
05563266-n	vie:lemma	chân
05563266-n	vie:exe	Tôi mỏi chân rồi.
15211189-n	vie:lemma	tháng tư
15211189-n	vie:exe	Từ tháng tư năm sau con trai tôi sẽ bắt đầu vào học trung học.\n
02310007-v	vie:lemma	trả
02310007-v	vie:exe	Tôi phải trả quyển sách này cho thầy giáo.
01308381-v	vie:lemma	trả
01308381-v	vie:exe	Tôi phải trả quyển sách này cho thầy giáo.
80001595-v	vie:lemma	trả
80001595-v	vie:exe	Tôi phải trả quyển sách này cho thầy giáo.
10080869-n	vie:lemma	cha
10080869-n	vie:exe	Cha tôi không bao giờ dậy muộn.\n\n
10080869-n	vie:lemma	cha
10080869-n	vie:exe	Cha tôi không bao giờ dậy muộn.
02411224-a	vie:lemma	dày
02411224-a	vie:exe	Chân giường này quá to, không đẹp lắm.
04446276-n	vie:lemma	phòng vệ sinh
04555291-n	vie:lemma	phòng vệ sinh
15212455-n	vie:lemma	tháng tám
15212455-n	vie:exe	Tháng tám hàng năm có rất nhiều khách du lịch ở sân bay.
00292937-a	vie:lemma	bận
00292937-a	vie:exe	Anh muốn xem mãi mà hôm nay lại bận, không xem được.
00273082-a	vie:lemma	tối
00273082-a	vie:exe	Phụ nữ sợ khi gặp phải một người nào đó không quen trên đường tối.\n
03291819-n	vie:lemma	phong bì
03291819-n	vie:exe	Phong bì này mỏng mà nặng, không biết có gì bên trong không ?
80001545-n	vie:lemma	bên cạnh
80001545-n	vie:exe	Bên cạnh tủ lạnh có bếp ga.
09215315-n	vie:lemma	dưới
09215315-n	vie:exe	Dưới ghế có một con mèo màu nâu.
80001661-n	vie:lemma	dưới
80001661-n	vie:exe	Dưới ghế có một con mèo màu nâu.
00523513-n	vie:lemma	thể thao
00523513-n	vie:exe	Chơi thể thao.
03179701-n	vie:lemma	bàn
03179701-n	vie:exe	Trên bàn có nhiều sách. 
04202417-n	vie:lemma	cửa hàng
04202417-n	vie:exe	Cửa hàng này 5 giờ sáng mở cửa.
02016062-v	vie:lemma	xuống
02016062-v	vie:exe	Công an yêu cầu tôi xuống xe.
15237782-n	vie:lemma	mùa đông
15237782-n	vie:exe	Mùa đông, trời rét.
80001691-n	vie:lemma	trên
80001691-n	vie:exe	Trên bàn có nhiều sách. 
08663354-n	vie:lemma	trên
08663354-n	vie:exe	Trên bàn có nhiều sách. 
07804323-n	vie:lemma	cơm
07804323-n	vie:exe	Anh ăn cơm chưa?
15245990-n	vie:lemma	cơm
15245990-n	vie:exe	Anh ăn cơm chưa?
90000417-n	vie:lemma	cơm
90000417-n	vie:exe	Anh ăn cơm chưa?
07575076-n	vie:lemma	bữa trưa
07575076-n	vie:exe	Sau khi ăn trưa nó làm việc hăng hái hơn.
15156001-n	vie:lemma	hôm nay
15156001-n	vie:exe	Hôm nay là ngày mồng 2. 
09604981-n	vie:lemma	mình
09604981-n	vie:exe	Hôm nay đến nhà mình chơi nhé.
07557434-n	vie:lemma	nấu ăn
07557434-n	vie:exe	Tôi thích nấu ăn.
02395115-a	vie:lemma	ngon
02395115-a	vie:exe	Cô Liên làm bánh kẹo rất ngon.
02396720-a	vie:lemma	ngon
02396720-a	vie:exe	Cô Liên làm bánh kẹo rất ngon.
