# TUFS Basic Arabic Wordnet	arb http://www.coelang.tufs.ac.jp/mt/ar/	CC BY 4.0
15210045-n	arb:lemma	كَانُونَ ٱلثَّانِي
05755883-n	arb:lemma	دراسة (brk:دراسات)
05755883-n	arb:exe	دراسة اللغة العربية مفيدة لفهم أوضاع الشرق الأوسط.‏
15163797-n	arb:lemma	يوم الأحد
15163797-n	arb:exe	للأسف الشديد أنا مشغول يومي يوم الخميس والأحد، لذلك لا أستطيع أن أخرج معك .‏
15043763-n	arb:lemma	ثلج (brk:ثلوج)
15043763-n	arb:exe	يغطي الثلج قمة هذا الجبل طوال السنة.‏
00251013-n	arb:lemma	تنظيف
00251013-n	arb:exe	أرجو منك مساعدتي في تنظيف الغرفة.‏
08058098-n	arb:lemma	شَرِكَةٌ
08058098-n	arb:exe	يتغير جو المكتب تماما عندما يدخل مدير الشركة.‏
01382086-a	arb:lemma	كَبِيرٌ
01382086-a	arb:exe	أوساكا ثاني أكبر مدينة في اليابان.‏
01453084-a	arb:lemma	كَبِيرٌ
01453084-a	arb:exe	أوساكا ثاني أكبر مدينة في اليابان.‏
00527870-a	arb:lemma	كَبِيرٌ
00527870-a	arb:exe	أوساكا ثاني أكبر مدينة في اليابان.‏
01677433-a	arb:lemma	كَبِيرٌ
01677433-a	arb:exe	أوساكا ثاني أكبر مدينة في اليابان.‏
10084295-n	arb:lemma	بِنْتٌ
10084295-n	arb:exe	أخي الكبير متزوّج وله ٣ بنات.‏‎‏
10129825-n	arb:lemma	بِنْتٌ
10129825-n	arb:exe	أخي الكبير متزوّج وله ٣ بنات.‏‎‏
00065495-v	arb:lemma	نَشِيطٌ
00065495-v	arb:exe	الطالبات نشيطات والطلاب مجتهدون.‏
80001734-n	arb:lemma	دَرْسٌ
80001734-n	arb:exe	عندما كنت شابّاً لم أكن أدرس كثيراً.‏
00889472-n	arb:lemma	دَرْسٌ
00889472-n	arb:exe	عندما كنت شابّاً لم أكن أدرس كثيراً.‏
02608347-v	arb:lemma	بَدَأَ
02608347-v	arb:exe	لا تفعل ذلك أبدا أمام الأولاد الصغار.‏
07850329-n	arb:lemma	جُبْنٌ
07850329-n	arb:exe	الخبز والجبن والزيتون، هذا يكفيني للفطور.‏
03623556-n	arb:lemma	سكين (brk:سكاكين)
03623556-n	arb:exe	عند تناول الطعام يستخدم اليابانيون عودين بدلا من الشوكة والسكين.‏
03624134-n	arb:lemma	سكين (brk:سكاكين)
03624134-n	arb:exe	عند تناول الطعام يستخدم اليابانيون عودين بدلا من الشوكة والسكين.‏
01776727-v	arb:lemma	كره (يكره ; كراهة،كراهية)
01776727-v	arb:lemma	كره (يكره ; كراهة،كراهية)
01776727-v	arb:exe	أنا أكره الكذب.‏
01774136-v	arb:lemma	كره (يكره ; كراهة،كراهية)
01774136-v	arb:lemma	كره (يكره ; كراهة،كراهية)
01774136-v	arb:exe	أنا أكره الكذب.‏
02632567-v	arb:lemma	أَرَادَ
02632567-v	arb:exe	من فضلك، أريد إرسال هذا الطرد إلى اليابان.‏
01579608-a	arb:lemma	فَوْرًا
01579608-a	arb:exe	عندما نجدها سنتّصل بك فوراً.‏
04026417-n	arb:lemma	محفظة (brk:محافظ)
04026417-n	arb:exe	لا تضع المحفظة على المكتب.‏
11456462-n	arb:lemma	صحو
11456462-n	arb:exe	يسود العاصمة طوكيو حاليا طقس صحو.‏
07848338-n	arb:lemma	زُبْدٌ
07848338-n	arb:exe	يستخلص الزبد من الحليب.‏
90000501-n	arb:lemma	السنة الماضية
90000501-n	arb:exe	في السنة الماضية حصلت بنت عمي على رخصة القيادة.‏
15210870-n	arb:lemma	آذَارُ
03561345-n	arb:lemma	رسم (brk:رسوم)
03561345-n	arb:exe	ترجع هذه الرسوم التي على الجدر إلى العهد القديم.‏
03234306-n	arb:lemma	رسم (brk:رسوم)
03234306-n	arb:exe	ترجع هذه الرسوم التي على الجدر إلى العهد القديم.‏
03876519-n	arb:lemma	رسم (brk:رسوم)
03876519-n	arb:exe	ترجع هذه الرسوم التي على الجدر إلى العهد القديم.‏
07110615-n	arb:lemma	صَوْتٌ
07110615-n	arb:exe	لَهُ أَخٌ/ صَوْتٌ جَمِيلٌ.
05202284-n	arb:lemma	صَوْتٌ
05202284-n	arb:exe	لَهُ أَخٌ/ صَوْتٌ جَمِيلٌ.
09411430-n	arb:lemma	نَهْرٌ
09411430-n	arb:exe	كان أخي الكبير يعلمني السباحة في النهر القريب من بيتنا.‏
15236859-n	arb:lemma	خريف
15236859-n	arb:exe	في فصل الخريف تصفر أوراق الشجر.‏
02107442-v	arb:lemma	سَمِعَ
02107442-v	arb:exe	ولكنّي سمعت في الأخبار الجوّيّة أنّ يوم السبت قد يكون ممطراً.‏
02169891-v	arb:lemma	سَمِعَ
02169891-v	arb:exe	ولكنّي سمعت في الأخبار الجوّيّة أنّ يوم السبت قد يكون ممطراً.‏
02242464-v	arb:lemma	بَاعَ
02242464-v	arb:exe	الجوّ في الربيع والخريف لطيف.‏
00271022-a	arb:lemma	فاتح
00271022-a	arb:exe	بدأ لون السماء يتغير من الأزرق الفاتح إلى الأزرق الداكن ثم إلى اللون الأحمر.‏
00396523-a	arb:lemma	فاتح
00396523-a	arb:exe	بدأ لون السماء يتغير من الأزرق الفاتح إلى الأزرق الداكن ثم إلى اللون الأحمر.‏
00269989-a	arb:lemma	فاتح
00269989-a	arb:exe	بدأ لون السماء يتغير من الأزرق الفاتح إلى الأزرق الداكن ثم إلى اللون الأحمر.‏
00278551-a	arb:lemma	فاتح
00278551-a	arb:exe	بدأ لون السماء يتغير من الأزرق الفاتح إلى الأزرق الداكن ثم إلى اللون الأحمر.‏
02924116-n	arb:lemma	حَافِلَةٌ
02924116-n	arb:exe	إذا هطل المطر فسأذهب بالحافلة.‏
01614426-v	arb:lemma	ألصق (يلصق ; إلصاق)
01614426-v	arb:lemma	ألصق (يلصق ; إلصاق)
01614426-v	arb:exe	ألصق هذا الطابع على الظرف، ثم ضعه في صندوق البريد.‏
80001230-x	arb:lemma	نَعَمْ
80001230-x	arb:exe	هل زرت سوق "تسوكيجي" المشهور بطوكيو؟ ... نعم، لقد زرته.‏
01184932-a	arb:lemma	ثَقِيلٌ
01184932-a	arb:exe	يبدو أنّ حقيبتك ثقيلة. دعيني أحملها لك؟
07881800-n	arb:lemma	مشروبات
07881800-n	arb:exe	هناك محلات لبيع العصائر والمشروبات.‏
01119192-a	arb:lemma	مَاهِرٌ
01119192-a	arb:exe	كل عام نقدم مسرحية باللغة العربية في مهرجان الجامعة الذي يقام في شهر نوفمبر.‏
02226162-a	arb:lemma	مَاهِرٌ
02226162-a	arb:exe	كل عام نقدم مسرحية باللغة العربية في مهرجان الجامعة الذي يقام في شهر نوفمبر.‏
01838916-a	arb:lemma	مَاهِرٌ
01838916-a	arb:exe	كل عام نقدم مسرحية باللغة العربية في مهرجان الجامعة الذي يقام في شهر نوفمبر.‏
03467517-n	arb:lemma	جيتار
03467517-n	arb:exe	يغني ذلك المطرب وهو يعزف على الجيتار.‏
03613294-n	arb:lemma	مِفْتَاحٌ
03613294-n	arb:exe	افتح فمك قليلاً.‏
01553629-a	arb:lemma	كَثِيرٌ
01553629-a	arb:exe	هذه الغرفة رطبة أكثر من اللازم.‏
01551633-a	arb:lemma	كَثِيرٌ
01551633-a	arb:exe	هذه الغرفة رطبة أكثر من اللازم.‏
01552419-a	arb:lemma	كَثِيرٌ
01552419-a	arb:exe	هذه الغرفة رطبة أكثر من اللازم.‏
00127137-a	arb:lemma	قَدِيمٌ
00127137-a	arb:exe	تحت المسجد آثار قديمة.‏
01638438-a	arb:lemma	قَدِيمٌ
01638438-a	arb:exe	تحت المسجد آثار قديمة.‏
01729384-a	arb:lemma	قَدِيمٌ
01729384-a	arb:exe	تحت المسجد آثار قديمة.‏
10694258-n	arb:lemma	أُسْتَاذٌ
10694258-n	arb:exe	كيف الصحّة، أستاذة سميرة؟... الحمد لله.‏
07859284-n	arb:lemma	سكر
07859284-n	arb:exe	على مرضى السكر تجنب الحلو حفاظا على صحتهم.‏
09605289-n	arb:lemma	كبار
09605289-n	arb:exe	هذه الملاهي دائما مزدحمة بالكبار والصغار.‏
04081281-n	arb:lemma	مَطْعَمٌ
04081281-n	arb:exe	هناك عدّة مطاعم في هذا الشارع.‏
10448983-n	arb:lemma	شرطي (brk:شرطيون)
10448983-n	arb:exe	مررت بمخفر القرية وسلمت على الشرطي.‏
90000507-n	arb:lemma	هذا الأسبوع
90000507-n	arb:exe	سنذهب إلى حفلة موسيقية يوم الثلاثاء من هذا الأسبوع إن شاء الله.‏
02686568-n	arb:lemma	طائرة (brk:طائرات)
02686568-n	arb:exe	مددت يدي ورجلي بعد أن هبطت الطائرة.‏
02691156-n	arb:lemma	طائرة (brk:طائرات)
02691156-n	arb:exe	مددت يدي ورجلي بعد أن هبطت الطائرة.‏
08420278-n	arb:lemma	بَنْكٌ
02787772-n	arb:lemma	بَنْكٌ
02018049-v	arb:lemma	ركب (يركب ; ركوب)
02018049-v	arb:lemma	ركب (يركب ; ركوب)
02018049-v	arb:exe	أحيانا أركب سيارة الأجرة.‏
02324026-v	arb:lemma	اِسْتَعَانَ
01447257-v	arb:lemma	دَفَعَ
01447257-v	arb:exe	اسمح لي أن أدفع الحساب، من فضلك.
02398378-a	arb:lemma	حَارٌّ
02398378-a	arb:exe	البحر هادئ هذه الليلة وليست به أمواج.‏
02397732-a	arb:lemma	حَارٌّ
02397732-a	arb:exe	البحر هادئ هذه الليلة وليست به أمواج.‏
06628228-n	arb:lemma	بطاقة (brk:بطاقات)
06628228-n	arb:exe	وصلتني اليوم بطاقة من حبيبتي في الدار البيضاء.‏
06627938-n	arb:lemma	بطاقة (brk:بطاقات)
06627938-n	arb:exe	وصلتني اليوم بطاقة من حبيبتي في الدار البيضاء.‏
03959485-n	arb:lemma	طبق (brk:أطباق)
03959485-n	arb:exe	جاءتني الفرصة على طبق من ذهب.‏
00393105-a	arb:lemma	أَبْيَضُ
00393105-a	arb:exe	أيهما تفضل، البيض المسلوق أم البيض المقلي؟‏
08625073-n	arb:lemma	يَمِينٌ
08625073-n	arb:exe	وادخل إلى اليمين عند تلك الإشارة.‏
03051540-n	arb:lemma	ثوب (brk:ثياب)
03051540-n	arb:exe	انتظر قليلا فسأغسل وجهي وأغير ثيابي خلال ثلاث دقائق.‏
02728440-n	arb:lemma	ثوب (brk:ثياب)
02728440-n	arb:exe	انتظر قليلا فسأغسل وجهي وأغير ثيابي خلال ثلاث دقائق.‏
02728440-n	arb:lemma	ملبس (brk:ملابس)
02728440-n	arb:exe	تلبس بعض النساء عباءة سوداء فوق الملابس عند الخروج من البيوت.‏
03419014-n	arb:lemma	ثوب (brk:ثياب)
03419014-n	arb:exe	انتظر قليلا فسأغسل وجهي وأغير ثيابي خلال ثلاث دقائق.‏
15165289-n	arb:lemma	صَبَاحٌ
15165289-n	arb:exe	أريد أن أصبح صحفيّاً.‏
15165289-n	arb:lemma	قبل الظهر
15165289-n	arb:exe	عليك أن تنهي هذا العمل قبل الظهر.‏
03720163-n	arb:lemma	خريطة (brk:خرائط)
03720163-n	arb:exe	سأرسم لك الخريطة.‏
00024996-a	arb:lemma	جَدِيدٌ
00024996-a	arb:exe	أعجبتني روايتها الجديدة كثيرا.‏
01642477-a	arb:lemma	جَدِيدٌ
01642477-a	arb:exe	أعجبتني روايتها الجديدة كثيرا.‏
01641648-a	arb:lemma	جَدِيدٌ
01641648-a	arb:exe	أعجبتني روايتها الجديدة كثيرا.‏
01687167-a	arb:lemma	جَدِيدٌ
01687167-a	arb:exe	أعجبتني روايتها الجديدة كثيرا.‏
02584699-a	arb:lemma	جَدِيدٌ
02584699-a	arb:exe	أعجبتني روايتها الجديدة كثيرا.‏
01686439-a	arb:lemma	جَدِيدٌ
01686439-a	arb:exe	أعجبتني روايتها الجديدة كثيرا.‏
02070491-a	arb:lemma	جَدِيدٌ
02070491-a	arb:exe	أعجبتني روايتها الجديدة كثيرا.‏
02013758-a	arb:lemma	جَدِيدٌ
02013758-a	arb:exe	أعجبتني روايتها الجديدة كثيرا.‏
01640850-a	arb:lemma	جَدِيدٌ
01640850-a	arb:exe	أعجبتني روايتها الجديدة كثيرا.‏
00894552-n	arb:lemma	تمرين (brk:تمارين،تمرينات)
00894552-n	arb:exe	هذا تمرين لتقوية عضلات البطن.‏
01292683-a	arb:lemma	أَحَبَّ
01292683-a	arb:exe	اشتريت أسطوانة محببة لدى الشباب.‏
01777210-v	arb:lemma	أَحَبَّ
01777210-v	arb:exe	اشتريت أسطوانة محببة لدى الشباب.‏
00296131-r	arb:lemma	رُبَّمَا
00296131-r	arb:exe	يقول بعض العرب "العلم في الرأس وليس في الكراس".‏‏
00154449-r	arb:lemma	رُبَّمَا
00154449-r	arb:exe	يقول بعض العرب "العلم في الرأس وليس في الكراس".‏‏
03001627-n	arb:lemma	كُرْسِيٌّ
03001627-n	arb:exe	تفضل إلى الغرفة واجلس على الكرسي.‏
01734929-v	arb:lemma	طبع (يطبع ; طبع،طباع)
01734929-v	arb:lemma	طبع (يطبع ; طبع،طباع)
01734929-v	arb:exe	اطبع نسختين من هذا النص.‏
01914947-v	arb:lemma	ركض (يركض ; ركض)
01914947-v	arb:lemma	ركض (يركض ; ركض)
01914947-v	arb:exe	ذلك الحصان الأسود يركض بسرعة فائقة.‏
01926311-v	arb:lemma	ركض (يركض ; ركض)
01926311-v	arb:lemma	ركض (يركض ; ركض)
01926311-v	arb:exe	ذلك الحصان الأسود يركض بسرعة فائقة.‏
02005496-v	arb:lemma	رَجَعَ
02005496-v	arb:exe	تراجع سعر صرف الين إلى مستوى منخفض أمام اليورو.‏
04379243-n	arb:lemma	طَاوِلَةٌ
04379243-n	arb:exe	أريد حجز طاولة لـ ٨ أشخاص.‏‎‏
04298308-n	arb:lemma	درج (brk:درجات)
04298308-n	arb:exe	دورة المياه وراء ذلك الدرج.‏
00037919-v	arb:lemma	اِسْتَحَمَّ
00037919-v	arb:exe	فسد اللحم الموجود في الثلاجة بسبب انقطاع الكهرباء.‏
01532589-v	arb:lemma	نَظَّفَ
01532589-v	arb:exe	أرجو منك مساعدتي في تنظيف الغرفة.‏
01533442-v	arb:lemma	نَظَّفَ
01533442-v	arb:exe	أرجو منك مساعدتي في تنظيف الغرفة.‏
07663592-n	arb:lemma	لحم البقرة
07663592-n	arb:exe	حاليا يأكل اليابانيون لحوم الأبقار.‏
08182962-n	arb:lemma	عدد كبير من
08182962-n	arb:exe	في جامعتنا عدد كبير من الطلاب الأجانب.‏
08182379-n	arb:lemma	عدد كبير من
08182379-n	arb:exe	في جامعتنا عدد كبير من الطلاب الأجانب.‏
80000079-n	arb:lemma	الشهر الماضي
80000079-n	arb:exe	بعت سيارتي لأحد أصدقائي في الشهر الماضي.‏
10020890-n	arb:lemma	طَبِيبٌ
10020890-n	arb:exe	وأنا أريد طبق بطاطا.‏
10305802-n	arb:lemma	طَبِيبٌ
10305802-n	arb:exe	وأنا أريد طبق بطاطا.‏
03710193-n	arb:lemma	صندوق البريد
03710193-n	arb:exe	ألصق هذا الطابع على الظرف، ثم ضعه في صندوق البريد.‏
03989074-n	arb:lemma	صندوق البريد
03989074-n	arb:exe	ألصق هذا الطابع على الظرف، ثم ضعه في صندوق البريد.‏
15136147-n	arb:lemma	أُسْبُوعٌ
15136147-n	arb:exe	سبع مئة وأربعة وتسعون
15169873-n	arb:lemma	أُسْبُوعٌ
15169873-n	arb:exe	سبع مئة وأربعة وتسعون
15211806-n	arb:lemma	حَزِيرَانُ
04489008-n	arb:lemma	بنطلون (brk:بنطلونات)
04489008-n	arb:exe	يمكنك ارتداء هذا الجاكيت مع هذا البنطلون في يوم العطلة.‏
04230808-n	arb:lemma	تنورة (brk:تنورات،تنانير)
04230808-n	arb:exe	وصلتنا اليوم تنورات جميلة جدا.‏
08544813-n	arb:lemma	بَلَدٌ
08544813-n	arb:exe	لبنان بلد جميل فعلاً.
08490199-n	arb:lemma	بَلَدٌ
08490199-n	arb:exe	لبنان بلد جميل فعلاً.
00081737-r	arb:lemma	كل سنة
00081737-r	arb:exe	يذهب كثير من السياح اليابانيين إلى مصر كل سنة.‏
00018158-v	arb:lemma	استيقظ (يستيقظ ; استيقاظ)
00018158-v	arb:lemma	استيقظ (يستيقظ ; استيقاظ)
00018158-v	arb:exe	هل استيقظت متأخّراً؟
05538625-n	arb:lemma	رَأْسٌ
05538625-n	arb:exe	يقول بعض العرب "العلم في الرأس وليس في الكراس".‏‏
02418686-v	arb:lemma	لَعِبَ
02418686-v	arb:exe	ولا تنسي أنّ في منتخبنا لاعبين يلعبون في الأندية الأوربيّة الكبرى.‏
04965661-n	arb:lemma	أَصْفَرُ
04965661-n	arb:exe	في فصل الخريف تصفر أوراق الشجر.‏
02561888-a	arb:lemma	ضَيِّقٌ
02561888-a	arb:exe	هذا طريق ضيق.‏
00476663-a	arb:lemma	ضَيِّقٌ
00476663-a	arb:exe	هذا طريق ضيق.‏
05137165-n	arb:lemma	ارتفاع
05137165-n	arb:exe	 ارتفاع جبل فوجي 3776 مترا عن سطح البحر.‏
05131647-n	arb:lemma	ارتفاع
05131647-n	arb:exe	 ارتفاع جبل فوجي 3776 مترا عن سطح البحر.‏
00009966-r	arb:lemma	من فضلك
00009966-r	arb:exe	من فضلك، أطفئ النور.‏
00009966-r	arb:lemma	تفضل
00009966-r	arb:exe	تفضل إلى الغرفة واجلس على الكرسي.‏
10103485-n	arb:lemma	أَجْنَبِيٌّ
10103485-n	arb:exe	ظننت أنه أجنبي.‏
02958343-n	arb:lemma	سَيَّارَةٌ
02958343-n	arb:exe	لِلطَّالِبِ سَيَّارَةٌ.
03924069-n	arb:lemma	أُسْطُوَانَةٌ
03924069-n	arb:exe	اشتريت أسطوانة محببة لدى الشباب.‏
10332385-n	arb:lemma	والدة (brk:والدات)
10332385-n	arb:exe	يرسل الابن نقودا إلى والدته العجوز كل شهر.‏
10332385-n	arb:lemma	أُمٌّ
10332385-n	arb:exe	بدأت تعلّم العربيّة عام ١٩٩٥.‏
07668702-n	arb:lemma	لحم الخنزير
07668702-n	arb:exe	لحم الخنزير حرام في الإسلام.‏
13836136-n	arb:lemma	غَرْبٌ
13836136-n	arb:exe	تهب الرياح من الغرب إلى الشرق.‏
02368336-a	arb:lemma	حلو
02368336-a	arb:exe	على مرضى السكر تجنب الحلو حفاظا على صحتهم.‏
04254777-n	arb:lemma	جورب (brk:جوارب)
04254777-n	arb:exe	هو دائما يلبس الحذاء دون الجورب.‏
01845229-v	arb:lemma	سَافَرَ
01845229-v	arb:exe	هذا هو جواز سفري.‏
01846916-v	arb:lemma	سَافَرَ
01846916-v	arb:exe	هذا هو جواز سفري.‏
01845720-v	arb:lemma	سَافَرَ
01845720-v	arb:exe	هذا هو جواز سفري.‏
00061203-r	arb:lemma	بَعْدُ
00061203-r	arb:exe	وعدت إلى بيتي بعد الظهر الأحد.‏
10112591-n	arb:lemma	صَدِيقٌ
10112591-n	arb:exe	لي صديق ياباني يدرس اللغة العربيّة هناك.
08588294-n	arb:lemma	فِي
08588294-n	arb:exe	مبروك. ... بارك الله فيك.‏
08588152-n	arb:lemma	فِي
08588152-n	arb:exe	مبروك. ... بارك الله فيك.‏
77000021-n	arb:lemma	أَنْتَ
77000021-n	arb:exe	انتظر (ينتظر) / انتظار
77000021-n	arb:lemma	حَضْرَتُكَ
77000021-n	arb:exe	هل هذه أوّل مرّة تحضر فيها هذا الدرس؟
77000061-a	arb:lemma	هذه
77000061-a	arb:exe	لماذا تردن أيتها اليابانيات أن تصبحن نحيفات لهذه الدرجة.‏
80001619-a	arb:lemma	هذه
80001619-a	arb:exe	لماذا تردن أيتها اليابانيات أن تصبحن نحيفات لهذه الدرجة.‏
77000075-a	arb:lemma	هذه
77000075-a	arb:exe	لماذا تردن أيتها اليابانيات أن تصبحن نحيفات لهذه الدرجة.‏
08649345-n	arb:lemma	عرض
08649345-n	arb:exe	هذا الرف طوله 90 سنتيمترا وعرضه 50 سنتيمترا.‏
08649345-n	arb:lemma	جَانِبٌ
08649345-n	arb:exe	لأنّني أستمتع بالجلوس بجانب المدفأة وأنا أشرب فنجانا من القهوة الساخنة.‏‏
05136150-n	arb:lemma	عرض
05136150-n	arb:exe	هذا الرف طوله 90 سنتيمترا وعرضه 50 سنتيمترا.‏
15211484-n	arb:lemma	مايو
15211484-n	arb:exe	متى عيد ميلادك؟ ... يوم الثالث والعشرين من شهر مايو.‏
05563770-n	arb:lemma	ذِرَاعٌ
05563770-n	arb:exe	أصبت بجرح في ذراعي الأيسر.‏
15165490-n	arb:lemma	نهار (brk:أنهر)
15165490-n	arb:exe	اقتربت الامتحانات النهائية فصارت ابنتي تذاكر طول الليل والنهار.‏
04272054-n	arb:lemma	نظارة (brk:نظارات)
04272054-n	arb:exe	أخرجت والدتي منديلا ومسحت الدموع التي كانت تحت نظارتها.‏
10287213-n	arb:lemma	رَجُلٌ
10287213-n	arb:exe	هو رجل مستقيم.‏
09624168-n	arb:lemma	رَجُلٌ
09624168-n	arb:exe	هو رجل مستقيم.‏
15164105-n	arb:lemma	يوم الثلاثاء
15164105-n	arb:exe	سنذهب إلى حفلة موسيقية يوم الثلاثاء من هذا الأسبوع إن شاء الله.‏
77000099-n	arb:lemma	جَمِيعٌ
77000099-n	arb:exe	يجمع ابن خالي طوابع بريد نادرة من كل أنحاء العالم.‏
00479391-v	arb:lemma	أطفأ (يطفئ ; إطفاء)
00479391-v	arb:lemma	أطفأ (يطفئ ; إطفاء)
00479391-v	arb:exe	من فضلك، أطفئ النور.‏
03238879-n	arb:lemma	قميص (brk:أقمصة،قمصان)
03238879-n	arb:exe	أسلم الأقمصة إلى المغسلة، وبقية الغسيل أغسله بنفسي.‏
02412164-a	arb:lemma	رقيق
02412164-a	arb:exe	ذاك المعبد مغطى بطبقة رقيقة من الذهب.‏
02414188-a	arb:lemma	رقيق
02414188-a	arb:exe	ذاك المعبد مغطى بطبقة رقيقة من الذهب.‏
01168468-v	arb:lemma	أَكَلَ
01168468-v	arb:exe	وهل أكلت الـ"سوشي" هناك؟ ... نعم، لقد أكلت السوشي.‏
01166351-v	arb:lemma	أَكَلَ
01166351-v	arb:exe	وهل أكلت الـ"سوشي" هناك؟ ... نعم، لقد أكلت السوشي.‏
01179865-v	arb:lemma	أَكَلَ
01179865-v	arb:exe	وهل أكلت الـ"سوشي" هناك؟ ... نعم، لقد أكلت السوشي.‏
15122231-n	arb:lemma	زَمَنٌ
15122231-n	arb:exe	لأنّني مهتمّ بالثقافة العربيّة منذ زمن طويل.‏
02818832-n	arb:lemma	سرير (brk:أسرة،سرر)
02818832-n	arb:exe	استلق على السرير واسترح قليلا.‏
90000503-n	arb:lemma	السنة القادمة
90000503-n	arb:exe	سأزورك في السنة القادمة إن شاء الله.‏
02560548-a	arb:lemma	وَاسِعٌ
02560548-a	arb:exe	إذا سافرت إلى الخارج فسوف تعرف أن العالم واسع جدا.‏
01384212-a	arb:lemma	وَاسِعٌ
01384212-a	arb:exe	إذا سافرت إلى الخارج فسوف تعرف أن العالم واسع جدا.‏
01031256-v	arb:lemma	أَرْسَلَ
01031256-v	arb:exe	أريد إرساله بالبريد السريع، من فضلك.
01995211-v	arb:lemma	أَرْسَلَ
01995211-v	arb:exe	أريد إرساله بالبريد السريع، من فضلك.
07110457-n	arb:lemma	قِصَّةٌ
07110457-n	arb:exe	للأسف فترة قصيرة فقط.‏
00893243-n	arb:lemma	قِصَّةٌ
00893243-n	arb:exe	للأسف فترة قصيرة فقط.‏
07221094-n	arb:lemma	قِصَّةٌ
07221094-n	arb:exe	للأسف فترة قصيرة فقط.‏
07139316-n	arb:lemma	قِصَّةٌ
07139316-n	arb:exe	للأسف فترة قصيرة فقط.‏
00031798-r	arb:lemma	قَدْ
00031798-r	arb:exe	أعتقد أنّ المنتخب المصري سيفوز بالتأكيد.‏‏
00157412-r	arb:lemma	أَحْيَانًا
00157412-r	arb:exe	اليوم أسوء يوم في حيناتي.‏
00021212-r	arb:lemma	أَحْيَانًا
00021212-r	arb:exe	اليوم أسوء يوم في حيناتي.‏
03740161-n	arb:lemma	دَوَاءٌ
03740161-n	arb:exe	من الأفضل أن تأخذي هذا الدواء وتنامي مبكّرة.‏‎‏
02318272-a	arb:lemma	مستقيم
02318272-a	arb:exe	هو رجل مستقيم.‏
02310895-a	arb:lemma	مستقيم
02310895-a	arb:exe	هو رجل مستقيم.‏
02314584-a	arb:lemma	مستقيم
02314584-a	arb:exe	هو رجل مستقيم.‏
10736091-n	arb:lemma	خَالٌ
10736091-n	arb:exe	يجمع ابن خالي طوابع بريد نادرة من كل أنحاء العالم.‏
04404997-n	arb:lemma	آلة تصوير
04404997-n	arb:exe	نسيت أن أركب الفيلم في آلة التصوير.‏
02942699-n	arb:lemma	آلة تصوير
02942699-n	arb:exe	نسيت أن أركب الفيلم في آلة التصوير.‏
04370048-n	arb:lemma	كنزة صوفية
04370048-n	arb:exe	اشترت الأم كنزة صوفية حمراء لابنتها.‏
02626604-v	arb:lemma	صَارَ
02626604-v	arb:exe	هناك محلات لبيع العصائر والمشروبات.‏
02623529-v	arb:lemma	صَارَ
02623529-v	arb:exe	هناك محلات لبيع العصائر والمشروبات.‏
04398497-n	arb:lemma	مَقْهًى
04398497-n	arb:exe	وبعد الأكل نريد شاياً أو قهوة.‏
00081591-r	arb:lemma	كل أسبوع
00081591-r	arb:exe	اكتب لي رسالة كل أسبوع.‏
01535246-v	arb:lemma	غَسَلَ
01535246-v	arb:exe	أسلم الأقمصة إلى المغسلة، وبقية الغسيل أغسله بنفسي.‏
00036362-v	arb:lemma	غَسَلَ
00036362-v	arb:exe	أسلم الأقمصة إلى المغسلة، وبقية الغسيل أغسله بنفسي.‏
01536168-v	arb:lemma	غَسَلَ
01536168-v	arb:exe	أسلم الأقمصة إلى المغسلة، وبقية الغسيل أغسله بنفسي.‏
00606093-v	arb:lemma	تمرن (يتمرن ; تمرن)
00606093-v	arb:lemma	تمرن (يتمرن ; تمرن)
00606093-v	arb:exe	من المهم أن تتمرن كل يوم ولو نصف ساعة.‏
01723224-v	arb:lemma	تمرن (يتمرن ; تمرن)
01723224-v	arb:lemma	تمرن (يتمرن ; تمرن)
01723224-v	arb:exe	من المهم أن تتمرن كل يوم ولو نصف ساعة.‏
15156187-n	arb:lemma	أَمْسِ
15156187-n	arb:exe	عيد ميلادي الخامس عشر من شهر يوليو.
01919428-a	arb:lemma	هَادِئٌ
01919428-a	arb:exe	في اليوم الأول من يناير يمتح الأطفال هدايا نقدية.‏
01918984-a	arb:lemma	هَادِئٌ
01918984-a	arb:exe	في اليوم الأول من يناير يمتح الأطفال هدايا نقدية.‏
04437953-n	arb:lemma	سَاعَةٌ
04437953-n	arb:exe	كم الساعة الآن؟
03046257-n	arb:lemma	سَاعَةٌ
03046257-n	arb:exe	كم الساعة الآن؟
04350905-n	arb:lemma	بذلة (brk:بذلات)
04350905-n	arb:exe	من الأفضل أن تعلق البذلة على المعلاق.‏
00409440-a	arb:lemma	داكن
00409440-a	arb:exe	بدأ لون السماء يتغير من الأزرق الفاتح إلى الأزرق الداكن ثم إلى اللون الأحمر.‏
00842199-a	arb:lemma	قَوِيٌّ
00842199-a	arb:exe	دفع الرجل الباب دفعة قوية ودخل بيته غاضبا.‏
15163979-n	arb:lemma	يوم الاثنين
15163979-n	arb:exe	نعمل من يوم الإثنين إلى يوم الجمعة.‏
00059413-r	arb:lemma	كثيرا ما
00059413-r	arb:exe	كثيرا ما أذهب إلى مكتب الأستاذ بعد المحاضرة لأسأله بعض الأسئلة.‏
00035058-r	arb:lemma	كثيرا ما
00035058-r	arb:exe	كثيرا ما أذهب إلى مكتب الأستاذ بعد المحاضرة لأسأله بعض الأسئلة.‏
05687338-n	arb:lemma	مُشْكِلَةٌ
05687338-n	arb:exe	تربط البنت شعرها على شكل ذيل الحصان.‏
06784003-n	arb:lemma	مُشْكِلَةٌ
06784003-n	arb:exe	تربط البنت شعرها على شكل ذيل الحصان.‏
03281145-n	arb:lemma	مِصْعَدٌ
03281145-n	arb:exe	المصعد على يسارك.‏
05320899-n	arb:lemma	أُذُنٌ
05320899-n	arb:exe	استمع الطلاب إلى محاضرة الأستاذ المشهور وكلهم آذان صاغية.‏
00007846-n	arb:lemma	أَحَدٌ
00007846-n	arb:exe	واحد وعشرون، اتنان وعشرون، ثلاثة وعشرون 
03436182-n	arb:lemma	مسجل (brk:مسجلات)
03436182-n	arb:exe	هو يعيد كلامه كثيرا كالمسجل.‏
04284002-n	arb:lemma	مِلْعَقَةٌ
04284002-n	arb:exe	كم ملعقة من السكر تريدين؟‏
13134947-n	arb:lemma	فَاكِهَةٌ
13134947-n	arb:exe	على الطاولة تشكيلة فواكه.‏
11683989-n	arb:lemma	فَاكِهَةٌ
11683989-n	arb:exe	على الطاولة تشكيلة فواكه.‏
02730813-v	arb:lemma	قَالَ
02730813-v	arb:exe	مثلاً نقول "المعذرة" عندما نطلب شيئاً ما في المطعم.‏
01009240-v	arb:lemma	قَالَ
01009240-v	arb:exe	مثلاً نقول "المعذرة" عندما نطلب شيئاً ما في المطعم.‏
00941990-v	arb:lemma	قَالَ
00941990-v	arb:exe	مثلاً نقول "المعذرة" عندما نطلب شيئاً ما في المطعم.‏
00979870-v	arb:lemma	قَالَ
00979870-v	arb:exe	مثلاً نقول "المعذرة" عندما نطلب شيئاً ما في المطعم.‏
04507155-n	arb:lemma	شمسية (brk:شمسيات)
04507155-n	arb:exe	خذ شمسية لأن الجو سيكون ممطرا بعد الظهر إن شاء الله.‏
02229324-a	arb:lemma	ضعيف (brk:ضعفاء)
02229324-a	arb:exe	أنا ضعيفة في الإنكليزية.‏
01870636-a	arb:lemma	ضعيف (brk:ضعفاء)
01870636-a	arb:exe	أنا ضعيفة في الإنكليزية.‏
01128103-a	arb:lemma	ضعيف (brk:ضعفاء)
01128103-a	arb:exe	أنا ضعيفة في الإنكليزية.‏
02229000-a	arb:lemma	ضعيف (brk:ضعفاء)
02229000-a	arb:exe	أنا ضعيفة في الإنكليزية.‏
15270431-n	arb:lemma	وَقْتٌ
15270431-n	arb:exe	أنا أعرف أنّ وقتك ضيّق.‏
15227846-n	arb:lemma	وَقْتٌ
15227846-n	arb:exe	أنا أعرف أنّ وقتك ضيّق.‏
15269513-n	arb:lemma	وَقْتٌ
15269513-n	arb:exe	أنا أعرف أنّ وقتك ضيّق.‏
00744916-a	arb:lemma	صَعْبٌ
00744916-a	arb:exe	أظنّ أنّ العربيّة من أصعب اللغات في العالم.‏
04401088-n	arb:lemma	هَاتِفٌ
04401088-n	arb:exe	ما رقم هاتفكَ المحمول؟‏‎‏
06272803-n	arb:lemma	هَاتِفٌ
06272803-n	arb:exe	ما رقم هاتفكَ المحمول؟‏‎‏
02870092-n	arb:lemma	كِتَابٌ
02870092-n	arb:exe	مطعم (مطاعم)، مكتب (مكاتب)، مدرسة (مدارس)، فندق (فنادق)‏
06410904-n	arb:lemma	كِتَابٌ
06410904-n	arb:exe	مطعم (مطاعم)، مكتب (مكاتب)، مدرسة (مدارس)، فندق (فنادق)‏
09972010-n	arb:lemma	اِبْنُ عَمٍّ
09972010-n	arb:exe	ابن عمي يعمل في شركة كومبيوتر.‏
14974264-n	arb:lemma	ورقة ; ورق (brk:أوراق،ورقات)
14974264-n	arb:lemma	ورقة ; ورق (brk:أوراق،ورقات)
14974264-n	arb:exe	من الأفضل أن تحمل معك ورقا للحمام.‏
80000677-n	arb:lemma	ورقة ; ورق (brk:أوراق،ورقات)
80000677-n	arb:lemma	ورقة ; ورق (brk:أوراق،ورقات)
80000677-n	arb:exe	من الأفضل أن تحمل معك ورقا للحمام.‏
06255777-n	arb:lemma	ورقة ; ورق (brk:أوراق،ورقات)
06255777-n	arb:lemma	ورقة ; ورق (brk:أوراق،ورقات)
06255777-n	arb:exe	من الأفضل أن تحمل معك ورقا للحمام.‏
04960277-n	arb:lemma	أَسْوَدُ
04960277-n	arb:exe	يسود العاصمة طوكيو حاليا طقس صحو.‏
02529945-a	arb:lemma	رطب
02529945-a	arb:exe	هذه الغرفة رطبة أكثر من اللازم.‏
02207206-v	arb:lemma	شرى (يشري ; شراء)
02207206-v	arb:lemma	شرى (يشري ; شراء)
02207206-v	arb:exe	السعر الغالي لا يشجع على الشراء.‏
02208265-v	arb:lemma	شرى (يشري ; شراء)
02208265-v	arb:lemma	شرى (يشري ; شراء)
02208265-v	arb:exe	السعر الغالي لا يشجع على الشراء.‏
00422620-a	arb:lemma	قذر
00422620-a	arb:exe	هذا القميص قذر جدا، عليك أن تغسله فورا.‏
01908889-a	arb:lemma	قذر
01908889-a	arb:exe	هذا القميص قذر جدا، عليك أن تغسله فورا.‏
00419289-a	arb:lemma	قذر
00419289-a	arb:exe	هذا القميص قذر جدا، عليك أن تغسله فورا.‏
01345109-v	arb:lemma	أَقْفَلَ
01960911-v	arb:lemma	سَبَحَ
01960911-v	arb:exe	ألعب التنس وكرة القدم وأحبّ السباحة وركوب الخيل.
00933154-a	arb:lemma	عَالٍ
04199027-n	arb:lemma	حذاء (brk:أحذية)
04199027-n	arb:exe	هو دائما يلبس الحذاء دون الجورب.‏
04330340-n	arb:lemma	مدفأة (brk:مدافئ)
04330340-n	arb:exe	الشتاء في هذه السنة دافئ جدا فلا أشعر بالحاجة إلى المدفأة.‏
05598147-n	arb:lemma	أَنْفٌ
05598147-n	arb:exe	الأنف حاسة الشم.‏
05658826-n	arb:lemma	أَنْفٌ
05658826-n	arb:exe	الأنف حاسة الشم.‏
06947032-n	arb:lemma	الإنكليزية
06947032-n	arb:exe	أنا ضعيفة في الإنكليزية.‏
07575726-n	arb:lemma	عَشَاءٌ
07575726-n	arb:exe	سأدعوك إلى العشاء في بيتي يوم الأحد إن شاء الله.‏
03485794-n	arb:lemma	مِنْدِيلٌ
03485794-n	arb:exe	أخرجت والدتي منديلا ومسحت الدموع التي كانت تحت نظارتها.‏
01198101-v	arb:lemma	دخن (يدخن ; تدخين)
01198101-v	arb:lemma	دخن (يدخن ; تدخين)
01198101-v	arb:exe	التدخين سبب في كثير من الأمراض.‏
02741003-v	arb:lemma	علق (يعلق ; تعليق)
02741003-v	arb:lemma	علق (يعلق ; تعليق)
02741003-v	arb:exe	من الأفضل أن تعلق البذلة على المعلاق.‏
01206474-a	arb:lemma	منخفض
01206474-a	arb:exe	تراجع سعر صرف الين إلى مستوى منخفض أمام اليورو.‏
13832355-n	arb:lemma	شَرْقٌ
13832355-n	arb:exe	دراسة اللغة العربية مفيدة لفهم أوضاع الشرق الأوسط.‏
11525955-n	arb:lemma	ريح (brk:رياح)
11525955-n	arb:exe	تهب الرياح من الغرب إلى الشرق.‏
02324182-v	arb:lemma	أَعَارَ
02324182-v	arb:exe	أعرتها الكتاب منذ شهرين ولكنها لم ترده إلي.‏
01437963-a	arb:lemma	طَوِيلٌ
01437963-a	arb:exe	ويوم الأحد بقيت في البيت ونمت طول النهار.‏
01433493-a	arb:lemma	طَوِيلٌ
01433493-a	arb:exe	ويوم الأحد بقيت في البيت ونمت طول النهار.‏
01444022-a	arb:lemma	طَوِيلٌ
01444022-a	arb:exe	ويوم الأحد بقيت في البيت ونمت طول النهار.‏
80001077-n	arb:lemma	كَمْ
80001077-n	arb:exe	اترك الأطباق كما هي، من فضلكَ. ما نزال نتناولها.‏
80001077-n	arb:lemma	بِكَمْ
80001077-n	arb:exe	بكم هذا القميص؟‏
10665698-n	arb:lemma	تِلْمِيذٌ
10665698-n	arb:exe	هذا موضوع إنشاء كتبته تلميذة في الصف الأول من المدرسة الابتدائية.‏
10665698-n	arb:lemma	طَالِبٌ
10665698-n	arb:exe	مثلاً نقول "المعذرة" عندما نطلب شيئاً ما في المطعم.‏
10251779-n	arb:lemma	تِلْمِيذٌ
10251779-n	arb:exe	هذا موضوع إنشاء كتبته تلميذة في الصف الأول من المدرسة الابتدائية.‏
08615374-n	arb:lemma	حَدِيقَةٌ
08615374-n	arb:exe	والداي يزرعان الطماطم والبطاطس في حديقة البيت.‏
77000064-n	arb:lemma	أَيٌّ
77000064-n	arb:exe	عندنا عصير برتقال أو شاي فقط.‏
03290771-n	arb:lemma	مَدْخَلٌ
03290771-n	arb:exe	وماذا بعد؟ ... أدخل اسمك كاملاً وكلمة السرّ.‏
06409752-n	arb:lemma	موضوع إنشاء
06409752-n	arb:exe	هذا موضوع إنشاء كتبته تلميذة في الصف الأول من المدرسة الابتدائية.‏
10286084-n	arb:lemma	أَخٌ
10286084-n	arb:exe	هل لك إخوة وأخوات؟‏‎‏
09876454-n	arb:lemma	أَخٌ
09876454-n	arb:exe	هل لك إخوة وأخوات؟‏‎‏
80001731-n	arb:lemma	طالب أجنبي (brk:طلاب أجانب)
80001731-n	arb:exe	في جامعتنا عدد كبير من الطلاب الأجانب.‏
77000031-n	arb:lemma	هو
77000031-n	arb:exe	هو يعيد كلامه كثيرا كالمسجل.‏
00934199-a	arb:lemma	رَخِيصٌ
00934199-a	arb:exe	أليس عندك تنّورة أرخص بقليل؟‏
00935103-a	arb:lemma	رَخِيصٌ
00935103-a	arb:exe	أليس عندك تنّورة أرخص بقليل؟‏
02747802-n	arb:lemma	مطفأة السجائر
02747802-n	arb:exe	أين مطفأة السجائر؟‏
15213115-n	arb:lemma	تِشْرِينُ ٱلْأَوَّلُ
15203791-n	arb:lemma	سَنَةٌ
15203791-n	arb:exe	ولكن إذا كان الجوّ ممطراً فماذا سنفعل؟
03619890-n	arb:lemma	مَطْبَخٌ
03619890-n	arb:exe	تطبخ أمّي وهي تغنّي في المطبخ.‏
00273734-v	arb:lemma	دَرَّسَ
00829107-v	arb:lemma	دَرَّسَ
00963570-v	arb:lemma	كَلَّمَ
00815686-v	arb:lemma	اِسْتَجَابَ
00635523-v	arb:lemma	اِسْتَجَابَ
01775164-v	arb:lemma	عشق (يعشق ; عشق)
01775164-v	arb:lemma	عشق (يعشق ; عشق)
01775164-v	arb:exe	يعشق الشباب العربي كرة القدم بصفة عامة.‏
01828736-v	arb:lemma	عشق (يعشق ; عشق)
01828736-v	arb:lemma	عشق (يعشق ; عشق)
01828736-v	arb:exe	يعشق الشباب العربي كرة القدم بصفة عامة.‏
06418901-n	arb:lemma	مُعْجَمٌ
15164570-n	arb:lemma	يوم السبت
15164570-n	arb:exe	للأسف الشديد أنا مشغول يومي يوم الخميس والأحد، لذلك لا أستطيع أن أخرج معك .‏
00284798-n	arb:lemma	تَمَشَّى
00284798-n	arb:exe	مشيت، مشينا، مشيت، مشيت، مشيتم، مشى، مشيت، مشوا
00284101-n	arb:lemma	تَمَشَّى
00284101-n	arb:exe	مشيت، مشينا، مشيت، مشيت، مشيتم، مشى، مشيت، مشوا
01712704-v	arb:lemma	فَعَلَ
01712704-v	arb:exe	ولكنّها فعلاً لوحة جميلة!‏
08277393-n	arb:lemma	مَدْرَسِيٌّ
08276720-n	arb:lemma	مَدْرَسِيٌّ
00161630-r	arb:lemma	بُطْءٌ
00161630-r	arb:exe	وأنا أريد طبق بطاطا.‏
90000506-n	arb:lemma	الأسبوع الماضي
90000506-n	arb:exe	في الأسبوع الماضي هطلت الأمطار غزيرة.‏
03057021-n	arb:lemma	جاكيت (brk:جاكيتات)
03057021-n	arb:exe	يمكنك ارتداء هذا الجاكيت مع هذا البنطلون في يوم العطلة.‏
03057021-n	arb:lemma	معطف (brk:معاطف)
03057021-n	arb:exe	من الأفضل أن ترتدي المعطف لأن الطقس هناك بارد جدا.‏
03589791-n	arb:lemma	جاكيت (brk:جاكيتات)
03589791-n	arb:exe	يمكنك ارتداء هذا الجاكيت مع هذا البنطلون في يوم العطلة.‏
06929279-n	arb:lemma	اليابانية
06929279-n	arb:exe	اليابانية أصعب من الكورية كتابة وقراءة.‏
03303965-n	arb:lemma	مخرج (brk:مخارج)
03303965-n	arb:exe	أين المخرج؟ ... المخرج من هنا على اليسار.‏
10142391-n	arb:lemma	جَدٌّ
10142391-n	arb:exe	إذا سافرت إلى الخارج فسوف تعرف أن العالم واسع جدا.‏
07933274-n	arb:lemma	شَايٌ
07933274-n	arb:exe	عندنا عصير برتقال أو شاي فقط.‏
07989373-n	arb:lemma	زوجان
07989373-n	arb:exe	يقول المثل الياباني إن التشاجر بين الزوجين لا يأكله حتى الكلب.‏
03147509-n	arb:lemma	فِنْجَانٌ
03147509-n	arb:exe	أسبوع (أسابيع)، قاموس (قواميس)، فنجان (فناجين)، دينار (دنانير)‏
03972524-n	arb:lemma	جَيْبٌ
03972524-n	arb:exe	وضع الرجل يده في جيبه فأخرج قطعة من الحلوى.‏
04968895-n	arb:lemma	أَزْرَقُ
04968895-n	arb:exe	بيضاء، سوداء، خضراء، حمراء، زرقاء، صفراء
01555416-a	arb:lemma	قَلِيلٌ
01555416-a	arb:exe	أريد أن أنقل أخبار العالم العربيّ بموضوعيّة إلى الشعب اليابانيّ.‏
01552885-a	arb:lemma	قَلِيلٌ
01552885-a	arb:exe	أريد أن أنقل أخبار العالم العربيّ بموضوعيّة إلى الشعب اليابانيّ.‏
00017865-v	arb:lemma	نَامَ
00017865-v	arb:exe	عادةً أنام في الساعة الحادية عشرة والنصف.‏
00450147-a	arb:lemma	قريب (brk:أقارب،أقرباء)
00450147-a	arb:exe	كان أخي الكبير يعلمني السباحة في النهر القريب من بيتنا.‏
00444519-a	arb:lemma	قريب (brk:أقارب،أقرباء)
00444519-a	arb:exe	كان أخي الكبير يعلمني السباحة في النهر القريب من بيتنا.‏
00445169-a	arb:lemma	قريب (brk:أقارب،أقرباء)
00445169-a	arb:exe	كان أخي الكبير يعلمني السباحة في النهر القريب من بيتنا.‏
00584367-n	arb:lemma	عَمَلٌ
00584367-n	arb:exe	ونسيت أن أعمل الواجبات.‏
07574602-n	arb:lemma	فُطُورٌ
07574602-n	arb:exe	يتناول أبي الفطور وهو يشاهد الأخبار في التلفزيون.‏
08078020-n	arb:lemma	أسرة (brk:أسر)
08078020-n	arb:exe	أرسل الجندي رسالة طويلة إلى أسرته.‏
10236304-n	arb:lemma	أسرة (brk:أسر)
10236304-n	arb:exe	أرسل الجندي رسالة طويلة إلى أسرته.‏
07970406-n	arb:lemma	أسرة (brk:أسر)
07970406-n	arb:exe	أرسل الجندي رسالة طويلة إلى أسرته.‏
07970406-n	arb:lemma	عَائِلَةٌ
07970406-n	arb:exe	يرجع كثير من اليابانيين إلى بيت العائلة في إجازة منتصف شهر أعسطس.‏
04197391-n	arb:lemma	قميص (brk:أقمصة،قمصان)
04197391-n	arb:exe	هذا القميص قذر جدا، عليك أن تغسله فورا.‏
09918248-n	arb:lemma	طِفْلٌ
09918248-n	arb:exe	في اليوم الأول من يناير يمتح الأطفال هدايا نقدية.‏
12212361-n	arb:lemma	خضراوات
12212361-n	arb:exe	أحب الخضراوات كثيرا ولا سيما الطماطم.‏
07707451-n	arb:lemma	خضراوات
07707451-n	arb:exe	أحب الخضراوات كثيرا ولا سيما الطماطم.‏
03365991-n	arb:lemma	طابق (brk:طوابق)
03365991-n	arb:exe	أسكن في الطابق السادس من هذا المبنى ومكتبي في الدور الخامس.‏
00976508-a	arb:lemma	سَرِيعٌ
00976508-a	arb:exe	أنا بطيء الفهم سريع النسيان، فأرجو أن تشرح لي مرة أخرى.‏
00981818-a	arb:lemma	سَرِيعٌ
00981818-a	arb:exe	أنا بطيء الفهم سريع النسيان، فأرجو أن تشرح لي مرة أخرى.‏
00979862-a	arb:lemma	سَرِيعٌ
00979862-a	arb:exe	أنا بطيء الفهم سريع النسيان، فأرجو أن تشرح لي مرة أخرى.‏
01367431-a	arb:lemma	مُزْدَحِمٌ
01367431-a	arb:exe	من المحتمل أن يكون الطريق مزدحماً.‏
07644382-n	arb:lemma	دجاج
07644382-n	arb:exe	الدجاج أرخص من تلك اللحوم.‏
07644967-n	arb:lemma	دجاج
07644967-n	arb:exe	الدجاج أرخص من تلك اللحوم.‏
07813107-n	arb:lemma	ملح (brk:أملاح)
07813107-n	arb:exe	من فضلك، ناولني الملح.‏
07825972-n	arb:lemma	معجون الصويا　; طحين الصويا
07825972-n	arb:lemma	معجون الصويا　; طحين الصويا
07825972-n	arb:exe	يأكل اليابانيون السمك النيء "ساشيمي" مع معجون فول الصويا.‏
02005948-v	arb:lemma	وَصَلَ
02005948-v	arb:exe	حكيت لصديقي كيف وصلت إلى هنا مشيا على الأقدام.‏
02930766-n	arb:lemma	تَاكْسِي
04371225-n	arb:lemma	مسبح (brk:مسابح)
04371225-n	arb:exe	طقس اليوم حار جدا، فلنذهب إلى المسبح.‏
15237250-n	arb:lemma	صَيْفٌ
15237250-n	arb:exe	الصيف في طوكيو قاس.‏
03757138-n	arb:lemma	قطار الأنفاق (brk:قطارات الأنفاق)
03757138-n	arb:exe	عفوا لو سمحت، أين محطة قطار الأنفاق؟‏
04349306-n	arb:lemma	قطار الأنفاق (brk:قطارات الأنفاق)
04349306-n	arb:exe	عفوا لو سمحت، أين محطة قطار الأنفاق؟‏
77000090-n	arb:lemma	كَيْفَ
77000090-n	arb:exe	كيف يُقال "شكراً" بالكرديّة؟
80001331-x	arb:lemma	كَيْفَ
80001331-x	arb:exe	كيف يُقال "شكراً" بالكرديّة؟
77000104-n	arb:lemma	متى
77000104-n	arb:exe	متى تبدأون الحفلة ؟ ... تبدأ بعد الدرس.‏
04105893-n	arb:lemma	غُرْفَةٌ
04105893-n	arb:exe	لا تترك ضوء الغرفة مفتوحاً.‏
06415419-n	arb:lemma	كراسة (brk:كراسات،كراريس)
06415419-n	arb:exe	يقول بعض العرب "العلم في الرأس وليس في الكراس".‏‏
01376705-a	arb:lemma	مَشْهُورٌ
01376705-a	arb:exe	في أيّ يوم من الشهر نحن اليوم؟
01375831-a	arb:lemma	مَشْهُورٌ
01375831-a	arb:exe	في أيّ يوم من الشهر نحن اليوم؟
00953216-v	arb:lemma	ذَكَرَ
00962447-v	arb:lemma	ذَكَرَ
01984902-v	arb:lemma	جَلَسَ
01984902-v	arb:exe	لأنّني أستمتع بالجلوس بجانب المدفأة وأنا أشرب فنجانا من القهوة الساخنة.‏‏
02386612-a	arb:lemma	صَغِيرٌ
02386612-a	arb:exe	تبدين أصغر بكثير من عمرك!‏
02386612-a	arb:lemma	قَصِيرٌ
02386612-a	arb:exe	حاول الجنود أن يفتحوا باب القصر دون جدوى.‏
02345713-a	arb:lemma	سيء (brk:سيئون)
02345713-a	arb:exe	هذا اللاعب سلوكه سيء.‏
00478311-a	arb:lemma	سيء (brk:سيئون)
00478311-a	arb:exe	هذا اللاعب سلوكه سيء.‏
01174222-a	arb:lemma	سيء (brk:سيئون)
01174222-a	arb:exe	هذا اللاعب سلوكه سيء.‏
03025755-n	arb:lemma	عصوان
03025755-n	arb:exe	عند تناول الطعام يستخدم اليابانيون عصوين بدلا من الشوكة والسكين.‏
15166191-n	arb:lemma	عَصْرٌ
80000080-n	arb:lemma	هذا الشهر
80000080-n	arb:exe	عندنا امتحانات في نهاية هذا الشهر.‏
06624161-n	arb:lemma	رِسَالَةٌ
06624161-n	arb:exe	أرسل (يرسل) / إرسال
01909812-v	arb:lemma	انعطف (ينعطف ; انعطاف)
01909812-v	arb:lemma	انعطف (ينعطف ; انعطاف)
01909812-v	arb:exe	سر باستقامة هذا الشارع، ثم انعطف يمينا عند الإشارة.‏
07929519-n	arb:lemma	قَهْوَةٌ
07929519-n	arb:exe	وبعد الأكل نريد شاياً أو قهوة.‏
01729431-v	arb:lemma	غَنَّى
01729431-v	arb:exe	يغني ذلك المطرب وهو يعزف على الجيتار.‏
11501381-n	arb:lemma	مطر (brk:أمطار)
11501381-n	arb:exe	في الأسبوع الماضي هطلت الأمطار غزيرة.‏
07749582-n	arb:lemma	ليمون
07749582-n	arb:exe	أخبرني عمي أن عصير الليمون مفيد جدا لمعالجة البرد.‏
90000511-n	arb:lemma	أَوَّلَ أَمْسِ
90000511-n	arb:exe	أَوَّلَ أَمْسِ　　قَبْلَ يَوْمَيْنِ
00118032-r	arb:lemma	إِذَا
00118032-r	arb:exe	ماذا بك، يا تاكيشي؟ يبدو عليك التعب.‏
04468005-n	arb:lemma	قِطَارٌ
04468005-n	arb:exe	عفوا لو سمحت، أين محطة قطار الأنفاق؟‏
77000002-n	arb:lemma	نحن
77000002-n	arb:exe	نحن جيران منذ عشرين عاما وإننا كالإخوة.‏
15206296-n	arb:lemma	شَهْرٌ
15206296-n	arb:exe	هل زرت سوق "تسوكيجي" المشهور بطوكيو؟ ... نعم، لقد زرته.‏
02834778-n	arb:lemma	دراجة (brk:دراجات)
02834778-n	arb:exe	عادة أذهب إلى المدرسة بالدراجة.‏
06597466-n	arb:lemma	مَجَلَّةٌ
06597466-n	arb:exe	وضع الرجل يده في جيبه فأخرج قطعة من الحلوى.‏
06595351-n	arb:lemma	مَجَلَّةٌ
06595351-n	arb:exe	وضع الرجل يده في جيبه فأخرج قطعة من الحلوى.‏
03704210-n	arb:lemma	مَجَلَّةٌ
03704210-n	arb:exe	وضع الرجل يده في جيبه فأخرج قطعة من الحلوى.‏
08238463-n	arb:lemma	صَفٌّ
08238463-n	arb:exe	أعطني نصف كيلو، لو سمحت.‏‎‏
00050454-v	arb:lemma	خَلَعَ
00050454-v	arb:exe	NGاخلع حذاءك قبل أن يدخل المسجد‏
02649830-v	arb:lemma	سكن (يسكن ; سكن)
02649830-v	arb:lemma	سكن (يسكن ; سكن)
02649830-v	arb:exe	مع من تسكن هبة؟ ... تسكن هبة مع بنت خالها.‏
15155891-n	arb:lemma	غَدًا
15155891-n	arb:exe	وموعد الامتحان الاختباري بعد غد في الساعة العاشرة.‏
04208936-n	arb:lemma	مرش (brk:مرشات)
04208936-n	arb:exe	هل تريد حماما فيه حوض ومرش معا؟‏
15213774-n	arb:lemma	كَانُونُ ٱلْأَوَّلُ
00625119-v	arb:lemma	قَرَأَ
00625119-v	arb:exe	أنا أحبّ القراءة ومشاهدة الأفلام.‏
02774152-n	arb:lemma	حَقِيبَةٌ
02774152-n	arb:exe	وضع المسافرون حقائبهم الثقيلة على الأرض.‏
02773037-n	arb:lemma	حَقِيبَةٌ
02773037-n	arb:exe	وضع المسافرون حقائبهم الثقيلة على الأرض.‏
13250542-n	arb:lemma	نَقْدٌ
13250542-n	arb:exe	أتريد تحويل نقودك من الدولار إلى الدينار؟
13384557-n	arb:lemma	نَقْدٌ
13384557-n	arb:exe	أتريد تحويل نقودك من الدولار إلى الدينار؟
05600637-n	arb:lemma	وَجْهٌ
05600637-n	arb:exe	من الأفضل ألّا تنامي وجهاز التكييف مفتوح.‏
07597365-n	arb:lemma	حلوى　(حلويات)
07597365-n	arb:exe	وضع الرجل يده في جيبه فأخرج قطعة من الحلوى.‏
00024356-r	arb:lemma	بَلَى
00024356-r	arb:exe	هذا يعني أربع ساعات في اليوم، أليس كذلك؟ ... بلى.‏
03176763-n	arb:lemma	مركز تجاري (brk:مراكز تجارية)
03176763-n	arb:exe	في دول الخليج العربي عديد من المراكز التجارية الضخمة.‏
01725051-v	arb:lemma	عزف (يعزف ; عزف)
01725051-v	arb:lemma	عزف (يعزف ; عزف)
01725051-v	arb:exe	يغني ذلك المطرب وهو يعزف على الجيتار.‏
77000089-a	arb:lemma	هٰكَذَا
77000089-a	arb:exe	الدنيا هكذا، تعب كلها الحياة.‏
15164354-n	arb:lemma	يوم الخميس
15164354-n	arb:exe	ولدت يوم الخميس، لذلك أسماني أبي "خميس".‏
00056916-r	arb:lemma	تفضل
00056916-r	arb:exe	تفضل إلى الغرفة واجلس على الكرسي.‏
00816481-a	arb:lemma	بطيء
00816481-a	arb:exe	أنا بطيء الفهم سريع النسيان، فأرجو أن تشرح لي مرة أخرى.‏
01901186-a	arb:lemma	بطيء
01901186-a	arb:exe	أنا بطيء الفهم سريع النسيان، فأرجو أن تشرح لي مرة أخرى.‏
04956594-n	arb:lemma	لَوْنٌ
04956594-n	arb:exe	أظنّ أنّ الألوان الغامقة تناسبك أكثر.‏
04674968-n	arb:lemma	لَوْنٌ
04674968-n	arb:exe	أظنّ أنّ الألوان الغامقة تناسبك أكثر.‏
07109730-n	arb:lemma	كَلَامٌ
07109730-n	arb:exe	وأسجّل كلمات تعلّمتها كيلا أنسى.‏
06282651-n	arb:lemma	كَلَامٌ
06282651-n	arb:exe	وأسجّل كلمات تعلّمتها كيلا أنسى.‏
00121135-r	arb:lemma	كذلك
00121135-r	arb:exe	أ ليس كذلك؟ ... بلى، فعلا.‏
04962784-n	arb:lemma	أَحْمَرُ
04962784-n	arb:exe	بيضاء، سوداء، خضراء، حمراء، زرقاء، صفراء
03871083-n	arb:lemma	طَرْدٌ
03871083-n	arb:exe	وهذا الطرد أيضاً، من فضلك.
02774630-n	arb:lemma	طَرْدٌ
02774630-n	arb:exe	وهذا الطرد أيضاً، من فضلك.
07891726-n	arb:lemma	خَمْرٌ
07891726-n	arb:exe	لا تشربوا الخمر والنبيذ.‏
07884567-n	arb:lemma	خَمْرٌ
07884567-n	arb:exe	لا تشربوا الخمر والنبيذ.‏
07891433-n	arb:lemma	خَمْرٌ
07891433-n	arb:exe	لا تشربوا الخمر والنبيذ.‏
15164463-n	arb:lemma	يوم الجمعة
15164463-n	arb:exe	يوم الجمعة عطلة في بلادنا.‏
03581125-n	arb:lemma	تقاطع
03581125-n	arb:exe	خذ حذرك عند عبور التقاطع.‏
02410393-a	arb:lemma	سميك
02410393-a	arb:exe	لم تر الأم وليدها الصغير إلا من خلف زجاج سميك.‏
02410393-a	arb:lemma	سمين (brk:سمان)
02410393-a	arb:exe	يشبه والده كثيرا بوجهه الأحمر وجسمه السمين.‏
02415390-a	arb:lemma	سميك
02415390-a	arb:exe	لم تر الأم وليدها الصغير إلا من خلف زجاج سميك.‏
02756821-v	arb:lemma	هطل المطر
02756821-v	arb:exe	في الأسبوع الماضي هطلت الأمطار غزيرة.‏
02529264-a	arb:lemma	دافئ
02529264-a	arb:exe	الشتاء في هذه السنة دافئ جدا فلا أشعر بالحاجة إلى المدفأة.‏
01546111-v	arb:lemma	قَامَ
01546111-v	arb:exe	أعطني قائمة الطعام، من فضلك.‏
10142747-n	arb:lemma	جَدَّةٌ
10142747-n	arb:exe	إذا سافرت إلى الخارج فسوف تعرف أن العالم واسع جدا.‏
07679356-n	arb:lemma	خُبْزٌ
07679356-n	arb:exe	الخبز والجبن والزيتون، هذا يكفيني للفطور.‏
03259505-n	arb:lemma	منزل (brk:منازل)
03259505-n	arb:exe	عنواني شارع رقم سبعة منزل رقم ثلاثة.‏
03544360-n	arb:lemma	منزل (brk:منازل)
03544360-n	arb:exe	عنواني شارع رقم سبعة منزل رقم ثلاثة.‏
03544360-n	arb:lemma	بَيْتٌ
03544360-n	arb:exe	بالمناسبة، ما اسم الشوربة التي شربناها في بيتك الأسبوع الماضي؟
08559508-n	arb:lemma	منزل (brk:منازل)
08559508-n	arb:exe	عنواني شارع رقم سبعة منزل رقم ثلاثة.‏
08559508-n	arb:lemma	بَيْتٌ
08559508-n	arb:exe	بالمناسبة، ما اسم الشوربة التي شربناها في بيتك الأسبوع الماضي؟
15210486-n	arb:lemma	شُبَاطُ
15167349-n	arb:lemma	لَيْلٌ
15167349-n	arb:exe	إذاً، أريد الحجز من مساء اليوم لمدّة ثلاث ليال.‏
15155747-n	arb:lemma	لَيْلٌ
15155747-n	arb:exe	إذاً، أريد الحجز من مساء اليوم لمدّة ثلاث ليال.‏
15167027-n	arb:lemma	لَيْلٌ
15167027-n	arb:exe	إذاً، أريد الحجز من مساء اليوم لمدّة ثلاث ليال.‏
15167027-n	arb:lemma	ليلة أمس
15167027-n	arb:exe	لم أنم جيدا ليلة أمس.‏
15167474-n	arb:lemma	لَيْلٌ
15167474-n	arb:exe	إذاً، أريد الحجز من مساء اليوم لمدّة ثلاث ليال.‏
03438257-n	arb:lemma	كَأْسٌ
03438257-n	arb:exe	أعطني كأسا من الماء البارد، من فضلك.‏
08613593-n	arb:lemma	خَارِجٌ
08613593-n	arb:exe	وضع الرجل يده في جيبه فأخرج قطعة من الحلوى.‏
03338821-n	arb:lemma	فيلم (brk:أفلام)
03338821-n	arb:exe	نسيت أن أركب الفيلم في آلة التصوير.‏
06613686-n	arb:lemma	فيلم (brk:أفلام)
06613686-n	arb:exe	نسيت أن أركب الفيلم في آلة التصوير.‏
06613686-n	arb:lemma	فيلم (brk:أفلام)
06613686-n	arb:exe	أنصحك بمشاهدة هذا الفيلم فربما يعجبك.‏
06262567-n	arb:lemma	فيلم (brk:أفلام)
06262567-n	arb:exe	نسيت أن أركب الفيلم في آلة التصوير.‏
04096066-n	arb:lemma	طَرِيقٌ
04096066-n	arb:exe	لو لم يكن هناك حادث في الطريق لما تأخّرت.‏
15212739-n	arb:lemma	أَيْلُولُ
77000079-a	arb:lemma	ذلك
77000079-a	arb:exe	يغني ذلك المطرب وهو يعزف على الجيتار.‏
14524198-n	arb:lemma	غَائِمٌ
14524198-n	arb:exe	سيكون الطقس غائما غدا مع أمطار خفيفة إن شاء الله.‏
13828795-n	arb:lemma	طول (brk:أطوال)
13828795-n	arb:exe	هذا الرف طوله 90 سنتيمترا وعرضه 50 سنتيمترا.‏
00543233-n	arb:lemma	مُوسِيقَى
00543233-n	arb:exe	بالمناسبة، ما رأيك أن نذهب معاً إلى حفلة موسيقيّة؟
05718556-n	arb:lemma	مُوسِيقَى
05718556-n	arb:exe	بالمناسبة، ما رأيك أن نذهب معاً إلى حفلة موسيقيّة؟
05718935-n	arb:lemma	مُوسِيقَى
05718935-n	arb:exe	بالمناسبة، ما رأيك أن نذهب معاً إلى حفلة موسيقيّة؟
07020895-n	arb:lemma	مُوسِيقَى
07020895-n	arb:exe	بالمناسبة، ما رأيك أن نذهب معاً إلى حفلة موسيقيّة؟
00409709-r	arb:lemma	بالقرب من
00409709-r	arb:exe	تقع مدينة غزة بالقرب من الحدود المصرية.‏
08641113-n	arb:lemma	بالقرب من
08641113-n	arb:exe	تقع مدينة غزة بالقرب من الحدود المصرية.‏
03112099-n	arb:lemma	ممر (brk:ممرات)
03112099-n	arb:exe	عندما تدخل غرفة "التاتامي" فعليك أن تخلع الخف وتتركه في الممر.‏
03661043-n	arb:lemma	مَكْتَبَةٌ
03661043-n	arb:exe	مطعم (مطاعم)، مكتب (مكاتب)، مدرسة (مدارس)، فندق (فنادق)‏
07840804-n	arb:lemma	بيضة ; بيض (brk:بيضات)
07840804-n	arb:lemma	بيضة ; بيض (brk:بيضات)
07840804-n	arb:exe	أيهما تفضل، البيض المسلوق أم البيض المقلي؟‏
90000502-n	arb:lemma	هذه السنة
90000502-n	arb:exe	الشتاء في هذه السنة دافئ جدا فلا أشعر بالحاجة إلى المدفأة.‏
05282433-n	arb:lemma	سِنٌّ
05282433-n	arb:exe	ولكن إذا كان الجوّ ممطراً فماذا سنفعل؟
05282746-n	arb:lemma	سِنٌّ
05282746-n	arb:exe	ولكن إذا كان الجوّ ممطراً فماذا سنفعل؟
00988232-a	arb:lemma	رَفِيعٌ
00988232-a	arb:exe	أصابعها رفيعة وطويلة.‏
01029368-v	arb:lemma	اِسْمٌ
01029368-v	arb:exe	أنا ياباني واسمي تاكيشي.‏
77000084-n	arb:lemma	أين
77000084-n	arb:exe	إلى أين أنتم ذاهبون؟‏
00220082-a	arb:lemma	جَمِيلٌ
00220082-a	arb:exe	ما أجمل هذه المقطوعة!‏‏
01586342-a	arb:lemma	جَمِيلٌ
01586342-a	arb:exe	ما أجمل هذه المقطوعة!‏‏
01586342-a	arb:lemma	طَيِّبٌ
01586342-a	arb:exe	قضينا وقتا طيبا على شاطئ البحر.‏
01346003-v	arb:lemma	فَتَحَ
01346003-v	arb:exe	لا تترك ضوء الغرفة مفتوحاً.‏
03102654-n	arb:lemma	بَرَّادَةٌ
03273913-n	arb:lemma	بَرَّادَةٌ
07845335-n	arb:lemma	حليب
07845335-n	arb:exe	يستخلص الزبد من الحليب.‏
07844042-n	arb:lemma	حليب
07844042-n	arb:exe	يستخلص الزبد من الحليب.‏
10780632-n	arb:lemma	زوجة (brk:زوجات)
10780632-n	arb:exe	ردت الزوجة على كل الرسائل التي أرسلتها إليها.‏
08625462-n	arb:lemma	يَسَارٌ
08625462-n	arb:exe	المصعد على يسارك.‏
90000508-n	arb:lemma	الأسبوع القادم
90000508-n	arb:exe	بتأكيد سأحضر محاضرة الأستاذ حسن في الأسبوع القادم إن شاء الله.‏
01848718-v	arb:lemma	ذَهَبَ
01848718-v	arb:exe	إلى أين أنتم ذاهبون؟‏
06518719-n	arb:lemma	تَذْكِرَةٌ
06518719-n	arb:exe	اقتربت الامتحانات النهائية فصارت ابنتي تذاكر طول الليل والنهار.‏
01470670-v	arb:lemma	قَابَلَ
01470670-v	arb:exe	هل سافرت إلى اليابان من قبل؟
02428924-v	arb:lemma	قَابَلَ
02428924-v	arb:exe	هل سافرت إلى اليابان من قبل؟
10285313-n	arb:lemma	وَلَدٌ
10285313-n	arb:exe	هل لك أولاد؟‏‎‏
03542333-n	arb:lemma	فُنْدُقٌ
03542333-n	arb:exe	مطعم (مطاعم)، مكتب (مكاتب)، مدرسة (مدارس)، فندق (فنادق)‏
02913152-n	arb:lemma	عِمَارَةٌ
07649854-n	arb:lemma	لحم (brk:لحوم)
07649854-n	arb:exe	أكلت أمس لحم الحمام لأول مرة في حياتي.‏
09397391-n	arb:lemma	بركة (brk:برك)
09397391-n	arb:exe	انظروا، صورة الجبل منعكسة على بركة الماء.‏
07935152-n	arb:lemma	شَايٌ
07935152-n	arb:exe	عندنا عصير برتقال أو شاي فقط.‏
03082979-n	arb:lemma	كُومْبِيُوتَرْ
03082979-n	arb:exe	ماذا تعملين أنت؟ ... أنا مهندسة كومبيوتر.‏
00312553-n	arb:lemma	سفر (brk:أسفار)
00312553-n	arb:exe	لم يعد السفر إلى العالم العربي صعبا.‏
04043733-n	arb:lemma	مذياع (brk:مذاييع)
04043733-n	arb:exe	أستمع إلى المذياع عندما أشعر بالوحدة.‏
01442186-a	arb:lemma	قَصِيرٌ
01442186-a	arb:exe	حاول الجنود أن يفتحوا باب القصر دون جدوى.‏
01436003-a	arb:lemma	قَصِيرٌ
01436003-a	arb:exe	حاول الجنود أن يفتحوا باب القصر دون جدوى.‏
01442826-a	arb:lemma	قَصِيرٌ
01442826-a	arb:exe	حاول الجنود أن يفتحوا باب القصر دون جدوى.‏
14513694-n	arb:lemma	عَائِلَةٌ
14513694-n	arb:exe	يرجع كثير من اليابانيين إلى بيت العائلة في إجازة منتصف شهر أعسطس.‏
02808440-n	arb:lemma	حمام (brk:حمامات)
02808440-n	arb:exe	هل تريد حماما فيه حوض ومرش معا؟‏
02807731-n	arb:lemma	حمام (brk:حمامات)
02807731-n	arb:exe	هل تريد حماما فيه حوض ومرش معا؟‏
15274074-n	arb:lemma	عُطْلَةٌ
15274074-n	arb:exe	المصعد متعطل اليوم.‏
15183428-n	arb:lemma	عُطْلَةٌ
15183428-n	arb:exe	المصعد متعطل اليوم.‏
15137890-n	arb:lemma	عُطْلَةٌ
15137890-n	arb:exe	المصعد متعطل اليوم.‏
00027918-r	arb:lemma	زَالَ
00027918-r	arb:exe	اترك الأطباق كما هي، من فضلكَ. ما نزال نتناولها.‏
00031304-r	arb:lemma	زَالَ
00031304-r	arb:exe	اترك الأطباق كما هي، من فضلكَ. ما نزال نتناولها.‏
03925226-n	arb:lemma	صُورَةٌ
03925226-n	arb:exe	وما لونها؟ ... أحمر ومرسوم عليها صورة قطّة بيضاء.‏
03931044-n	arb:lemma	صُورَةٌ
03931044-n	arb:exe	وما لونها؟ ... أحمر ومرسوم عليها صورة قطّة بيضاء.‏
04248607-n	arb:lemma	صُورَةٌ
04248607-n	arb:exe	وما لونها؟ ... أحمر ومرسوم عليها صورة قطّة بيضاء.‏
15164233-n	arb:lemma	يوم الأربعاء
15164233-n	arb:exe	يجب علي أن أكون في البيت مساء يوم الأربعاء.‏
11524662-n	arb:lemma	طَقْسٌ
11524662-n	arb:exe	سيكون الطقس غائما غدا مع أمطار خفيفة إن شاء الله.‏
07193184-n	arb:lemma	سؤال (brk:أسئلة)
07196682-n	arb:lemma	سؤال (brk:أسئلة)
05797597-n	arb:lemma	سؤال (brk:أسئلة)
07193596-n	arb:lemma	سؤال (brk:أسئلة)
01904930-v	arb:lemma	مَشَى
01904930-v	arb:exe	مشيت، مشينا، مشيت، مشيت، مشيتم، مشى، مشيت، مشوا
03383948-n	arb:lemma	شوكة (brk:شوك،شوكات،أشواك)
03383948-n	arb:exe	عند تناول الطعام يستخدم اليابانيون عودين بدلا من الشوكة والسكين.‏
08286569-n	arb:lemma	جَامِعَةٌ
08286569-n	arb:exe	يجمع ابن خالي طوابع بريد نادرة من كل أنحاء العالم.‏
08286163-n	arb:lemma	جَامِعَةٌ
08286163-n	arb:exe	يجمع ابن خالي طوابع بريد نادرة من كل أنحاء العالم.‏
08278169-n	arb:lemma	جَامِعَةٌ
08278169-n	arb:exe	يجمع ابن خالي طوابع بريد نادرة من كل أنحاء العالم.‏
01000214-v	arb:lemma	كَتَبَ
01000214-v	arb:exe	مكتوب "ممنوع اللمس والتصوير".‏
02471690-v	arb:lemma	كَتَبَ
02471690-v	arb:exe	مكتوب "ممنوع اللمس والتصوير".‏
01020356-v	arb:lemma	كَتَبَ
01020356-v	arb:exe	مكتوب "ممنوع اللمس والتصوير".‏
01691057-v	arb:lemma	كَتَبَ
01691057-v	arb:exe	مكتوب "ممنوع اللمس والتصوير".‏
01698271-v	arb:lemma	كَتَبَ
01698271-v	arb:exe	مكتوب "ممنوع اللمس والتصوير".‏
01020934-v	arb:lemma	كَتَبَ
01020934-v	arb:exe	مكتوب "ممنوع اللمس والتصوير".‏
00993014-v	arb:lemma	كَتَبَ
00993014-v	arb:exe	مكتوب "ممنوع اللمس والتصوير".‏
03822171-n	arb:lemma	جَرِيدَةٌ
03822171-n	arb:exe	هل أصبحت قادراً على قراءة الجريدة باللغة العربيّة؟
06267145-n	arb:lemma	جَرِيدَةٌ
06267145-n	arb:exe	هل أصبحت قادراً على قراءة الجريدة باللغة العربيّة؟
14961722-n	arb:lemma	جَرِيدَةٌ
14961722-n	arb:exe	هل أصبحت قادراً على قراءة الجريدة باللغة العربيّة؟
07197021-n	arb:lemma	اِمْتِحَانٌ
07197021-n	arb:exe	اقتربت الامتحانات النهائية فصارت ابنتي تذاكر طول الليل والنهار.‏
00158309-r	arb:lemma	تَمَامًا
00158309-r	arb:exe	ماذا شاهدتم في السينما؟‏
00002621-r	arb:lemma	تَمَامًا
00002621-r	arb:exe	ماذا شاهدتم في السينما؟‏
00002950-r	arb:lemma	تَمَامًا
00002950-r	arb:exe	ماذا شاهدتم في السينما؟‏
13714184-n	arb:lemma	درجة حرارة
13714184-n	arb:exe	كلنا مسؤولون عن ارتفاع درجة حرارة الأرض.‏
00119568-n	arb:lemma	طَارَ
00119568-n	arb:exe	عفوا لو سمحت، أين محطة قطار الأنفاق؟‏
08145553-n	arb:lemma	مكتب البريد
08145553-n	arb:exe	في مكتب البريد المركزي شبابيك كثيرة.‏
15237044-n	arb:lemma	ربيع
15237044-n	arb:exe	في الربيع تثمر أنواع كثيرة من الفواكه في البلاد العربية.‏
06505517-n	arb:lemma	نسخة (brk:نسخ)
06505517-n	arb:exe	اطبع نسختين من هذا النص.‏
15166462-n	arb:lemma	مساء (brk:أمساء)
15166462-n	arb:exe	يجب علي أن أكون في البيت مساء يوم الأربعاء.‏
15166462-n	arb:lemma	ليلة أمس
15166462-n	arb:exe	لم أنم جيدا ليلة أمس.‏
01343918-a	arb:lemma	شائق
01343918-a	arb:exe	إنه موضوع شائق.‏
01344344-a	arb:lemma	شائق
01344344-a	arb:exe	إنه موضوع شائق.‏
01344344-a	arb:lemma	ممتع
01344344-a	arb:exe	إذا سافرت معنا فستكون الرحلة ممتعة جدا.‏
01265308-a	arb:lemma	شائق
01265308-a	arb:exe	إنه موضوع شائق.‏
01344485-a	arb:lemma	شائق
01344485-a	arb:exe	إنه موضوع شائق.‏
00067045-r	arb:lemma	قَبْلَ
00067045-r	arb:exe	هل سافرت إلى اليابان من قبل؟
00067265-r	arb:lemma	قَبْلَ
00067265-r	arb:exe	هل سافرت إلى اليابان من قبل؟
90000515-n	arb:lemma	بعد غد
90000515-n	arb:exe	سأتصل بكم بالهابف بعد غد.‏
01296462-v	arb:lemma	لصق (يلصق ; لصق)
01296462-v	arb:lemma	لصق (يلصق ; لصق)
01296462-v	arb:exe	ممنوع لصق الإعلانات هنا
01801029-a	arb:lemma	ممتع
01801029-a	arb:exe	إذا سافرت معنا فستكون الرحلة ممتعة جدا.‏
03906997-n	arb:lemma	قَلَمٌ
03906997-n	arb:exe	هل معك قلم؟
77000095-n	arb:lemma	من
90000500-n	arb:lemma	السنة قبل الماضية
90000500-n	arb:exe	أتيت إلى اليابان في السنة قبل الماضية.‏
03221720-n	arb:lemma	بَابٌ
03221720-n	arb:exe	كباب وسمك
00050681-r	arb:lemma	لَمْ
00050681-r	arb:exe	إذا سافرت إلى الخارج فسوف تعرف أن العالم واسع جدا.‏
00024587-r	arb:lemma	لَمْ
00024587-r	arb:exe	إذا سافرت إلى الخارج فسوف تعرف أن العالم واسع جدا.‏
77000012-n	arb:lemma	أَنَا
77000012-n	arb:exe	في أيّ يوم من الشهر نحن اليوم؟
77000015-n	arb:lemma	أَنَا
77000015-n	arb:exe	في أيّ يوم من الشهر نحن اليوم؟
01344963-a	arb:lemma	مُمِلٌّ
01344963-a	arb:exe	ونسيت أن أعمل الواجبات.‏
01170052-v	arb:lemma	شَرِبَ
01170052-v	arb:exe	بالمناسبة، ما اسم الشوربة التي شربناها في بيتك الأسبوع الماضي؟
03282295-n	arb:lemma	سِفَارَةٌ
03282295-n	arb:exe	لم يعد السفر إلى العالم العربي صعبا.‏
14145501-n	arb:lemma	برد　(يبرد ; برد،برود)
14145501-n	arb:lemma	برد　(يبرد ; برد،برود)
14145501-n	arb:exe	أخبرني عمي أن عصير الليمون مفيد جدا لمعالجة البرد.‏
06796119-n	arb:lemma	طابع (brk:طوابع)
06796119-n	arb:exe	ألصق هذا الطابع على الظرف، ثم ضعه في صندوق البريد.‏
07775375-n	arb:lemma	سَمَكٌ
07775375-n	arb:exe	وماذا بعد؟ ... أدخل اسمك كاملاً وكلمة السرّ.‏
02512053-n	arb:lemma	سَمَكٌ
02512053-n	arb:exe	وماذا بعد؟ ... أدخل اسمك كاملاً وكلمة السرّ.‏
01586866-a	arb:lemma	طَيِّبٌ
01586866-a	arb:exe	قضينا وقتا طيبا على شاطئ البحر.‏
01048762-a	arb:lemma	طَيِّبٌ
01048762-a	arb:exe	قضينا وقتا طيبا على شاطئ البحر.‏
00067638-a	arb:lemma	طَيِّبٌ
00067638-a	arb:exe	قضينا وقتا طيبا على شاطئ البحر.‏
01993408-a	arb:lemma	طَيِّبٌ
01993408-a	arb:exe	قضينا وقتا طيبا على شاطئ البحر.‏
01171213-a	arb:lemma	طَيِّبٌ
01171213-a	arb:exe	قضينا وقتا طيبا على شاطئ البحر.‏
01800349-a	arb:lemma	طَيِّبٌ
01800349-a	arb:exe	قضينا وقتا طيبا على شاطئ البحر.‏
01123148-a	arb:lemma	طَيِّبٌ
01123148-a	arb:exe	قضينا وقتا طيبا على شاطئ البحر.‏
00064787-a	arb:lemma	طَيِّبٌ
00064787-a	arb:exe	قضينا وقتا طيبا على شاطئ البحر.‏
00850183-a	arb:lemma	طَيِّبٌ
00850183-a	arb:exe	قضينا وقتا طيبا على شاطئ البحر.‏
01129977-a	arb:lemma	طَيِّبٌ
01129977-a	arb:exe	قضينا وقتا طيبا على شاطئ البحر.‏
01586752-a	arb:lemma	طَيِّبٌ
01586752-a	arb:exe	قضينا وقتا طيبا على شاطئ البحر.‏
04588365-n	arb:lemma	شباك (brk:شبابيك)
04588365-n	arb:exe	افتح الشباك كي نجدد الهواء.‏
04587648-n	arb:lemma	شباك (brk:شبابيك)
04587648-n	arb:exe	افتح الشباك كي نجدد الهواء.‏
05216365-n	arb:lemma	جسم (brk:أجسام،جسوم)
05216365-n	arb:exe	أمي ضعيفة الجسم.‏
04967191-n	arb:lemma	أَخْضَرُ
04967191-n	arb:exe	بيضاء، سوداء، خضراء، حمراء، زرقاء، صفراء
80001047-v	arb:lemma	مَاتَ
80001047-v	arb:exe	وأسجّل كلمات تعلّمتها كيلا أنسى.‏
03497657-n	arb:lemma	قبعة (brk:قبعات)
03497657-n	arb:exe	يلبس اليابانيون القبعات في الصيف.‏
06359877-n	arb:lemma	جُمْلَةٌ
06359877-n	arb:exe	ما أجمل هذه المقطوعة!‏‏
00546389-n	arb:lemma	أُغْنِيَةٌ
00546389-n	arb:exe	يغني ذلك المطرب وهو يعزف على الجيتار.‏
07048000-n	arb:lemma	أُغْنِيَةٌ
07048000-n	arb:exe	يغني ذلك المطرب وهو يعزف على الجيتار.‏
01754737-v	arb:lemma	قَصَّ
01754737-v	arb:exe	هل المقاص مناسب؟
07447641-n	arb:lemma	حَفْلَةٌ
07447641-n	arb:exe	سنقيم حفلة في بيتي الأسبوع القادم.‏
01842204-v	arb:lemma	خَرَجَ
01842204-v	arb:exe	إذا سافرت إلى الخارج فسوف تعرف أن العالم واسع جدا.‏
04241394-n	arb:lemma	خف (brk:خفاف،أخفاف)
04241394-n	arb:exe	عندما تدخل غرفة "التاتامي" فعليك أن تخلع الخف وتتركه في الممر.‏
05301908-n	arb:lemma	فم (brk:أفمام)
05301908-n	arb:exe	اغسل يديك وفمك قبل الأكل وبعده.‏
02440250-n	arb:lemma	يَدٌ
02440250-n	arb:exe	أوّلاً نريد زجاجتي الماء المعدنيّ، لو سمحت.‏
09823502-n	arb:lemma	خَالَةٌ
09823502-n	arb:exe	زرت بيت خالتي ولم أجد فيه أحدا.‏
10193967-n	arb:lemma	زوح (brk:أزواج)
10193967-n	arb:exe	يقول المثل الياباني إن التشاجر بين الزوجين لا يأكله حتى الكلب.‏
15213406-n	arb:lemma	تِشْرِينُ ٱلثَّانِي
06277280-n	arb:lemma	تِلِفِزْيُونٌ
06277280-n	arb:exe	سينقل التلفزيون مباريات كأس العالم.‏
13831176-n	arb:lemma	شَمَالٌ
13831176-n	arb:exe	تقع جزيرة هوكايدو في شمال اليابان.‏
06964901-n	arb:lemma	اَلْعَرَبِيَّةُ
06964901-n	arb:exe	يقول بعض العرب "العلم في الرأس وليس في الكراس".‏‏
01318741-a	arb:lemma	أَلَمٌ
01318741-a	arb:exe	لن يكون الامتحان سهلاً.‏
01712753-a	arb:lemma	أَلَمٌ
01712753-a	arb:exe	لن يكون الامتحان سهلاً.‏
02324478-v	arb:lemma	إِضَافَةٌ
02324478-v	arb:exe	يضيف العرب الهيل إلى القهوة.‏
00640828-v	arb:lemma	إِضَافَةٌ
00640828-v	arb:exe	يضيف العرب الهيل إلى القهوة.‏
00182406-v	arb:lemma	إِضَافَةٌ
00182406-v	arb:exe	يضيف العرب الهيل إلى القهوة.‏
00749230-a	arb:lemma	سهل
00749230-a	arb:exe	أظن أن الحصول على التذكرة ليس سهلا.‏
14061805-n	arb:lemma	مَرَضٌ
14061805-n	arb:exe	على مرضى السكر تجنب الحلو حفاظا على صحتهم.‏
14055408-n	arb:lemma	مَرَضٌ
14055408-n	arb:exe	على مرضى السكر تجنب الحلو حفاظا على صحتهم.‏
14473054-n	arb:lemma	مَرَضٌ
14473054-n	arb:exe	على مرضى السكر تجنب الحلو حفاظا على صحتهم.‏
10399491-n	arb:lemma	والدان
10399491-n	arb:exe	والداي يزرعان الطماطم والبطاطس في حديقة البيت.‏
13833375-n	arb:lemma	جَنُوبٌ
13833375-n	arb:exe	إن هذه القناة تنقل صوت الجنوب إلى العالم.‏
02472293-n	arb:lemma	ناس
02472293-n	arb:exe	يشاهد الناس بعيونهم المناظر السارة.‏
15212167-n	arb:lemma	تَمُّوزُ
00442917-a	arb:lemma	بَعِيدٌ
00442917-a	arb:exe	وعدت إلى بيتي بعد الظهر الأحد.‏
01421622-v	arb:lemma	أَدْخَلَ
01421622-v	arb:exe	لندخل ذلك المقهى!‏
03398467-n	arb:lemma	أَمَامَ
03398467-n	arb:exe	بدأت تعلّم العربيّة عام ١٩٩٥.‏
00964768-a	arb:lemma	ضعيف (brk:ضعفاء)
00964768-a	arb:exe	أمي ضعيفة الجسم.‏
02324397-a	arb:lemma	ضعيف (brk:ضعفاء)
02324397-a	arb:exe	أمي ضعيفة الجسم.‏
00709215-a	arb:lemma	ضعيف (brk:ضعفاء)
00709215-a	arb:exe	أمي ضعيفة الجسم.‏
02040233-a	arb:lemma	ضعيف (brk:ضعفاء)
02040233-a	arb:exe	أمي ضعيفة الجسم.‏
02040049-a	arb:lemma	ضعيف (brk:ضعفاء)
02040049-a	arb:exe	أمي ضعيفة الجسم.‏
00254978-r	arb:lemma	كل شهر
00254978-r	arb:exe	يرسل الابن نقودا إلى والدته العجوز كل شهر.‏
06605897-n	arb:lemma	مَعْنَى
06605897-n	arb:exe	يا تاكيشي، "المعذرة" تعني "العفو".‏
05919866-n	arb:lemma	مَعْنَى
05919866-n	arb:exe	يا تاكيشي، "المعذرة" تعني "العفو".‏
06601327-n	arb:lemma	مَعْنَى
06601327-n	arb:exe	يا تاكيشي، "المعذرة" تعني "العفو".‏
04059701-n	arb:lemma	خلف
04059701-n	arb:exe	لم تر الأم وليدها الصغير إلا من خلف زجاج سميك.‏
02767665-n	arb:lemma	خلف
02767665-n	arb:exe	لم تر الأم وليدها الصغير إلا من خلف زجاج سميك.‏
03540595-n	arb:lemma	مُسْتَشْفًى
03540595-n	arb:exe	شعر خالي بألم شديد في معدته فذهب إلى المستشفى.‏
08054417-n	arb:lemma	مُسْتَشْفًى
08054417-n	arb:exe	شعر خالي بألم شديد في معدته فذهب إلى المستشفى.‏
05311054-n	arb:lemma	عَيْنٌ
05311054-n	arb:exe	سأبقى أسبوعين تقريباً.
05316025-n	arb:lemma	عَيْنٌ
05316025-n	arb:exe	سأبقى أسبوعين تقريباً.
02871439-n	arb:lemma	رف (brk:رفوف،أرفف)
02871439-n	arb:exe	هذا الرف طوله 90 سنتيمترا وعرضه 50 سنتيمترا.‏
01186408-a	arb:lemma	خَفِيفٌ
01186408-a	arb:exe	عندما تدخل غرفة "التاتامي" فعليك أن تخلع الخف وتتركه في الممر.‏
04049098-n	arb:lemma	مَحَطَّةٌ
04049098-n	arb:exe	عفوا لو سمحت، أين محطة قطار الأنفاق؟‏
03030663-n	arb:lemma	شيشة　; نرجيلة
03030663-n	arb:lemma	شيشة　; نرجيلة
03030663-n	arb:exe	أنصحك ألا تدخن الشيشة ولا السيجائر.‏
02230772-v	arb:lemma	أَعْطَى
02230772-v	arb:exe	أعطى المدرّس طلّابه واجبات كثيرة.‏‎‏
90000504-n	arb:lemma	السنة بعد القادمة
90000504-n	arb:exe	سأحصل على شهادة الدكتوراه في السنة بعد القادمة إن شاء الله.‏
00729108-n	arb:lemma	واجب مدرسي (brk:واجبات مدرسية)
03815615-n	arb:lemma	رباط عنق
03815615-n	arb:exe	صار بعض الموظفي الحكومة لا يلبسون رباط العنق.‏
07596684-n	arb:lemma	حُلْوِيَّةٌ
07596684-n	arb:exe	أعطتني عمتي حلويات لذيذة.‏
05560787-n	arb:lemma	رِجْلٌ
05560787-n	arb:exe	وضع الرجل يده في جيبه فأخرج قطعة من الحلوى.‏
05563266-n	arb:lemma	رِجْلٌ
05563266-n	arb:exe	وضع الرجل يده في جيبه فأخرج قطعة من الحلوى.‏
15211189-n	arb:lemma	نِيسَانُ
02310007-v	arb:lemma	رد (يرد ; رد)
02310007-v	arb:lemma	رد (يرد ; رد)
02310007-v	arb:exe	أعرتها الكتاب منذ شهرين ولكنها لم ترده إلي.‏
01308381-v	arb:lemma	رد (يرد ; رد)
01308381-v	arb:lemma	رد (يرد ; رد)
01308381-v	arb:exe	أعرتها الكتاب منذ شهرين ولكنها لم ترده إلي.‏
80001595-v	arb:lemma	رد (يرد ; رد)
80001595-v	arb:lemma	رد (يرد ; رد)
80001595-v	arb:exe	أعرتها الكتاب منذ شهرين ولكنها لم ترده إلي.‏
10080869-n	arb:lemma	أَبٌ
10080869-n	arb:exe	كيف يمكن الذهاب إلى هناك؟
10080869-n	arb:lemma	أَبَوِيٌّ
02411224-a	arb:lemma	سمين (brk:سمان)
02411224-a	arb:exe	يشبه والده كثيرا بوجهه الأحمر وجسمه السمين.‏
04446276-n	arb:lemma	دورة المياه
04446276-n	arb:exe	دورة المياه وراء ذلك الدرج.‏
04555291-n	arb:lemma	دورة المياه
04555291-n	arb:exe	دورة المياه وراء ذلك الدرج.‏
15212455-n	arb:lemma	آبُ
00292937-a	arb:lemma	مَشْغُولٌ
00292937-a	arb:exe	للأسف، أنا مشغولة يوم الجمعة. عندي موعد مع أصدقائي.‏
00273082-a	arb:lemma	مظلم
00273082-a	arb:exe	يا ليلي، امشي في شارع مضيء ولا تمشي في شارع مظلم.‏
03291819-n	arb:lemma	ظَرْفٌ
03291819-n	arb:exe	ألصق هذا الطابع على الظرف، ثم ضعه في صندوق البريد.‏
09215315-n	arb:lemma	تَحْتَ
09215315-n	arb:exe	تحت المسجد آثار قديمة.‏
80001661-n	arb:lemma	تَحْتَ
80001661-n	arb:exe	تحت المسجد آثار قديمة.‏
00523513-n	arb:lemma	رياضة (brk:رياضات)
00523513-n	arb:exe	أقترح عليك ممارسة الرياضة كل يوم.‏
04202417-n	arb:lemma	دُكَّانٌ
15237782-n	arb:lemma	شتاء
15237782-n	arb:exe	الشتاء في هذه السنة دافئ جدا فلا أشعر بالحاجة إلى المدفأة.‏
80001691-n	arb:lemma	فَوْقَ
80001691-n	arb:exe	تلبس بعض النساء عباءة سوداء فوق الملابس عند الخروج من البيوت.‏
08663354-n	arb:lemma	فَوْقَ
08663354-n	arb:exe	تلبس بعض النساء عباءة سوداء فوق الملابس عند الخروج من البيوت.‏
07804323-n	arb:lemma	أَكْلٌ
07804323-n	arb:exe	وهل أكلت الـ"سوشي" هناك؟ ... نعم، لقد أكلت السوشي.‏
15245990-n	arb:lemma	أَكْلٌ
15245990-n	arb:exe	وهل أكلت الـ"سوشي" هناك؟ ... نعم، لقد أكلت السوشي.‏
90000417-n	arb:lemma	أَكْلٌ
90000417-n	arb:exe	وهل أكلت الـ"سوشي" هناك؟ ... نعم، لقد أكلت السوشي.‏
07575076-n	arb:lemma	غَدَاءٌ
07575076-n	arb:exe	حسناً، أريد أن أدعوك إلى الغداء في بيتي بعد الانتهاء من الامتحان.‏
15156001-n	arb:lemma	اَلْيَوْمَ
15156001-n	arb:exe	في أيّ يوم من الشهر نحن اليوم؟
09604981-n	arb:lemma	نَفْسٌ
09604981-n	arb:exe	هم طلاب من الجامعة نفسها.‏
07557434-n	arb:lemma	طَبَخَ
07557434-n	arb:exe	تطبخ أمّي وهي تغنّي في المطبخ.‏
02395115-a	arb:lemma	لَذِيذٌ
02395115-a	arb:exe	ولدت يوم الخميس، لذلك أسماني أبي "خميس".‏
02396720-a	arb:lemma	لَذِيذٌ
02396720-a	arb:exe	ولدت يوم الخميس، لذلك أسماني أبي "خميس".‏
