# TUFS Basic Central Khmer Wordnet	khm http://www.coelang.tufs.ac.jp/mt/km/	CC BY 4.0
15210045-n	khm:lemma	ខែមករា
15210045-n	khm:exe	ខែមករាមានអាកាសធាតុត្រជាក់ស្ងួតស្រួលដើរកំសាន្ដ។
05755883-n	khm:lemma	ការសិក្សា
05755883-n	khm:exe	និសិ្សតចាប់អារម្មណ៍ការសិក្សាភាសាបរទេស។
04971928-n	khm:lemma	ត្នោត
04971928-n	khm:exe	គោនេះឈ្មោះអាត្នោត ព្រោះមានសម្បុរត្នោតទុំ។
15163797-n	khm:lemma	ថ្ងៃអាទិត្យ
15163797-n	khm:exe	បណ្ណាល័យរបស់សាលានេះបើកថ្ងៃអាទិត្យ តែបិទថ្ងៃចន្ទ។
15043763-n	khm:lemma	ព្រឹល
15043763-n	khm:exe	ព្រឹលធ្លាក់សក្បុសលើដំបូលផ្ទះ។
00251013-n	khm:lemma	បោសសំអាត
00251013-n	khm:exe	បាទ លុបមុខ បោសសំអាតផ្ទះ បោកខោអាវ ហើយរៀបចំបាយព្រឹកសម្រាប់់ប្រពន្ធកូនខ្ញុំ។
08058098-n	khm:lemma	ក្រុមហ៊ុន
08058098-n	khm:exe	ក្រុមហ៊ុនមានច្រើន ការរកស៊ីប្រជែងគ្នាក៏ច្រើន។
01382086-a	khm:lemma	ធំ
01382086-a	khm:exe	បានត្រីធំៗច្រើនឬ?
01453084-a	khm:lemma	ធំ
01453084-a	khm:exe	បានត្រីធំៗច្រើនឬ?
00527870-a	khm:lemma	ធំ
00527870-a	khm:exe	បានត្រីធំៗច្រើនឬ?
01677433-a	khm:lemma	ធំ
01677433-a	khm:exe	បានត្រីធំៗច្រើនឬ?
10084295-n	khm:lemma	កូនស្រី
10084295-n	khm:exe	ប៉ានាងស្រឡាញ់កូនស្រីណាស់ មើលទៅ។
10129825-n	khm:lemma	កូនស្រី
10129825-n	khm:exe	ប៉ានាងស្រឡាញ់កូនស្រីណាស់ មើលទៅ។
10129825-n	khm:lemma	បងស្រី
10129825-n	khm:exe	នាងម៉ានយ៉ានជាបងស្រីបង្កើតរបស់ណារិន។
00065495-v	khm:lemma	សុខសប្បាយ
00065495-v	khm:exe	ចំណែកទេវី ក៏សូមឲ្យបានសុខសប្បាយដែរ។ ជំរាបលា។
80001734-n	khm:lemma	ថ្នាក់
80001734-n	khm:exe	ថ្ងៃនេះថ្នាក់គីមីគ្រូមិនបានមកទេ។
00889472-n	khm:lemma	ថ្នាក់
00889472-n	khm:exe	ថ្ងៃនេះថ្នាក់គីមីគ្រូមិនបានមកទេ។
02608347-v	khm:lemma	ចាប់ផ្ដើម
02608347-v	khm:exe	សន្និបាតនេះចាប់ផ្ដើមឡើង បន្ទាប់ពីរដ្ឋមន្ដ្រីប្រកាសបើកហើយ។
03623556-n	khm:lemma	កាំបិត
03623556-n	khm:exe	អញ្ចឹង សូមកុំប្រើកាំបិតអី។
03624134-n	khm:lemma	កាំបិត
03624134-n	khm:exe	អញ្ចឹង សូមកុំប្រើកាំបិតអី។
01776727-v	khm:lemma	មិនចូលចិត្ត
01776727-v	khm:exe	គាត់មិនចូលចិត្តស្រីៗដើរយប់។
01774136-v	khm:lemma	មិនចូលចិត្ត
01774136-v	khm:exe	គាត់មិនចូលចិត្តស្រីៗដើរយប់។
02783161-n	khm:lemma	ប៊ិក
02783161-n	khm:exe	គាត់រកទិញប៊ិកថ្លៃៗ ដើម្បីធ្វើជាកាដូ។
02632567-v	khm:lemma	ចង់បាន
02632567-v	khm:exe	ខ្ញុំចង់បានបន្ទប់នៅជាន់ទីបី បង្អួចបែរទៅរកថ្នល់ធំខាងមុខ។
01579608-a	khm:lemma	ជិតដល់
01579608-a	khm:exe	ក្នុងថ្នាក់នៅពេលជិតដល់ម៉ោង សិស្សនៅស្ងៀមចាំគ្រូឲ្យចេញទៅផ្ទះ។
03427296-n	khm:lemma	ទ្វារ
03427296-n	khm:exe	ទំនប់នេះមានទឹកពេញព្រៀប ត្រូវការបើកទ្វារទឹកបញ្ចេញខ្លះ។
04026417-n	khm:lemma	កាបូបលុយ
04026417-n	khm:exe	ចោរលួចកាបូបលុយខ្ញុំ។
11456462-n	khm:lemma	មេឃស្រឡះ
11456462-n	khm:exe	ក្រោយភ្លៀងមួយមេ មេឃស្រឡះ។
07848338-n	khm:lemma	បឺរ
07848338-n	khm:exe	គាត់ចូលចិត្តក្លែមស្រាជាមួយកង្កែបចៀនបឺរ។
90000501-n	khm:lemma	ឆ្នាំមុន
90000501-n	khm:exe	វិស្សមកាលឆ្នាំមុន យើងបានទៅលេងអង្គរវត្ត។
15210870-n	khm:lemma	ខែមីនា
15210870-n	khm:exe	យើងនាំគ្នាទៅលេងឆ្នេរសមុទ្រ នៅពាក់កណ្ដាលខែមីនា។
77000072-n	khm:lemma	កន្លែងនេះ
77000072-n	khm:exe	ឯងត្រូវឈរកន្លែងនេះ កុំទៅណា។
08489497-n	khm:lemma	កន្លែងនេះ
08489497-n	khm:exe	ឯងត្រូវឈរកន្លែងនេះ កុំទៅណា។
03561345-n	khm:lemma	គំនូរ
03561345-n	khm:exe	ផ្ទាំងគំនូរដ៏រស់រវើកមួយនេះ គូរដោយលោកញឹក ឌឹម។
03234306-n	khm:lemma	គំនូរ
03234306-n	khm:exe	ផ្ទាំងគំនូរដ៏រស់រវើកមួយនេះ គូរដោយលោកញឹក ឌឹម។
03876519-n	khm:lemma	គំនូរ
03876519-n	khm:exe	ផ្ទាំងគំនូរដ៏រស់រវើកមួយនេះ គូរដោយលោកញឹក ឌឹម។
07110615-n	khm:lemma	សំឡេង
07110615-n	khm:exe	នាងមានសំឡេងស្រួយដូចសារិកា។
05202284-n	khm:lemma	សំឡេង
05202284-n	khm:exe	នាងមានសំឡេងស្រួយដូចសារិកា។
09411430-n	khm:lemma	ទន្លេ
09411430-n	khm:exe	ទឹកទន្លេមេគង្គឡើងខ្ពស់អតិបរមាក្នុងខែកញ្ញា។
15236859-n	khm:lemma	រដូវលំហើយ
15236859-n	khm:exe	ស្លឹកឈើប្រែពណ៌នៅរដូវលំហើយ។
02107442-v	khm:lemma	ស្ដាប់
02107442-v	khm:exe	ក្មេងៗស្ដាប់ចំហរមាត់លោកតានិទានរឿងសុភាទន្សាយ។
02169891-v	khm:lemma	ស្ដាប់
02169891-v	khm:exe	ក្មេងៗស្ដាប់ចំហរមាត់លោកតានិទានរឿងសុភាទន្សាយ។
02242464-v	khm:lemma	លក់
02242464-v	khm:exe	ហាងបាយតាមសាលាលក់ថោក។
00271022-a	khm:lemma	ខ្ចី
00271022-a	khm:exe	ក្នុងគ្រានោះ នាងវិធាវីពាក់អាវទំនើបថ្មីពណ៌កុលាបខ្ចី។
00396523-a	khm:lemma	ខ្ចី
00396523-a	khm:exe	ក្នុងគ្រានោះ នាងវិធាវីពាក់អាវទំនើបថ្មីពណ៌កុលាបខ្ចី។
00269989-a	khm:lemma	ខ្ចី
00269989-a	khm:exe	ក្នុងគ្រានោះ នាងវិធាវីពាក់អាវទំនើបថ្មីពណ៌កុលាបខ្ចី។
00278551-a	khm:lemma	ខ្ចី
00278551-a	khm:exe	ក្នុងគ្រានោះ នាងវិធាវីពាក់អាវទំនើបថ្មីពណ៌កុលាបខ្ចី។
02924116-n	khm:lemma	ឡានក្រុង
02924116-n	khm:exe	ឡានក្រុងមិនរត់តាមមហាវិថីសំខាន់ៗទេ។
01614426-v	khm:lemma	បិទ
01614426-v	khm:exe	ក្នុងបន្ទប់រៀនមានបិទពាក្យស្លោកច្រើន។
80001230-x	khm:lemma	បាទ
80001230-x	khm:exe	បាទ យល់ហើយ។
01184932-a	khm:lemma	ធ្ងន់
01184932-a	khm:exe	កាបូបនេះធ្ងន់ណាស់យួរមិនរួចទេ។
07881800-n	khm:lemma	ភេសជ្ជៈ
07881800-n	khm:exe	គេរៀបភេសជ្ជៈទទួលភ្ញៀវចូលបុណ្យ។
01119192-a	khm:lemma	ពូកែ
01119192-a	khm:exe	អ្ហា លោកពូកែហែលទឹក មែនទេ?
02226162-a	khm:lemma	ពូកែ
02226162-a	khm:exe	អ្ហា លោកពូកែហែលទឹក មែនទេ?
01838916-a	khm:lemma	ពូកែ
01838916-a	khm:exe	អ្ហា លោកពូកែហែលទឹក មែនទេ?
03467517-n	khm:lemma	ហ្គីតា
03467517-n	khm:exe	គាត់ដេញហ្គីតាស្ទាត់ណាស់។
03613294-n	khm:lemma	សោ
03613294-n	khm:exe	គ្រាន់តែចូលទៅក្នុងបន្ទប់ភ្លាមលោកចាក់សោភ្លាម។
01553629-a	khm:lemma	ច្រើន
01553629-a	khm:exe	ក្រុងភ្នំពេញមានសួនច្បារសាធារណៈច្រើន។
01551633-a	khm:lemma	ច្រើន
01551633-a	khm:exe	ក្រុងភ្នំពេញមានសួនច្បារសាធារណៈច្រើន។
01552419-a	khm:lemma	ច្រើន
01552419-a	khm:exe	ក្រុងភ្នំពេញមានសួនច្បារសាធារណៈច្រើន។
00127137-a	khm:lemma	ចាស់
00127137-a	khm:exe	ផ្លូវរទេះភ្លើងចាស់ទ្រុឌទ្រោម។
01638438-a	khm:lemma	ចាស់
01638438-a	khm:exe	ផ្លូវរទេះភ្លើងចាស់ទ្រុឌទ្រោម។
01729384-a	khm:lemma	ចាស់
01729384-a	khm:exe	ផ្លូវរទេះភ្លើងចាស់ទ្រុឌទ្រោម។
10694258-n	khm:lemma	គ្រូ
10694258-n	khm:exe	គ្រូៗសាលានេះកំពុងជួបគ្នា ដើម្បីរើសប្រធានរបស់ពួកគេ។
07859284-n	khm:lemma	ស្ករ
07859284-n	khm:exe	បនា្ទប់មក យកខ្ទិះដូង ស្ករ ពងមាន់ ដាក់ក្នុងចានគោមហើយវាយឲ្យសព្វចូលគា្ន។
09605289-n	khm:lemma	មនុស្សពេញវ័យ
09605289-n	khm:exe	ចុះអត្រាអក្ខរភាពមនុស្សពេញវ័យ ប៉ុន្មានភាគរយ?
04081281-n	khm:lemma	ហាង
04081281-n	khm:exe	ហាងបាយតាមសាលាលក់ថោក។
04081281-n	khm:lemma	ហាងបាយ
04081281-n	khm:exe	ហាងបាយតាមសាលាលក់ថោក។
10448983-n	khm:lemma	ប៉ូលីស
10448983-n	khm:exe	ប៉ូលីសដើរល្បាតតាមកន្លែងស្ងាត់។
10448983-n	khm:lemma	ប៉ូលីស
10448983-n	khm:exe	ឥឡូវមានប៉ូលិសយាមតាមសាលា។
90000507-n	khm:lemma	អាទិត្យនេះ
90000507-n	khm:exe	អាទិត្យនេះ យើងមានសិក្ខាសាលា។
02686568-n	khm:lemma	កប៉ាល់ហោះ
02686568-n	khm:exe	គាត់កក់សំបុត្រកប៉ាល់ហោះទៅបាងកកហើយ។
02691156-n	khm:lemma	កប៉ាល់ហោះ
02691156-n	khm:exe	គាត់កក់សំបុត្រកប៉ាល់ហោះទៅបាងកកហើយ។
08420278-n	khm:lemma	ធនាគារ
08420278-n	khm:exe	បាទ ខ្ញុំចង់បើកកុងធនាគារថ្មី។
02787772-n	khm:lemma	ធនាគារ
02787772-n	khm:exe	បាទ ខ្ញុំចង់បើកកុងធនាគារថ្មី។
02018049-v	khm:lemma	ជិះ
02018049-v	khm:exe	ចាស ឧទាហរណ៍ទីមួយ នៅស្រុកខែ្មរ គេជិះយានយន្ត ប្រកាន់ស្តាំ។
02324026-v	khm:lemma	ខ្ចី
02324026-v	khm:exe	ដល់ពេលអានចប់ សុំខ្ចី បានទេ?
01447257-v	khm:lemma	រុញ
01447257-v	khm:exe	ឡាននេះអស់អាគុយ ទាល់តែរុញទើបបញ្ឆេះឆេះ។
02398378-a	khm:lemma	ហឹរ
02398378-a	khm:exe	ម្ទេសខ្មាំងតូច តែហឹរខ្លាំង។
02397732-a	khm:lemma	ហឹរ
02397732-a	khm:exe	ម្ទេសខ្មាំងតូច តែហឹរខ្លាំង។
06628228-n	khm:lemma	កាតប៉ុស្តាល់
06628228-n	khm:exe	គាត់ទិញកាតប៉ុស្តាល់សំរាប់សរសេរទៅមិត្តគាត់។
06627938-n	khm:lemma	កាតប៉ុស្តាល់
06627938-n	khm:exe	គាត់ទិញកាតប៉ុស្តាល់សំរាប់សរសេរទៅមិត្តគាត់។
03959485-n	khm:lemma	ចាន
03959485-n	khm:exe	ទិញបារីនេះមួយសុង គេលើសឲ្យចានគោះបារីមួយ។
00393105-a	khm:lemma	ស
00393105-a	khm:exe	ឥឡូវមិនងាយរកទិញហ្វីលម៍សខ្មៅទេ។
08625073-n	khm:lemma	ស្ដាំ
08625073-n	khm:exe	ចរាចរស្រុកខ្មែរប្រកាន់ស្តាំ។
03051540-n	khm:lemma	អាវ
03051540-n	khm:exe	នៅខែក្ដៅ គេស្លៀកពាក់អាវស្ដើង។
02728440-n	khm:lemma	អាវ
02728440-n	khm:exe	នៅខែក្ដៅ គេស្លៀកពាក់អាវស្ដើង។
02728440-n	khm:lemma	ខោអាវ
02728440-n	khm:exe	រាល់ថ្ងៃអាទិត្យ ខ្ញុំបោកគក់ខោអាវច្រើន។
03419014-n	khm:lemma	អាវ
03419014-n	khm:exe	នៅខែក្ដៅ គេស្លៀកពាក់អាវស្ដើង។
15165289-n	khm:lemma	ពេលព្រឹក
15165289-n	khm:exe	នៅជប៉ុន គាត់ញ៉ាំអាហារពេលព្រឹកប្រញាប់ពេកសឹងតែច្រកអាហារខុសមាត់។
15165289-n	khm:lemma	ពេលព្រឹក
15165289-n	khm:exe	ពេលព្រឹកម៉ោង៧កន្លះ ជាពេលគោរពទង់ជាតិ។
00109151-r	khm:lemma	កន្លែងនោះ
00109151-r	khm:exe	ឡានចតត្រង់កន្លែងនោះ ត្រូវប៉ូលីសស្ទូចបាត់។
03720163-n	khm:lemma	ផែនទី
03720163-n	khm:exe	ធីតា នៅក្នុងផែនទីនេះ ខេត្តរតនគីរីនៅត្រង់ណា?
00024996-a	khm:lemma	ថ្មី
00024996-a	khm:exe	បាទ ខ្ញុំចង់បើកកុងធនាគារថ្មី។
01642477-a	khm:lemma	ថ្មី
01642477-a	khm:exe	បាទ ខ្ញុំចង់បើកកុងធនាគារថ្មី។
01641648-a	khm:lemma	ថ្មី
01641648-a	khm:exe	បាទ ខ្ញុំចង់បើកកុងធនាគារថ្មី។
01687167-a	khm:lemma	ថ្មី
01687167-a	khm:exe	បាទ ខ្ញុំចង់បើកកុងធនាគារថ្មី។
02584699-a	khm:lemma	ថ្មី
02584699-a	khm:exe	បាទ ខ្ញុំចង់បើកកុងធនាគារថ្មី។
01686439-a	khm:lemma	ថ្មី
01686439-a	khm:exe	បាទ ខ្ញុំចង់បើកកុងធនាគារថ្មី។
02070491-a	khm:lemma	ថ្មី
02070491-a	khm:exe	បាទ ខ្ញុំចង់បើកកុងធនាគារថ្មី។
02013758-a	khm:lemma	ថ្មី
02013758-a	khm:exe	បាទ ខ្ញុំចង់បើកកុងធនាគារថ្មី។
01640850-a	khm:lemma	ថ្មី
01640850-a	khm:exe	បាទ ខ្ញុំចង់បើកកុងធនាគារថ្មី។
00894552-n	khm:lemma	លំហាត់
00894552-n	khm:exe	គ្រូដាក់លំហាត់ឲ្យធ្វើនៅផ្ទះ។
01292683-a	khm:lemma	ចូលចិត្ត
01292683-a	khm:exe	គេចូលចិត្តដាំឈូកក្នុងស្រះដើម្បីឲ្យទឹកស្អាត។
01777210-v	khm:lemma	ចូលចិត្ត
01777210-v	khm:exe	គេចូលចិត្តដាំឈូកក្នុងស្រះដើម្បីឲ្យទឹកស្អាត។
03038685-n	khm:lemma	បន្ទប់រៀន
03038685-n	khm:exe	ក្នុងបន្ទប់រៀនមានបិទពាក្យស្លោកច្រើន។
00296131-r	khm:lemma	ប្រហែល
00296131-r	khm:exe	ចាស ប្រហែលជា មិនអីទេ។
00154449-r	khm:lemma	ប្រហែល
00154449-r	khm:exe	ចាស ប្រហែលជា មិនអីទេ។
03001627-n	khm:lemma	កៅអី
03001627-n	khm:exe	តុរោងការនីមួយៗ គេរៀបកៅអី១០។
01734929-v	khm:lemma	ចម្លង
01734929-v	khm:exe	យកមេរៀននេះទៅថតចម្លងចែកគ្នារៀន។
01914947-v	khm:lemma	រត់
01914947-v	khm:exe	ឡានក្រុងមិនរត់តាមមហាវិថីសំខាន់ៗទេ។
01926311-v	khm:lemma	រត់
01926311-v	khm:exe	ឡានក្រុងមិនរត់តាមមហាវិថីសំខាន់ៗទេ។
02005496-v	khm:lemma	ត្រឡប់ទៅ
02005496-v	khm:exe	វ៉ាកងធំ សិស្ស និស្សិត ត្រឡប់ទៅជួយការងារស្រែចំការរបស់ឪពុកម្តាយខ្លួន។
04379243-n	khm:lemma	តុ
04379243-n	khm:exe	តុរោងការនីមួយៗ គេរៀបកៅអី១០។
04298308-n	khm:lemma	ជណ្ដើរ
04298308-n	khm:exe	ឡើងជណ្តើរដល់ជាន់ទី១០ហត់ហារមាត់គឃូស។
00037919-v	khm:lemma	ត្រាំទឹកក្តៅ
00037919-v	khm:exe	គាត់ទិញសំបុត្រដើម្បីចូលត្រាំទឹកក្ដៅ។
01532589-v	khm:lemma	បោស
01532589-v	khm:exe	បាទ លុបមុខ បោសសំអាតផ្ទះ បោកខោអាវ ហើយរៀបចំបាយព្រឹកសម្រាប់់ប្រពន្ធកូនខ្ញុំ។
01533442-v	khm:lemma	បោស
01533442-v	khm:exe	បាទ លុបមុខ បោសសំអាតផ្ទះ បោកខោអាវ ហើយរៀបចំបាយព្រឹកសម្រាប់់ប្រពន្ធកូនខ្ញុំ។
07663592-n	khm:lemma	សាច់គោ
07663592-n	khm:exe	សាច់គោថ្លៃជាងសាច់មាន់។
08182962-n	khm:lemma	ហ្វូង
08182962-n	khm:exe	ហ្វូងមនុស្សកកកុញទៅមើលបុណ្យអុំទូក។
08182379-n	khm:lemma	ហ្វូង
08182379-n	khm:exe	ហ្វូងមនុស្សកកកុញទៅមើលបុណ្យអុំទូក។
80000079-n	khm:lemma	ខែមុន
80000079-n	khm:exe	ខែមុន ខ្ញុំមិនបានដើរលេងសោះ។
10020890-n	khm:lemma	ពេទ្យ
10020890-n	khm:exe	ចាស លោកគ្រូពេទ្យថា អាទិត្យក្រោយ ប្តីខ្ញុំអាចទៅធ្វើការបានហើយ។
10305802-n	khm:lemma	ពេទ្យ
10305802-n	khm:exe	ចាស លោកគ្រូពេទ្យថា អាទិត្យក្រោយ ប្តីខ្ញុំអាចទៅធ្វើការបានហើយ។
03710193-n	khm:lemma	ប្រអប់សំបុត្រ
03710193-n	khm:exe	ស្រុកខ្មែរមិនទាន់មានប្រអប់សំបុត្រសាធារណៈនៅឡើយទេ។
03989074-n	khm:lemma	ប្រអប់សំបុត្រ
03989074-n	khm:exe	ស្រុកខ្មែរមិនទាន់មានប្រអប់សំបុត្រសាធារណៈនៅឡើយទេ។
15136147-n	khm:lemma	អាទិត្យ
15136147-n	khm:exe	រាល់អាទិត្យ គាត់ទៅវត្ត១ដងយ៉ាងតិច។
15169873-n	khm:lemma	អាទិត្យ
15169873-n	khm:exe	រាល់អាទិត្យ គាត់ទៅវត្ត១ដងយ៉ាងតិច។
15211806-n	khm:lemma	ខែមិថុនា
15211806-n	khm:exe	នៅជប៉ុន ខែមិថុនាជារដូវភ្លៀងធ្លាក់សស្រិច។
04489008-n	khm:lemma	ខោ
04489008-n	khm:exe	ពាក់ស្បែកជើងផ្ទាត់ ផ្ទាត់ភក់ប្រឡាក់ខោអស់។
04230808-n	khm:lemma	សំពត់
04230808-n	khm:exe	យុវតីនេះចូលចិត្តស្លៀកសំពត់ខើចមុខខើចក្រោយ។
08544813-n	khm:lemma	ប្រទេស
08544813-n	khm:exe	ហេតុអ្វី នាងសម្រេចចិត្តទៅរៀនប្រទេសជប៉ុន?
08490199-n	khm:lemma	ប្រទេស
08490199-n	khm:exe	ហេតុអ្វី នាងសម្រេចចិត្តទៅរៀនប្រទេសជប៉ុន?
00081737-r	khm:lemma	រាល់ឆ្នាំ
00081737-r	khm:exe	រាល់ឆ្នាំ ប្រទេសនេះប្រារព្ធបុណ្យឯករាជ្យតាមខេត្តនីមួយៗរបស់ខ្លួន។
00018158-v	khm:lemma	ក្រោក
00018158-v	khm:exe	បាទ ក្រោកម៉ោង៤។
05538625-n	khm:lemma	ក្បាល
05538625-n	khm:exe	គេដេកបែរក្បាលទៅត្បូង។
02418686-v	khm:lemma	លេង
02418686-v	khm:exe	ខែមុន ខ្ញុំមិនបានដើរលេងសោះ។
04965661-n	khm:lemma	លឿង
04965661-n	khm:exe	ពណ៌លឿង និងពណ៌បៃតងជាពណ៌ជាតិរបស់ប្រទេសប្រេស៊ីល។
02561888-a	khm:lemma	ចង្អៀត
02561888-a	khm:exe	ផ្ទះចង្អៀត តែចិត្តម្ចាស់ផ្ទះទូលាយ។
00476663-a	khm:lemma	ចង្អៀត
00476663-a	khm:exe	ផ្ទះចង្អៀត តែចិត្តម្ចាស់ផ្ទះទូលាយ។
05137165-n	khm:lemma	កំពស់
05137165-n	khm:exe	ផ្ទៃរាងត្រីកោណ ស្មើនឹងបាតគុណនឹងកំពស់ ហើយចែកនឹង២។
05131647-n	khm:lemma	កំពស់
05131647-n	khm:exe	ផ្ទៃរាងត្រីកោណ ស្មើនឹងបាតគុណនឹងកំពស់ ហើយចែកនឹង២។
00009966-r	khm:lemma	សូម
00009966-r	khm:exe	សូមប្រយ័ត្នរបស់របរ នៅកនែ្លងដែលមានមនុស្សច្រើន។
00009966-r	khm:lemma	អញ្ជើញ
00009966-r	khm:exe	សូមអញ្ជើញ។
10103485-n	khm:lemma	ជនបរទេស
10103485-n	khm:exe	ជនបរទេសមកសុំទិដ្ឋាការនៅស្ថានទូតកម្ពុជា។
02958343-n	khm:lemma	ឡាន
02958343-n	khm:exe	ប្រយ័ត្ន! លោកស្ទើរតែត្រូវឡានកៀរ អម្បាញ់មិញ។
03924069-n	khm:lemma	ថាសចម្រៀង
03924069-n	khm:exe	សម័យនេះ គេឈប់ប្រើថាសចម្រៀងចាក់ពិគុបទៀតហើយ។
10332385-n	khm:lemma	ម្ដាយ
10332385-n	khm:exe	ម្ដាយនាងឈឺពេញដប់ខែ ស្រែនាងទាំងប៉ុន្មាននាងលក់មើលរោគម្ដាយអស់។
10332385-n	khm:lemma	ម្ដាយ
10332385-n	khm:exe	ម្ដាយនាងឈឺពេញដប់ខែ ស្រែនាងទាំងប៉ុន្មាននាងលក់មើលរោគម្ដាយអស់។
02410855-v	khm:lemma	ធ្វើការ
02410855-v	khm:exe	ឳពុកម្ដាយធ្វើការឥតស្រាក ដើម្បីចិញ្ចឹមកូន។
07668702-n	khm:lemma	សាច់ជ្រូក
07668702-n	khm:exe	ចាស មានគុយទាវ បបរ និងបាយសាច់ជ្រូក។
00081836-n	khm:lemma	ទិញអីវ៉ាន់
00081836-n	khm:exe	ទៅទិញអីវ៉ាន់សំរាប់ទៅបុណ្យស្អែក។
04203889-n	khm:lemma	ទិញអីវ៉ាន់
04203889-n	khm:exe	ទៅទិញអីវ៉ាន់សំរាប់ទៅបុណ្យស្អែក។
13836136-n	khm:lemma	លិច
13836136-n	khm:exe	ប្រទេសខ្មែរមានព្រំប្រទល់ខាងលិចទល់នឹងប្រទេសថៃ និងឈូងសមុទ្រសៀម។
02368336-a	khm:lemma	ផ្អែម
02368336-a	khm:exe	បបរស្ករនេះ បើថែមអំបិលបន្ដិច វានឹងផ្អែមឆ្ងាញ់។
04254777-n	khm:lemma	ស្រោមជើង
04254777-n	khm:exe	កូនសិស្សនេះមិនទាន់ចេះពាក់ស្រោមជើងនៅឡើយ។
01845229-v	khm:lemma	ធ្វើដំណើរ
01845229-v	khm:exe	គាត់ត្រូវការសំបុត្រឆ្លងដែន ដើម្បីធ្វើដំណើរទៅបរទេស។
01846916-v	khm:lemma	ធ្វើដំណើរ
01846916-v	khm:exe	គាត់ត្រូវការសំបុត្រឆ្លងដែន ដើម្បីធ្វើដំណើរទៅបរទេស។
01845720-v	khm:lemma	ធ្វើដំណើរ
01845720-v	khm:exe	គាត់ត្រូវការសំបុត្រឆ្លងដែន ដើម្បីធ្វើដំណើរទៅបរទេស។
00061203-r	khm:lemma	ក្រោយ
00061203-r	khm:exe	គ្រានោះ មានឈ្នួលម្នាក់លីវ៉ាលីសស្បែកមួយធំនៅលើស្មាឆ្វេងនិងយួរកូនវ៉ាលីសតូចមួយនៅដៃស្ដាំ ដើរតាមក្រោយស្ត្រីទាំងបីប្រាណ។
10112591-n	khm:lemma	មិត្ត
10112591-n	khm:exe	គាត់ទិញកាតប៉ុស្តាល់សំរាប់សរសេរទៅមិត្តគាត់។
08588294-n	khm:lemma	ក្នុង
08588294-n	khm:exe	ខ្ញុំត្រូវតែឆែកមើលខាងក្នុង។
08588152-n	khm:lemma	ក្នុង
08588152-n	khm:exe	ខ្ញុំត្រូវតែឆែកមើលខាងក្នុង។
77000021-n	khm:lemma	គាត់ឯង
77000021-n	khm:exe	យើងមិនបានធ្វើអ្វីដែលគាត់ឯងចោទនោះទេ។
77000021-n	khm:lemma	លោក
77000021-n	khm:exe	លោកអញ្ជើញពីខាងណាមានការអ្វីដែរបាទ?
02771169-v	khm:lemma	ស្រឡះ
02771169-v	khm:exe	មេឃស្រឡះគ្មានពពកមួយដុំសោះ។
77000061-a	khm:lemma	នេះ
77000061-a	khm:exe	យកមេរៀននេះទៅថតចម្លងចែកគ្នារៀន។
80001619-a	khm:lemma	នេះ
80001619-a	khm:exe	យកមេរៀននេះទៅថតចម្លងចែកគ្នារៀន។
77000075-a	khm:lemma	នេះ
77000075-a	khm:exe	យកមេរៀននេះទៅថតចម្លងចែកគ្នារៀន។
04018667-n	khm:lemma	បន្ទប់ទឹក
04018667-n	khm:exe	បន្ទប់ទឹកសាធារណៈយកលុយ។
08649345-n	khm:lemma	ទទឹង
08649345-n	khm:exe	ផ្លូវជាតិនេះធំ ទទឹងផ្លូវបើកឡាន៤ទន្ទឹមគ្នាបាន។
08649345-n	khm:lemma	ម្តុំ
08649345-n	khm:exe	ផ្ទះវីឡាម្តុំទួលគោក មានសួនច្បារធំៗ។
08649345-n	khm:lemma	ក្បែរ
08649345-n	khm:exe	សូផាតដោះចិញ្ចៀនទុកនៅក្បែរពាងទឹក។
05136150-n	khm:lemma	ទទឹង
05136150-n	khm:exe	ផ្លូវជាតិនេះធំ ទទឹងផ្លូវបើកឡាន៤ទន្ទឹមគ្នាបាន។
15211484-n	khm:lemma	ខែឧសភា
15211484-n	khm:exe	នៅជប៉ុន ខែឧសភាមានថ្ងៃឈប់ជាប់ៗគ្នាច្រើនជាងគេ។
05563770-n	khm:lemma	ដៃ
05563770-n	khm:exe	ប៉ុនកំភួនដៃ។
15165490-n	khm:lemma	ពេលថ្ងៃ
15165490-n	khm:exe	ញ៉ាំបាយពេលថ្ងៃហើយ ទន់ត្របកភ្នែក។
04272054-n	khm:lemma	វ៉ែនតា
04272054-n	khm:exe	បើមិនពាក់វ៉ែនតា គាត់មើលអក្សរមិនឃើញទេ។
80000746-n	khm:lemma	អក្សរចិន
80000746-n	khm:exe	ខ្ញុំហាត់សរសេរអក្សរចិន។
10287213-n	khm:lemma	ប្រុស
10287213-n	khm:exe	គាត់មានបងប្អូនប្រុស៣នាក់​ហើយគាត់ជាកូនច្បង។
09624168-n	khm:lemma	ប្រុស
09624168-n	khm:exe	គាត់មានបងប្អូនប្រុស៣នាក់​ហើយគាត់ជាកូនច្បង។
15164105-n	khm:lemma	ថ្ងៃអង្គារ
15164105-n	khm:exe	តាមជំនឿ គេមិនបូជាសពថ្ងៃអង្គារទេ។
77000099-n	khm:lemma	ទាំងអស់គ្នា
77000099-n	khm:exe	អ្នកភូមិទាំងអស់គ្នារួមគ្នាលើកថ្នល់។
00479391-v	khm:lemma	លុប
00479391-v	khm:exe	គាត់លុបអក្សរចោល។
03238879-n	khm:lemma	អាវសឺមី
03238879-n	khm:exe	ឯកសណ្ឋានសិស្សគឺខោខៀវអាវសឺមីស។
02412164-a	khm:lemma	ស្ដើង
02412164-a	khm:exe	នៅខែក្ដៅ គេស្លៀកពាក់អាវស្ដើង។
02414188-a	khm:lemma	ស្ដើង
02414188-a	khm:exe	នៅខែក្ដៅ គេស្លៀកពាក់អាវស្ដើង។
08489627-n	khm:lemma	កន្លែងនោះ
08489627-n	khm:exe	កន្លែងនោះគ្មានអ្វីសំគាល់ឲ្យស្រួលរកសោះ។
01168468-v	khm:lemma	ញ៉ាំ
01168468-v	khm:exe	ញ៉ាំបាយពេលថ្ងៃហើយ ទន់ត្របកភ្នែក។
01166351-v	khm:lemma	ញ៉ាំ
01166351-v	khm:exe	ញ៉ាំបាយពេលថ្ងៃហើយ ទន់ត្របកភ្នែក។
01179865-v	khm:lemma	ញ៉ាំ
01179865-v	khm:exe	ញ៉ាំបាយពេលថ្ងៃហើយ ទន់ត្របកភ្នែក។
15122231-n	khm:lemma	ពេល
15122231-n	khm:exe	ការខ្សិបសួរគ្នាក្នុងពេលប្រឡង នឹងត្រូវពិន័យ។
02818832-n	khm:lemma	គ្រែ
02818832-n	khm:exe	មន្ទីរពេទ្យនេះមាន១០០គ្រែ។
90000503-n	khm:lemma	ឆ្នាំក្រោយ
90000503-n	khm:exe	បវេសនកាលឆ្នាំក្រោយ គាត់ចូលរៀនថ្នាក់បណ្ឌិត។
08168367-n	khm:lemma	បរទេស
08168367-n	khm:exe	គាត់ត្រូវការសំបុត្រឆ្លងដែន ដើម្បីធ្វើដំណើរទៅបរទេស។
02560548-a	khm:lemma	ទូលាយ
02560548-a	khm:exe	ផ្ទះចង្អៀត តែចិត្តម្ចាស់ផ្ទះទូលាយ។
01384212-a	khm:lemma	ទូលាយ
01384212-a	khm:exe	ផ្ទះចង្អៀត តែចិត្តម្ចាស់ផ្ទះទូលាយ។
01031256-v	khm:lemma	ផ្ញើ
01031256-v	khm:exe	អញ្ចឹង សុំផ្ញើអីវ៉ាន់នេះ បានទេ?
01995211-v	khm:lemma	ផ្ញើ
01995211-v	khm:exe	អញ្ចឹង សុំផ្ញើអីវ៉ាន់នេះ បានទេ?
00255710-n	khm:lemma	បោកគក់
00255710-n	khm:exe	រាល់ថ្ងៃអាទិត្យ ខ្ញុំបោកគក់ខោអាវច្រើន។
07110457-n	khm:lemma	រឿង
07110457-n	khm:exe	លោកគ្រូ រឿងចុះបំពេញកម្មសិក្សារបស់ខ្ញុំ យ៉ាងម៉េចដែរ?
00893243-n	khm:lemma	រឿង
00893243-n	khm:exe	លោកគ្រូ រឿងចុះបំពេញកម្មសិក្សារបស់ខ្ញុំ យ៉ាងម៉េចដែរ?
07221094-n	khm:lemma	រឿង
07221094-n	khm:exe	លោកគ្រូ រឿងចុះបំពេញកម្មសិក្សារបស់ខ្ញុំ យ៉ាងម៉េចដែរ?
07139316-n	khm:lemma	រឿង
07139316-n	khm:exe	លោកគ្រូ រឿងចុះបំពេញកម្មសិក្សារបស់ខ្ញុំ យ៉ាងម៉េចដែរ?
00031798-r	khm:lemma	ហើយ
00031798-r	khm:exe	អង្គប្រជុំចាប់ផ្ដើមហើយ សូមស្ងាត់។
07555863-n	khm:lemma	ម្ហូបអាហារ
07555863-n	khm:exe	ម្ហូបអាហារអឺរ៉ុបប្រើទឹកដោះគោច្រើន។
07560652-n	khm:lemma	ម្ហូបអាហារ
07560652-n	khm:exe	ម្ហូបអាហារអឺរ៉ុបប្រើទឹកដោះគោច្រើន។
00157412-r	khm:lemma	ពេលខ្លះ
00157412-r	khm:exe	រថភ្លើងរត់ទៀងម៉ោងណាស់ តែពេលខ្លះក៏មានយឺតដែរ។
00021212-r	khm:lemma	ពេលខ្លះ
00021212-r	khm:exe	រថភ្លើងរត់ទៀងម៉ោងណាស់ តែពេលខ្លះក៏មានយឺតដែរ។
03740161-n	khm:lemma	ថ្នាំ
03740161-n	khm:exe	ថ្នាំបុរាណព្យាបាលជម្ងឺបានស័ក្តិសិទ្ធិ។
02318272-a	khm:lemma	ត្រង់
02318272-a	khm:exe	ផ្លូវហ្នឹងហើយចៅ ចៅដើរឲ្យត្រង់ទៅ។
02310895-a	khm:lemma	ត្រង់
02310895-a	khm:exe	ផ្លូវហ្នឹងហើយចៅ ចៅដើរឲ្យត្រង់ទៅ។
02314584-a	khm:lemma	ត្រង់
02314584-a	khm:exe	ផ្លូវហ្នឹងហើយចៅ ចៅដើរឲ្យត្រង់ទៅ។
10787470-n	khm:lemma	ស្រី
10787470-n	khm:exe	បាទ អារីប្អូនស្រីខ្ញុំ និងពួកម៉ាកវា ដែលនាំបងស្រីមកជាមួយដែរ។
10736091-n	khm:lemma	ពូ
10736091-n	khm:exe	ខ្ញុំមានពូ៣នាក់។
04404997-n	khm:lemma	កាមេរ៉ា
04404997-n	khm:exe	កាមេរ៉ាផលិតនៅស្រុកជប៉ុន តូចៗស្អាតណាស់់
02942699-n	khm:lemma	កាមេរ៉ា
02942699-n	khm:exe	កាមេរ៉ាផលិតនៅស្រុកជប៉ុន តូចៗស្អាតណាស់់
04370048-n	khm:lemma	អាវរងារ
04370048-n	khm:exe	ពាក់អាវរងារោមចៀមហើយ នៅមិនបាត់រងាទៀត។
02626604-v	khm:lemma	ក្លាយជា
02626604-v	khm:exe	ការសេពគប់មិត្តល្អ ធ្វើឲ្យកូនគាត់ក្លាយជាក្មេងស្លូតបូត។
02623529-v	khm:lemma	ក្លាយជា
02623529-v	khm:exe	ការសេពគប់មិត្តល្អ ធ្វើឲ្យកូនគាត់ក្លាយជាក្មេងស្លូតបូត។
04398497-n	khm:lemma	ហាងកាហ្វេ
04398497-n	khm:exe	ហាងកាហ្វេក៏មានធ្វើគុយទាវ និងបាយដែរ។
00081591-r	khm:lemma	រាល់អាទិត្យ
00081591-r	khm:exe	រាល់អាទិត្យ គាត់ទៅវត្ត១ដងយ៉ាងតិច។
01535246-v	khm:lemma	ជូត
01535246-v	khm:exe	គេជូតកញ្ចក់ដោយប្រើកាសែតចាស់ជ្រលក់ទឹក។
01535246-v	khm:lemma	បោក
01535246-v	khm:exe	បាទ លុបមុខ បោសសំអាតផ្ទះ បោកខោអាវ ហើយរៀបចំបាយព្រឹកសម្រាប់់ប្រពន្ធកូនខ្ញុំ។
00036362-v	khm:lemma	ជូត
00036362-v	khm:exe	គេជូតកញ្ចក់ដោយប្រើកាសែតចាស់ជ្រលក់ទឹក។
01536168-v	khm:lemma	ជូត
01536168-v	khm:exe	គេជូតកញ្ចក់ដោយប្រើកាសែតចាស់ជ្រលក់ទឹក។
00606093-v	khm:lemma	ហាត់
00606093-v	khm:exe	ខ្ញុំហាត់សរសេរអក្សរចិន។
01723224-v	khm:lemma	ហាត់
01723224-v	khm:exe	ខ្ញុំហាត់សរសេរអក្សរចិន។
15156187-n	khm:lemma	ម្សិលមិញ
15156187-n	khm:exe	ធីតា ហេតុអ្វីបានជានាងឈប់ មិនមកម្សិលមិញ?
01919428-a	khm:lemma	ស្ងាត់
01919428-a	khm:exe	ប៉ូលីសដើរល្បាតតាមកន្លែងស្ងាត់។
01918984-a	khm:lemma	ស្ងាត់
01918984-a	khm:exe	ប៉ូលីសដើរល្បាតតាមកន្លែងស្ងាត់។
04437953-n	khm:lemma	នាឡិកា
04437953-n	khm:exe	នាឡិកាប៉ោលវាយម៉ោង១២ថ្ងៃត្រង់។
03046257-n	khm:lemma	នាឡិកា
03046257-n	khm:exe	នាឡិកាប៉ោលវាយម៉ោង១២ថ្ងៃត្រង់។
04350905-n	khm:lemma	អាវធំ
04350905-n	khm:exe	ពាក់អាវធំមើលទៅសង្ហារ។
00409440-a	khm:lemma	ចាស់
00409440-a	khm:exe	ផ្លូវខ្សាច់មួយ សំរាប់នាំអ្នកដើរចុះពីថ្នល់ធំទៅកាន់ជណ្ដើរឈើដែលលាបពណ៌ខៀវចាស់។
00842199-a	khm:lemma	ខ្លាំង
00842199-a	khm:exe	ភ្លៀងខ្យល់ខ្លាំង បាំងឆត្រមិនជិតទេ។
15163979-n	khm:lemma	ថ្ងៃចន្ទ
15163979-n	khm:exe	ជាទូទៅថ្ងៃចន្ទ ក្មេងច្រើនយំក្រាញមិនទៅសាលា។
00059413-r	khm:lemma	ឧស្សាហ៍
00059413-r	khm:exe	សំណាងឧស្សាហ៍ចូលមកញឹកញយសួរលោកសួន។
00035058-r	khm:lemma	ឧស្សាហ៍
00035058-r	khm:exe	សំណាងឧស្សាហ៍ចូលមកញឹកញយសួរលោកសួន។
05687338-n	khm:lemma	សំណួរ
05687338-n	khm:exe	មានច្បាប់មែន តែសំណួរស្ថិតនៅត្រង់ការអនុវត្តន៍។
06784003-n	khm:lemma	សំណួរ
06784003-n	khm:exe	មានច្បាប់មែន តែសំណួរស្ថិតនៅត្រង់ការអនុវត្តន៍។
03281145-n	khm:lemma	អាស់សង់ស័រ
03281145-n	khm:exe	មនុស្សជិះអាស់សង់សឺរច្រើនលើសកំរឹត វាមិនដើរទេ។
05320899-n	khm:lemma	ត្រចៀក
05320899-n	khm:exe	នាងជឿជាក់ពាក្យលោកសួនពីរោះឈ្ងុយឆ្ងាញ់ចុកក្នុងត្រចៀកនាង។
00007846-n	khm:lemma	អ្នកណាគេ
00007846-n	khm:exe	អ្នកណាគេថ្លើមធំហ៊ានហែកសំបុត្រយើងមើល?
03436182-n	khm:lemma	ម៉ាញេ
03436182-n	khm:exe	ម៉ាញេវ៉ាត់ធំ ស្តាប់ពិរោះ។
04284002-n	khm:lemma	ស្លាបព្រា
04284002-n	khm:exe	យួនប្រើចង្កើះស៊ីបាយជំនួសស្លាបព្រា។
13134947-n	khm:lemma	ផ្លែឈើ
13134947-n	khm:exe	ផ្សារចាស់មានលក់ផ្លែឈើច្រើនមុខ។
11683989-n	khm:lemma	ផ្លែឈើ
11683989-n	khm:exe	ផ្សារចាស់មានលក់ផ្លែឈើច្រើនមុខ។
02730813-v	khm:lemma	ថា
02730813-v	khm:exe	ពាក្យចាស់លោកថា ប្រហែសបាត់ ប្រយ័ត្នគង់។
01009240-v	khm:lemma	ថា
01009240-v	khm:exe	ពាក្យចាស់លោកថា ប្រហែសបាត់ ប្រយ័ត្នគង់។
00941990-v	khm:lemma	ថា
00941990-v	khm:exe	ពាក្យចាស់លោកថា ប្រហែសបាត់ ប្រយ័ត្នគង់។
00979870-v	khm:lemma	ថា
00979870-v	khm:exe	ពាក្យចាស់លោកថា ប្រហែសបាត់ ប្រយ័ត្នគង់។
09854218-n	khm:lemma	បងប្អូនស្រី
09854218-n	khm:exe	បងប្អូនស្រីគេនេះ មិនដែលឈ្លោះទាស់គ្នាទេ។
04507155-n	khm:lemma	ឆត្រ
04507155-n	khm:exe	ចាស ពីព្រោះខ្យល់ខាំ្លងធ្វើឲ្យឆ័ត្រខូចអស់។
02229324-a	khm:lemma	មិនពូកែ
02229324-a	khm:exe	គាត់មិនពូកែច្រៀង។
01870636-a	khm:lemma	មិនពូកែ
01870636-a	khm:exe	គាត់មិនពូកែច្រៀង។
01128103-a	khm:lemma	មិនពូកែ
01128103-a	khm:exe	គាត់មិនពូកែច្រៀង។
02229000-a	khm:lemma	មិនពូកែ
02229000-a	khm:exe	គាត់មិនពូកែច្រៀង។
15270431-n	khm:lemma	ម៉ោង
15270431-n	khm:exe	ចំនួនប្រាំម៉ោងក្រោយមកគ្រូពេទ្យអញ្ជើញមកដល់។
15227846-n	khm:lemma	ម៉ោង
15227846-n	khm:exe	ចំនួនប្រាំម៉ោងក្រោយមកគ្រូពេទ្យអញ្ជើញមកដល់។
15269513-n	khm:lemma	ម៉ោង
15269513-n	khm:exe	ចំនួនប្រាំម៉ោងក្រោយមកគ្រូពេទ្យអញ្ជើញមកដល់។
00744916-a	khm:lemma	ពិបាក
00744916-a	khm:exe	ការងារណា ពិបាកជាងគេ?
04401088-n	khm:lemma	ទូរស័ព្ទ
04401088-n	khm:exe	ចាស សូមបំពេញអាស័យដ្ឋាន ឈ្មោះ លេខទូរស័ព្ទ ហើយចុះហត្ថលេខាផង។
06272803-n	khm:lemma	ទូរស័ព្ទ
06272803-n	khm:exe	ចាស សូមបំពេញអាស័យដ្ឋាន ឈ្មោះ លេខទូរស័ព្ទ ហើយចុះហត្ថលេខាផង។
02870092-n	khm:lemma	សៀវភៅ
02870092-n	khm:exe	ខ្ញុំអានសៀវភៅចាំ។
06410904-n	khm:lemma	សៀវភៅ
06410904-n	khm:exe	ខ្ញុំអានសៀវភៅចាំ។
09972010-n	khm:lemma	បងប្អូនជីដូនមួយ
09972010-n	khm:exe	នៅស្រុកជប៉ុន បងប្អូនជីដូនមួយគេមិនសូវរាប់គ្នាដូចនៅស្រុកខ្មែរទេ។
14974264-n	khm:lemma	ក្រដាស
14974264-n	khm:exe	សូមបំពេញបែបបទក្នុងក្រដាសនេះ។
80000677-n	khm:lemma	ក្រដាស
80000677-n	khm:exe	សូមបំពេញបែបបទក្នុងក្រដាសនេះ។
06255777-n	khm:lemma	ក្រដាស
06255777-n	khm:exe	សូមបំពេញបែបបទក្នុងក្រដាសនេះ។
04960277-n	khm:lemma	ខ្មៅ
04960277-n	khm:exe	លោកចូលចិត្តកាហ្វេខ្មៅមែនឬ?
02770717-v	khm:lemma	ស្រទំ
02770717-v	khm:exe	យើងបន់ឲ្យមេឃស្រទំ ព្រោះថ្ងៃក្ដៅពេក។
02529945-a	khm:lemma	ត្រជាក់
02529945-a	khm:exe	ខែមករាមានអាកាសធាតុត្រជាក់ស្ងួតស្រួលដើរកំសាន្ដ។
02207206-v	khm:lemma	ទិញ
02207206-v	khm:exe	ឥឡូវមិនងាយរកទិញហ្វីលម៍សខ្មៅទេ។
02208265-v	khm:lemma	ទិញ
02208265-v	khm:exe	ឥឡូវមិនងាយរកទិញហ្វីលម៍សខ្មៅទេ។
00422620-a	khm:lemma	កខ្វក់
00422620-a	khm:exe	ផ្ទះឡើងកខ្វក់ អត់បោសជូតសោះ។
01908889-a	khm:lemma	កខ្វក់
01908889-a	khm:exe	ផ្ទះឡើងកខ្វក់ អត់បោសជូតសោះ។
00419289-a	khm:lemma	កខ្វក់
00419289-a	khm:exe	ផ្ទះឡើងកខ្វក់ អត់បោសជូតសោះ។
01345109-v	khm:lemma	បិទ
01345109-v	khm:exe	ទ្វារចូលវត្តពីខាងត្បូងត្រូវគេបិទ។
01960911-v	khm:lemma	ហែល
01960911-v	khm:exe	អ្ហា លោកពូកែហែលទឹក មែនទេ?
00933154-a	khm:lemma	ថ្លៃ
00933154-a	khm:exe	មួយម៉ឺនប្រាំពាន់រៀលឬ? ថ្លៃម៉្លេះ?
04199027-n	khm:lemma	ស្បែកជើង
04199027-n	khm:exe	ហើយពេលចូលទៅក្នុងវិហារ ត្រូវដោះស្បែកជើងទៀតផង។
07823951-n	khm:lemma	សម្លការី
07823951-n	khm:exe	ញ៉ាំសម្លការីជាមួយនំបញ្ចុក និងនំបុ័ង។
05598147-n	khm:lemma	ច្រមុះ
05598147-n	khm:exe	គាត់ផ្ដាសាយតឹងច្រមុះ និយាយសម្លេងក្ងួរ។
05658826-n	khm:lemma	ច្រមុះ
05658826-n	khm:exe	គាត់ផ្ដាសាយតឹងច្រមុះ និយាយសម្លេងក្ងួរ។
06947032-n	khm:lemma	ភាសាអង់គ្លេស
06947032-n	khm:exe	ក្នុងពិភពលោក ភាសាអង់គ្លេសត្រូវគេនិយាយច្រើនជាងគេ។
07575726-n	khm:lemma	បាយល្ងាច
07575726-n	khm:exe	គាត់ចង់ស្គម រាល់បាយល្ងាច ហូបតែបបរសត្រីងៀតប៉ុណ្ណោះ។
07575726-n	khm:lemma	បាយល្ងាច
07575726-n	khm:exe	បាយល្ងាចសំបូរម្ហូបជាងបាយថ្ងៃត្រង់។
03485794-n	khm:lemma	កន្សែងដៃ
03485794-n	khm:exe	កុមារីចេះប៉ាក់ផ្កាលើកន្សែងដៃ។
01198101-v	khm:lemma	ជក់
01198101-v	khm:exe	ហាមជក់បារី។
02741003-v	khm:lemma	ពាក់
02741003-v	khm:exe	បើមិនពាក់វ៉ែនតា គាត់មើលអក្សរមិនឃើញទេ។
01206474-a	khm:lemma	ទាប
01206474-a	khm:exe	ឆ្កែឈរ ទាបជាងអង្គុយ។
13832355-n	khm:lemma	កើត
13832355-n	khm:exe	មេឃក្រហមព្រឿងៗឯកើត បក្សីស្រែកខ្ញៀវខ្ញារ។
11525955-n	khm:lemma	ខ្យល់
11525955-n	khm:exe	ស្រុកខែ្មរ ទទួលឥទ្ឋិពលមូស្សុងធ្វើឲ្យមានភ្លៀងខ្យល់ខាំ្លង។
02324182-v	khm:lemma	ឲ្យខ្ចី
02324182-v	khm:exe	គាត់កំណាញ់មិនឲ្យខ្ចីរបស់របរគាត់ទេ។
01437963-a	khm:lemma	វែង
01437963-a	khm:exe	ទូដាក់សៀវភៅនេះវែង ហើយមាន៧ជាន់។
01433493-a	khm:lemma	វែង
01433493-a	khm:exe	ទូដាក់សៀវភៅនេះវែង ហើយមាន៧ជាន់។
01444022-a	khm:lemma	វែង
01444022-a	khm:exe	ទូដាក់សៀវភៅនេះវែង ហើយមាន៧ជាន់។
80001077-n	khm:lemma	ប៉ុន្មាន
80001077-n	khm:exe	ធីតា ចំនួនប្រជារាស្រ្តនៅព្រះរាជាណាចក្រកម្ពុជា មានប៉ុន្មាននាក់?
80001077-n	khm:lemma	ប៉ុន្មាន
80001077-n	khm:exe	សំបុត្រទៅកាណាដាបិទតែមប្រ៍ថ្លៃប៉ុន្មាន?
10665698-n	khm:lemma	សិស្ស
10665698-n	khm:exe	សិស្សឈរតម្រៀបគ្នា គោរពទង់ជាតិ។
10665698-n	khm:lemma	និស្សិត
10665698-n	khm:exe	និស្សិតឆ្នាំទី៤កំពុងចុះកម្មសិក្សា។
10251779-n	khm:lemma	សិស្ស
10251779-n	khm:exe	សិស្សឈរតម្រៀបគ្នា គោរពទង់ជាតិ។
08615374-n	khm:lemma	សួនច្បារ
08615374-n	khm:exe	ក្រុងភ្នំពេញមានសួនច្បារសាធារណៈច្រើន។
77000064-n	khm:lemma	មួយណា
77000064-n	khm:exe	អញ្ចឹង ក្នុងចំណោមកីឡាទាំងអស់ លោកចូលចិត្តមួយណាជាងគេ?
03290771-n	khm:lemma	មាត់ទ្វារ
03290771-n	khm:exe	ទ្វារផ្ទះបោរបិទមិនជិត។
03290771-n	khm:lemma	ទ្វារចូល
03290771-n	khm:exe	ទ្វារចូលវត្តពីខាងត្បូងត្រូវគេបិទ។
06409752-n	khm:lemma	តែងសេចក្ដី
06409752-n	khm:exe	ក្នុងវិញ្ញាសាតែងសេចក្តី ខ្ញុំបានពិន្ទុមធ្យម។
10286084-n	khm:lemma	បងប្អូនប្រុស
10286084-n	khm:exe	គាត់មានបងប្អូនប្រុស៣នាក់​ហើយគាត់ជាកូនច្បង។
09876454-n	khm:lemma	បងប្អូនប្រុស
09876454-n	khm:exe	គាត់មានបងប្អូនប្រុស៣នាក់​ហើយគាត់ជាកូនច្បង។
80001731-n	khm:lemma	និស្សិតបរទេស
80001731-n	khm:exe	និសិ្សតបរទេសនិយាយភាសាខ្មែរបានល្អណាស់។
77000031-n	khm:lemma	ពួកគេ
77000031-n	khm:exe	គ្រូៗសាលានេះកំពុងជួបគ្នា ដើម្បីរើសប្រធានរបស់ពួកគេ។
00934199-a	khm:lemma	ថោក
00934199-a	khm:exe	តែឲ្យថោកជាងមុនបន្តិច។
00935103-a	khm:lemma	ថោក
00935103-a	khm:exe	តែឲ្យថោកជាងមុនបន្តិច។
02747802-n	khm:lemma	ចានគោះបារី
02747802-n	khm:exe	ទិញបារីនេះមួយសុង គេលើសឲ្យចានគោះបារីមួយ។
15213115-n	khm:lemma	ខែតុលា
15213115-n	khm:exe	ថ្ងៃសៅរ៍ទីមួយ ខែតុលា ឆ្នាំពីរពាន់ប្រាំ
15203791-n	khm:lemma	ឆ្នាំ
15203791-n	khm:exe	រៀននៅស្រុកជប៉ុនមួយឆ្នាំ យ៉ាងម៉េចដែរ?
03619890-n	khm:lemma	ផ្ទះបាយ
03619890-n	khm:exe	ផ្ទះបាយត្រូវសង់ដាច់ពីកន្លែងនៅ កុំឲ្យធំក្លិនផ្សែង។
00273734-v	khm:lemma	បង្រៀន
00273734-v	khm:exe	ភិក្ខុទាំងប៉ុន្មានសឹងស្រុះស្រួលគ្រប់អង្គជួយចិញ្ចឹមនិងបង្រៀនសូផាត។
00829107-v	khm:lemma	បង្រៀន
00829107-v	khm:exe	ភិក្ខុទាំងប៉ុន្មានសឹងស្រុះស្រួលគ្រប់អង្គជួយចិញ្ចឹមនិងបង្រៀនសូផាត។
00963570-v	khm:lemma	និយាយ
00963570-v	khm:exe	គាត់ផ្ដាសាយតឹងច្រមុះ និយាយសម្លេងក្ងួរ។
00815686-v	khm:lemma	ឆ្លើយ
00815686-v	khm:exe	គាត់ឆ្លើយមិនចំសំណួរ។
00635523-v	khm:lemma	ឆ្លើយ
00635523-v	khm:exe	គាត់ឆ្លើយមិនចំសំណួរ។
03417345-n	khm:lemma	សួនច្បារ
03417345-n	khm:exe	ផ្ទះវីឡាម្តុំទួលគោក មានសួនច្បារធំៗ។
03417749-n	khm:lemma	សួនច្បារ
03417749-n	khm:exe	ផ្ទះវីឡាម្តុំទួលគោក មានសួនច្បារធំៗ។
01775164-v	khm:lemma	ស្រឡាញ់
01775164-v	khm:exe	ប៉ានាងស្រឡាញ់កូនស្រីណាស់ មើលទៅ។
01828736-v	khm:lemma	ស្រឡាញ់
01828736-v	khm:exe	ប៉ានាងស្រឡាញ់កូនស្រីណាស់ មើលទៅ។
06418901-n	khm:lemma	វចនានុក្រម
06418901-n	khm:exe	ទេវី វចនានុក្រមអេឡិចត្រូនិចនេះ របស់អ្នកណា?
15164570-n	khm:lemma	ថ្ងៃសៅរ៍
15164570-n	khm:exe	ថ្ងៃសៅរ៍ល្ងាចៗ មានមនុស្សដើរលេងតាមមាត់ទន្លេច្រើន។
00284798-n	khm:lemma	ដើរលេង
00284798-n	khm:exe	ថ្ងៃសៅរ៍ល្ងាចៗ មានមនុស្សដើរលេងតាមមាត់ទន្លេច្រើន។
00284101-n	khm:lemma	ដើរលេង
00284101-n	khm:exe	ថ្ងៃសៅរ៍ល្ងាចៗ មានមនុស្សដើរលេងតាមមាត់ទន្លេច្រើន។
01712704-v	khm:lemma	ធ្វើ
01712704-v	khm:exe	ចាសទេ ការងារផ្សេង ក៏ខ្ញុំធ្វើដែរ។
08277393-n	khm:lemma	សាលា
08277393-n	khm:exe	ជាទូទៅថ្ងៃចន្ទ ក្មេងច្រើនយំក្រាញមិនទៅសាលា។
08276720-n	khm:lemma	សាលា
08276720-n	khm:exe	ជាទូទៅថ្ងៃចន្ទ ក្មេងច្រើនយំក្រាញមិនទៅសាលា។
00161630-r	khm:lemma	យឺត
00161630-r	khm:exe	ជួនកាលមានរទេះអូសមួយៗរត់យឺតៗ ដោយអ្នកអូសអស់កម្លាំងខ្លាំងពេកណាស់។
90000506-n	khm:lemma	អាទិត្យមុន
90000506-n	khm:exe	អាទិត្យមុន យើងមិនបានឈប់១ថ្ងៃសោះ។
03057021-n	khm:lemma	អាវធំ
03057021-n	khm:exe	អាវធំនេះធ្វើពីឡែន។
03057021-n	khm:lemma	អាវរងារ
03057021-n	khm:exe	ខែរងានេះ មិនត្រជាក់ដល់ពាក់អាវរងាពេញមួយថ្ងៃទេ។
03589791-n	khm:lemma	អាវធំ
03589791-n	khm:exe	អាវធំនេះធ្វើពីឡែន។
06929279-n	khm:lemma	ភាសាជប៉ុន
06929279-n	khm:exe	ឥឡូវ ចេះភាសាជប៉ុនច្រើនហើយឬ?
03303965-n	khm:lemma	ទ្វារចេញ
03303965-n	khm:exe	យើងណាត់ជួបគ្នានៅត្រង់ទ្វារចេញ។
10142391-n	khm:lemma	តា
10142391-n	khm:exe	ក្មេងៗស្ដាប់ចំហរមាត់លោកតានិទានរឿងសុភាទន្សាយ។
07934530-n	khm:lemma	ទឹកតែលីបតុង
07934530-n	khm:exe	ញ៉ាំគុយទាវពេលព្រឹក និងផឹកតែលីបតុងក្រូចឆ្មារ ឆ្ងាញ់ណាស់។
07933274-n	khm:lemma	ទឹកតែលីបតុង
07933274-n	khm:exe	ញ៉ាំគុយទាវពេលព្រឹក និងផឹកតែលីបតុងក្រូចឆ្មារ ឆ្ងាញ់ណាស់។
07933274-n	khm:lemma	ទឹកតែ
07933274-n	khm:exe	គាត់មិនចេះឆុងតែជប៉ុនទេ ប៉ុន្ដែចូលចិត្ដផឹកតែជប៉ុនណាស់។
07989373-n	khm:lemma	ប្ដីប្រពន្ធ
07989373-n	khm:exe	ចាស់ទុំផ្សំផ្គុំឲ្យបានគ្នាជាប្ដីប្រពន្ធ។
10146559-n	khm:lemma	ហាងលក់បន្លែ
10146559-n	khm:exe	ហាងលក់បន្លែនេះចូលច្រើនតែបរទេស។
03457686-n	khm:lemma	ហាងលក់បន្លែ
03457686-n	khm:exe	ហាងលក់បន្លែនេះចូលច្រើនតែបរទេស។
03147509-n	khm:lemma	ពែងកែវ
03147509-n	khm:exe	ពែងកែវនេះ ផឹកកាហ្វេឆ្ងាញ់ណាស់។
03972524-n	khm:lemma	កាប៉ៅ
03972524-n	khm:exe	អាចារ្យនេះពាក់អាវកាប៉ៅ៤។
04968895-n	khm:lemma	ខៀវ
04968895-n	khm:exe	ឯកសណ្ឋានសិស្សគឺខោខៀវអាវសឺមីស។
01555416-a	khm:lemma	តិច
01555416-a	khm:exe	រាល់អាទិត្យ គាត់ទៅវត្ត១ដងយ៉ាងតិច។
01552885-a	khm:lemma	តិច
01552885-a	khm:exe	រាល់អាទិត្យ គាត់ទៅវត្ត១ដងយ៉ាងតិច។
00017865-v	khm:lemma	ដេក
00017865-v	khm:exe	យប់មិញ ដេកជ្រុលមិនបានមើលរឿងតាមទូរទស្សន៍។
00450147-a	khm:lemma	ជិត
00450147-a	khm:exe	ផ្ទះគាត់នៅជិតស្ថានីយរថភ្លើង ងាយស្រួលធ្វើដំណើរណាស់។
00444519-a	khm:lemma	ជិត
00444519-a	khm:exe	ផ្ទះគាត់នៅជិតស្ថានីយរថភ្លើង ងាយស្រួលធ្វើដំណើរណាស់។
00445169-a	khm:lemma	ជិត
00445169-a	khm:exe	ផ្ទះគាត់នៅជិតស្ថានីយរថភ្លើង ងាយស្រួលធ្វើដំណើរណាស់។
00584367-n	khm:lemma	ការងារ
00584367-n	khm:exe	មិនត្រឹមតែប៉ុណ្ណឹងទេ គាត់ក៏ឧស្សាហ៍ការងារទៀតផង។
07574602-n	khm:lemma	បាយព្រឹក
07574602-n	khm:exe	បាទ លុបមុខ បោសសំអាតផ្ទះ បោកខោអាវ ហើយរៀបចំបាយព្រឹកសម្រាប់់ប្រពន្ធកូនខ្ញុំ។
08078020-n	khm:lemma	ក្រុមគ្រួសារ
08078020-n	khm:exe	ក្នុងក្រុមគ្រួសារយើង យាយអាយុច្រើនជាងគេ។
10236304-n	khm:lemma	ក្រុមគ្រួសារ
10236304-n	khm:exe	ក្នុងក្រុមគ្រួសារយើង យាយអាយុច្រើនជាងគេ។
07970406-n	khm:lemma	ក្រុមគ្រួសារ
07970406-n	khm:exe	ក្នុងក្រុមគ្រួសារយើង យាយអាយុច្រើនជាងគេ។
07970406-n	khm:lemma	ក្រុមគ្រួសារ
07970406-n	khm:exe	បរិយាកាសក្នុងក្រុមគ្រួសារយើងកក់ក្តៅណាស់។
04197391-n	khm:lemma	អាវ
04197391-n	khm:exe	អាវយឺតនេះ ថ្លៃប៉ុន្មាន?
09918248-n	khm:lemma	កូន
09918248-n	khm:exe	ការសេពគប់មិត្តល្អ ធ្វើឲ្យកូនគាត់ក្លាយជាក្មេងស្លូតបូត។
12212361-n	khm:lemma	បន្លែ
12212361-n	khm:exe	ហាងលក់បន្លែនេះចូលច្រើនតែបរទេស។
07707451-n	khm:lemma	បន្លែ
07707451-n	khm:exe	ហាងលក់បន្លែនេះចូលច្រើនតែបរទេស។
03365991-n	khm:lemma	ជាន់
03365991-n	khm:exe	ខ្ញុំចង់បានបន្ទប់នៅជាន់ទីបី បង្អួចបែរទៅរកថ្នល់ធំខាងមុខ។
00976508-a	khm:lemma	រហ័ស
00976508-a	khm:exe	ឆ្មាឆក់ត្រីអាំងយកបាត់រហ័សមើលមិនទាន់។
00981818-a	khm:lemma	រហ័ស
00981818-a	khm:exe	ឆ្មាឆក់ត្រីអាំងយកបាត់រហ័សមើលមិនទាន់។
00979862-a	khm:lemma	រហ័ស
00979862-a	khm:exe	ឆ្មាឆក់ត្រីអាំងយកបាត់រហ័សមើលមិនទាន់។
01367431-a	khm:lemma	អឺងកង
01367431-a	khm:exe	ពេលចេញលេង សិស្សស្រែកលេងអឺងកង។
07644382-n	khm:lemma	សាច់មាន់
07644382-n	khm:exe	សាច់គោថ្លៃជាងសាច់មាន់។
07644967-n	khm:lemma	សាច់មាន់
07644967-n	khm:exe	សាច់គោថ្លៃជាងសាច់មាន់។
07813107-n	khm:lemma	អំបិល
07813107-n	khm:exe	បបរស្ករនេះ បើថែមអំបិលបន្ដិច វានឹងផ្អែមឆ្ងាញ់។
07825972-n	khm:lemma	ទឹកស៊ីអ៊ីវ
07825972-n	khm:exe	មុនទៅស្រែ គាត់ហូបបបរច្រូចទឹកស៊ីអ៊ីវ។
02005948-v	khm:lemma	ដល់
02005948-v	khm:exe	ពីខ្លោងទ្វារវត្ត ទៅដល់វត្ត ចម្ងាយ១គីឡូម៉ែត្រ។
02930766-n	khm:lemma	ឡានតាក់ស៊ី
02930766-n	khm:exe	បេនឡានតាក់ស៊ីភ្នំពេញ–តាកែវនៅផ្សារដើមគរ។
04371225-n	khm:lemma	អាងហែល
04371225-n	khm:exe	ផ្ទះវីឡាធំៗច្រើនមានអាងហែលទឹក។
00604617-a	khm:lemma	ងាយស្រួល
00604617-a	khm:exe	ផ្ទះគាត់នៅជិតស្ថានីយរថភ្លើង ងាយស្រួលធ្វើដំណើរណាស់។
15237250-n	khm:lemma	រដូវក្ដៅ
15237250-n	khm:exe	រដូវក្ដៅនៅតូក្យូ ក្ដៅស្អុះណាស់។
03757138-n	khm:lemma	រទេះភ្លើងក្រោមដី
03757138-n	khm:exe	គាត់វង្វេងមិនចេះដូររទេះភ្លើងក្រោមដី។
04349306-n	khm:lemma	រទេះភ្លើងក្រោមដី
04349306-n	khm:exe	គាត់វង្វេងមិនចេះដូររទេះភ្លើងក្រោមដី។
77000090-n	khm:lemma	ត្រូវការអី
77000090-n	khm:exe	ហាងយើងមានស្រា និងស្រាបៀគ្រប់ប្រភេទ តើត្រូវការអ្វីចាស?
80001331-x	khm:lemma	ត្រូវការអី
80001331-x	khm:exe	ហាងយើងមានស្រា និងស្រាបៀគ្រប់ប្រភេទ តើត្រូវការអ្វីចាស?
77000104-n	khm:lemma	ពេលណា
77000104-n	khm:exe	ទៅពេលណា?
04105893-n	khm:lemma	ផ្ទះល្វែង
04105893-n	khm:exe	ផ្ទះល្វែងសង់ជាប់ៗគ្នាត្រង់ភ្លឹងតាមដងមហាវិថីធំៗ។
06415419-n	khm:lemma	សៀវភៅសរសេរ
06415419-n	khm:exe	ចូលកងវិញ មានការចែកសៀវភៅសរសេរដល់សិស្សានុសិស្ស។
01376705-a	khm:lemma	ល្បី
01376705-a	khm:exe	គាត់ជាគ្រូដែលល្បីថាកាចជាងគេ។
01375831-a	khm:lemma	ល្បី
01375831-a	khm:exe	គាត់ជាគ្រូដែលល្បីថាកាចជាងគេ។
00953216-v	khm:lemma	និទាន
00953216-v	khm:exe	ក្មេងៗស្ដាប់ចំហរមាត់លោកតានិទានរឿងសុភាទន្សាយ។
00962447-v	khm:lemma	និទាន
00962447-v	khm:exe	ក្មេងៗស្ដាប់ចំហរមាត់លោកតានិទានរឿងសុភាទន្សាយ។
02935891-n	khm:lemma	ហាងបាយ
02935891-n	khm:exe	ហាងបាយតាមសាលាលក់ថោក។
01984902-v	khm:lemma	អង្គុយ
01984902-v	khm:exe	បើខ្ញុំវិញ នឹងរកតូបនៅក្បែរឆេ្នរទឹក អង្គុយមើលទេសភាព ពេលភ្លៀងធា្លក់។
00120223-r	khm:lemma	ផង
00120223-r	khm:exe	វាយឯកសារផង ចែកសំបុត្រផង។
00120095-r	khm:lemma	ផង
00120095-r	khm:exe	វាយឯកសារផង ចែកសំបុត្រផង។
02386612-a	khm:lemma	តូច
02386612-a	khm:exe	រួចហើយ យកកាវបិទលើកា្តរតូចនេះឲ្យជាប់។
02386612-a	khm:lemma	ខ្លី
02386612-a	khm:exe	ខោខ្លីលេចជើងវែង។
02345713-a	khm:lemma	អាក្រក់
02345713-a	khm:exe	ស្ថានភាពសង្គមកាន់តែអាក្រក់ទៅៗ។
00478311-a	khm:lemma	អាក្រក់
00478311-a	khm:exe	ស្ថានភាពសង្គមកាន់តែអាក្រក់ទៅៗ។
01174222-a	khm:lemma	អាក្រក់
01174222-a	khm:exe	ស្ថានភាពសង្គមកាន់តែអាក្រក់ទៅៗ។
03025755-n	khm:lemma	ចង្កើះ
03025755-n	khm:exe	ខ្មែរមិនប្រើចង្កើះសំរាប់ញ៉ាំបាយទេ។
15166191-n	khm:lemma	ពេលល្ងាច
15166191-n	khm:exe	ម៉ោង៥ពេលល្ងាច សិស្សគោរពបង្ហូតទង់ជាតិចុះ។
80000080-n	khm:lemma	ខែនេះ
80000080-n	khm:exe	ខែនេះ មានថ្ងៃឈប់ច្រើន។
06624161-n	khm:lemma	សំបុត្រ
06624161-n	khm:exe	ស្រុកខ្មែរមិនទាន់មានប្រអប់សំបុត្រសាធារណៈនៅឡើយទេ។
01909812-v	khm:lemma	បត់
01909812-v	khm:exe	ដើម្បីបត់ឆ្វេង គេលើកដៃឆ្វេង។
07929519-n	khm:lemma	កាហ្វេ
07929519-n	khm:exe	បាទ ខ្ញុំផឹកកាហ្វេ។
01729431-v	khm:lemma	ច្រៀង
01729431-v	khm:exe	ហ្អូ៎ អារឿងរាំច្រៀង ខ្ញុំចូលចិត្តលេខមួយ។
11501381-n	khm:lemma	ទឹកភ្លៀង
11501381-n	khm:exe	ហេតុអីបានជាបណ្តោយឲ្យត្រូវទឹកភ្លៀងអញ្ចឹង?
07749582-n	khm:lemma	ក្រូចឆ្មារ
07749582-n	khm:exe	ញ៉ាំគុយទាវពេលព្រឹក និងផឹកតែលីបតុងក្រូចឆ្មារ ឆ្ងាញ់ណាស់។
90000511-n	khm:lemma	ម្សិលម៉្ងៃ
90000511-n	khm:exe	ចាស មកពីម្សិលម៉្ងៃ ខ្ញុំត្រូវទឹកភ្លៀង។
00118032-r	khm:lemma	ឥឡូវនេះ
00118032-r	khm:exe	ឥឡូវនេះ ខ្ញុំសូមឧទ្ទេសនាមជូនអំពីនិក្ខេបបទខ្ញុំ។
00118032-r	khm:lemma	អញ្ចឹង
00118032-r	khm:exe	អញ្ចឹង ខ្ញុំនឹងទៅមិនខាន។
04468005-n	khm:lemma	រទេះភ្លើង
04468005-n	khm:exe	ផ្លូវរទេះភ្លើងចាស់ទ្រុឌទ្រោម។
77000002-n	khm:lemma	ពួកខ្ញុំ
77000002-n	khm:exe	ពួកខ្ញុំមិនសុខចិត្តនឹងទង្វើរបស់លោកឯងទេ។
15206296-n	khm:lemma	មួយខែ
15206296-n	khm:exe	ផ្ទះខ្ញុំមាត់ច្រើនណាស់ មួយខែស៊ីអស់អង្ករមួយបាវ។
02834778-n	khm:lemma	កង់
02834778-n	khm:exe	កង់មីយ៉ាតាធាក់ធូរជាងកង់មីគី។
06597466-n	khm:lemma	ទស្សនាវដ្ដី
06597466-n	khm:exe	ទស្សនាវដ្តីវិទ្យាសាស្ត្របច្ចេកទេសកំពុងពេញនិយមក្នុងចំណោមយុវសិស្ស។
06595351-n	khm:lemma	ទស្សនាវដ្ដី
06595351-n	khm:exe	ទស្សនាវដ្តីវិទ្យាសាស្ត្របច្ចេកទេសកំពុងពេញនិយមក្នុងចំណោមយុវសិស្ស។
03704210-n	khm:lemma	ទស្សនាវដ្ដី
03704210-n	khm:exe	ទស្សនាវដ្តីវិទ្យាសាស្ត្របច្ចេកទេសកំពុងពេញនិយមក្នុងចំណោមយុវសិស្ស។
08238463-n	khm:lemma	ថ្នាក់
08238463-n	khm:exe	ថ្នាក់ទី១១ ចែកជាក្រុមរៀនព្រឹកនិងក្រុមរៀនល្ងាច។
00050454-v	khm:lemma	ដោះ
00050454-v	khm:exe	ហើយពេលចូលទៅក្នុងវិហារ ត្រូវដោះស្បែកជើងទៀតផង។
02649830-v	khm:lemma	រស់នៅ
02649830-v	khm:exe	ការរស់នៅក្នុងក្រុងកំពុងជួបបញ្ហាស្ទះចរាចរ។
15155891-n	khm:lemma	ថ្ងៃស្អែក
15155891-n	khm:exe	គាត់ថាថ្ងៃស្អែកនឹងសងលុយវិញ តែស្អែកមួយពាន់ដង។
04208936-n	khm:lemma	ងូតទឹកផ្កាឈូក
04208936-n	khm:exe	ក្រោយលេងកីឡា យើងនាំគ្នាងូតទឹកផ្កាឈូក។
15213774-n	khm:lemma	ខែធ្នូ
15213774-n	khm:exe	ដើរលេងតាមស្រុកស្រែក្នុងខែធ្នូ គេឃើញស្រូវទុំក្រហមពេញស្រែ។
00625119-v	khm:lemma	អាន
00625119-v	khm:exe	កាសែតគាំទ្ររដ្ឋាភិបាលគេមិនសូវចង់អាន។
02774152-n	khm:lemma	កាបូប
02774152-n	khm:exe	កាបូបនេះធ្ងន់ណាស់យួរមិនរួចទេ។
02773037-n	khm:lemma	កាបូប
02773037-n	khm:exe	កាបូបនេះធ្ងន់ណាស់យួរមិនរួចទេ។
13250542-n	khm:lemma	លុយ
13250542-n	khm:exe	ដាក់លុយនៅក្នុងស្រោមសំបុត្រអញ្ជើញនេះហើយញ៉ាំរួចហើយយកស្រោមសំបុត្រនេះ ឲ្យអ្នកដែលចាំទទួលចំណងដៃនៅតុ ក្បែរកនែ្លងទទួលភ្ញៀវតែម្តង។
13384557-n	khm:lemma	លុយ
13384557-n	khm:exe	ដាក់លុយនៅក្នុងស្រោមសំបុត្រអញ្ជើញនេះហើយញ៉ាំរួចហើយយកស្រោមសំបុត្រនេះ ឲ្យអ្នកដែលចាំទទួលចំណងដៃនៅតុ ក្បែរកនែ្លងទទួលភ្ញៀវតែម្តង។
05600637-n	khm:lemma	មុខ
05600637-n	khm:exe	លោកប្រធាន គាត់មិនចូលចិត្តឃើញមុខខ្ញុំទេ មើលទៅ។
07597365-n	khm:lemma	ស្ករគ្រាប់
07597365-n	khm:exe	ក្មេងចូលចិត្តបៀមស្ករគ្រាប់។
00024356-r	khm:lemma	អត់ទេ
00024356-r	khm:exe	អត់ទេ អត់យល់ទេ។
03176763-n	khm:lemma	ផ្សារ
03176763-n	khm:exe	ទៅផ្សារទិញអាវថ្មី។
01725051-v	khm:lemma	ដេញ
01725051-v	khm:exe	គាត់ដេញហ្គីតាស្ទាត់ណាស់។
03388183-n	khm:lemma	ស្ទីឡូ
03388183-n	khm:exe	ស្ទីឡូនេះហៀរទឹកប្រឡាក់អាវអស់។
77000089-a	khm:lemma	យ៉ាងនេះ
77000089-a	khm:exe	ចាស ខ្ញុំមិននឹកស្មានថា ភ្លៀងខាំ្លងយ៉ាងនេះសោះ ម្សិលម្ង៉ៃ។
15164354-n	khm:lemma	ថ្ងៃព្រហស្បតិ៍
15164354-n	khm:exe	សាលាបឋមសិក្សាខ្លះ ឈប់រៀនថ្ងៃព្រហស្បតិ៍។
00056916-r	khm:lemma	អញ្ជើញ
00056916-r	khm:exe	សូមអញ្ជើញ។
00816481-a	khm:lemma	យឺត
00816481-a	khm:exe	ខ្ញុំមកយឺតនេះ មកពីស្ទះចរាចរណ៍។
01901186-a	khm:lemma	យឺត
01901186-a	khm:exe	ខ្ញុំមកយឺតនេះ មកពីស្ទះចរាចរណ៍។
04956594-n	khm:lemma	ពណ៌
04956594-n	khm:exe	ស្លឹកឈើប្រែពណ៌នៅរដូវលំហើយ។
04674968-n	khm:lemma	ពណ៌
04674968-n	khm:exe	ស្លឹកឈើប្រែពណ៌នៅរដូវលំហើយ។
07109730-n	khm:lemma	ពាក្យ
07109730-n	khm:exe	ពាក្យចាស់លោកថា ប្រហែសបាត់ ប្រយ័ត្នគង់។
06282651-n	khm:lemma	ពាក្យ
06282651-n	khm:exe	ពាក្យចាស់លោកថា ប្រហែសបាត់ ប្រយ័ត្នគង់។
00121135-r	khm:lemma	អញ្ចឹង
00121135-r	khm:exe	ហេតុអីបានជាបណ្តោយឲ្យត្រូវទឹកភ្លៀងអញ្ចឹង?
04962784-n	khm:lemma	ក្រហម
04962784-n	khm:exe	សណ្ឋាគារនេះមានប្រឡោះផ្លូវដើរក្រាលព្រំក្រហម។
03871083-n	khm:lemma	អីវ៉ាន់
03871083-n	khm:exe	អញ្ចឹង សុំផ្ញើអីវ៉ាន់នេះ បានទេ?
02774630-n	khm:lemma	អីវ៉ាន់
02774630-n	khm:exe	អញ្ចឹង សុំផ្ញើអីវ៉ាន់នេះ បានទេ?
07891726-n	khm:lemma	ស្រាទំពាំងបាយជូរ
07891726-n	khm:exe	គេជឿថាស្រាទំពាំងបាយជូរផឹកទៅល្អនឹងសុខភាព។
07884567-n	khm:lemma	ស្រាទំពាំងបាយជូរ
07884567-n	khm:exe	គេជឿថាស្រាទំពាំងបាយជូរផឹកទៅល្អនឹងសុខភាព។
07891433-n	khm:lemma	ស្រាទំពាំងបាយជូរ
07891433-n	khm:exe	គេជឿថាស្រាទំពាំងបាយជូរផឹកទៅល្អនឹងសុខភាព។
15164463-n	khm:lemma	ថ្ងៃសុក្រ
15164463-n	khm:exe	រាល់ល្ងាចថ្ងៃសុក្រ សិស្សម្នាក់ៗសប្បាយចិត្ត។
03581125-n	khm:lemma	កាច់ជ្រុងថ្នល់
03581125-n	khm:exe	ប៉ូលីសឈរតាមកាច់ជ្រុងថ្នល់។
02410393-a	khm:lemma	ក្រាស់
02410393-a	khm:exe	ថង់នេះក្រាស់មែន តែផុយ។
02410393-a	khm:lemma	ធាត់
02410393-a	khm:exe	ថៅកែចិនធាត់ដុះក្បាលពោះស៊្អុយ។
02415390-a	khm:lemma	ក្រាស់
02415390-a	khm:exe	ថង់នេះក្រាស់មែន តែផុយ។
02756821-v	khm:lemma	ភ្លៀង
02756821-v	khm:exe	នៅជប៉ុន ខែមិថុនាជារដូវភ្លៀងធ្លាក់សស្រិច។
02529264-a	khm:lemma	ក្ដៅស្រួល
02529264-a	khm:exe	ដោយសារឡកំដៅប្រើឧស ក្នុងផ្ទះនេះក្ដៅស្រួលណាស់។
01546111-v	khm:lemma	ឈរ
01546111-v	khm:exe	ឆ្កែឈរ ទាបជាងអង្គុយ។
10142747-n	khm:lemma	យាយ
10142747-n	khm:exe	ក្នុងក្រុមគ្រួសារយើង យាយអាយុច្រើនជាងគេ។
07679356-n	khm:lemma	នំប៉័ង
07679356-n	khm:exe	គាត់ញ៉ាំនំបុ័ងដាក់សាច់ប៉ាតេរាល់ព្រឹក។
03259505-n	khm:lemma	ផ្ទះ
03259505-n	khm:exe	សិស្សត្រឡប់ទៅផ្ទះជាក្រុម។
03544360-n	khm:lemma	ផ្ទះ
03544360-n	khm:exe	សិស្សត្រឡប់ទៅផ្ទះជាក្រុម។
03544360-n	khm:lemma	ផ្ទះ
03544360-n	khm:exe	ប៉ុន្តែមុនដំបូង ពិបាកបន្តិច ដោយនឹកផ្ទះផង ចាញ់រងារផង។
08559508-n	khm:lemma	ផ្ទះ
08559508-n	khm:exe	សិស្សត្រឡប់ទៅផ្ទះជាក្រុម។
08559508-n	khm:lemma	ផ្ទះ
08559508-n	khm:exe	ប៉ុន្តែមុនដំបូង ពិបាកបន្តិច ដោយនឹកផ្ទះផង ចាញ់រងារផង។
15210486-n	khm:lemma	ខែកុម្ភៈ
15210486-n	khm:exe	ថ្ងៃទី១៤ខែកុម្ភៈជាទិវានៃសេចក្ដីស្រឡាញ់។
15167349-n	khm:lemma	ពេលយប់
15167349-n	khm:exe	ពេលយប់ គាត់មកពីធ្វើការវិញម៉ោង១១។
15155747-n	khm:lemma	ពេលយប់
15155747-n	khm:exe	ពេលយប់ គាត់មកពីធ្វើការវិញម៉ោង១១។
15167027-n	khm:lemma	ពេលយប់
15167027-n	khm:exe	ពេលយប់ គាត់មកពីធ្វើការវិញម៉ោង១១។
15167027-n	khm:lemma	យប់មិញ
15167027-n	khm:exe	យប់មិញ ដេកជ្រុលមិនបានមើលរឿងតាមទូរទស្សន៍។
15167474-n	khm:lemma	ពេលយប់
15167474-n	khm:exe	ពេលយប់ គាត់មកពីធ្វើការវិញម៉ោង១១។
03438257-n	khm:lemma	កែវ
03438257-n	khm:exe	ពែងកែវនេះ ផឹកកាហ្វេឆ្ងាញ់ណាស់។
08613593-n	khm:lemma	ក្រៅ
08613593-n	khm:exe	បើមានភ្លៀងដើរក្រៅមិនកើត យើងនៅក្នុងផ្ទះសំណាក់ ជជែកគា្នលេង ឬមើលវីដេអូ។
03338821-n	khm:lemma	ហ្វីលម៍
03338821-n	khm:exe	ឥឡូវមិនងាយរកទិញហ្វីលម៍សខ្មៅទេ។
06613686-n	khm:lemma	ហ្វីលម៍
06613686-n	khm:exe	ឥឡូវមិនងាយរកទិញហ្វីលម៍សខ្មៅទេ។
06613686-n	khm:lemma	កុន
06613686-n	khm:exe	នាងចង់ទៅមើលកុនទេ?
06262567-n	khm:lemma	ហ្វីលម៍
06262567-n	khm:exe	ឥឡូវមិនងាយរកទិញហ្វីលម៍សខ្មៅទេ។
04096066-n	khm:lemma	ផ្លូវ
04096066-n	khm:exe	ផ្លូវជាតិនេះធំ ទទឹងផ្លូវបើកឡាន៤ទន្ទឹមគ្នាបាន។
15212739-n	khm:lemma	ខែកញ្ញា
15212739-n	khm:exe	ទឹកទន្លេឡើងខ្លាំងក្នុងខែកញ្ញា។
77000079-a	khm:lemma	នោះ
77000079-a	khm:exe	កន្លែងនោះគ្មានអ្វីសំគាល់ឲ្យស្រួលរកសោះ។
14524198-n	khm:lemma	មេឃស្រទំ
14524198-n	khm:exe	កសិករសាស្រូវ ព្រោះមេឃស្រទំជិតភ្លៀង។
13828795-n	khm:lemma	បណ្ដោយ
13828795-n	khm:exe	ដីឡូនេះមានក្បាល៣០ម៉ែត្រ បណ្ដោយ៥០ម៉ែត្រ។
00543233-n	khm:lemma	ភ្លេង
00543233-n	khm:exe	ភោជនីយដ្ឋាននេះ មានគេប្រគំភ្លេងកំដរផងដែរ។
05718556-n	khm:lemma	ភ្លេង
05718556-n	khm:exe	ភោជនីយដ្ឋាននេះ មានគេប្រគំភ្លេងកំដរផងដែរ។
05718935-n	khm:lemma	ភ្លេង
05718935-n	khm:exe	ភោជនីយដ្ឋាននេះ មានគេប្រគំភ្លេងកំដរផងដែរ។
07020895-n	khm:lemma	ភ្លេង
07020895-n	khm:exe	ភោជនីយដ្ឋាននេះ មានគេប្រគំភ្លេងកំដរផងដែរ។
00409709-r	khm:lemma	ជិត
00409709-r	khm:exe	ផ្ទះគាត់នៅជិតស្ថានីយរថភ្លើង ងាយស្រួលធ្វើដំណើរណាស់។
08641113-n	khm:lemma	ជិត
08641113-n	khm:exe	ផ្ទះគាត់នៅជិតស្ថានីយរថភ្លើង ងាយស្រួលធ្វើដំណើរណាស់។
03112099-n	khm:lemma	ផ្លូវដើរ
03112099-n	khm:exe	សណ្ឋាគារនេះមានប្រឡោះផ្លូវដើរក្រាលព្រំក្រហម។
03661043-n	khm:lemma	បណ្ណាល័យ
03661043-n	khm:exe	បណ្ណាល័យរបស់សាលានេះបើកថ្ងៃអាទិត្យ តែបិទថ្ងៃចន្ទ។
07840804-n	khm:lemma	ពងមាន់
07840804-n	khm:exe	បនា្ទប់មក យកខ្ទិះដូង ស្ករ ពងមាន់ ដាក់ក្នុងចានគោមហើយវាយឲ្យសព្វចូលគា្ន។
90000502-n	khm:lemma	ឆ្នាំនេះ
90000502-n	khm:exe	រដូវរងាឆ្នាំនេះ ក្ដៅជាងធម្មតា។
03908204-n	khm:lemma	ខ្មៅដៃ
03908204-n	khm:exe	កុមាររៀនសរសេរនឹងខ្មៅដៃ។
14796748-n	khm:lemma	ខ្មៅដៃ
14796748-n	khm:exe	កុមាររៀនសរសេរនឹងខ្មៅដៃ។
05282433-n	khm:lemma	ធ្មេញ
05282433-n	khm:exe	គោអត់មានធ្មេញលើ។
05282746-n	khm:lemma	ធ្មេញ
05282746-n	khm:exe	គោអត់មានធ្មេញលើ។
01649720-a	khm:lemma	ក្មេង
01649720-a	khm:exe	ក្មេងត្រូវកាន់របស់ដៃពីរ ហុចឲ្យចាស់ៗ។
01646941-a	khm:lemma	ក្មេង
01646941-a	khm:exe	ក្មេងត្រូវកាន់របស់ដៃពីរ ហុចឲ្យចាស់ៗ។
00514884-a	khm:lemma	ពេញ
00514884-a	khm:exe	ដើរលេងតាមស្រុកស្រែក្នុងខែធ្នូ គេឃើញស្រូវទុំក្រហមពេញស្រែ។
00988232-a	khm:lemma	ស្គម
00988232-a	khm:exe	គាត់ចង់ស្គម រាល់បាយល្ងាច ហូបតែបបរសត្រីងៀតប៉ុណ្ណោះ។
01029368-v	khm:lemma	ខ្ញុំឈ្មោះ
01029368-v	khm:exe	ជំរាបសួរ ខ្ញុំឈ្មោះសំណាង ចង់ជួបលោកតាណាកា។
77000084-n	khm:lemma	ឯណា
77000084-n	khm:exe	គាត់ថាទុកសៀវភៅខ្ញុំត្រង់នេះ តែនៅឯណាទៅមិនឃើញ?
00220082-a	khm:lemma	ស្អាត
00220082-a	khm:exe	គាត់ពូកែចងក្រវាត់កបានស្អាតណាស់។
01586342-a	khm:lemma	ស្អាត
01586342-a	khm:exe	គាត់ពូកែចងក្រវាត់កបានស្អាតណាស់។
01586342-a	khm:lemma	ល្អ
01586342-a	khm:exe	គេជឿថាស្រាទំពាំងបាយជូរផឹកទៅល្អនឹងសុខភាព។
01346003-v	khm:lemma	បើក
01346003-v	khm:exe	ទំនប់នេះមានទឹកពេញព្រៀប ត្រូវការបើកទ្វារទឹកបញ្ចេញខ្លះ។
09853467-n	khm:lemma	បងប្រុស
09853467-n	khm:exe	គាត់ទៅជាមួយបងប្រុសគាត់។
09853467-n	khm:lemma	បងប្រុស
09853467-n	khm:exe	គាត់ទៅជាមួយបងប្រុសគាត់។
03102654-n	khm:lemma	ទូទឹកកក
03102654-n	khm:exe	មានទូទឹកកកមួយ តែប្រើភ្លើងចុះណាស់។
03273913-n	khm:lemma	ទូទឹកកក
03273913-n	khm:exe	មានទូទឹកកកមួយ តែប្រើភ្លើងចុះណាស់។
02399595-a	khm:lemma	អត់ឆ្ងាញ់
02399595-a	khm:exe	ចុងភៅថ្មីស្លអត់ឆ្ងាញ់សោះ។
01716971-a	khm:lemma	អត់ឆ្ងាញ់
01716971-a	khm:exe	ចុងភៅថ្មីស្លអត់ឆ្ងាញ់សោះ។
07845335-n	khm:lemma	ទឹកដោះគោ
07845335-n	khm:exe	យកកាហ្វេទឹកដោះគោ។
07844042-n	khm:lemma	ទឹកដោះគោ
07844042-n	khm:exe	យកកាហ្វេទឹកដោះគោ។
10780632-n	khm:lemma	ប្រពន្ធ
10780632-n	khm:exe	ក្សិណនោះ ស្រីម្នាក់បានឡើងមកឲ្យដំណឹងនាងថា សង្សារនាងគេមានប្រពន្ធថ្មីទៀតហើយ។
10780632-n	khm:lemma	ប្រពន្ធ
10780632-n	khm:exe	ចាស់ទុំផ្សំផ្គុំឲ្យបានគ្នាជាប្ដីប្រពន្ធ។
08625462-n	khm:lemma	ឆ្វេង
08625462-n	khm:exe	ដើម្បីបត់ឆ្វេង គេលើកដៃឆ្វេង។
90000508-n	khm:lemma	អាទិត្យក្រោយ
90000508-n	khm:exe	ចាស លោកគ្រូពេទ្យថា អាទិត្យក្រោយ ប្តីខ្ញុំអាចទៅធ្វើការបានហើយ។
01848718-v	khm:lemma	ទៅ
01848718-v	khm:exe	ហេតុអ្វី នាងសម្រេចចិត្តទៅរៀនប្រទេសជប៉ុន?
06518719-n	khm:lemma	សំបុត្រ
06518719-n	khm:exe	គាត់ទិញសំបុត្រដើម្បីចូលត្រាំទឹកក្ដៅ។
01470670-v	khm:lemma	ជួប
01470670-v	khm:exe	យ៉ាងណាក៏ដោយ ខ្ញុំនឹងរង់ចាំជួបគាត់។
02428924-v	khm:lemma	ជួប
02428924-v	khm:exe	យ៉ាងណាក៏ដោយ ខ្ញុំនឹងរង់ចាំជួបគាត់។
10285313-n	khm:lemma	កូនប្រុស
10285313-n	khm:exe	នាងសម្រាលបានកូនប្រុសរូបល្អសមសួន។
03542333-n	khm:lemma	សណ្ឋាគារ
03542333-n	khm:exe	សណ្ឋាគារនេះមានប្រឡោះផ្លូវដើរក្រាលព្រំក្រហម។
02913152-n	khm:lemma	អាគារ
02913152-n	khm:exe	រាជធានីភ្នំពេញមិនមានអគារខ្ពស់ស្កឹមស្កៃច្រើនទេ។
07649854-n	khm:lemma	សាច់
07649854-n	khm:exe	ចាស មានគុយទាវ បបរ និងបាយសាច់ជ្រូក។
09397391-n	khm:lemma	ស្រះ
09397391-n	khm:exe	គេចូលចិត្តដាំឈូកក្នុងស្រះដើម្បីឲ្យទឹកស្អាត។
07935152-n	khm:lemma	ទឹកតែ
07935152-n	khm:exe	គាត់មិនចេះឆុងតែជប៉ុនទេ ប៉ុន្ដែចូលចិត្ដផឹកតែជប៉ុនណាស់។
03082979-n	khm:lemma	កុំព្យូទ័រ
03082979-n	khm:exe	អញ្ចឹង ចេះជួសជុលកុំព្យូទ័រខូចទៀតទេ?
00312553-n	khm:lemma	ធ្វើដំណើរ
00312553-n	khm:exe	ទើបតែឥឡូវនេះ ការធ្វើដំណើរតាមរទេះគោលែងមានទៀតហើយ ។
04043733-n	khm:lemma	រ៉ាត់យ៉ូ
04043733-n	khm:exe	យាយក្រោកពីម៉ោង៥ភ្លឺស្តាប់ធម៌តាមរ៉ាត់យ៉ូ។
01442186-a	khm:lemma	ខ្លី
01442186-a	khm:exe	ខោខ្លីលេចជើងវែង។
01436003-a	khm:lemma	ខ្លី
01436003-a	khm:exe	ខោខ្លីលេចជើងវែង។
01442826-a	khm:lemma	ខ្លី
01442826-a	khm:exe	ខោខ្លីលេចជើងវែង។
14513694-n	khm:lemma	ក្រុមគ្រួសារ
14513694-n	khm:exe	បរិយាកាសក្នុងក្រុមគ្រួសារយើងកក់ក្តៅណាស់។
02808440-n	khm:lemma	បន្ទប់ទឹក
02808440-n	khm:exe	ផ្ទះជប៉ុន បន្ទប់ទឹក និងបង្គន់ច្រើនតែនៅដាច់ពីគ្នា។
02807731-n	khm:lemma	បន្ទប់ទឹក
02807731-n	khm:exe	ផ្ទះជប៉ុន បន្ទប់ទឹក និងបង្គន់ច្រើនតែនៅដាច់ពីគ្នា។
15274074-n	khm:lemma	ថ្ងៃឈប់
15274074-n	khm:exe	នៅជប៉ុន ខែឧសភាមានថ្ងៃឈប់ជាប់ៗគ្នាច្រើនជាងគេ។
15183428-n	khm:lemma	ថ្ងៃឈប់
15183428-n	khm:exe	នៅជប៉ុន ខែឧសភាមានថ្ងៃឈប់ជាប់ៗគ្នាច្រើនជាងគេ។
15137890-n	khm:lemma	ថ្ងៃឈប់
15137890-n	khm:exe	នៅជប៉ុន ខែឧសភាមានថ្ងៃឈប់ជាប់ៗគ្នាច្រើនជាងគេ។
00027918-r	khm:lemma	នៅ
00027918-r	khm:exe	ពាក់អាវរងារោមចៀមហើយ នៅមិនបាត់រងាទៀត។
00031304-r	khm:lemma	នៅ
00031304-r	khm:exe	ពាក់អាវរងារោមចៀមហើយ នៅមិនបាត់រងាទៀត។
03925226-n	khm:lemma	រូបថត
03925226-n	khm:exe	ដើម្បីសុំទិដ្ឋាការ គេត្រូវការរូបថត៤x៦ មួយសន្លឹក។
03931044-n	khm:lemma	រូបថត
03931044-n	khm:exe	ដើម្បីសុំទិដ្ឋាការ គេត្រូវការរូបថត៤x៦ មួយសន្លឹក។
04248607-n	khm:lemma	រូបថត
04248607-n	khm:exe	ដើម្បីសុំទិដ្ឋាការ គេត្រូវការរូបថត៤x៦ មួយសន្លឹក។
15164233-n	khm:lemma	ថ្ងៃពុធ
15164233-n	khm:exe	សិស្សនេះធ្វើពុតឈឺមិនទៅរៀនថ្ងៃពុធ។
11524662-n	khm:lemma	អាកាសធាតុ
11524662-n	khm:exe	ខែមករាមានអាកាសធាតុត្រជាក់ស្ងួតស្រួលដើរកំសាន្ដ។
07193184-n	khm:lemma	សំណួរ
07193184-n	khm:exe	សិស្សឆ្លាតមានសំណួរច្រើន។
07196682-n	khm:lemma	សំណួរ
07196682-n	khm:exe	សិស្សឆ្លាតមានសំណួរច្រើន។
05797597-n	khm:lemma	សំណួរ
05797597-n	khm:exe	សិស្សឆ្លាតមានសំណួរច្រើន។
07193596-n	khm:lemma	សំណួរ
07193596-n	khm:exe	សិស្សឆ្លាតមានសំណួរច្រើន។
01904930-v	khm:lemma	ដើរ
01904930-v	khm:exe	បើមានភ្លៀងដើរក្រៅមិនកើត យើងនៅក្នុងផ្ទះសំណាក់ ជជែកគា្នលេង ឬមើលវីដេអូ។
03383948-n	khm:lemma	សម
03383948-n	khm:exe	ខ្មែរប្រើស្លាបព្រានិងសមសំរាប់ញ៉ាំបាយ។
08286569-n	khm:lemma	សាកលវិទ្យាល័យ
08286569-n	khm:exe	សាកលវិទ្យាល័យនេះមានសាខានៅតាមខេត្តចំនួន៥។
08286163-n	khm:lemma	សាកលវិទ្យាល័យ
08286163-n	khm:exe	សាកលវិទ្យាល័យនេះមានសាខានៅតាមខេត្តចំនួន៥។
08278169-n	khm:lemma	សាកលវិទ្យាល័យ
08278169-n	khm:exe	សាកលវិទ្យាល័យនេះមានសាខានៅតាមខេត្តចំនួន៥។
01000214-v	khm:lemma	សរសេរ
01000214-v	khm:exe	គាត់ទិញកាតប៉ុស្តាល់សំរាប់សរសេរទៅមិត្តគាត់។
02471690-v	khm:lemma	សរសេរ
02471690-v	khm:exe	គាត់ទិញកាតប៉ុស្តាល់សំរាប់សរសេរទៅមិត្តគាត់។
01020356-v	khm:lemma	សរសេរ
01020356-v	khm:exe	គាត់ទិញកាតប៉ុស្តាល់សំរាប់សរសេរទៅមិត្តគាត់។
01691057-v	khm:lemma	សរសេរ
01691057-v	khm:exe	គាត់ទិញកាតប៉ុស្តាល់សំរាប់សរសេរទៅមិត្តគាត់។
01698271-v	khm:lemma	សរសេរ
01698271-v	khm:exe	គាត់ទិញកាតប៉ុស្តាល់សំរាប់សរសេរទៅមិត្តគាត់។
01020934-v	khm:lemma	សរសេរ
01020934-v	khm:exe	គាត់ទិញកាតប៉ុស្តាល់សំរាប់សរសេរទៅមិត្តគាត់។
00993014-v	khm:lemma	សរសេរ
00993014-v	khm:exe	គាត់ទិញកាតប៉ុស្តាល់សំរាប់សរសេរទៅមិត្តគាត់។
03822171-n	khm:lemma	កាសែត
03822171-n	khm:exe	គេជូតកញ្ចក់ដោយប្រើកាសែតចាស់ជ្រលក់ទឹក។
06267145-n	khm:lemma	កាសែត
06267145-n	khm:exe	គេជូតកញ្ចក់ដោយប្រើកាសែតចាស់ជ្រលក់ទឹក។
14961722-n	khm:lemma	កាសែត
14961722-n	khm:exe	គេជូតកញ្ចក់ដោយប្រើកាសែតចាស់ជ្រលក់ទឹក។
07197021-n	khm:lemma	ប្រឡង
07197021-n	khm:exe	ថ្នាក់ទី១១ ចែកជាក្រុមរៀនព្រឹកនិងក្រុមរៀនល្ងាច។
00158309-r	khm:lemma	គត់
00158309-r	khm:exe	ស្គរវត្តបន្លឺនៅម៉ោង១២គត់ថ្ងៃត្រង់។
00002621-r	khm:lemma	គត់
00002621-r	khm:exe	ស្គរវត្តបន្លឺនៅម៉ោង១២គត់ថ្ងៃត្រង់។
00002950-r	khm:lemma	គត់
00002950-r	khm:exe	ស្គរវត្តបន្លឺនៅម៉ោង១២គត់ថ្ងៃត្រង់។
13714184-n	khm:lemma	អង្សា
13714184-n	khm:exe	ស្រុកខ្មែរមិនប្រើអង្សាហ្វារ៉ិនហៃទេ។
00119568-n	khm:lemma	លោត
00119568-n	khm:exe	កង្កែបលោតចូលទឹក។
08145553-n	khm:lemma	ប៉ុស្តិ៍
08145553-n	khm:exe	លោកសំណាង សូមជួយយកសំបុត្រនេះទៅប៉ុស្តិ៍ផង។
15237044-n	khm:lemma	រដូវផ្ការីក
15237044-n	khm:exe	រដូវផ្ការីក មានទេសភាពស្រស់បំព្រង។
01270199-v	khm:lemma	បោក
01270199-v	khm:exe	បាទ លុបមុខ បោសសំអាតផ្ទះ បោកខោអាវ ហើយរៀបចំបាយព្រឹកសម្រាប់់ប្រពន្ធកូនខ្ញុំ។
06505517-n	khm:lemma	ច្បាប់ចម្លង
06505517-n	khm:exe	កុំដាក់សញ្ញាបត្រជាច្បាប់ចម្លងភ្ជាប់មកជាមួយពាក្យសុំ។
15166462-n	khm:lemma	ពេលល្ងាច
15166462-n	khm:exe	ពេលល្ងាចព្រះអាទិត្យហៀបលិច បក្សាបក្សីវិលរកទ្រនំ។
15166462-n	khm:lemma	យប់មិញ
15166462-n	khm:exe	យប់មិញ ដេកជ្រុលមិនបានមើលរឿងតាមទូរទស្សន៍។
01343918-a	khm:lemma	គួរឲ្យចាប់អារម្មណ៍
01343918-a	khm:exe	គួរឲ្យចាប់អារម្មណ៍មែន។
01344344-a	khm:lemma	គួរឲ្យចាប់អារម្មណ៍
01344344-a	khm:exe	គួរឲ្យចាប់អារម្មណ៍មែន។
01344344-a	khm:lemma	សប្បាយ
01344344-a	khm:exe	នៅទីនោះ មានកនែ្លងអ្វីសប្បាយ?
01265308-a	khm:lemma	គួរឲ្យចាប់អារម្មណ៍
01265308-a	khm:exe	គួរឲ្យចាប់អារម្មណ៍មែន។
01344485-a	khm:lemma	គួរឲ្យចាប់អារម្មណ៍
01344485-a	khm:exe	គួរឲ្យចាប់អារម្មណ៍មែន។
00067045-r	khm:lemma	មុខ
00067045-r	khm:exe	សូមជួយណែនាំខ្ញុំ ក្នុងពេលមួយឆាំ្នខាងមុខនេះផង។
00067265-r	khm:lemma	មុខ
00067265-r	khm:exe	សូមជួយណែនាំខ្ញុំ ក្នុងពេលមួយឆាំ្នខាងមុខនេះផង។
90000515-n	khm:lemma	ខានស្អែក
90000515-n	khm:exe	ថ្ងៃនេះមិនមករៀន ថ្ងៃស្អែករវល់ បើខានស្អែកមិនមកទេ ពួកយើងមិនអត់អោនឲ្យគាត់ទេ។
01296462-v	khm:lemma	ដាក់
01296462-v	khm:exe	កុំដាក់សញ្ញាបត្រជាច្បាប់ចម្លងភ្ជាប់មកជាមួយពាក្យសុំ។
01801029-a	khm:lemma	សប្បាយ
01801029-a	khm:exe	នៅទីនោះ មានកនែ្លងអ្វីសប្បាយ?
03906997-n	khm:lemma	ប៊ិក
03906997-n	khm:exe	សូមគូសចំណាំដោយប៊ិកផឺតទឹកលុបមិនជ្រះ។
77000095-n	khm:lemma	អញ្ជើញពីខាងណា
77000095-n	khm:exe	លោកអញ្ជើញពីខាងណាមានការអ្វីដែរបាទ?
77000095-n	khm:lemma	អ្នកណា
77000095-n	khm:exe	ដានី ខាងគណនេយ្យ គឺជាការងាររបស់អ្នកណា?
90000500-n	khm:lemma	ឆ្នាំទៅមួយ
90000500-n	khm:exe	ដើមឈើដែលដកដាំកាលពីឆ្នាំទៅមួយ ចេញផ្កាហើយ។
03221720-n	khm:lemma	ទ្វារ
03221720-n	khm:exe	ទ្វារនេះធ្វើពីដើមផ្ចឹក។
03221720-n	khm:lemma	ទ្វារ
03221720-n	khm:exe	ទ្វារផ្ទះបោរបិទមិនជិត។
00050681-r	khm:lemma	គ្មាន
00050681-r	khm:exe	កន្លែងនោះគ្មានអ្វីសំគាល់ឲ្យស្រួលរកសោះ។
00024587-r	khm:lemma	គ្មាន
00024587-r	khm:exe	កន្លែងនោះគ្មានអ្វីសំគាល់ឲ្យស្រួលរកសោះ។
77000012-n	khm:lemma	ខ្ញុំ
77000012-n	khm:exe	លោកគ្រូជួយខ្ញុំច្រើន។
77000015-n	khm:lemma	ខ្ញុំ
77000015-n	khm:exe	លោកគ្រូជួយខ្ញុំច្រើន។
01344963-a	khm:lemma	អផ្សុក
01344963-a	khm:exe	ថ្ងៃនេះ ពួកម៉ាកមិនមកលេងផ្ទះ អផ្សុកណាស់។
01170052-v	khm:lemma	ញ៉ាំ
01170052-v	khm:exe	ញ៉ាំទឹកតែទេ?
03282295-n	khm:lemma	ស្ថានទូត
03282295-n	khm:exe	ជនបរទេសមកសុំទិដ្ឋាការនៅស្ថានទូតកម្ពុជា។
14145501-n	khm:lemma	ផ្ដាសាយ
14145501-n	khm:exe	គាត់ផ្ដាសាយតឹងច្រមុះ និយាយសម្លេងក្ងួរ។
06796119-n	khm:lemma	តែមប្រិ៍
06796119-n	khm:exe	សំបុត្រទៅកាណាដាបិទតែមប្រ៍ថ្លៃប៉ុន្មាន?
07775375-n	khm:lemma	ត្រី
07775375-n	khm:exe	គាត់ចង់ស្គម រាល់បាយល្ងាច ហូបតែបបរសត្រីងៀតប៉ុណ្ណោះ។
02512053-n	khm:lemma	ត្រី
02512053-n	khm:exe	គាត់ចង់ស្គម រាល់បាយល្ងាច ហូបតែបបរសត្រីងៀតប៉ុណ្ណោះ។
01586866-a	khm:lemma	ល្អ
01586866-a	khm:exe	គេជឿថាស្រាទំពាំងបាយជូរផឹកទៅល្អនឹងសុខភាព។
01048762-a	khm:lemma	ល្អ
01048762-a	khm:exe	គេជឿថាស្រាទំពាំងបាយជូរផឹកទៅល្អនឹងសុខភាព។
00067638-a	khm:lemma	ល្អ
00067638-a	khm:exe	គេជឿថាស្រាទំពាំងបាយជូរផឹកទៅល្អនឹងសុខភាព។
01993408-a	khm:lemma	ល្អ
01993408-a	khm:exe	គេជឿថាស្រាទំពាំងបាយជូរផឹកទៅល្អនឹងសុខភាព។
01171213-a	khm:lemma	ល្អ
01171213-a	khm:exe	គេជឿថាស្រាទំពាំងបាយជូរផឹកទៅល្អនឹងសុខភាព។
01800349-a	khm:lemma	ល្អ
01800349-a	khm:exe	គេជឿថាស្រាទំពាំងបាយជូរផឹកទៅល្អនឹងសុខភាព។
01123148-a	khm:lemma	ល្អ
01123148-a	khm:exe	គេជឿថាស្រាទំពាំងបាយជូរផឹកទៅល្អនឹងសុខភាព។
00064787-a	khm:lemma	ល្អ
00064787-a	khm:exe	គេជឿថាស្រាទំពាំងបាយជូរផឹកទៅល្អនឹងសុខភាព។
00850183-a	khm:lemma	ល្អ
00850183-a	khm:exe	គេជឿថាស្រាទំពាំងបាយជូរផឹកទៅល្អនឹងសុខភាព។
01129977-a	khm:lemma	ល្អ
01129977-a	khm:exe	គេជឿថាស្រាទំពាំងបាយជូរផឹកទៅល្អនឹងសុខភាព។
01586752-a	khm:lemma	ល្អ
01586752-a	khm:exe	គេជឿថាស្រាទំពាំងបាយជូរផឹកទៅល្អនឹងសុខភាព។
04588365-n	khm:lemma	បង្អួច
04588365-n	khm:exe	ខ្ញុំចង់បានបន្ទប់នៅជាន់ទីបី បង្អួចបែរទៅរកថ្នល់ធំខាងមុខ។
04587648-n	khm:lemma	បង្អួច
04587648-n	khm:exe	ខ្ញុំចង់បានបន្ទប់នៅជាន់ទីបី បង្អួចបែរទៅរកថ្នល់ធំខាងមុខ។
05216365-n	khm:lemma	ខ្លួន
05216365-n	khm:exe	ខ្ញុំក្តៅខ្លួន។
76100002-x	khm:lemma	សន្លឹក
76100002-x	khm:exe	ដើម្បីសុំទិដ្ឋាការ គេត្រូវការរូបថត៤x៦ មួយសន្លឹក។
04967191-n	khm:lemma	បៃតង
04967191-n	khm:exe	ពណ៌លឿង និងពណ៌បៃតងជាពណ៌ជាតិរបស់ប្រទេសប្រេស៊ីល។
80001047-v	khm:lemma	ស្លាប់
80001047-v	khm:exe	កុំស្លាប់ដូចពស់ កុំរស់ដូចកង្កែប។
03497657-n	khm:lemma	មួក
03497657-n	khm:exe	លោកត្រូវដោះមួកចេញ ពេលចូលវត្ត។
15129927-n	khm:lemma	ម៉ោង
15129927-n	khm:exe	នាឡិកាប៉ោលវាយម៉ោង១២ថ្ងៃត្រង់។
06359877-n	khm:lemma	អត្ថបទ
06359877-n	khm:exe	គាត់សម្រាយអត្ថបទនេះពីពាក្យកាព្យ។
00546389-n	khm:lemma	ចម្រៀង
00546389-n	khm:exe	គេសប្បាយនឹងស្ដាប់ចម្រៀងយ៉ាងពីរោះ។
07048000-n	khm:lemma	ចម្រៀង
07048000-n	khm:exe	គេសប្បាយនឹងស្ដាប់ចម្រៀងយ៉ាងពីរោះ។
01754737-v	khm:lemma	កាត់
01754737-v	khm:exe	មុនដំបូង យកកន្រ្តៃកាត់រូបអក្សរនេះចេញ។
07447641-n	khm:lemma	ជប់លៀង
07447641-n	khm:exe	យើងរៀបចំជប់លៀងទទួលស្វាគមន៍និសិ្សតចូលថ្មី។
01842204-v	khm:lemma	ចេញ
01842204-v	khm:exe	បាទ បើការងារចេញទៅក្រៅ ខ្ញុំគិតថា លោកភិរម្យចង់ទៅជាង។
04241394-n	khm:lemma	ស្បែកជើងផ្ទាត់
04241394-n	khm:exe	ពាក់ស្បែកជើងផ្ទាត់ ផ្ទាត់ភក់ប្រឡាក់ខោអស់។
05301908-n	khm:lemma	មាត់
05301908-n	khm:exe	ក្មេងៗស្ដាប់ចំហរមាត់លោកតានិទានរឿងសុភាទន្សាយ។
02440250-n	khm:lemma	ដៃ
02440250-n	khm:exe	ក្មេងត្រូវកាន់របស់ដៃពីរ ហុចឲ្យចាស់ៗ។
09823502-n	khm:lemma	មីង
09823502-n	khm:exe	បើរបស់អ្នកមីងឬលោកប៉ា ម្ដេចក៏អញមិនដែលឃើញ?
10193967-n	khm:lemma	ប្ដី
10193967-n	khm:exe	ការងារជាប្ដីគឺ រកឧស ភ្ជួររាស់ ឡើងត្នោត។
15213406-n	khm:lemma	ខែវិច្ឆិកា
15213406-n	khm:exe	ខែវិច្ឆិកា ខ្យល់ធ្លាក់ពីជើង រហើយណាស់។
06277280-n	khm:lemma	ទូរទស្សន៍
06277280-n	khm:exe	បាទទេ ខ្ញុំចូលចិត្តមើលគេហែលទឹកតាមទូរទស្សន៍ទេ។
13831176-n	khm:lemma	ជើង
13831176-n	khm:exe	ខែវិច្ឆិកា ខ្យល់ធ្លាក់ពីជើង រហើយណាស់។
06964901-n	khm:lemma	ភាសាខ្មែរ
06964901-n	khm:exe	និសិ្សតបរទេសនិយាយភាសាខ្មែរបានល្អណាស់។
01318741-a	khm:lemma	ឈឺ
01318741-a	khm:exe	លោកឈឺអី?
01712753-a	khm:lemma	ឈឺ
01712753-a	khm:exe	លោកឈឺអី?
05395690-n	khm:lemma	ពោះ
05395690-n	khm:exe	ថៅកែចិនធាត់ដុះក្បាលពោះស៊្អុយ។
05556943-n	khm:lemma	ពោះ
05556943-n	khm:exe	ថៅកែចិនធាត់ដុះក្បាលពោះស៊្អុយ។
02324478-v	khm:lemma	ថែម
02324478-v	khm:exe	កាហ្វេទឹកដោះគោផ្អែមស្រាប់ហើយ នៅតែថែមស្ករទៀត?
00640828-v	khm:lemma	ថែម
00640828-v	khm:exe	កាហ្វេទឹកដោះគោផ្អែមស្រាប់ហើយ នៅតែថែមស្ករទៀត?
00182406-v	khm:lemma	ថែម
00182406-v	khm:exe	កាហ្វេទឹកដោះគោផ្អែមស្រាប់ហើយ នៅតែថែមស្ករទៀត?
00749230-a	khm:lemma	ស្រួល
00749230-a	khm:exe	ប៉ុស្ត៍ប៉ូលីសនៅកណ្តាលវាល ស្រួលរកណាស់។
14061805-n	khm:lemma	ជម្ងឺ
14061805-n	khm:exe	ថ្នាំបុរាណព្យាបាលជម្ងឺបានស័ក្តិសិទ្ធិ។
14055408-n	khm:lemma	ជម្ងឺ
14055408-n	khm:exe	ថ្នាំបុរាណព្យាបាលជម្ងឺបានស័ក្តិសិទ្ធិ។
14473054-n	khm:lemma	ជម្ងឺ
14473054-n	khm:exe	ថ្នាំបុរាណព្យាបាលជម្ងឺបានស័ក្តិសិទ្ធិ។
10399491-n	khm:lemma	ឪពុកម្ដាយ
10399491-n	khm:exe	វ៉ាកងធំ សិស្ស និស្សិត ត្រឡប់ទៅជួយការងារស្រែចំការរបស់ឪពុកម្តាយខ្លួន។
13833375-n	khm:lemma	ត្បូង
13833375-n	khm:exe	ទ្វារចូលវត្តពីខាងត្បូងត្រូវគេបិទ។
02472293-n	khm:lemma	មនុស្ស
02472293-n	khm:exe	ទេវី ចេះមើលមនុស្សតែតាមចរិតស្លូត ឬ កាច តែប៉ុណ្ណឹងទេឬ?
15212167-n	khm:lemma	ខែកក្កដា
15212167-n	khm:exe	ខែកក្កដាជាខែមានប្រឡងច្រើន។
00442917-a	khm:lemma	ឆ្ងាយ
00442917-a	khm:exe	ជួរភ្នំដងរែកស្ថិតនៅឆ្ងាយពីទីរួមខេត្ត។
01421622-v	khm:lemma	ដាក់
01421622-v	khm:exe	គាត់ញ៉ាំនំបុ័ងដាក់សាច់ប៉ាតេរាល់ព្រឹក។
03398467-n	khm:lemma	មុខ
03398467-n	khm:exe	មិនយូរប៉ុន្មានគេក៏ឮសូររថយន្តមួយបើកមកឈប់នៅចំមុខផ្ទះ។
00964768-a	khm:lemma	ខ្សោយ
00964768-a	khm:exe	គាត់ងើបពីឈឺ មានកម្លាំងខ្សោយ។
02324397-a	khm:lemma	ខ្សោយ
02324397-a	khm:exe	គាត់ងើបពីឈឺ មានកម្លាំងខ្សោយ។
00709215-a	khm:lemma	ខ្សោយ
00709215-a	khm:exe	គាត់ងើបពីឈឺ មានកម្លាំងខ្សោយ។
02040233-a	khm:lemma	ខ្សោយ
02040233-a	khm:exe	គាត់ងើបពីឈឺ មានកម្លាំងខ្សោយ។
02040049-a	khm:lemma	ខ្សោយ
02040049-a	khm:exe	គាត់ងើបពីឈឺ មានកម្លាំងខ្សោយ។
00254978-r	khm:lemma	រាល់ខែ
00254978-r	khm:exe	រាល់ខែ នៅសប្ដាហ៍ទី១ មានការប្រជុំការងារ។
77000091-n	khm:lemma	យ៉ាងណា
77000091-n	khm:exe	យ៉ាងណាក៏ដោយ ខ្ញុំនឹងរង់ចាំជួបគាត់។
06605897-n	khm:lemma	ន័យ
06605897-n	khm:exe	ដានី ពាក្យខែ្មរ "ប្រកាន់" មានន័យយ៉ាងម៉េច?
05919866-n	khm:lemma	ន័យ
05919866-n	khm:exe	ដានី ពាក្យខែ្មរ "ប្រកាន់" មានន័យយ៉ាងម៉េច?
06601327-n	khm:lemma	ន័យ
06601327-n	khm:exe	ដានី ពាក្យខែ្មរ "ប្រកាន់" មានន័យយ៉ាងម៉េច?
04059701-n	khm:lemma	ក្រោយ
04059701-n	khm:exe	នាងទាំងពីរចុះតាមជណ្ដើរក្រោយ។
02767665-n	khm:lemma	ក្រោយ
02767665-n	khm:exe	នាងទាំងពីរចុះតាមជណ្ដើរក្រោយ។
03540595-n	khm:lemma	មន្ទីរពេទ្យ
03540595-n	khm:exe	មន្ទីរពេទ្យសម្ភពជាពេទ្យសំរាប់ស្ត្រីមានគភ៌។
08054417-n	khm:lemma	មន្ទីរពេទ្យ
08054417-n	khm:exe	មន្ទីរពេទ្យសម្ភពជាពេទ្យសំរាប់ស្ត្រីមានគភ៌។
05311054-n	khm:lemma	ភ្នែក
05311054-n	khm:exe	ញ៉ាំបាយពេលថ្ងៃហើយ ទន់ត្របកភ្នែក។
05316025-n	khm:lemma	ភ្នែក
05316025-n	khm:exe	ញ៉ាំបាយពេលថ្ងៃហើយ ទន់ត្របកភ្នែក។
02871439-n	khm:lemma	ទូដាក់សៀវភៅ
02871439-n	khm:exe	ទូដាក់សៀវភៅនេះវែង ហើយមាន៧ជាន់។
01186408-a	khm:lemma	ស្រាល
01186408-a	khm:exe	បី្តខ្ញុំបានធូរស្រាលហើយ។
04049098-n	khm:lemma	ស្ថានីយ
04049098-n	khm:exe	ផ្ទះគាត់នៅជិតស្ថានីយរថភ្លើង ងាយស្រួលធ្វើដំណើរណាស់។
03030663-n	khm:lemma	បារី
03030663-n	khm:exe	ទិញបារីនេះមួយសុង គេលើសឲ្យចានគោះបារីមួយ។
02230772-v	khm:lemma	ហុចឲ្យ
02230772-v	khm:exe	ក្មេងត្រូវកាន់របស់ដៃពីរ ហុចឲ្យចាស់ៗ។
90000504-n	khm:lemma	ពីរឆ្នាំក្រោយ
90000504-n	khm:exe	គាត់នឹងចូលនិវត្តន៍ពីរឆ្នាំក្រោយ។
00729108-n	khm:lemma	កិច្ចការផ្ទះ
00729108-n	khm:exe	កិច្ចការផ្ទះធ្វើមិនទាន់ នៅសល់ច្រើន។
03815615-n	khm:lemma	ក្រវាត់ក
03815615-n	khm:exe	គាត់ពូកែចងក្រវាត់កបានស្អាតណាស់។
07596684-n	khm:lemma	នំ
07596684-n	khm:exe	នំនេះធ្វើពីអ្វី?
05560787-n	khm:lemma	ជើង
05560787-n	khm:exe	ក្នុងផ្សារគេដើរជាន់ជើងគ្នាមិនចាំបាច់និយាយអត់ទោសទេ។
05563266-n	khm:lemma	ជើង
05563266-n	khm:exe	ក្នុងផ្សារគេដើរជាន់ជើងគ្នាមិនចាំបាច់និយាយអត់ទោសទេ។
15211189-n	khm:lemma	ខែមេសា
15211189-n	khm:exe	ជនជាតិខ្មែរចូលឆ្នាំថ្មី នៅថ្ងៃទី១៣ឬ១៤​ ខែមេសា។
02310007-v	khm:lemma	សង
02310007-v	khm:exe	គាត់ថាថ្ងៃស្អែកនឹងសងលុយវិញ តែស្អែកមួយពាន់ដង។
01308381-v	khm:lemma	សង
01308381-v	khm:exe	គាត់ថាថ្ងៃស្អែកនឹងសងលុយវិញ តែស្អែកមួយពាន់ដង។
80001595-v	khm:lemma	សង
80001595-v	khm:exe	គាត់ថាថ្ងៃស្អែកនឹងសងលុយវិញ តែស្អែកមួយពាន់ដង។
10080869-n	khm:lemma	ឪពុក
10080869-n	khm:exe	ហេតុអ្វីក៏អ្នកបងរត់ចេញពីផ្ទះឪពុកខ្ញុំ។
10080869-n	khm:lemma	ឪពុក
10080869-n	khm:exe	តាមពិត របស់ឪពុកខ្ញុំ តែខ្ញុំខ្ចីមកប្រើថ្ងែនេះ។
02411224-a	khm:lemma	ធាត់
02411224-a	khm:exe	ថៅកែចិនធាត់ដុះក្បាលពោះស៊្អុយ។
04446276-n	khm:lemma	បង្គន់
04446276-n	khm:exe	ផ្ទះជប៉ុន បន្ទប់ទឹក និងបង្គន់ច្រើនតែនៅដាច់ពីគ្នា។
04555291-n	khm:lemma	បង្គន់
04555291-n	khm:exe	ផ្ទះជប៉ុន បន្ទប់ទឹក និងបង្គន់ច្រើនតែនៅដាច់ពីគ្នា។
15212455-n	khm:lemma	ខែសីហា
15212455-n	khm:exe	ជួនកាល កូនរដូវប្រាំងមានក្នុងខែសីហា។
00292937-a	khm:lemma	រវល់
00292937-a	khm:exe	ឥឡូវខ្ញុំកំពុងរវល់​ សឹមរួចដៃសិន បានទៅ ។
00273082-a	khm:lemma	ងងឹត
00273082-a	khm:exe	មេឃងងឹតជិតភ្លៀង។
03291819-n	khm:lemma	ស្រោមសំបុត្រ
03291819-n	khm:exe	ដាក់លុយនៅក្នុងស្រោមសំបុត្រអញ្ជើញនេះហើយញ៉ាំរួចហើយយកស្រោមសំបុត្រនេះ ឲ្យអ្នកដែលចាំទទួលចំណងដៃនៅតុ ក្បែរកនែ្លងទទួលភ្ញៀវតែម្តង។
80001545-n	khm:lemma	ក្បែរ
80001545-n	khm:exe	សូផាតដោះចិញ្ចៀនទុកនៅក្បែរពាងទឹក។
09215315-n	khm:lemma	ក្រោម
09215315-n	khm:exe	ក្នុងនោះ មានកេ្មងអាយុក្រោម ១៥ ឆាំ្ន ប៉ុន្មានភាគរយ?
80001661-n	khm:lemma	ក្រោម
80001661-n	khm:exe	ក្នុងនោះ មានកេ្មងអាយុក្រោម ១៥ ឆាំ្ន ប៉ុន្មានភាគរយ?
00523513-n	khm:lemma	កីឡា
00523513-n	khm:exe	អញ្ចឹង ក្នុងចំណោមកីឡាទាំងអស់ លោកចូលចិត្តមួយណាជាងគេ?
03179701-n	khm:lemma	តុ
03179701-n	khm:exe	នាងអ៊ូរីឈរនៅជិតតុសូផាត ឥតមានវាចាអ្វី។
04202417-n	khm:lemma	ហាង
04202417-n	khm:exe	ហាងលក់ម៉ាញេថតសម្លេងជជុះ មានមនុស្សច្រើន។
02016062-v	khm:lemma	ចុះ
02016062-v	khm:exe	លោកគ្រូ រឿងចុះបំពេញកម្មសិក្សារបស់ខ្ញុំ យ៉ាងម៉េចដែរ?
15237782-n	khm:lemma	រដូវរងារ
15237782-n	khm:exe	រដូវរងាឆ្នាំនេះ ក្ដៅជាងធម្មតា។
80001691-n	khm:lemma	លើ
80001691-n	khm:exe	កុមារីចេះប៉ាក់ផ្កាលើកន្សែងដៃ។
08663354-n	khm:lemma	លើ
08663354-n	khm:exe	កុមារីចេះប៉ាក់ផ្កាលើកន្សែងដៃ។
07804323-n	khm:lemma	បាយ
07804323-n	khm:exe	ញ៉ាំម្តង ២គ្រាប់ ១ថ្ងៃ ៣ដង ក្រោយពេលពិសាបាយរួច។
15245990-n	khm:lemma	បាយ
15245990-n	khm:exe	ញ៉ាំម្តង ២គ្រាប់ ១ថ្ងៃ ៣ដង ក្រោយពេលពិសាបាយរួច។
90000417-n	khm:lemma	បាយ
90000417-n	khm:exe	ញ៉ាំម្តង ២គ្រាប់ ១ថ្ងៃ ៣ដង ក្រោយពេលពិសាបាយរួច។
07575076-n	khm:lemma	បាយថ្ងៃ
07575076-n	khm:exe	បាយល្ងាចសំបូរម្ហូបជាងបាយថ្ងៃត្រង់។
15156001-n	khm:lemma	ថ្ងៃនេះ
15156001-n	khm:exe	ថ្ងៃនេះមិនមករៀន ថ្ងៃស្អែករវល់ បើខានស្អែកមិនមកទេ ពួកយើងមិនអត់អោនឲ្យគាត់ទេ។
09604981-n	khm:lemma	ខ្លួនឯង
09604981-n	khm:exe	ចាប់ពីសែ្អកទៅ ខ្ញុំទៅដោយខ្លួនឯង។
07557434-n	khm:lemma	ម្ហូប
07557434-n	khm:exe	បាយល្ងាចសំបូរម្ហូបជាងបាយថ្ងៃត្រង់។
02395115-a	khm:lemma	ឆ្ងាញ់
02395115-a	khm:exe	មើលទៅ គួរឲ្យឆ្ងាញ់ណាស់។  អរគុណ។
02396720-a	khm:lemma	ឆ្ងាញ់
02396720-a	khm:exe	មើលទៅ គួរឲ្យឆ្ងាញ់ណាស់។  អរគុណ។
