# TUFS Basic Arabic in Syria Wordnet	arb http://www.coelang.tufs.ac.jp/mt/as/	CC BY 4.0
15210045-n	arb:lemma	كانون تاني
15210045-n	arb:exe	عيد ميلادي 1 كانون تاني.‏
04971928-n	arb:lemma	بنّي
04971928-n	arb:exe	اصبغ لي شعري بنّي فاتح.‏
15163797-n	arb:lemma	الأحد
15163797-n	arb:exe	الأحد ببلّش الدوام.‏
15043763-n	arb:lemma	تلج
15043763-n	arb:exe	بكرا بدوب التلج وببان المرج.‏
08058098-n	arb:lemma	شركة (brk:ـات)
08058098-n	arb:exe	زوجتي موظّفة بشركة.‏
01382086-a	arb:lemma	كبير (brk:كبار)
01382086-a	arb:exe	ما شا الله، هالمطبخ شو كبير!‏‏
01453084-a	arb:lemma	كبير (brk:كبار)
01453084-a	arb:exe	ما شا الله، هالمطبخ شو كبير!‏‏
00527870-a	arb:lemma	كبير (brk:كبار)
00527870-a	arb:exe	ما شا الله، هالمطبخ شو كبير!‏‏
01677433-a	arb:lemma	كبير (brk:كبار)
01677433-a	arb:exe	ما شا الله، هالمطبخ شو كبير!‏‏
10084295-n	arb:lemma	بنت (brk:بنات)
10084295-n	arb:exe	إبني هلّق بالصفّ التاني. وبنتك بأيّ صفّ؟‏
10129825-n	arb:lemma	بنت (brk:بنات)
10129825-n	arb:exe	إبني هلّق بالصفّ التاني. وبنتك بأيّ صفّ؟‏
80001734-n	arb:lemma	درس (brk:دروس)
80001734-n	arb:exe	السنة الأولى، السنة التانية، السنة التالتة ...‏
00889472-n	arb:lemma	درس (brk:دروس)
00889472-n	arb:exe	السنة الأولى، السنة التانية، السنة التالتة ...‏
02608347-v	arb:lemma	بلّش (brk:يبلّش)
02608347-v	arb:exe	خلينا نبلش بالباصرة.‏‏
07850329-n	arb:lemma	جبنة (brk:ـات)
07850329-n	arb:exe	بمعيتك كيلو جبنة. أنو واحدة ملحها خفيف؟‏
01776727-v	arb:lemma	كره (brk:يكره)
01776727-v	arb:exe	لعمى شو بكره لهالزلمة!‏
01774136-v	arb:lemma	كره (brk:يكره)
01774136-v	arb:exe	لعمى شو بكره لهالزلمة!‏
01579608-a	arb:lemma	بس
01579608-a	arb:exe	بس تخلّص حاكيني.‏
03427296-n	arb:lemma	باب (brk:بواب)
03427296-n	arb:exe	 أنا ساكن بباب توما.‏
04026417-n	arb:lemma	جزدان (brk:جزادين)
04026417-n	arb:exe	ضيّعت جزداني. وين ضيّعته ما بعرف.‏
90000501-n	arb:lemma	السنة الماضية
90000501-n	arb:exe	أنا السنة الماضية أخدت علم اللغة.‏‏
15210870-n	arb:lemma	آذار
15210870-n	arb:exe	كانون التاني، شباط، آذار، نيسان
03561345-n	arb:lemma	رسم ; رسمة (brk:ـات)
03561345-n	arb:lemma	رسم ; رسمة (brk:ـات)
03561345-n	arb:exe	جميلة شاطرة بالرسم.‏
03234306-n	arb:lemma	رسم ; رسمة (brk:ـات)
03234306-n	arb:lemma	رسم ; رسمة (brk:ـات)
03234306-n	arb:exe	جميلة شاطرة بالرسم.‏
03876519-n	arb:lemma	رسم ; رسمة (brk:ـات)
03876519-n	arb:lemma	رسم ; رسمة (brk:ـات)
03876519-n	arb:exe	جميلة شاطرة بالرسم.‏
07110615-n	arb:lemma	صوت (brk:أصوات)
07110615-n	arb:exe	كإنّي سمعت صوت.‏
05202284-n	arb:lemma	صوت (brk:أصوات)
05202284-n	arb:exe	كإنّي سمعت صوت.‏
15236859-n	arb:lemma	خريف
15236859-n	arb:exe	بتذكّرها كلّ ما بيجي الخريف.‏
02107442-v	arb:lemma	سمع (brk:يسمع)
02107442-v	arb:exe	والله مالي سمعان. علّي صوتك شوي.‏
02169891-v	arb:lemma	سمع (brk:يسمع)
02169891-v	arb:exe	والله مالي سمعان. علّي صوتك شوي.‏
02242464-v	arb:lemma	باع (brk:يبيع)
02242464-v	arb:exe	قدّيش بدّك تبيعنا ياها؟‏
00271022-a	arb:lemma	فاتح (brk:ـين، فواتح)
00271022-a	arb:exe	اصبغ لي شعري بنّي فاتح.‏
00396523-a	arb:lemma	فاتح (brk:ـين، فواتح)
00396523-a	arb:exe	اصبغ لي شعري بنّي فاتح.‏
00269989-a	arb:lemma	فاتح (brk:ـين، فواتح)
00269989-a	arb:exe	اصبغ لي شعري بنّي فاتح.‏
00278551-a	arb:lemma	فاتح (brk:ـين، فواتح)
00278551-a	arb:exe	اصبغ لي شعري بنّي فاتح.‏
02924116-n	arb:lemma	باص (brk:ـات)
02924116-n	arb:exe	وقّفت على موقف الباص أكتر من ساعة وما كان يجي باص فاضي.‏
01614426-v	arb:lemma	لزق (brk:يلزق); لزّق (brk:يلزّق)
01614426-v	arb:lemma	لزق (brk:يلزق); لزّق (brk:يلزّق)
01614426-v	arb:exe	الزقي هالطوابع وبعدين حطّيهن بهداك الصندوق.‏
01184932-a	arb:lemma	تقيل (brk:تقال)
01184932-a	arb:exe	والكبة تقيلة على معدتي.‏‏
01119192-a	arb:lemma	شاطر (brk:ـين)
01119192-a	arb:exe	جميلة شاطرة بالرسم.‏
02226162-a	arb:lemma	شاطر (brk:ـين)
02226162-a	arb:exe	جميلة شاطرة بالرسم.‏
01838916-a	arb:lemma	شاطر (brk:ـين)
01838916-a	arb:exe	جميلة شاطرة بالرسم.‏
03613294-n	arb:lemma	مفتاح (brk:مفاتيح)
03613294-n	arb:exe	له له له! نسيت المفتاح بالبيت.‏
01553629-a	arb:lemma	كتير (brk:كتار)
01553629-a	arb:exe	وهنيك كمان في كتير، شوفي.‏‏
01551633-a	arb:lemma	كتير (brk:كتار)
01551633-a	arb:exe	وهنيك كمان في كتير، شوفي.‏‏
01552419-a	arb:lemma	كتير (brk:كتار)
01552419-a	arb:exe	وهنيك كمان في كتير، شوفي.‏‏
00127137-a	arb:lemma	قديم (brk:قدما)
00127137-a	arb:exe	الشام من أقدم المدن بالعالم.‏
01638438-a	arb:lemma	قديم (brk:قدما)
01638438-a	arb:exe	الشام من أقدم المدن بالعالم.‏
01729384-a	arb:lemma	قديم (brk:قدما)
01729384-a	arb:exe	الشام من أقدم المدن بالعالم.‏
10694258-n	arb:lemma	إستاذ (brk:أساتذة)
10694258-n	arb:exe	لمين هالشنتاية؟
07859284-n	arb:lemma	سكّر
07859284-n	arb:exe	أهل حوران بحطّوا بالشاي سكّر كتير.‏
04081281-n	arb:lemma	مطعم (brk:مطاعم)
04081281-n	arb:exe	لا، مطعم أحسن.‏‏
02686568-n	arb:lemma	طيّارة (brk:ـات)
02686568-n	arb:exe	أيّ ساعة بتوصل الطيّارة؟‏
02691156-n	arb:lemma	طيّارة (brk:ـات)
02691156-n	arb:exe	أيّ ساعة بتوصل الطيّارة؟‏
08420278-n	arb:lemma	بنك (brk:بنوك)
08420278-n	arb:exe	إيمتى ببلّش دوام البنك؟‏
02787772-n	arb:lemma	بنك (brk:بنوك)
02787772-n	arb:exe	إيمتى ببلّش دوام البنك؟‏
02018049-v	arb:lemma	ركب (brk:يركب)
02018049-v	arb:exe	بتعرف تركب بسكليتة؟‏
02324026-v	arb:lemma	استعار (brk:يستعير)
02324026-v	arb:exe	ممكن إستعير قاموسك؟‏
01447257-v	arb:lemma	كبس (brk:يكبس)
01447257-v	arb:exe	هادا اللي ما كبست عليه.‏‏
02398378-a	arb:lemma	حدّ
02398378-a	arb:exe	ما بحبّ الأكلات الحدّة.‏
02397732-a	arb:lemma	حدّ
02397732-a	arb:exe	ما بحبّ الأكلات الحدّة.‏
06628228-n	arb:lemma	كرت (brk:كروت)
06628228-n	arb:exe	استلمت كرت معايدة من بنتي اللي عايشة باليابان.‏
06627938-n	arb:lemma	كرت (brk:كروت)
06627938-n	arb:exe	استلمت كرت معايدة من بنتي اللي عايشة باليابان.‏
03959485-n	arb:lemma	صحن (brk:صحون)
03959485-n	arb:exe	جايي على بالي صحن فول مدمس على كيفك مع كاسة شاي أكرك عجم‏.‏‏
00393105-a	arb:lemma	أبيض (بيضا ; بيض)
00393105-a	arb:lemma	أبيض (بيضا ; بيض)
00393105-a	arb:exe	بدّي أعرف إنّه هِي بيضا ولّا سمرا.‏
08625073-n	arb:lemma	يمين
08625073-n	arb:exe	المفتاح على يمين الباب.‏
03051540-n	arb:lemma	أواعي
03051540-n	arb:exe	استنّاني شوي لغيّر أواعيّي.‏
02728440-n	arb:lemma	أواعي
02728440-n	arb:exe	استنّاني شوي لغيّر أواعيّي.‏
03419014-n	arb:lemma	أواعي
03419014-n	arb:exe	استنّاني شوي لغيّر أواعيّي.‏
15165289-n	arb:lemma	صبح ; صباح
15165289-n	arb:lemma	صبح ; صباح
15165289-n	arb:exe	صباح النور جارتنا.‏‏
15165289-n	arb:lemma	قبل الضهر
15165289-n	arb:exe	قبل الضهر رحت عالمطار منشان ودّع إمّي وأبي.‏
03720163-n	arb:lemma	خريطة (brk:خرايط)
03720163-n	arb:exe	وين نحنا هلّق عالخريطة؟‏
00024996-a	arb:lemma	جديد (brk:جدد)
00024996-a	arb:exe	لإنه مدهون جديد.‏‏
01642477-a	arb:lemma	جديد (brk:جدد)
01642477-a	arb:exe	لإنه مدهون جديد.‏‏
01641648-a	arb:lemma	جديد (brk:جدد)
01641648-a	arb:exe	لإنه مدهون جديد.‏‏
01687167-a	arb:lemma	جديد (brk:جدد)
01687167-a	arb:exe	لإنه مدهون جديد.‏‏
02584699-a	arb:lemma	جديد (brk:جدد)
02584699-a	arb:exe	لإنه مدهون جديد.‏‏
01686439-a	arb:lemma	جديد (brk:جدد)
01686439-a	arb:exe	لإنه مدهون جديد.‏‏
02070491-a	arb:lemma	جديد (brk:جدد)
02070491-a	arb:exe	لإنه مدهون جديد.‏‏
02013758-a	arb:lemma	جديد (brk:جدد)
02013758-a	arb:exe	لإنه مدهون جديد.‏‏
01640850-a	arb:lemma	جديد (brk:جدد)
01640850-a	arb:exe	لإنه مدهون جديد.‏‏
00894552-n	arb:lemma	تمرين (brk:تمارين)
00894552-n	arb:exe	كلّ شي بالتمرين بصير.‏
01292683-a	arb:lemma	حبّ (brk:يحبّ)
01292683-a	arb:exe	حبّيت، حبّينا، حبّيت، حبّيتي، حبّيتوا، حبّ، حبّت، حبّوا
01777210-v	arb:lemma	حبّ (brk:يحبّ)
01777210-v	arb:exe	حبّيت، حبّينا، حبّيت، حبّيتي، حبّيتوا، حبّ، حبّت، حبّوا
03001627-n	arb:lemma	كرسي (brk:كراسي)
03001627-n	arb:exe	متل رجل الكرسي.‏‏
01914947-v	arb:lemma	ركض (brk:يركض)
01914947-v	arb:exe	يالله قوام! اركضوا!‏
01926311-v	arb:lemma	ركض (brk:يركض)
01926311-v	arb:exe	يالله قوام! اركضوا!‏
02005496-v	arb:lemma	رجع (brk:يرجع)
02005496-v	arb:exe	أنا ناطرك هون بين ما ترجعي.‏
04379243-n	arb:lemma	طاولة (brk:ـات)
04379243-n	arb:exe	بعتذر. هالطاولة محجوزة.‏
04298308-n	arb:lemma	درج (brk:دراج)
04298308-n	arb:exe	الحمّام ورا هالدرج.‏
01532589-v	arb:lemma	نضّف (brk:ينضّف)
01532589-v	arb:exe	البيت بدّه تنضيف.‏
01533442-v	arb:lemma	نضّف (brk:ينضّف)
01533442-v	arb:exe	البيت بدّه تنضيف.‏
07663592-n	arb:lemma	لحم بقر
07663592-n	arb:exe	بدّي وقيّة لحم بقر، إذا بتريد.‏
10020890-n	arb:lemma	طبيب (brk:أطبّا)
10020890-n	arb:exe	أخي صار طبيب وإختي صارت معلّمة.‏
10305802-n	arb:lemma	طبيب (brk:أطبّا)
10305802-n	arb:exe	أخي صار طبيب وإختي صارت معلّمة.‏
03710193-n	arb:lemma	صندوق (brk:صناديق)
03710193-n	arb:exe	الزقي هالطوابع وبعدين حطّيهن بهداك الصندوق.‏
03989074-n	arb:lemma	صندوق (brk:صناديق)
03989074-n	arb:exe	الزقي هالطوابع وبعدين حطّيهن بهداك الصندوق.‏
15136147-n	arb:lemma	إسبوع (brk:أسابيع)
15136147-n	arb:exe	صار لي إسبوعين.‏
15169873-n	arb:lemma	إسبوع (brk:أسابيع)
15169873-n	arb:exe	صار لي إسبوعين.‏
15211806-n	arb:lemma	حزيران
15211806-n	arb:exe	حزيران طبّاخ المشمش.‏
04489008-n	arb:lemma	بنطلون (brk:ـات)
04489008-n	arb:exe	وهادا بنطلون لإبنك.‏‏
04230808-n	arb:lemma	تنّورة (brk:تنانير)
04230808-n	arb:exe	إي هادا الجاكيت طقم مع هيّ التنّورة.‏
08544813-n	arb:lemma	بلد ; بلاد (brk:بلدان)
08544813-n	arb:lemma	بلد ; بلاد (brk:بلدان)
08544813-n	arb:exe	الولد ولد ولو صار قاضي بلد.‏
08490199-n	arb:lemma	بلد ; بلاد (brk:بلدان)
08490199-n	arb:lemma	بلد ; بلاد (brk:بلدان)
08490199-n	arb:exe	الولد ولد ولو صار قاضي بلد.‏
00018158-v	arb:lemma	فاق (brk:يفيق)
00018158-v	arb:exe	شو؟ هلّق فقتي؟ صحّ النوم! شمستك عالية!‏
05538625-n	arb:lemma	راس (brk:روس)
05538625-n	arb:exe	أنا وقت حطّ راسي عالمخدّة بالليل ما بعود بوعى للصبح.‏
02418686-v	arb:lemma	لعب (brk:يلعب)
02418686-v	arb:exe	مو جايي اليوم.‏
04965661-n	arb:lemma	أصفر (صفرا ; صفر)
04965661-n	arb:lemma	أصفر (صفرا ; صفر)
04965661-n	arb:exe	يسلم لي الأصفر شو لابق لك!‏
02561888-a	arb:lemma	ضيّق (brk:ـين)
02561888-a	arb:exe	أنا بعرف إنه وقتك ضيق، بس بتمناك تساعدني.‏‏
00476663-a	arb:lemma	ضيّق (brk:ـين)
00476663-a	arb:exe	أنا بعرف إنه وقتك ضيق، بس بتمناك تساعدني.‏‏
05137165-n	arb:lemma	إرتفاع
05137165-n	arb:exe	جبل قاسيون ارتفاعه 1153 متر عن سطح البحر.‏
05131647-n	arb:lemma	إرتفاع
05131647-n	arb:exe	جبل قاسيون ارتفاعه 1153 متر عن سطح البحر.‏
10103485-n	arb:lemma	أجنبي (brk:أجانب)
10103485-n	arb:exe	عنّا في كتير طلّاب أجانب بالصفّ.‏
02958343-n	arb:lemma	سيّارة (brk:ـات)
02958343-n	arb:exe	ما عنده سيّارة. ‏
10332385-n	arb:lemma	إمّ (brk:إمهات)
10332385-n	arb:exe	روحي ساوي لها فنجان قهوة لخالتك إم زكي.‏
02410855-v	arb:lemma	اشتغل (brk:يشتغل)
02410855-v	arb:exe	أبي كان يشتغل بيّاع مخلّل.‏
07668702-n	arb:lemma	لحم خنزير
07668702-n	arb:exe	ما عنّا لحم خنزير.‏
13836136-n	arb:lemma	غرب
13836136-n	arb:exe	إي، غربي. وخصوصي لما بكون عم بلعب حديد.‏‏
02368336-a	arb:lemma	حلو (brk:ـين)
02368336-a	arb:exe	بحبّ القهوة حلوة.‏
04254777-n	arb:lemma	جرابة (brk:ـات)
04254777-n	arb:exe	عطول بيلبس الصبّاط بلا جرابات.‏
01845229-v	arb:lemma	سافر (brk:يسافر)
01845229-v	arb:exe	عن جدّ مسافر بعد بكرا؟ رح إشتاق لك.‏
01846916-v	arb:lemma	سافر (brk:يسافر)
01846916-v	arb:exe	عن جدّ مسافر بعد بكرا؟ رح إشتاق لك.‏
01845720-v	arb:lemma	سافر (brk:يسافر)
01845720-v	arb:exe	عن جدّ مسافر بعد بكرا؟ رح إشتاق لك.‏
10112591-n	arb:lemma	رفيق (brk:رفقات، رفقا)
10112591-n	arb:exe	أنا ما عندي ولا رفيقة.‏
08588294-n	arb:lemma	جوّا
08588294-n	arb:exe	تفضّلوا، فوتوا لجوّا.‏
08588152-n	arb:lemma	جوّا
08588152-n	arb:exe	تفضّلوا، فوتوا لجوّا.‏
77000021-n	arb:lemma	إنتي
77000021-n	arb:exe	شو في إنتي وياها؟ شو باكن؟
02771169-v	arb:lemma	صحي (brk:يصحى)
02771169-v	arb:exe	أحياناً بتنزل المطر بس بتصحى الدنيي قوام.‏
77000061-a	arb:lemma	هَيّ
77000061-a	arb:exe	ونحنا أنا وياكي رح نقعد بهَيّ الغرفة.‏
80001619-a	arb:lemma	هَيّ
80001619-a	arb:exe	ونحنا أنا وياكي رح نقعد بهَيّ الغرفة.‏
77000075-a	arb:lemma	هَيّ
77000075-a	arb:exe	ونحنا أنا وياكي رح نقعد بهَيّ الغرفة.‏
04018667-n	arb:lemma	حمّام (brk:ـات)
04018667-n	arb:exe	الحمّام ورا هالدرج.‏
08649345-n	arb:lemma	عرض
08649345-n	arb:exe	هالسجّادة طولها مترين وعرضها متر ونصّ.‏
08649345-n	arb:lemma	جنب
08649345-n	arb:exe	المعهد جنب السفارة.‏
05136150-n	arb:lemma	عرض
05136150-n	arb:exe	هالسجّادة طولها مترين وعرضها متر ونصّ.‏
15211484-n	arb:lemma	أيّار
15211484-n	arb:exe	عيد ميلادي بـ23 أيّار.‏
15165490-n	arb:lemma	نهار
15165490-n	arb:exe	كم ساعة بتشتغل بالنهار؟
04272054-n	arb:lemma	نضّارة (brk:ـات)
04272054-n	arb:exe	نظري ضعيف كتير. وما فيني شوف شي بلا نضّارات. ‏
10287213-n	arb:lemma	رجّال (brk:رجال)
10287213-n	arb:exe	إيمتى بدّك تصير رجّال؟ إيمتى؟‏
09624168-n	arb:lemma	رجّال (brk:رجال)
09624168-n	arb:exe	إيمتى بدّك تصير رجّال؟ إيمتى؟‏
15164105-n	arb:lemma	التلاتا
15164105-n	arb:exe	الاتلاتا رايح إسبح لي ساعتين بمسبح النادي.‏
77000099-n	arb:lemma	كلّ
77000099-n	arb:exe	أصابيع إيدك مو كلّها سوا.‏
00479391-v	arb:lemma	طفى (brk:يطفي)
00479391-v	arb:exe	إطفي الضوّ.‏
03238879-n	arb:lemma	قميص (brk:قمصان)
03238879-n	arb:exe	دخيل عينك، القميص إيمتى بكون جاهز؟‏
02412164-a	arb:lemma	رقيق (brk:رقاق)
02412164-a	arb:exe	اللحاف بغرفتي رقيق شوي. عندك واحد سميك؟‏
02414188-a	arb:lemma	رقيق (brk:رقاق)
02414188-a	arb:exe	اللحاف بغرفتي رقيق شوي. عندك واحد سميك؟‏
01168468-v	arb:lemma	أكل (brk:ياكل)
01168468-v	arb:exe	مع إنه عم باكل منيح.‏‏
01166351-v	arb:lemma	أكل (brk:ياكل)
01166351-v	arb:exe	مع إنه عم باكل منيح.‏‏
01179865-v	arb:lemma	أكل (brk:ياكل)
01179865-v	arb:exe	مع إنه عم باكل منيح.‏‏
15122231-n	arb:lemma	لمّا
15122231-n	arb:exe	اتّصلي فيني لمّا بدّك ياني.‏
02818832-n	arb:lemma	تخت (brk:تخوت، تخوتة)
02818832-n	arb:exe	هو كتير مريض. ما فيه يقوم من التخت.‏
90000503-n	arb:lemma	السنة الجاية
90000503-n	arb:exe	في عندك رزنامة للسنة الجاية؟‏
08168367-n	arb:lemma	برّات البلد
08168367-n	arb:exe	بحياتك سافرت برّات البلد؟‏
02560548-a	arb:lemma	واسع (brk:ـين)
02560548-a	arb:exe	يا لطيف! قدّيش هالملعب واسع!‏
01384212-a	arb:lemma	واسع (brk:ـين)
01384212-a	arb:exe	يا لطيف! قدّيش هالملعب واسع!‏
07110457-n	arb:lemma	حكي (brk:ـات)
07110457-n	arb:exe	شو هالحكي !؟ وليش  بقى بالبيت؟‏
00893243-n	arb:lemma	حكي (brk:ـات)
00893243-n	arb:exe	شو هالحكي !؟ وليش  بقى بالبيت؟‏
07221094-n	arb:lemma	حكي (brk:ـات)
07221094-n	arb:exe	شو هالحكي !؟ وليش  بقى بالبيت؟‏
07139316-n	arb:lemma	حكي (brk:ـات)
07139316-n	arb:exe	شو هالحكي !؟ وليش  بقى بالبيت؟‏
07555863-n	arb:lemma	أكلة (brk:ـات)
07555863-n	arb:exe	والله أكلاتكن طيّبين.‏
07560652-n	arb:lemma	أكلة (brk:ـات)
07560652-n	arb:exe	والله أكلاتكن طيّبين.‏
00157412-r	arb:lemma	أحياناً
00157412-r	arb:exe	أحياناً بتنزل المطر بس بتصحى الدنيي قوام.‏
00021212-r	arb:lemma	أحياناً
00021212-r	arb:exe	أحياناً بتنزل المطر بس بتصحى الدنيي قوام.‏
03740161-n	arb:lemma	دوا (brk:إدوية)
03740161-n	arb:exe	أحسن دوا شمّ الهوا.‏
02318272-a	arb:lemma	دغري
02318272-a	arb:exe	روح دغري.‏
02310895-a	arb:lemma	دغري
02310895-a	arb:exe	روح دغري.‏
02314584-a	arb:lemma	دغري
02314584-a	arb:exe	روح دغري.‏
10787470-n	arb:lemma	نسوان
10787470-n	arb:exe	هيك النسوان. بالأوّل بتخاف بعدين بتصير بتخوّف.‏
10736091-n	arb:lemma	عمّ ; عمّة
10736091-n	arb:lemma	عمّ ; عمّة
10736091-n	arb:exe	خبّي فحماتك الكبار لعمّك آذار.‏
04370048-n	arb:lemma	كنزة (brk:ـات)
04370048-n	arb:exe	هيّ الكنزة عجبتني.‏
04398497-n	arb:lemma	قهوة
04398497-n	arb:exe	جايي على بالي روح عالقهوة. شو رأيك نروح سوا؟‏
00606093-v	arb:lemma	تمرّن (brk:يتمرّن)
00606093-v	arb:exe	كلّ ما بتتمرّن أكتر بتصير أشطر.‏
01723224-v	arb:lemma	تمرّن (brk:يتمرّن)
01723224-v	arb:exe	كلّ ما بتتمرّن أكتر بتصير أشطر.‏
15156187-n	arb:lemma	مبارح
15156187-n	arb:exe	مبارح زرت بصرى وشفت المسرح الروماني.‏
01919428-a	arb:lemma	هادي (brk:ـين)
01919428-a	arb:exe	عم ندوّر على بيت بمنطقة هادية.‏
01918984-a	arb:lemma	هادي (brk:ـين)
01918984-a	arb:exe	عم ندوّر على بيت بمنطقة هادية.‏
04437953-n	arb:lemma	ساعة (brk:ـات)
04437953-n	arb:exe	هالساعة مو مظبوطة!‏‏
03046257-n	arb:lemma	ساعة (brk:ـات)
03046257-n	arb:exe	هالساعة مو مظبوطة!‏‏
04350905-n	arb:lemma	بدلة (brk:ـات)
04350905-n	arb:exe	الشرطة عنّا صاروا يلبسوا بدلة بيضا ورمادي.‏
00409440-a	arb:lemma	غامق (brk:ـين، غوامق)
00409440-a	arb:exe	برأيي بلبق لك الغوامق أكتر.‏
00842199-a	arb:lemma	قوي (brk:قوايا)
00842199-a	arb:exe	أقوى شي الواحد وبيقولوا له القص.‏‏
15163979-n	arb:lemma	الاتنين
15163979-n	arb:exe	يوم الاتنين عندي درس عربي مع الإستاذ الخصوصي.‏
03281145-n	arb:lemma	أصانصير (brk:ـات)
03281145-n	arb:exe	الأصانصير معطّل. لازم نطلع عالدرج.‏
05320899-n	arb:lemma	إدن (brk:أدان، أدنين)
05320899-n	arb:exe	ما بصدّق لحتّى شوف بعيني وإسمع بإدني.‏
00007846-n	arb:lemma	حدا
00007846-n	arb:exe	في حدا هون؟‏
13134947-n	arb:lemma	فواكي
13134947-n	arb:exe	بدّنا يا فواكي يا بوظة.‏
11683989-n	arb:lemma	فواكي
11683989-n	arb:exe	بدّنا يا فواكي يا بوظة.‏
02730813-v	arb:lemma	قال (brk:يقول)
02730813-v	arb:exe	مالي عرفانة شو بدّي قل لك.‏
01009240-v	arb:lemma	قال (brk:يقول)
01009240-v	arb:exe	مالي عرفانة شو بدّي قل لك.‏
00941990-v	arb:lemma	قال (brk:يقول)
00941990-v	arb:exe	مالي عرفانة شو بدّي قل لك.‏
00979870-v	arb:lemma	قال (brk:يقول)
00979870-v	arb:exe	مالي عرفانة شو بدّي قل لك.‏
09854218-n	arb:lemma	إخت (brk:إخوات بنات)
09854218-n	arb:exe	أخي صار طبيب وإختي صارت معلّمة.‏
04507155-n	arb:lemma	شمسيّة (brk:شماسي)
04507155-n	arb:exe	ليش حاملة الشمسيّة معك؟‏
02229324-a	arb:lemma	ضعيف (brk:ضعاف)
02229324-a	arb:exe	العربي تبعه ضعيف شوي.‏
01870636-a	arb:lemma	ضعيف (brk:ضعاف)
01870636-a	arb:exe	العربي تبعه ضعيف شوي.‏
01128103-a	arb:lemma	ضعيف (brk:ضعاف)
01128103-a	arb:exe	العربي تبعه ضعيف شوي.‏
02229000-a	arb:lemma	ضعيف (brk:ضعاف)
02229000-a	arb:exe	العربي تبعه ضعيف شوي.‏
15270431-n	arb:lemma	ساعة (brk:ـات)
15270431-n	arb:exe	مو من ساعة قلت لك هاتيها!؟‏
15227846-n	arb:lemma	ساعة (brk:ـات)
15227846-n	arb:exe	مو من ساعة قلت لك هاتيها!؟‏
15269513-n	arb:lemma	ساعة (brk:ـات)
15269513-n	arb:exe	مو من ساعة قلت لك هاتيها!؟‏
00744916-a	arb:lemma	صعب (brk:ـين)
00744916-a	arb:exe	والله عم لاقيها صعبة.‏
04401088-n	arb:lemma	تلفون (brk:ـات)
04401088-n	arb:exe	‏يالله حبيبتي! خلينا نحكي مع أهلك عالتلفون.‏‏
06272803-n	arb:lemma	تلفون (brk:ـات)
06272803-n	arb:exe	‏يالله حبيبتي! خلينا نحكي مع أهلك عالتلفون.‏‏
02870092-n	arb:lemma	كتاب (brk:كتب)
02870092-n	arb:exe	إذا بدك، أنا معي النسخة العربية لهادا الكتاب.‏‏
06410904-n	arb:lemma	كتاب (brk:كتب)
06410904-n	arb:exe	إذا بدك، أنا معي النسخة العربية لهادا الكتاب.‏‏
14974264-n	arb:lemma	ورقة (brk:وراق)
14974264-n	arb:exe	وبعدين بتحط الورقة هون.‏‏
80000677-n	arb:lemma	ورقة (brk:وراق)
80000677-n	arb:exe	وبعدين بتحط الورقة هون.‏‏
06255777-n	arb:lemma	ورقة (brk:وراق)
06255777-n	arb:exe	وبعدين بتحط الورقة هون.‏‏
04960277-n	arb:lemma	أسود (سودا ; سود)
04960277-n	arb:lemma	أسود (سودا ; سود)
04960277-n	arb:exe	والله اسودّت الدنيا بوشّي.‏
02207206-v	arb:lemma	اشترى (brk:يشتري)
02207206-v	arb:exe	إي، لا تشتري.‏‏
02208265-v	arb:lemma	اشترى (brk:يشتري)
02208265-v	arb:exe	إي، لا تشتري.‏‏
00422620-a	arb:lemma	وسخ (brk:ـين)
00422620-a	arb:exe	إيديي وسخين.‏
01908889-a	arb:lemma	وسخ (brk:ـين)
01908889-a	arb:exe	إيديي وسخين.‏
00419289-a	arb:lemma	وسخ (brk:ـين)
00419289-a	arb:exe	إيديي وسخين.‏
01345109-v	arb:lemma	سكّر (brk:يسكّر)
01345109-v	arb:exe	دخلك الطريق مفتوح ولّا مسكّر؟‏
01960911-v	arb:lemma	سبح (brk:يسبح)
01960911-v	arb:exe	بالصيف بحبّ إسبح بالبحر.‏
00933154-a	arb:lemma	مرتفع
00933154-a	arb:exe	حرارتي مرتفعة شوي.‏
04199027-n	arb:lemma	كندرة (brk:كنادر)
04199027-n	arb:exe	هالكندرة ضيّقة عليها شوي. في قياس أكبر؟‏
05598147-n	arb:lemma	منخار (brk:مناخير)
05598147-n	arb:exe	من طول عمرها شايفة حالها ورافعة مناخيرها لفوق.‏
05658826-n	arb:lemma	منخار (brk:مناخير)
05658826-n	arb:exe	من طول عمرها شايفة حالها ورافعة مناخيرها لفوق.‏
06947032-n	arb:lemma	إنكليزي
06947032-n	arb:exe	شو يعني "شمستك عالية" بالإنكليزي؟‏
07575726-n	arb:lemma	عشا
07575726-n	arb:exe	جهز لك العشا روحي اليوم؟‏
01198101-v	arb:lemma	دخّن (brk:يدخّن)
01198101-v	arb:exe	إذا بتريد، ممنوع التدخين هون.‏‏
01206474-a	arb:lemma	واطي (brk:ـين)
01206474-a	arb:exe	وطّي صوتك شوي. الصغار نايمين.‏
13832355-n	arb:lemma	شرق
13832355-n	arb:exe	بمنطقة باب شرقي بالشام القديمة في كتير كنايس قديمة ومهمّة.‏
11525955-n	arb:lemma	هوا (brk:هويات)
11525955-n	arb:exe	سكّر المكيّف وافتاح الشبّاك. اليوم في هوا.‏
02324182-v	arb:lemma	عار (brk:يعير)
02324182-v	arb:exe	ممكن تعيرني هالكتاب؟‏
01437963-a	arb:lemma	طويل (brk:طوال)
01437963-a	arb:exe	السفر لليابان طويل، تقريباً 15 ساعة بالطيّارة.‏
01433493-a	arb:lemma	طويل (brk:طوال)
01433493-a	arb:exe	السفر لليابان طويل، تقريباً 15 ساعة بالطيّارة.‏
01444022-a	arb:lemma	طويل (brk:طوال)
01444022-a	arb:exe	السفر لليابان طويل، تقريباً 15 ساعة بالطيّارة.‏
80001077-n	arb:lemma	كم
80001077-n	arb:exe	جب لنا كم صحن فاضي دخيل عينك.‏
80001077-n	arb:lemma	قدّيش
80001077-n	arb:exe	قدّيش صار لك بسوريا؟
10665698-n	arb:lemma	طالب (brk:طلّاب)
10665698-n	arb:exe	إنتي طالبة؟
77000064-n	arb:lemma	أيّ
77000064-n	arb:exe	في محاضرتين مالي عرفان أيّ واحدة آخد فيهن، أدب مقارن ولا علم اللغة؟‏
10286084-n	arb:lemma	أخّ (brk:إخوات صبيان)
10286084-n	arb:exe	اعتبريني متل أخوكي. ‏
09876454-n	arb:lemma	أخّ (brk:إخوات صبيان)
09876454-n	arb:exe	اعتبريني متل أخوكي. ‏
77000031-n	arb:lemma	هِي
77000031-n	arb:exe	ما بقدر إحترمه إلّا إذا غصبني أو جبرني أو فرض عليّي.‏
00934199-a	arb:lemma	رخيص (brk:رخاص)
00934199-a	arb:exe	أبو كمال أكله طيب ورخيص‏.‏‏
00935103-a	arb:lemma	رخيص (brk:رخاص)
00935103-a	arb:exe	أبو كمال أكله طيب ورخيص‏.‏‏
02747802-n	arb:lemma	نفّاضة سكاير
02747802-n	arb:exe	لك وين نفاضة السكاير!؟‏
15213115-n	arb:lemma	تشرين أوّل
15213115-n	arb:exe	بين تشرين (أوّل) وتشرين (تاني) صيف تاني‏.‏
15203791-n	arb:lemma	سنة (brk:سنوات، سنين)
15203791-n	arb:exe	أوّل مرّة، تاني مرّة، تالت مرّة ... آخر مرّة
03619890-n	arb:lemma	مطبخ (brk:مطابخ)
03619890-n	arb:exe	متل الملح بتلاقيه بكلّ مطبخ.‏
00273734-v	arb:lemma	علّم (brk:يعلّم)
00273734-v	arb:exe	ولا يهمك، أنا بعلمك.‏‏
00829107-v	arb:lemma	علّم (brk:يعلّم)
00829107-v	arb:exe	ولا يهمك، أنا بعلمك.‏‏
00963570-v	arb:lemma	حاكى (brk:يحاكي)
00963570-v	arb:exe	بس تخلّص حاكيني.‏
01775164-v	arb:lemma	مات (brk:يموت)
01775164-v	arb:exe	بموت بالكبّة. وخصوصاً المقلية.‏
01828736-v	arb:lemma	مات (brk:يموت)
01828736-v	arb:exe	بموت بالكبّة. وخصوصاً المقلية.‏
06418901-n	arb:lemma	قاموس (brk:قواميس)
06418901-n	arb:exe	ممكن إستعير قاموسك؟‏
15164570-n	arb:lemma	السبت
15164570-n	arb:exe	إنتو فاتحين السبت؟
00284798-n	arb:lemma	مشوار (brk:مشاوير)
00284798-n	arb:exe	إذا فاضية بكرا شو رأيك نعمل مشوار؟‏
00284101-n	arb:lemma	مشوار (brk:مشاوير)
00284101-n	arb:exe	إذا فاضية بكرا شو رأيك نعمل مشوار؟‏
08277393-n	arb:lemma	مدرسة (brk:مدارس)
08277393-n	arb:exe	بعد ما خلصت المدرسة ما عدت فتحت ولا كتاب الله وكيلك.‏
08276720-n	arb:lemma	مدرسة (brk:مدارس)
08276720-n	arb:exe	بعد ما خلصت المدرسة ما عدت فتحت ولا كتاب الله وكيلك.‏
00161630-r	arb:lemma	على مهلك
00161630-r	arb:exe	على مهلك على مرتك شوي.‏‏
03057021-n	arb:lemma	جاكيت (brk:جواكيت)
03057021-n	arb:exe	إي هادا الجاكيت طقم مع هيّ التنّورة.‏
03589791-n	arb:lemma	جاكيت (brk:جواكيت)
03589791-n	arb:exe	إي هادا الجاكيت طقم مع هيّ التنّورة.‏
06929279-n	arb:lemma	ياباني (brk:ـين)
06929279-n	arb:exe	عنّا باللغة اليابانية 3 أنواع من الحروف.‏
10142391-n	arb:lemma	جدّ (brk:جدود)
10142391-n	arb:exe	جدّي لابس بدلة.‏
07934530-n	arb:lemma	شاي
07934530-n	arb:exe	أهل حوران بحطّوا بالشاي سكّر كتير.‏
07933274-n	arb:lemma	شاي
07933274-n	arb:exe	أهل حوران بحطّوا بالشاي سكّر كتير.‏
07989373-n	arb:lemma	حياة
07989373-n	arb:exe	وين ما بدك بصير حياتي.‏‏
03147509-n	arb:lemma	فنجان (brk:فناجين)
03147509-n	arb:exe	روحي ساوي لها فنجان قهوة لخالتك إم زكي.‏
03972524-n	arb:lemma	جيبة (brk:جيوب)
03972524-n	arb:exe	إذا جيبتك مليانة وفي وقت، عندك الشام واللاذقية وتدمر وبصرى أحلى شي‏.‏‏
04968895-n	arb:lemma	أزرق (زرقا ; زرق)
04968895-n	arb:lemma	أزرق (زرقا ; زرق)
04968895-n	arb:exe	عيونها زرق حلوين.‏
01555416-a	arb:lemma	قليل (brk:قلال)
01555416-a	arb:exe	قال شو؟! قال عنّي قليلة أدب وقليلة ترباية!‏
01552885-a	arb:lemma	قليل (brk:قلال)
01552885-a	arb:exe	قال شو؟! قال عنّي قليلة أدب وقليلة ترباية!‏
00017865-v	arb:lemma	نام (brk:ينام)
00017865-v	arb:exe	لأ، لسّاته نايم.‏
00450147-a	arb:lemma	قريب (brk:قراب)
00450147-a	arb:exe	في مطعم قريب جنب السينيما  بيعمل شاورما عربي.‏‏
00444519-a	arb:lemma	قريب (brk:قراب)
00444519-a	arb:exe	في مطعم قريب جنب السينيما  بيعمل شاورما عربي.‏‏
00445169-a	arb:lemma	قريب (brk:قراب)
00445169-a	arb:exe	في مطعم قريب جنب السينيما  بيعمل شاورما عربي.‏‏
00584367-n	arb:lemma	شغل
00584367-n	arb:exe	كلّ ما شاف واحد فهمان بالشغل تبعه بطيّره.‏
07574602-n	arb:lemma	فطور
07574602-n	arb:exe	أكلت بيض مسلوق عالفطور.‏
08078020-n	arb:lemma	أهل
08078020-n	arb:exe	أنا معتبر يعني ... نحنا أهل وقرايبين.‏
10236304-n	arb:lemma	أهل
10236304-n	arb:exe	أنا معتبر يعني ... نحنا أهل وقرايبين.‏
07970406-n	arb:lemma	أهل
07970406-n	arb:exe	أنا معتبر يعني ... نحنا أهل وقرايبين.‏
09918248-n	arb:lemma	ولد (brk:ولاد)
09918248-n	arb:exe	ما في حدا عالباب. يمكن ولد دقّ الباب ومشي.‏
12212361-n	arb:lemma	خضرة
12212361-n	arb:exe	اشتري الخضرة واللحمة وتعى.‏‏
07707451-n	arb:lemma	خضرة
07707451-n	arb:exe	اشتري الخضرة واللحمة وتعى.‏‏
03365991-n	arb:lemma	طابق (brk:طوابق)
03365991-n	arb:exe	البيت بالطابق التاني من هالبناية.‏
00976508-a	arb:lemma	سريع
00976508-a	arb:exe	أنو أسرع، الباص ولّا القطار؟
00981818-a	arb:lemma	سريع
00981818-a	arb:exe	أنو أسرع، الباص ولّا القطار؟
00979862-a	arb:lemma	سريع
00979862-a	arb:exe	أنو أسرع، الباص ولّا القطار؟
07644382-n	arb:lemma	جاج
07644382-n	arb:exe	اشتري جاج.‏‏
07644967-n	arb:lemma	جاج
07644967-n	arb:exe	اشتري جاج.‏‏
07813107-n	arb:lemma	ملح
07813107-n	arb:exe	صار بيناتنا خبز وملح.‏
02005948-v	arb:lemma	وصل (brk:يصل، يوصل)
02005948-v	arb:exe	وصلت عسوريا أوّل مبارح.‏
02930766-n	arb:lemma	تكسي (brk:تكاسي)
02930766-n	arb:exe	ما لقيت تكسي فاضي فإجيت مشي.‏
04371225-n	arb:lemma	مسبح (brk:مسابح)
04371225-n	arb:exe	الاتلاتا رايح إسبح لي ساعتين بمسبح النادي.‏
15237250-n	arb:lemma	صيف
15237250-n	arb:exe	بين تشرين (أوّل) وتشرين (تاني) صيف تاني‏.‏
77000104-n	arb:lemma	إيمتى
77000104-n	arb:exe	إيمتى عيد ميلادك؟
04105893-n	arb:lemma	غرفة (brk:غرف)
04105893-n	arb:exe	ونحنا أنا وياكي رح نقعد بهَيّ الغرفة.‏
01376705-a	arb:lemma	مشهور (brk:ـين)
01376705-a	arb:exe	المطربة المشهورة !؟‏
01375831-a	arb:lemma	مشهور (brk:ـين)
01375831-a	arb:exe	المطربة المشهورة !؟‏
01984902-v	arb:lemma	قعد (brk:يقعد)
01984902-v	arb:exe	ونحنا أنا وياكي رح نقعد بهَيّ الغرفة.‏
02386612-a	arb:lemma	صغير (brk:صغار)
02386612-a	arb:exe	أنا أكبر من إختي.‏
02386612-a	arb:lemma	قصير (brk:قصار)
02386612-a	arb:exe	العين بصيرة والإيد قصيرة.‏
15166191-n	arb:lemma	بعد الضهر
15166191-n	arb:exe	بيوصل الباص الساعة 6 بعد الضهر.‏
06624161-n	arb:lemma	مكتوب (brk:مكاتيب)
06624161-n	arb:exe	لو سمحت، بدّي إبعت هالمكتوب عاليابان.‏
07929519-n	arb:lemma	قهوة
07929519-n	arb:exe	روحي ساوي لها فنجان قهوة لخالتك إم زكي.‏
01729431-v	arb:lemma	غنّى (brk:يغنّي)
01729431-v	arb:exe	غنّينا ورقصنا للصبح.‏
11501381-n	arb:lemma	مطر (brk:أمطار)
11501381-n	arb:exe	نازلة مطر قوية.‏
90000511-n	arb:lemma	أوّل مبارح
90000511-n	arb:exe	وصلت عسوريا أوّل مبارح.‏
00118032-r	arb:lemma	لكان
00118032-r	arb:exe	لكان جيبي لي كشف علاماتك، وتعي بعد شي يومين خدي الكتاب.‏‏
04468005-n	arb:lemma	قطار (brk:ـات)
04468005-n	arb:exe	إيمتى بيمشي القطار؟‏
77000002-n	arb:lemma	نحنا
77000002-n	arb:exe	أنا معتبر يعني ... نحنا أهل وقرايبين.‏
15206296-n	arb:lemma	شهر (brk:شهور)
15206296-n	arb:exe	صار لي 3 شهور.‏
02834778-n	arb:lemma	بسكليت ; بسكليتة (brk:ـات)
02834778-n	arb:lemma	بسكليت ; بسكليتة (brk:ـات)
02834778-n	arb:exe	بتعرف تركب بسكليتة؟‏
06597466-n	arb:lemma	مجلّة (brk:ـات)
06597466-n	arb:exe	ما تنسى ترجّع هالمجلّة للمكتبة.‏
06595351-n	arb:lemma	مجلّة (brk:ـات)
06595351-n	arb:exe	ما تنسى ترجّع هالمجلّة للمكتبة.‏
03704210-n	arb:lemma	مجلّة (brk:ـات)
03704210-n	arb:exe	ما تنسى ترجّع هالمجلّة للمكتبة.‏
08238463-n	arb:lemma	صفّ (brk:صفوف)
08238463-n	arb:exe	عنّا في كتير طلّاب أجانب بالصفّ.‏
00050454-v	arb:lemma	شلح (brk:يشلح)
00050454-v	arb:exe	يا ريت لو بتشلح من رجلك.‏‏
02649830-v	arb:lemma	سكن (brk:يسكن)
02649830-v	arb:exe	إنتي ساكنة لحالك؟‏
15155891-n	arb:lemma	بكرا
15155891-n	arb:exe	بكرا بدوب التلج وببان المرج.‏
04208936-n	arb:lemma	دوش
04208936-n	arb:exe	الحمّام فيه بانيو ولّا بسّ دوش؟‏
15213774-n	arb:lemma	كانون أوّل
15213774-n	arb:exe	بيخلص الفصل الأوّل بآخر كانون أوّل.‏
00625119-v	arb:lemma	قرا (brk:يقرا)
00625119-v	arb:exe	بلعب سلة  وطاولة وبحب  إقرا  كتير.‏‏
02774152-n	arb:lemma	شنتاية (brk:شناتي)
02774152-n	arb:exe	هَيّ للإستاذ.‏
02773037-n	arb:lemma	شنتاية (brk:شناتي)
02773037-n	arb:exe	هَيّ للإستاذ.‏
13250542-n	arb:lemma	مصاري (brk:مصريات)
13250542-n	arb:exe	ما معي مصاري.‏
13384557-n	arb:lemma	مصاري (brk:مصريات)
13384557-n	arb:exe	ما معي مصاري.‏
05600637-n	arb:lemma	وشّ (brk:وشوش)
05600637-n	arb:exe	والله اسودّت الدنيا بوشّي.‏
15164354-n	arb:lemma	الخميس
15164354-n	arb:exe	العرس انشالله الخميس الجايي.‏
00816481-a	arb:lemma	متأخّر
00816481-a	arb:exe	نعسان شوي لإنّه مبارح نمت متأخّر.‏
01901186-a	arb:lemma	متأخّر
01901186-a	arb:exe	نعسان شوي لإنّه مبارح نمت متأخّر.‏
04956594-n	arb:lemma	لون (brk:ألوان)
04956594-n	arb:exe	برأيي بلبق لك الغوامق أكتر.‏
04674968-n	arb:lemma	لون (brk:ألوان)
04674968-n	arb:exe	برأيي بلبق لك الغوامق أكتر.‏
07109730-n	arb:lemma	كلام
07109730-n	arb:exe	والله كلامك مظبوط.‏
06282651-n	arb:lemma	كلام
06282651-n	arb:exe	والله كلامك مظبوط.‏
04962784-n	arb:lemma	أحمر (حمرا ; حمر)
04962784-n	arb:lemma	أحمر (حمرا ; حمر)
04962784-n	arb:exe	عيونه محمرّة منّي كتير.‏
03871083-n	arb:lemma	غرض (brk:غراض)
03871083-n	arb:exe	ممكن تفتح الصندوق منشان حطّ غراضي؟‏
02774630-n	arb:lemma	غرض (brk:غراض)
02774630-n	arb:exe	ممكن تفتح الصندوق منشان حطّ غراضي؟‏
15164463-n	arb:lemma	الجمعة
15164463-n	arb:exe	الجمعة بتسكّر السوق.‏
02410393-a	arb:lemma	سميك (brk:سماك)
02410393-a	arb:exe	اللحاف بغرفتي رقيق شوي. عندك واحد سميك؟‏
02415390-a	arb:lemma	سميك (brk:سماك)
02415390-a	arb:exe	اللحاف بغرفتي رقيق شوي. عندك واحد سميك؟‏
02756821-v	arb:lemma	نزل (brk:ينزل)
02756821-v	arb:exe	إذا نزل مطر شو رح نعمل؟‏
01546111-v	arb:lemma	واقف (brk:ـين)
01546111-v	arb:exe	مين هالشبّ اللي واقف قدّامها؟
10142747-n	arb:lemma	ستّ (brk:ـات)
10142747-n	arb:exe	كلّ ما بسمع هالغنّية بتذكّر ستّي الله يرحمها.‏
07679356-n	arb:lemma	خبز (brk:ـات)
07679356-n	arb:exe	كيف لقيتي الأوضة؟
03259505-n	arb:lemma	بيت (brk:بيوت)
03259505-n	arb:exe	بس والله ماله حق إبنك مبارح يكسر بلور البيت.‏‏
03544360-n	arb:lemma	بيت (brk:بيوت)
03544360-n	arb:exe	بس والله ماله حق إبنك مبارح يكسر بلور البيت.‏‏
08559508-n	arb:lemma	بيت (brk:بيوت)
08559508-n	arb:exe	بس والله ماله حق إبنك مبارح يكسر بلور البيت.‏‏
15210486-n	arb:lemma	شباط
15210486-n	arb:exe	شباط ما عكلامه رباط.‏
15167349-n	arb:lemma	ليل
15167349-n	arb:exe	أنا وقت حطّ راسي عالمخدّة بالليل ما بعود بوعى للصبح.‏
15155747-n	arb:lemma	ليل
15155747-n	arb:exe	أنا وقت حطّ راسي عالمخدّة بالليل ما بعود بوعى للصبح.‏
15167027-n	arb:lemma	ليل
15167027-n	arb:exe	أنا وقت حطّ راسي عالمخدّة بالليل ما بعود بوعى للصبح.‏
15167474-n	arb:lemma	ليل
15167474-n	arb:exe	أنا وقت حطّ راسي عالمخدّة بالليل ما بعود بوعى للصبح.‏
03438257-n	arb:lemma	كاسة (brk:ـات)
03438257-n	arb:exe	جايي على بالي صحن فول مدمس على كيفك مع كاسة شاي أكرك عجم‏.‏‏
08613593-n	arb:lemma	برّا
08613593-n	arb:exe	الحمّام ورا هالدرج.‏
06613686-n	arb:lemma	فلم (brk:أفلام)
06613686-n	arb:exe	هالفلم حلو كتير.‏
04096066-n	arb:lemma	طريق (brk:طرق)
04096066-n	arb:exe	يا ترى خربطنا بالطريق؟
15212739-n	arb:lemma	إيلول ; أيلول
15212739-n	arb:lemma	إيلول ; أيلول
15212739-n	arb:exe	إيلول دنبه مبلول.‏
14524198-n	arb:lemma	مغيّم
14524198-n	arb:exe	السما مغيّمة. أحسن لك تاخد معك شمسيّة.‏
13828795-n	arb:lemma	طول
13828795-n	arb:exe	هالسجّادة طولها مترين وعرضها متر ونصّ.‏
00543233-n	arb:lemma	موسيقى
00543233-n	arb:exe	الأربعا حضرت حفلة موسيقية بدار الأوبرا.‏
05718556-n	arb:lemma	موسيقى
05718556-n	arb:exe	الأربعا حضرت حفلة موسيقية بدار الأوبرا.‏
05718935-n	arb:lemma	موسيقى
05718935-n	arb:exe	الأربعا حضرت حفلة موسيقية بدار الأوبرا.‏
07020895-n	arb:lemma	موسيقى
07020895-n	arb:exe	الأربعا حضرت حفلة موسيقية بدار الأوبرا.‏
03112099-n	arb:lemma	ممرّ (brk:ـات)
03112099-n	arb:exe	عفواً إستاذ، بدّك مقعد جنب الشبّاك ولّا جنب الممرّ؟‏
03661043-n	arb:lemma	مكتبة (brk:ـات)
03661043-n	arb:exe	ما تنسى ترجّع هالمجلّة للمكتبة.‏
07840804-n	arb:lemma	بيض ; بيضة (brk:ـات)
07840804-n	arb:lemma	بيض ; بيضة (brk:ـات)
07840804-n	arb:exe	أكلت بيض مسلوق عالفطور.‏
05282433-n	arb:lemma	سنّ (brk:سنان)
05282433-n	arb:exe	لازم فرشي سناني.‏
05282746-n	arb:lemma	سنّ (brk:سنان)
05282746-n	arb:exe	لازم فرشي سناني.‏
00514884-a	arb:lemma	طول ~
00514884-a	arb:exe	من طول عمرها شايفة حالها ورافعة مناخيرها لفوق.‏
77000084-n	arb:lemma	وين
77000084-n	arb:exe	‏ وين بتحبي حط لك البراد مدام؟‏
00220082-a	arb:lemma	حلو (brk:ـين)
00220082-a	arb:exe	ليش بحبّ لطفية أكتر من هدى مع إنّه بالجمال هدى أحلى منها؟
01586342-a	arb:lemma	حلو (brk:ـين)
01586342-a	arb:exe	ليش بحبّ لطفية أكتر من هدى مع إنّه بالجمال هدى أحلى منها؟
01586342-a	arb:lemma	أحسن
01586342-a	arb:exe	أحسن دوا شمّ الهوا.‏
01346003-v	arb:lemma	فتح (brk:يفتح)
01346003-v	arb:exe	دخلك الطريق مفتوح ولّا مسكّر؟‏
03102654-n	arb:lemma	برّاد (brk:ـات)
03102654-n	arb:exe	‏ وين بتحبي حط لك البراد مدام؟‏
03273913-n	arb:lemma	برّاد (brk:ـات)
03273913-n	arb:exe	‏ وين بتحبي حط لك البراد مدام؟‏
07845335-n	arb:lemma	حليب
07845335-n	arb:exe	جب لي حليب سخن بمعيتك.‏
07844042-n	arb:lemma	حليب
07844042-n	arb:exe	جب لي حليب سخن بمعيتك.‏
10780632-n	arb:lemma	زوجة (brk:ـات)
10780632-n	arb:exe	زوجتي موظّفة بشركة.‏
10780632-n	arb:lemma	مرة
10780632-n	arb:exe	مرتي ماتت من هالدنيا بس ما ماتت من قلبي.‏
08625462-n	arb:lemma	يسار
08625462-n	arb:exe	المتحف آخر الشارع، عاليسار.‏
01848718-v	arb:lemma	نزل (brk:ينزل)
01848718-v	arb:exe	بدّي إنزل عالسوق منشان إشتري شوية خضرة.‏
06518719-n	arb:lemma	تذكرة (brk:تذاكر)
06518719-n	arb:exe	تذكرة روحة رجعة، من فضلك.‏
01470670-v	arb:lemma	شاف (brk:يشوف)
01470670-v	arb:exe	طيب، خلينا نشوفك من وقت لوقت.‏‏
02428924-v	arb:lemma	شاف (brk:يشوف)
02428924-v	arb:exe	طيب، خلينا نشوفك من وقت لوقت.‏‏
10285313-n	arb:lemma	صبي (brk:صبيان)
10285313-n	arb:exe	عندي صبي وبنت.‏
03542333-n	arb:lemma	فندق (brk:فنادق)
03542333-n	arb:exe	أنا نازل بهالفندق.‏
02913152-n	arb:lemma	بناية (brk:ـات)
02913152-n	arb:exe	البيت بالطابق التاني من هالبناية.‏
07649854-n	arb:lemma	لحم ; لحمة
07649854-n	arb:lemma	لحم ; لحمة
07649854-n	arb:exe	و إذا ما لقيت لحم بلدي؟‏
00312553-n	arb:lemma	سفر ; سفرة (brk:ـات)
00312553-n	arb:lemma	سفر ; سفرة (brk:ـات)
00312553-n	arb:exe	قدّيش بتكلّف السفرة؟‏
04043733-n	arb:lemma	راديو (brk:راديوهات)
04043733-n	arb:exe	الصبح بسمع أغاني فيروز بالراديو.‏
01442186-a	arb:lemma	قصير (brk:قصار)
01442186-a	arb:exe	العين بصيرة والإيد قصيرة.‏
01436003-a	arb:lemma	قصير (brk:قصار)
01436003-a	arb:exe	العين بصيرة والإيد قصيرة.‏
01442826-a	arb:lemma	قصير (brk:قصار)
01442826-a	arb:exe	العين بصيرة والإيد قصيرة.‏
02808440-n	arb:lemma	حمّام (brk:ـات)
02808440-n	arb:exe	الحمّام فيه بانيو ولّا بسّ دوش؟‏
02807731-n	arb:lemma	حمّام (brk:ـات)
02807731-n	arb:exe	الحمّام فيه بانيو ولّا بسّ دوش؟‏
15274074-n	arb:lemma	عطلة (brk:عطل)
15274074-n	arb:exe	دخلك اليابانيين وين بروحوا بالعطلة؟‏
15183428-n	arb:lemma	عطلة (brk:عطل)
15183428-n	arb:exe	دخلك اليابانيين وين بروحوا بالعطلة؟‏
15137890-n	arb:lemma	عطلة (brk:عطل)
15137890-n	arb:exe	دخلك اليابانيين وين بروحوا بالعطلة؟‏
00027918-r	arb:lemma	لسّا ; لسّع
00027918-r	arb:lemma	لسّا ; لسّع
00027918-r	arb:exe	لسّا ما أكلت.‏
00031304-r	arb:lemma	لسّا ; لسّع
00031304-r	arb:lemma	لسّا ; لسّع
00031304-r	arb:exe	لسّا ما أكلت.‏
03925226-n	arb:lemma	صورة (brk:صور)
03925226-n	arb:exe	هَيّ صورة عيلتي.‏
03931044-n	arb:lemma	صورة (brk:صور)
03931044-n	arb:exe	هَيّ صورة عيلتي.‏
04248607-n	arb:lemma	صورة (brk:صور)
04248607-n	arb:exe	هَيّ صورة عيلتي.‏
15164233-n	arb:lemma	الأربعا
15164233-n	arb:exe	الأربعا حضرت حفلة موسيقية بدار الأوبرا.‏
11524662-n	arb:lemma	طقس
11524662-n	arb:exe	الطقس بالصحرا صعب، شوب بالنهار وبرد بالليل.‏
07193184-n	arb:lemma	سؤال (brk:أسئلة)
07193184-n	arb:exe	سؤال دخيل عينك.‏‏
07196682-n	arb:lemma	سؤال (brk:أسئلة)
07196682-n	arb:exe	سؤال دخيل عينك.‏‏
05797597-n	arb:lemma	سؤال (brk:أسئلة)
05797597-n	arb:exe	سؤال دخيل عينك.‏‏
07193596-n	arb:lemma	سؤال (brk:أسئلة)
07193596-n	arb:exe	سؤال دخيل عينك.‏‏
01904930-v	arb:lemma	مشي (brk:يمشي)
01904930-v	arb:exe	أنا ماشي. بدك شي؟‏
08286569-n	arb:lemma	جامعة (brk:ـات)
08286569-n	arb:exe	تخرّجت من الجامعة بـ2008.‏
08286163-n	arb:lemma	جامعة (brk:ـات)
08286163-n	arb:exe	تخرّجت من الجامعة بـ2008.‏
08278169-n	arb:lemma	جامعة (brk:ـات)
08278169-n	arb:exe	تخرّجت من الجامعة بـ2008.‏
01000214-v	arb:lemma	كتب (brk:يكتب)
01000214-v	arb:exe	اكتب لي ياه.‏
02471690-v	arb:lemma	كتب (brk:يكتب)
02471690-v	arb:exe	اكتب لي ياه.‏
01020356-v	arb:lemma	كتب (brk:يكتب)
01020356-v	arb:exe	اكتب لي ياه.‏
01691057-v	arb:lemma	كتب (brk:يكتب)
01691057-v	arb:exe	اكتب لي ياه.‏
01698271-v	arb:lemma	كتب (brk:يكتب)
01698271-v	arb:exe	اكتب لي ياه.‏
01020934-v	arb:lemma	كتب (brk:يكتب)
01020934-v	arb:exe	اكتب لي ياه.‏
00993014-v	arb:lemma	كتب (brk:يكتب)
00993014-v	arb:exe	اكتب لي ياه.‏
03822171-n	arb:lemma	جريدة (brk:جرايد)
03822171-n	arb:exe	ما بقرا غير صفحة الأبراج بالجريدة.‏
06267145-n	arb:lemma	جريدة (brk:جرايد)
06267145-n	arb:exe	ما بقرا غير صفحة الأبراج بالجريدة.‏
14961722-n	arb:lemma	جريدة (brk:جرايد)
14961722-n	arb:exe	ما بقرا غير صفحة الأبراج بالجريدة.‏
07197021-n	arb:lemma	فحص (brk:فحوص)
07197021-n	arb:exe	أنا بعرف إنه الفحص حيكون صعب عليكن.‏‏
00119568-n	arb:lemma	طار (brk:يطير)
00119568-n	arb:exe	أيّ ساعة بتطير الطيّارة؟‏
08145553-n	arb:lemma	بريد
08145553-n	arb:exe	بدّك بريد مسجّل ولّا عادي؟‏
15237044-n	arb:lemma	ربيع
15237044-n	arb:exe	بالربيع الجوّ حلو كتير وكلّ الدنيا مزهرة.‏
06505517-n	arb:lemma	نسخة (brk:نسخ)
06505517-n	arb:exe	إذا بدك، أنا معي النسخة العربية لهادا الكتاب.‏‏
15166462-n	arb:lemma	مسا
15166462-n	arb:exe	مسا النور والفل.‏‏
00067045-r	arb:lemma	بعد
00067045-r	arb:exe	الجامع الأموي بعد سوق الحميدية.‏
00067265-r	arb:lemma	بعد
00067265-r	arb:exe	الجامع الأموي بعد سوق الحميدية.‏
90000515-n	arb:lemma	بعد بكرا
90000515-n	arb:exe	عن جدّ مسافر بعد بكرا؟ رح إشتاق لك.‏
01296462-v	arb:lemma	شغّل (brk:يشغّل)
01296462-v	arb:exe	والله مشوّبين كتير! شغّل لنا هالمكيّف، لو سمحت.‏
77000095-n	arb:lemma	مين
77000095-n	arb:exe	دخلك؟ ولمين بتحب تسمع؟ انشالله غربي؟‏
03221720-n	arb:lemma	باب (brk:بواب)
03221720-n	arb:exe	ما في حدا عالباب. يمكن ولد دقّ الباب ومشي.‏
77000012-n	arb:lemma	أنا
77000012-n	arb:exe	لإنه بحب إسمع أغاني وأنا عم بلعب حديد.‏‏
77000015-n	arb:lemma	أنا
77000015-n	arb:exe	لإنه بحب إسمع أغاني وأنا عم بلعب حديد.‏‏
01170052-v	arb:lemma	شرب (brk:يشرب)
01170052-v	arb:exe	شو كنت عم تشرب دخان؟ ‏
03282295-n	arb:lemma	سفارة (brk:ـات)
03282295-n	arb:exe	المعهد جنب السفارة.‏
14145501-n	arb:lemma	رشح
14145501-n	arb:exe	أخدت رشح خفيف.‏
06796119-n	arb:lemma	طابع (brk:طوابع)
06796119-n	arb:exe	الزقي هالطوابع وبعدين حطّيهن بهداك الصندوق.‏
07775375-n	arb:lemma	سمك ; سمكة (brk:سمكات)
07775375-n	arb:lemma	سمك ; سمكة (brk:سمكات)
07775375-n	arb:exe	شلون هالسمكات؟ تازا؟‏
02512053-n	arb:lemma	سمك ; سمكة (brk:سمكات)
02512053-n	arb:lemma	سمك ; سمكة (brk:سمكات)
02512053-n	arb:exe	شلون هالسمكات؟ تازا؟‏
01586866-a	arb:lemma	أحسن
01586866-a	arb:exe	أحسن دوا شمّ الهوا.‏
01048762-a	arb:lemma	أحسن
01048762-a	arb:exe	أحسن دوا شمّ الهوا.‏
00067638-a	arb:lemma	أحسن
00067638-a	arb:exe	أحسن دوا شمّ الهوا.‏
01993408-a	arb:lemma	أحسن
01993408-a	arb:exe	أحسن دوا شمّ الهوا.‏
01171213-a	arb:lemma	أحسن
01171213-a	arb:exe	أحسن دوا شمّ الهوا.‏
01800349-a	arb:lemma	أحسن
01800349-a	arb:exe	أحسن دوا شمّ الهوا.‏
01123148-a	arb:lemma	أحسن
01123148-a	arb:exe	أحسن دوا شمّ الهوا.‏
00064787-a	arb:lemma	أحسن
00064787-a	arb:exe	أحسن دوا شمّ الهوا.‏
00850183-a	arb:lemma	أحسن
00850183-a	arb:exe	أحسن دوا شمّ الهوا.‏
01129977-a	arb:lemma	أحسن
01129977-a	arb:exe	أحسن دوا شمّ الهوا.‏
01586752-a	arb:lemma	أحسن
01586752-a	arb:exe	أحسن دوا شمّ الهوا.‏
04588365-n	arb:lemma	شبّاك (brk:شبابيك)
04588365-n	arb:exe	عفواً إستاذ، بدّك مقعد جنب الشبّاك ولّا جنب الممرّ؟‏
04587648-n	arb:lemma	شبّاك (brk:شبابيك)
04587648-n	arb:exe	عفواً إستاذ، بدّك مقعد جنب الشبّاك ولّا جنب الممرّ؟‏
05216365-n	arb:lemma	جسم (brk:أجسام)
05216365-n	arb:exe	عم يوجعني جسمي كلّه.‏
04967191-n	arb:lemma	أخضر (خضرا ; خضر)
04967191-n	arb:lemma	أخضر (خضرا ; خضر)
04967191-n	arb:exe	عيونها خضر ولّا كستناويّات؟
80001047-v	arb:lemma	مات (brk:يموت)
80001047-v	arb:exe	جوعان كتير! رح موت من الجوع.‏
03497657-n	arb:lemma	طاقيّة (brk:طواقي)
03497657-n	arb:exe	ورجيني هديك الطاقيّة.‏
00546389-n	arb:lemma	غنيّة (brk:أغاني)
00546389-n	arb:exe	لإنه بحب إسمع أغاني وأنا عم بلعب حديد.‏‏
07048000-n	arb:lemma	غنيّة (brk:أغاني)
07048000-n	arb:exe	لإنه بحب إسمع أغاني وأنا عم بلعب حديد.‏‏
01754737-v	arb:lemma	قطع (brk:يقطع)
01754737-v	arb:exe	انقطع (ينقطع) / إنقطاع
07447641-n	arb:lemma	حفلة (brk:ـات)
07447641-n	arb:exe	قصدك منشان حفلة عيد الميلاد؟‏
04241394-n	arb:lemma	شحّاطة (brk:ـات)
04241394-n	arb:exe	لازمني شحّاطة بغرفتي.‏
05301908-n	arb:lemma	تمّ (brk:تمام)
05301908-n	arb:exe	ما بعرف شلون طلع الحكي من تمّي.‏
02440250-n	arb:lemma	إيد (brk:إيدين)
02440250-n	arb:exe	أصابيع إيدك مو كلّها سوا.‏
10193967-n	arb:lemma	زوج (brk:زواج); جوز (brk:جواز)
10193967-n	arb:lemma	زوج (brk:زواج); جوز (brk:جواز)
10193967-n	arb:exe	لو كنت بمحلّي شو رح تساوي؟
15213406-n	arb:lemma	تشرين تاني
15213406-n	arb:exe	بين تشرين (أوّل) وتشرين (تاني) صيف تاني‏.‏
06277280-n	arb:lemma	تلفزيون (brk:ـات)
06277280-n	arb:exe	التلفزيون شو بيفرق عن الجرايد؟ إذا هدنك بيطبّلوا هادا بزمّر.‏
13831176-n	arb:lemma	شمال
13831176-n	arb:exe	إدلب بتصير شمال حماة.‏
05395690-n	arb:lemma	بطن (brk:بطونة)
05395690-n	arb:exe	بطني عم يوجعني ومعي اسهال؟‏
05556943-n	arb:lemma	بطن (brk:بطونة)
05556943-n	arb:exe	بطني عم يوجعني ومعي اسهال؟‏
00749230-a	arb:lemma	سهل (brk:ـين)
00749230-a	arb:exe	العربي لا صعب ولا سهل.‏
14061805-n	arb:lemma	مرض (brk:أمراض)
14061805-n	arb:exe	مرضي خطير، دكتور؟‏
14055408-n	arb:lemma	مرض (brk:أمراض)
14055408-n	arb:exe	مرضي خطير، دكتور؟‏
14473054-n	arb:lemma	مرض (brk:أمراض)
14473054-n	arb:exe	مرضي خطير، دكتور؟‏
13833375-n	arb:lemma	جنوب
13833375-n	arb:exe	شفت شو صار بجنوب لبنان هداك النهار؟‏
02472293-n	arb:lemma	واحد ; واحدة
02472293-n	arb:lemma	واحد ; واحدة
02472293-n	arb:exe	أنا برأيي إنه الواحد ياخد قد ما فيه محاضرات لما بكون بالسنة الأولى.‏‏
15212167-n	arb:lemma	تمّوز
15212167-n	arb:exe	بتمّوز بتغلي الميّ بالكوز.‏
00442917-a	arb:lemma	بعيد (brk:بعاد)
00442917-a	arb:exe	هو من قرايبينا البعاد.‏
01421622-v	arb:lemma	حطّ (brk:يحطّ)
01421622-v	arb:exe	ممكن تفتح الصندوق منشان حطّ غراضي؟‏
03398467-n	arb:lemma	قدّام
03398467-n	arb:exe	مالي شايفة قدّامي.‏
00964768-a	arb:lemma	ضعيف (brk:ضعاف)
00964768-a	arb:exe	نظري ضعيف كتير. وما فيني شوف شي بلا نضّارات. ‏
02324397-a	arb:lemma	ضعيف (brk:ضعاف)
02324397-a	arb:exe	نظري ضعيف كتير. وما فيني شوف شي بلا نضّارات. ‏
00709215-a	arb:lemma	ضعيف (brk:ضعاف)
00709215-a	arb:exe	نظري ضعيف كتير. وما فيني شوف شي بلا نضّارات. ‏
02040233-a	arb:lemma	ضعيف (brk:ضعاف)
02040233-a	arb:exe	نظري ضعيف كتير. وما فيني شوف شي بلا نضّارات. ‏
02040049-a	arb:lemma	ضعيف (brk:ضعاف)
02040049-a	arb:exe	نظري ضعيف كتير. وما فيني شوف شي بلا نضّارات. ‏
06605897-n	arb:lemma	معنى (brk:معاني)
06605897-n	arb:exe	معناها الوظايف كمان مهمة منشان العلامة؟‏
05919866-n	arb:lemma	معنى (brk:معاني)
05919866-n	arb:exe	معناها الوظايف كمان مهمة منشان العلامة؟‏
06601327-n	arb:lemma	معنى (brk:معاني)
06601327-n	arb:exe	معناها الوظايف كمان مهمة منشان العلامة؟‏
04059701-n	arb:lemma	ورا
04059701-n	arb:exe	الحمّام ورا هالدرج.‏
02767665-n	arb:lemma	ورا
02767665-n	arb:exe	الحمّام ورا هالدرج.‏
03540595-n	arb:lemma	مستشفى (brk:ـات)
03540595-n	arb:exe	الرشح ما بدّه مستشفى.‏
08054417-n	arb:lemma	مستشفى (brk:ـات)
08054417-n	arb:exe	الرشح ما بدّه مستشفى.‏
05311054-n	arb:lemma	عين (brk:عيون)
05311054-n	arb:exe	ولو، تكرم عينك‏
05316025-n	arb:lemma	عين (brk:عيون)
05316025-n	arb:exe	ولو، تكرم عينك‏
02871439-n	arb:lemma	رفّ (brk:رفوف)
02871439-n	arb:exe	وهدول الرفوف؟‏
01186408-a	arb:lemma	خفيف (brk:خفاف)
01186408-a	arb:exe	دمّها خفيف كتير هالبنت.‏
04049098-n	arb:lemma	محطّة (brk:ـات)
04049098-n	arb:exe	محطّة الباص تحت الجسر.‏
03030663-n	arb:lemma	دخّان
03030663-n	arb:exe	شو كنت عم تشرب دخان؟ ‏
00729108-n	arb:lemma	وظيفة (brk:وظايف)
00729108-n	arb:exe	معناها الوظايف كمان مهمة منشان العلامة؟‏
03815615-n	arb:lemma	كرافة (brk:ـات)
03815615-n	arb:exe	هالكرافة بتروح مع هالقميص.‏
07596684-n	arb:lemma	حلو ; حلويات
07596684-n	arb:lemma	حلو ; حلويات
07596684-n	arb:exe	تفضل شوية حلو، انشالله يعجبك.‏‏
05560787-n	arb:lemma	رجل (brk:رجلين)
05560787-n	arb:exe	متل رجل الكرسي.‏‏
05563266-n	arb:lemma	رجل (brk:رجلين)
05563266-n	arb:exe	متل رجل الكرسي.‏‏
15211189-n	arb:lemma	نيسان
15211189-n	arb:exe	أنا ناوية روح عاليابان بشهر نيسان السنة الجاية.‏‏
02310007-v	arb:lemma	رجّع (brk:يرجّع)
02310007-v	arb:exe	إذا ما بيرجع أبو عصام عالمسلسل أنا بإيدي بدّي رجّعه.‏
01308381-v	arb:lemma	رجّع (brk:يرجّع)
01308381-v	arb:exe	إذا ما بيرجع أبو عصام عالمسلسل أنا بإيدي بدّي رجّعه.‏
80001595-v	arb:lemma	رجّع (brk:يرجّع)
80001595-v	arb:exe	إذا ما بيرجع أبو عصام عالمسلسل أنا بإيدي بدّي رجّعه.‏
10080869-n	arb:lemma	أبّ (brk:أبوات، أبّهات)
10080869-n	arb:exe	قبل الضهر رحت عالمطار منشان ودّع إمّي وأبي.‏
04446276-n	arb:lemma	تواليت (brk:ـات)
04446276-n	arb:exe	ما تكبّ محارم بالتواليت ها.‏
04555291-n	arb:lemma	تواليت (brk:ـات)
04555291-n	arb:exe	ما تكبّ محارم بالتواليت ها.‏
15212455-n	arb:lemma	آب
15212455-n	arb:exe	أيّار، حزيران، تمّوز، آب
00292937-a	arb:lemma	مشغول (brk:ـين)
00292937-a	arb:exe	مشغولة شوي.‏‏
03291819-n	arb:lemma	ظرف (brk:ظروف، ظروفة)
03291819-n	arb:exe	وين فيني إشتري ظرف؟‏
09215315-n	arb:lemma	تحت
09215315-n	arb:exe	محطّة الباص تحت الجسر.‏
80001661-n	arb:lemma	تحت
80001661-n	arb:exe	محطّة الباص تحت الجسر.‏
00523513-n	arb:lemma	رياضة
00523513-n	arb:exe	بتلعب رياضة شي؟‏
04202417-n	arb:lemma	محلّ (brk:ـات)
04202417-n	arb:exe	شو رأيك بعد ما نخلص، منروح نتعشى بشي محل؟‏
02016062-v	arb:lemma	نزل (brk:ينزل)
02016062-v	arb:exe	لازم تنزل بالمحطّة الجاية.‏
15237782-n	arb:lemma	شتي ; شتا
15237782-n	arb:lemma	شتي ; شتا
15237782-n	arb:exe	ما تنسي تاخدي معك تياب شتويّة.‏
80001691-n	arb:lemma	فوق
80001691-n	arb:exe	من طول عمرها شايفة حالها ورافعة مناخيرها لفوق.‏
08663354-n	arb:lemma	فوق
08663354-n	arb:exe	من طول عمرها شايفة حالها ورافعة مناخيرها لفوق.‏
07804323-n	arb:lemma	رزّ
07804323-n	arb:exe	في عندك رزّ؟
15245990-n	arb:lemma	رزّ
15245990-n	arb:exe	في عندك رزّ؟
90000417-n	arb:lemma	رزّ
90000417-n	arb:exe	في عندك رزّ؟
07575076-n	arb:lemma	غدا
07575076-n	arb:exe	‏ شو رأيك إذا فاضي السبت الجايي تشرفنا عالغدا.‏‏
15156001-n	arb:lemma	اليوم
15156001-n	arb:exe	‏بس أنا اليوم جايي على بالي آكل فروج مشوي وعالفحم وعلى كيفك!‏‏
09604981-n	arb:lemma	نفس
09604981-n	arb:exe	أنا بصلح لك اللبلور بنفسي.‏‏
07557434-n	arb:lemma	طبخ (brk:ـات)
07557434-n	arb:exe	سمعنا عنّك إنّه طبخك طيّب.‏
02395115-a	arb:lemma	طيّب (brk:ـين)
02395115-a	arb:exe	‏عرق الريان أطيب بكتير.‏‏
02396720-a	arb:lemma	طيّب (brk:ـين)
02396720-a	arb:exe	‏عرق الريان أطيب بكتير.‏‏
