# TUFS Basic Lao Wordnet	lao	http://www.coelang.tufs.ac.jp/mt/lo/	CC BY 4.0
15210045-n	lao:lemma	ເດືອນ1
15210045-n	lao:exe	ຂ້ອຍຕ້ອງສົ່ງບົດລາຍງານພາຍໃນເດືອນ 1
04971928-n	lao:lemma	ສີນ້ຳຕານ
04971928-n	lao:exe	ລາວຍ້ອມຜົມສີນ້ຳຕານ ຂ້ອຍຈົນເກືອບຈື່ລາວບໍ່ໄດ້
15163797-n	lao:lemma	ວັນອາທິດ
15163797-n	lao:exe	ວັນອາທິດນີ້ແມ່ນວັນເກີດຂອງຄຳດີ
15043763-n	lao:lemma	ຫິມະ
15043763-n	lao:exe	ຫິມະຕົກໜັກເຮັດໃຫ້ການຈະລາຈອນຕິດຂັດ
08058098-n	lao:lemma	ບໍລິສັດ
08058098-n	lao:exe	ເຮັດຢູ່ບໍລິສັດໂຕກຽວການຄ້າ
01382086-a	lao:lemma	ໃຫຍ່
01382086-a	lao:exe	ແລ້ວກໍຢາກມີເງິນຫຼາຍ ແລະເຮືອນຫຼັງໃຫຍ່ໆ
01453084-a	lao:lemma	ໃຫຍ່
01453084-a	lao:exe	ແລ້ວກໍຢາກມີເງິນຫຼາຍ ແລະເຮືອນຫຼັງໃຫຍ່ໆ
00527870-a	lao:lemma	ໃຫຍ່
00527870-a	lao:exe	ແລ້ວກໍຢາກມີເງິນຫຼາຍ ແລະເຮືອນຫຼັງໃຫຍ່ໆ
01677433-a	lao:lemma	ໃຫຍ່
01677433-a	lao:exe	ແລ້ວກໍຢາກມີເງິນຫຼາຍ ແລະເຮືອນຫຼັງໃຫຍ່ໆ
10084295-n	lao:lemma	ເດັກນ້ອຍຜູ້ຍິງ
10084295-n	lao:exe	ເອົາຕຸກກະຕານີ້ໃຫ້ເດັກນ້ອຍຜູ້ຍິງຄົນນັ້ນ
10129825-n	lao:lemma	ເດັກນ້ອຍຜູ້ຍິງ
10129825-n	lao:exe	ເອົາຕຸກກະຕານີ້ໃຫ້ເດັກນ້ອຍຜູ້ຍິງຄົນນັ້ນ
10129825-n	lao:lemma	ເອື້ອຍ
10129825-n	lao:exe	ເອື້ອຍແຕ່ງດອງແລ້ວບໍ?
00065495-v	lao:lemma	ແຂງແຮງ
00065495-v	lao:exe	ແມ່ເຖົ້າຂ້ອຍແຂງແຮງດີ
80001734-n	lao:lemma	ຊົ່ວໂມງຮຽນ
80001734-n	lao:exe	ເວລາບໍ່ມີຊົ່ວໂມງຮຽນ ລາວຈະເຮັດວຽກເພີ່ມ
00889472-n	lao:lemma	ຊົ່ວໂມງຮຽນ
00889472-n	lao:exe	ເວລາບໍ່ມີຊົ່ວໂມງຮຽນ ລາວຈະເຮັດວຽກເພີ່ມ
02608347-v	lao:lemma	ເລີ່ມ
02608347-v	lao:exe	ລະຄອນໃກ້ຊິເລີ່ມແລ້ວ
07850329-n	lao:lemma	ເນີຍແຂງ
07850329-n	lao:exe	ຂ້ອຍບໍ່ມັກເນີຍແຂງ
03623556-n	lao:lemma	ມີດ
03623556-n	lao:exe	ລະວັງມີດບາດມື
03624134-n	lao:lemma	ມີດ
03624134-n	lao:exe	ລະວັງມີດບາດມື
01776727-v	lao:lemma	ບໍ່ມັກ
01776727-v	lao:exe	ຂ້ອຍບໍ່ມັກໄປໂຮງໝໍ
01774136-v	lao:lemma	ບໍ່ມັກ
01774136-v	lao:exe	ຂ້ອຍບໍ່ມັກໄປໂຮງໝໍ
02783161-n	lao:lemma	ບິກ
02783161-n	lao:exe	ຂໍເບິ່ງບິກນັ້ນແດ່
02632567-v	lao:lemma	ຢາກໄດ້
02632567-v	lao:exe	ໂອ້ຍ ! ຢາກໄດ້ຫຼາຍແນວໂພດ
01579608-a	lao:lemma	ທັນທີ
01579608-a	lao:exe	ມາຮອດສະຖານີແລ້ວໂທຫາຂ້ອຍທັນທີໂລດເດີ
03427296-n	lao:lemma	ປະຕູໃຫຍ່
03427296-n	lao:exe	ພາກັນໄປຖ່າຍຮູບຢູ່ໜ້າປະຕູໃຫຍ່ກັນເທາະ
04026417-n	lao:lemma	ກະເປົາເງິນ
04026417-n	lao:exe	ລາວຕິດຮູບແຟນລາວໃສ່ກະເປົາເງິນ
11456462-n	lao:lemma	ແດດອອກ
11456462-n	lao:exe	ມື້ອື່ນຖ້າແດດອອກຊິໄປກິນເຂົ້າປ່າກັບໝູ່
07848338-n	lao:lemma	ເບີ
07848338-n	lao:exe	ຂ້ອຍມັກກິນເຂົ້າຈີ່ທາເບີ 
90000501-n	lao:lemma	ປີກາຍ
90000501-n	lao:exe	ລາວຫາກໍມາຍີ່ປຸ່ນປີກາຍນີ້ ແຕ່ພາສາຍີ່ປຸ່ນເກັ່ງຫຼາຍ
15210870-n	lao:lemma	ເດືອນ3
15210870-n	lao:exe	ຢູ່ຍີ່ປຸ່ນເດືອນ 3 ຍັງໜາວຢູ່
77000072-n	lao:lemma	ຢູ່ນີ້
77000072-n	lao:exe	ຢູ່ນີ້ມີເຄື່ອງຖືກຫຼາຍ
08489497-n	lao:lemma	ຢູ່ນີ້
08489497-n	lao:exe	ຢູ່ນີ້ມີເຄື່ອງຖືກຫຼາຍ
03561345-n	lao:lemma	ຮູບແຕ້ມ
03561345-n	lao:exe	ຮູບແຕ້ມນີ້ຂອງໃຜ?
03234306-n	lao:lemma	ຮູບແຕ້ມ
03234306-n	lao:exe	ຮູບແຕ້ມນີ້ຂອງໃຜ?
03876519-n	lao:lemma	ຮູບແຕ້ມ
03876519-n	lao:exe	ຮູບແຕ້ມນີ້ຂອງໃຜ?
07110615-n	lao:lemma	ສຽງ
07110615-n	lao:exe	ລາວເປັນຫວັດເລີຍສຽງແຫບ
05202284-n	lao:lemma	ສຽງ
05202284-n	lao:exe	ລາວເປັນຫວັດເລີຍສຽງແຫບ
09411430-n	lao:lemma	ແມ່ນ້ຳ
09411430-n	lao:exe	ຂ້ອຍໄປຫາປາຢູ່ນ້ຳຂອງ
15236859-n	lao:lemma	ລະດູໃບໄມ້ຫຼົ່ນ
15236859-n	lao:exe	ຢູ່ຍີ່ປຸ່ນລະດູໃບໄມ້ຫຼົ່ນ ໃບໄມ້ປ່ຽນເປັນສີແດງ
02107442-v	lao:lemma	ຟັງ
02107442-v	lao:exe	ຕອນຍັງນ້ອຍຂ້ອຍມັກຟັງເພງຢູ່ວິທະຍຸ
02169891-v	lao:lemma	ຟັງ
02169891-v	lao:exe	ຕອນຍັງນ້ອຍຂ້ອຍມັກຟັງເພງຢູ່ວິທະຍຸ
02242464-v	lao:lemma	ຂາຍ
02242464-v	lao:exe	ຂ້ອຍເຄີຍໄປຂາຍໝາກມ່ວງຢູ່ຕະຫຼາດ
00271022-a	lao:lemma	ອ່ອນ
00271022-a	lao:exe	ຂໍເບິ່ງເສື້ອສີບົວອ່ອນນັ້ນແດ່
00396523-a	lao:lemma	ອ່ອນ
00396523-a	lao:exe	ຂໍເບິ່ງເສື້ອສີບົວອ່ອນນັ້ນແດ່
00269989-a	lao:lemma	ອ່ອນ
00269989-a	lao:exe	ຂໍເບິ່ງເສື້ອສີບົວອ່ອນນັ້ນແດ່
00278551-a	lao:lemma	ອ່ອນ
00278551-a	lao:exe	ຂໍເບິ່ງເສື້ອສີບົວອ່ອນນັ້ນແດ່
02924116-n	lao:lemma	ລົດເມ
02924116-n	lao:exe	ລາວລືມເຄື່ອງດື່ມຢູ່ເທິງລົດເມ
01614426-v	lao:lemma	ຕິດ
01614426-v	lao:exe	ຕິດສະແຕັມໃສ່ກ່ອນແລ້ວຄ່ອຍສົ່ງເດີ
80001230-x	lao:lemma	ເຈົ້າ
80001230-x	lao:exe	ເຈົ້າ, ເຄີຍມາເທື່ອໜຶ່ງແລ້ວ
01184932-a	lao:lemma	ໜັກ
01184932-a	lao:exe	ຄືຊິໜັກນໍ
07881800-n	lao:lemma	ເຄື່ອງດື່ມ
07881800-n	lao:exe	ລາວລືມເຄື່ອງດື່ມຢູ່ເທິງລົດເມ
01119192-a	lao:lemma	ເກັ່ງ
01119192-a	lao:exe	ຕໍ່ເກັ່ງເນາະ
02226162-a	lao:lemma	ເກັ່ງ
02226162-a	lao:exe	ຕໍ່ເກັ່ງເນາະ
01838916-a	lao:lemma	ເກັ່ງ
01838916-a	lao:exe	ຕໍ່ເກັ່ງເນາະ
03467517-n	lao:lemma	ກີຕ້າ
03467517-n	lao:exe	ຂ້ອຍຢາກຫຼິ້ນກີຕາເກັ່ງ 
03613294-n	lao:lemma	ກະແຈ
03613294-n	lao:exe	ຂ້ອຍລືມກະແຈເຮືອນ
01553629-a	lao:lemma	ຫຼາຍ
01553629-a	lao:exe	ຢູ່ເມືອງຫຼວງ, ມີຫຼາຍອັນທີ່ເປັນຕາເບິ່ງ
01551633-a	lao:lemma	ຫຼາຍ
01551633-a	lao:exe	ຢູ່ເມືອງຫຼວງ, ມີຫຼາຍອັນທີ່ເປັນຕາເບິ່ງ
01552419-a	lao:lemma	ຫຼາຍ
01552419-a	lao:exe	ຢູ່ເມືອງຫຼວງ, ມີຫຼາຍອັນທີ່ເປັນຕາເບິ່ງ
00127137-a	lao:lemma	ເກົ່າ
00127137-a	lao:exe	ເຖິງຈະເກົ່າແຕ່ຍັງໃຊ້ໄດ້ດີຢູ່
01638438-a	lao:lemma	ເກົ່າ
01638438-a	lao:exe	ເຖິງຈະເກົ່າແຕ່ຍັງໃຊ້ໄດ້ດີຢູ່
01729384-a	lao:lemma	ເກົ່າ
01729384-a	lao:exe	ເຖິງຈະເກົ່າແຕ່ຍັງໃຊ້ໄດ້ດີຢູ່
10694258-n	lao:lemma	ອາຈານ
10694258-n	lao:exe	ຕາມທຳມະດາອາຈານມາ 10 ໂມງຍັງ.
07859284-n	lao:lemma	ນ້ຳຕານ
07859284-n	lao:exe	ພໍ່ມັກກິນກາເຟບໍ່ໃສ່ນ້ຳຕານ
09605289-n	lao:lemma	ຜູ້ໃຫຍ່
09605289-n	lao:exe	ເວລາລົມກັບຜູ້ໃຫຍ່ຕ້ອງເວົ້າສຸພາບ
04081281-n	lao:lemma	ຮ້ານອາຫານ
04081281-n	lao:exe	ລາວມັກໄປກິນເຂົ້າກັບແຟນຢູ່ຮ້ານອາຫານ
04081281-n	lao:lemma	ໂຮງອາຫານ
04081281-n	lao:exe	ມື້ນີ້ກິນເຂົ້າທ່ຽງຢູ່ໂຮງອາຫານຂອງໂຮງຮຽນ
10448983-n	lao:lemma	ຕຳຫຼວດ
10448983-n	lao:exe	ຂ້ອຍຖາມທາງນຳຕຳຫຼວດ
10448983-n	lao:lemma	ຕຳຫຼວດ
10448983-n	lao:exe	ຖ້າຫຼົງທາງໃຫ້ຖາມຕຳຫຼວດ
90000507-n	lao:lemma	ອາທິດນີ້
90000507-n	lao:exe	ຂ້ອຍຕ້ອງເຮັດວຽກນີ້ໃຫ້ແລ້ວພາຍໃນອາທິດນີ້
02686568-n	lao:lemma	ຍົນ
02686568-n	lao:exe	ຍົນຊິຂຶ້ນຈັກໂມງ?
02691156-n	lao:lemma	ຍົນ
02691156-n	lao:exe	ຍົນຊິຂຶ້ນຈັກໂມງ?
08420278-n	lao:lemma	ທະນາຄານ
08420278-n	lao:exe	ທະນາຄານປິດຕອນ 3 ໂມງແລງ
02787772-n	lao:lemma	ທະນາຄານ
02787772-n	lao:exe	ທະນາຄານປິດຕອນ 3 ໂມງແລງ
02018049-v	lao:lemma	ຂຶ້ນ
02018049-v	lao:exe	ລາວເຮັດເງິນເຮ່ຍ ຕອນກຳລັງຈະຂຶ້ນລົດເມ
02324026-v	lao:lemma	ຢືມ
02324026-v	lao:exe	ເອມິ, ມື້ອື່ນຢືມຄອມພິວເຕີແດ່ເດີ
01447257-v	lao:lemma	ຍູ້
01447257-v	lao:exe	ຢ່າຍູ້ກັນ ຈັກໜ້ອຍຊິລົ້ມ
02398378-a	lao:lemma	ເຜັດ
02398378-a	lao:exe	ເຜັດໜ້ອຍໜຶ່ງ ແຕ່ແຊບຫຼາຍ
02397732-a	lao:lemma	ເຜັດ
02397732-a	lao:exe	ເຜັດໜ້ອຍໜຶ່ງ ແຕ່ແຊບຫຼາຍ
06628228-n	lao:lemma	ໂປດສະກາດ
06628228-n	lao:exe	ທຸກເດືອນຂ້ອຍສົ່ງໂປດສະກາດໃຫ້ໝູ່
06627938-n	lao:lemma	ໂປດສະກາດ
06627938-n	lao:exe	ທຸກເດືອນຂ້ອຍສົ່ງໂປດສະກາດໃຫ້ໝູ່
03959485-n	lao:lemma	ຈານ
03959485-n	lao:exe	ຂໍຕຳໜາກຫຸ່ງ 3 ຈານ
00393105-a	lao:lemma	ສີຂາວ
00393105-a	lao:exe	ເສື້ອຢືດສີຂາວຂອງຂ້ອຍຂາດແລ້ວ
08625073-n	lao:lemma	ຂວາ
08625073-n	lao:exe	ຢູ່ລາວຂັບລົດເບື້ອງຂວາ
03051540-n	lao:lemma	ເຄື່ອງນຸ່ງ
03051540-n	lao:exe	ເຄື່ອງນຸ່ງຫົ່ມເປັນປັດໄຈໜຶ່ງໃນການດຳລົງຊີວິດ
02728440-n	lao:lemma	ເຄື່ອງນຸ່ງ
02728440-n	lao:exe	ເຄື່ອງນຸ່ງຫົ່ມເປັນປັດໄຈໜຶ່ງໃນການດຳລົງຊີວິດ
03419014-n	lao:lemma	ເຄື່ອງນຸ່ງ
03419014-n	lao:exe	ເຄື່ອງນຸ່ງຫົ່ມເປັນປັດໄຈໜຶ່ງໃນການດຳລົງຊີວິດ
15165289-n	lao:lemma	ເຊົ້າ
15165289-n	lao:exe	ຂ້ອຍກິນເຂົ້າເຊົ້າກ່ອນໄປໂຮງຮຽນທຸກມື້
15165289-n	lao:lemma	ຕອນເຊົ້າ
15165289-n	lao:exe	ເຈົ້າຕ້ອງເຮັດວຽກນີ້ໃຫ້ແລ້ວພາຍໃນຕອນເຊົ້າ
00109151-r	lao:lemma	ຢູ່ຫັ້ນ
00109151-r	lao:exe	ເຈົ້າສາມາດກິນນ້ຳໄດ້ຢູ່ຫັ້ນ
03720163-n	lao:lemma	ແຜນທີ່
03720163-n	lao:exe	ຮ້ານຂາຍປຶ້ມນີ້ມີແຜນທີ່ຂາຍບໍ່?
00024996-a	lao:lemma	ໃໝ່
00024996-a	lao:exe	ອ້າຍຂ້ອຍຫາກໍຊື້ລົດໃໝ່, ຂີ່ລົດໃຫຍ່ໄປເນາະ
01642477-a	lao:lemma	ໃໝ່
01642477-a	lao:exe	ອ້າຍຂ້ອຍຫາກໍຊື້ລົດໃໝ່, ຂີ່ລົດໃຫຍ່ໄປເນາະ
01641648-a	lao:lemma	ໃໝ່
01641648-a	lao:exe	ອ້າຍຂ້ອຍຫາກໍຊື້ລົດໃໝ່, ຂີ່ລົດໃຫຍ່ໄປເນາະ
01687167-a	lao:lemma	ໃໝ່
01687167-a	lao:exe	ອ້າຍຂ້ອຍຫາກໍຊື້ລົດໃໝ່, ຂີ່ລົດໃຫຍ່ໄປເນາະ
02584699-a	lao:lemma	ໃໝ່
02584699-a	lao:exe	ອ້າຍຂ້ອຍຫາກໍຊື້ລົດໃໝ່, ຂີ່ລົດໃຫຍ່ໄປເນາະ
01686439-a	lao:lemma	ໃໝ່
01686439-a	lao:exe	ອ້າຍຂ້ອຍຫາກໍຊື້ລົດໃໝ່, ຂີ່ລົດໃຫຍ່ໄປເນາະ
02070491-a	lao:lemma	ໃໝ່
02070491-a	lao:exe	ອ້າຍຂ້ອຍຫາກໍຊື້ລົດໃໝ່, ຂີ່ລົດໃຫຍ່ໄປເນາະ
02013758-a	lao:lemma	ໃໝ່
02013758-a	lao:exe	ອ້າຍຂ້ອຍຫາກໍຊື້ລົດໃໝ່, ຂີ່ລົດໃຫຍ່ໄປເນາະ
01640850-a	lao:lemma	ໃໝ່
01640850-a	lao:exe	ອ້າຍຂ້ອຍຫາກໍຊື້ລົດໃໝ່, ຂີ່ລົດໃຫຍ່ໄປເນາະ
00894552-n	lao:lemma	ບົດຝຶກຫັດ
00894552-n	lao:exe	ຂ້ອຍເຮັດບົດຝຶກຫັດຄັນຈິທຸກໆມື້
01292683-a	lao:lemma	ມັກ
01292683-a	lao:exe	ບໍ່ມັກປານໃດ
01777210-v	lao:lemma	ມັກ
01777210-v	lao:exe	ບໍ່ມັກປານໃດ
03038685-n	lao:lemma	ຫ້ອງຮຽນ
03038685-n	lao:exe	ຊົ່ວໂມງຕໍ່ໄປຮຽນຢູ່ຫ້ອງຮຽນ 643
00296131-r	lao:lemma	ຄືຊິ
00296131-r	lao:exe	ຄັນໄຂປະຕູຄືຊິເຢັນຂຶ້ນ
00154449-r	lao:lemma	ຄືຊິ
00154449-r	lao:exe	ຄັນໄຂປະຕູຄືຊິເຢັນຂຶ້ນ
03001627-n	lao:lemma	ຕັ່ງ
03001627-n	lao:exe	ຄວນມ້ຽນຕັ່ງໃຫ້ເປັນລະບຽບ
01734929-v	lao:lemma	ອັດ
01734929-v	lao:exe	ຂ້ອຍອັດເອກະສານໃຫ້ໝູ່
01914947-v	lao:lemma	ແລ່ນ
01914947-v	lao:exe	ຂ້ອຍແລ່ນທຸກເຊົ້າ
01926311-v	lao:lemma	ແລ່ນ
01926311-v	lao:exe	ຂ້ອຍແລ່ນທຸກເຊົ້າ
04379243-n	lao:lemma	ໂຕະ
04379243-n	lao:exe	ໂຕະໜ່ວຍນັ້ນເພແລ້ວໃຊ້ບໍ່ໄດ້
04298308-n	lao:lemma	ຂັ້ນໄດ
04298308-n	lao:exe	ບໍ່ມີເວລາແລ້ວ ຂຶ້ນຂັ້ນໄດເອົາດີກວ່າ
00037919-v	lao:lemma	ອາບ
00037919-v	lao:exe	ຊ້າງກຳລັງອາບນ້ຳ
01532589-v	lao:lemma	ອະນາໄມ
01532589-v	lao:exe	ຖ້າແມ່ນເລື່ອງອະນາໄມ ໄວ້ໃຈລາວໂລດ
01533442-v	lao:lemma	ອະນາໄມ
01533442-v	lao:exe	ຖ້າແມ່ນເລື່ອງອະນາໄມ ໄວ້ໃຈລາວໂລດ
07663592-n	lao:lemma	ຊີ້ນງົວ
07663592-n	lao:exe	ຂ້ອຍບໍ່ມັກກິນຊີ້ນງົວ
08182962-n	lao:lemma	ຫຼາຍ
08182962-n	lao:exe	ກິນເຂົ້ານຳກັນຫຼາຍຄົນຈຶ່ງແຊບ
08182379-n	lao:lemma	ຫຼາຍ
08182379-n	lao:exe	ກິນເຂົ້ານຳກັນຫຼາຍຄົນຈຶ່ງແຊບ
80000079-n	lao:lemma	ເດືອນແລ້ວ
80000079-n	lao:exe	ຂ້ອຍສົ່ງອີເມວຫາລາວຕັ້ງແຕ່ເດືອນແລ້ວ ແຕ່ຍັງບໍ່ທັນເຫັນລາວຕອບມາເທື່ອ
10020890-n	lao:lemma	ທ່ານໝໍ
10020890-n	lao:exe	ຄືບໍ່ໄປຫາທ່ານໝໍ?
10305802-n	lao:lemma	ທ່ານໝໍ
10305802-n	lao:exe	ຄືບໍ່ໄປຫາທ່ານໝໍ?
03710193-n	lao:lemma	ຕູ້ໄປສະນີ
03710193-n	lao:exe	ຈັກໃຜເອົາເງິນມາເຊື່ອງໄວ້ໃນຕູ້ໄປສະນີ
03989074-n	lao:lemma	ຕູ້ໄປສະນີ
03989074-n	lao:exe	ຈັກໃຜເອົາເງິນມາເຊື່ອງໄວ້ໃນຕູ້ໄປສະນີ
15136147-n	lao:lemma	ອາທິດ
15136147-n	lao:exe	ປະມານ 3 ອາທິດ.
15169873-n	lao:lemma	ອາທິດ
15169873-n	lao:exe	ປະມານ 3 ອາທິດ.
15211806-n	lao:lemma	ເດືອນ6
15211806-n	lao:exe	ລະດູຝົນຢູ່ຍີ່ປຸ່ນເລີ່ມແຕ່ເດືອນ 6
04489008-n	lao:lemma	ໂສ້ງ
04489008-n	lao:exe	ເຈົ້ານຸ່ງໂສ້ງຄືກວ່ານຸ່ງກະໂປ່ງ
04230808-n	lao:lemma	ກະໂປ່ງ
04230808-n	lao:exe	ຂ້ອຍນຸ່ງສະເກິດຄືບໍ່?
08544813-n	lao:lemma	ປະເທດ
08544813-n	lao:exe	ປະເທດໄທຕັ້ງຢູ່ທິດຕາເວັນຕົກຂອງລາວ
08490199-n	lao:lemma	ປະເທດ
08490199-n	lao:exe	ປະເທດໄທຕັ້ງຢູ່ທິດຕາເວັນຕົກຂອງລາວ
00081737-r	lao:lemma	ທຸກປີ
00081737-r	lao:exe	ກັບໄປຢາມບ້ານທຸກປີ
00018158-v	lao:lemma	ຕື່ນ
00018158-v	lao:exe	ວັນອາທິດຂ້ອຍຕື່ນສວາຍ
05538625-n	lao:lemma	ຫົວ
05538625-n	lao:exe	ເຈັບຫົວແລ້ວກໍຍັງຮູ້ສຶກເມື່ອຍອີກ
02418686-v	lao:lemma	ຫຼິ້ນ
02418686-v	lao:exe	ເດືອນໜ້າຂ້ອຍຈະໄປຫຼິ້ນຈີນກັບໝູ່
04965661-n	lao:lemma	ສີເຫຼືອງ
04965661-n	lao:exe	ຂ້ອຍບໍ່ມີໂສ້ງສີເຫຼືອງຈັກໂຕ
02561888-a	lao:lemma	ແຄບ
02561888-a	lao:exe	ທາງແຄບຄວນຂັບລົດຢ່າງລະມັດລະວັງ
00476663-a	lao:lemma	ແຄບ
00476663-a	lao:exe	ທາງແຄບຄວນຂັບລົດຢ່າງລະມັດລະວັງ
05137165-n	lao:lemma	ສູງ
05137165-n	lao:exe	ລາວເປັນຄົນສູງຈ່ອຍ
05131647-n	lao:lemma	ສູງ
05131647-n	lao:exe	ລາວເປັນຄົນສູງຈ່ອຍ
00009966-r	lao:lemma	ກະລຸນາ
00009966-r	lao:exe	ກະລຸນາຂຽນຊື່ ແລະທີ່ຢູ່ຂອງທ່ານຢູ່ບ່ອນນີ້ດ້ວຍ
00009966-r	lao:lemma	ເຊີນ
00009966-r	lao:exe	ເຊີນທາງພີ້
10103485-n	lao:lemma	ຄົນຕ່າງປະເທດ
10103485-n	lao:exe	ຂ້ອຍຢາກມີຫມູ່ຄົນຕ່າງປະເທດ
02958343-n	lao:lemma	ລົດ
02958343-n	lao:exe	ອ້າຍຂ້ອຍຫາກໍຊື້ລົດໃໝ່, ຂີ່ລົດໃຫຍ່ໄປເນາະ
03924069-n	lao:lemma	ແຜ່ນສຽງ
03924069-n	lao:exe	ລາວມີແຜ່ນສຽງຫຼາຍ ແຕ່ບໍ່ຄ່ອຍໄດ້ຟັງ
10332385-n	lao:lemma	ແມ່
10332385-n	lao:exe	ຂ້ອຍຢາກໄປຮຽນຢູ່ຍີ່ປຸ່ນ, ແຕ່ແມ່ຂ້ອຍບໍ່ຢາກໃຫ້ໄປ
10332385-n	lao:lemma	ແມ່
10332385-n	lao:exe	ແມ່ໄປການແລ້ວບໍ?
02410855-v	lao:lemma	ເຮັດວຽກ
02410855-v	lao:exe	ລາວເຮັດວຽກຢູ່ກະຊວງກະສິກຳ-ປ່າໄມ້.
07668702-n	lao:lemma	ຊີ້ນໝູ
07668702-n	lao:exe	ເຂົ້າແລງມື້ນີ້ ກິນຂົ້ວຊີ້ນໝູດີກວ່າ
00081836-n	lao:lemma	ຊື້ເຄື່ອງ
00081836-n	lao:exe	ລຸ້ນເອື້ອຍຂ້ອຍມັກຊື້ເຄື່ອງນຸ່ງ
04203889-n	lao:lemma	ຊື້ເຄື່ອງ
04203889-n	lao:exe	ລຸ້ນເອື້ອຍຂ້ອຍມັກຊື້ເຄື່ອງນຸ່ງ
13836136-n	lao:lemma	ທິດຕາເວັນຕົກ
13836136-n	lao:exe	ປະເທດໄທຕັ້ງຢູ່ທິດຕາເວັນຕົກຂອງລາວ
02368336-a	lao:lemma	ຫວານ
02368336-a	lao:exe	ກິນຫວານຫຼາຍລະວັງຕຸ້ຍໄດ໋
04254777-n	lao:lemma	ຖົງຕີນ
04254777-n	lao:exe	ຍາມຮ້ອນບໍ່ຢາກໃສ່ຖົງຕີນ
01845229-v	lao:lemma	ທ່ຽວ
01845229-v	lao:exe	ຂໍໃຫ້ເດີນທາງດ້ວຍຄວາມປອດໄພ
01846916-v	lao:lemma	ທ່ຽວ
01846916-v	lao:exe	ຂໍໃຫ້ເດີນທາງດ້ວຍຄວາມປອດໄພ
01845720-v	lao:lemma	ທ່ຽວ
01845720-v	lao:exe	ຂໍໃຫ້ເດີນທາງດ້ວຍຄວາມປອດໄພ
00061203-r	lao:lemma	ຫຼັງ
00061203-r	lao:exe	ຂ້ອຍຈະກິນເຂົ້າຫຼັງຈາກອາບນ້ຳແລ້ວ
10112591-n	lao:lemma	ໝູ່
10112591-n	lao:exe	ລາວເປັນໝູ່ຂ້ອຍ
08588294-n	lao:lemma	ໃນ
08588294-n	lao:exe	ເຈົ້າຕ້ອງເຮັດວຽກນີ້ໃຫ້ແລ້ວພາຍໃນຕອນເຊົ້າ
08588152-n	lao:lemma	ໃນ
08588152-n	lao:exe	ເຈົ້າຕ້ອງເຮັດວຽກນີ້ໃຫ້ແລ້ວພາຍໃນຕອນເຊົ້າ
77000021-n	lao:lemma	ເຈົ້າ
77000021-n	lao:exe	ເອີ, ຂ້ອຍຕ້ອງໄປຮ່ວມສະຫຼອງພວກເຈົ້າໄດ໋ນໍ
77000021-n	lao:lemma	ເຈົ້າ
77000021-n	lao:exe	ຂ້ອຍກຳລັງຊິໂທຫາເຈົ້າພໍດີ
02771169-v	lao:lemma	ອາກາດປອດໂປ່ງ
02771169-v	lao:exe	ໄດ້ຍິນວ່າອາກາດປອດໂປ່ງຕະຫຼອດອາທິດ
77000061-a	lao:lemma	ນີ້
77000061-a	lao:exe	ຊົ່ວໂມງນີ້ອາຈານຄືຊິບໍ່ມາເນາະ
80001619-a	lao:lemma	ນີ້
80001619-a	lao:exe	ຊົ່ວໂມງນີ້ອາຈານຄືຊິບໍ່ມາເນາະ
77000075-a	lao:lemma	ນີ້
77000075-a	lao:exe	ຊົ່ວໂມງນີ້ອາຈານຄືຊິບໍ່ມາເນາະ
04018667-n	lao:lemma	ຫ້ອງນ້ຳ
04018667-n	lao:exe	ຢູ່ຍີ່ປຸ່ນໄປໃສກໍມີຫ້ອງນ້ຳ ຈຶ່ງສະດວກ
08649345-n	lao:lemma	ລວງຍາວ
08649345-n	lao:exe	ແທກເບິ່ງລວງຍາວໃຫ້ແດ່
08649345-n	lao:lemma	ໃກ້ໆ
08649345-n	lao:exe	ຢູ່ໃກ້ໆເຮືອນຂ້ອຍ ມີຕະຫຼາດ
08649345-n	lao:lemma	ຂ້າງ
08649345-n	lao:exe	ສາວງາມນັ່ງຢູ່ຂ້າງລາວ ແມ່ນນັກຮ້ອງ
05136150-n	lao:lemma	ລວງຍາວ
05136150-n	lao:exe	ແທກເບິ່ງລວງຍາວໃຫ້ແດ່
15211484-n	lao:lemma	ເດືອນ5
15211484-n	lao:exe	ເອື້ອຍສີຈະເກີດລູກເດືອນ 5
05563770-n	lao:lemma	ແຂນ
05563770-n	lao:exe	ເຈັບແຂນເລີຍຂຽນໜັງສືບໍ່ຄ່ອຍໄດ້
15165490-n	lao:lemma	ຕອນທ່ຽງ
15165490-n	lao:exe	ພັກຕອນທ່ຽງ 12 ໂມງຫາ 1 ໂມງ
04272054-n	lao:lemma	ແວ່ນຕາ
04272054-n	lao:exe	ລາວສາຍຕາສັ້ນ ແຕ່ບໍ່ຍອມໃສ່ແວ່ນຕາ
80000746-n	lao:lemma	ຕົວອັກສອນຄັນຈິ
80000746-n	lao:exe	ເຈົ້າອ່ານຕົວອັກສອນຄັນຈິໄດ້ຫຼາຍນໍ
10287213-n	lao:lemma	ຜູ້ຊາຍ
10287213-n	lao:exe	ເອີ ! ຜູ້ຊາຍລາວຄິດແບບນັ້ນນໍ
09624168-n	lao:lemma	ຜູ້ຊາຍ
09624168-n	lao:exe	ເອີ ! ຜູ້ຊາຍລາວຄິດແບບນັ້ນນໍ
15164105-n	lao:lemma	ວັນອັງຄານ
15164105-n	lao:exe	ຂ້ອຍມີເສັງສຳພາດໃນວັນອັງຄານນີ້
77000099-n	lao:lemma	ທຸກຄົນ
77000099-n	lao:exe	ໝູ່ຂອງຂ້ອຍທຸກຄົນໃຈດີຫຼາຍ
00479391-v	lao:lemma	ລຶບ
00479391-v	lao:exe	ລຶບກະດານກ່ອນອາຈານມາ
03238879-n	lao:lemma	ເສື້ອເຊີດ
03238879-n	lao:exe	ເວລາໄປສຳພາດຄວນນຸ່ງເສື້ອເຊີດໄປ
02412164-a	lao:lemma	ບາງ
02412164-a	lao:exe	ປຶ້ມຫົວນີ້ບາງເນາະ
02414188-a	lao:lemma	ບາງ
02414188-a	lao:exe	ປຶ້ມຫົວນີ້ບາງເນາະ
08489627-n	lao:lemma	ຢູ່ພຸ້ນ
08489627-n	lao:exe	ລາວເຮັດວຽກຢູ່ພຸ້ນ
01168468-v	lao:lemma	ກິນ
01168468-v	lao:exe	ໄປກິນເຝິນຳກັນເນາະ
01166351-v	lao:lemma	ກິນ
01166351-v	lao:exe	ໄປກິນເຝິນຳກັນເນາະ
01179865-v	lao:lemma	ກິນ
01179865-v	lao:exe	ໄປກິນເຝິນຳກັນເນາະ
15122231-n	lao:lemma	ເວລາ
15122231-n	lao:exe	ເວລາມີຄຳຖາມໃຫ້ຍົກມືຂຶ້ນ
02818832-n	lao:lemma	ຕຽງ
02818832-n	lao:exe	ລາວບໍ່ລຶ້ງນອນຕຽງ
90000503-n	lao:lemma	ປີໜ້າ
90000503-n	lao:exe	ປີໜ້າເຈົ້າຊິຮຽນຢູ່ມະຫາວິທະຍາໄລແຫ່ງຊາດແມ່ນບໍ?
08168367-n	lao:lemma	ຕ່າງປະເທດ
08168367-n	lao:exe	ຂ້ອຍຢາກມີຫມູ່ຄົນຕ່າງປະເທດ
02560548-a	lao:lemma	ກວ້າງ
02560548-a	lao:exe	ຂ້ອຍຢາກໄດ້ຫ້ອງແຕ່ງກິນກວ້າງໆ
01384212-a	lao:lemma	ກວ້າງ
01384212-a	lao:exe	ຂ້ອຍຢາກໄດ້ຫ້ອງແຕ່ງກິນກວ້າງໆ
01031256-v	lao:lemma	ສົ່ງ
01031256-v	lao:exe	ຂ້ອຍຕ້ອງສົ່ງບົດລາຍງານພາຍໃນເດືອນ 1
01995211-v	lao:lemma	ສົ່ງ
01995211-v	lao:exe	ຂ້ອຍຕ້ອງສົ່ງບົດລາຍງານພາຍໃນເດືອນ 1
00255710-n	lao:lemma	ຊັກເຄື່ອງ
00255710-n	lao:exe	ຂ້ອຍມັກຊັກເຄື່ອງຫຼາຍກວ່າລີດເຄື່ອງ
07110457-n	lao:lemma	ເລື່ອງ
07110457-n	lao:exe	ຄັນຊັ້ນນ້ອງຊິອ່ານເລື່ອງ ”ສັງສິນໄຊ”
00893243-n	lao:lemma	ເລື່ອງ
00893243-n	lao:exe	ຄັນຊັ້ນນ້ອງຊິອ່ານເລື່ອງ ”ສັງສິນໄຊ”
07221094-n	lao:lemma	ເລື່ອງ
07221094-n	lao:exe	ຄັນຊັ້ນນ້ອງຊິອ່ານເລື່ອງ ”ສັງສິນໄຊ”
07139316-n	lao:lemma	ເລື່ອງ
07139316-n	lao:exe	ຄັນຊັ້ນນ້ອງຊິອ່ານເລື່ອງ ”ສັງສິນໄຊ”
00031798-r	lao:lemma	ແລ້ວ
00031798-r	lao:exe	ຈອງໄວ້ແລ້ວ
07555863-n	lao:lemma	ເຄື່ອງກິນ
07555863-n	lao:exe	ຢູ່ຍີ່ປຸ່ນເຄື່ອງກິນແພງຫຼາຍ
07560652-n	lao:lemma	ເຄື່ອງກິນ
07560652-n	lao:exe	ຢູ່ຍີ່ປຸ່ນເຄື່ອງກິນແພງຫຼາຍ
00157412-r	lao:lemma	ບາງເທື່ອ
00157412-r	lao:exe	ບາງເທື່ອຂ້ອຍກໍມາຊ້າ
00021212-r	lao:lemma	ບາງເທື່ອ
00021212-r	lao:exe	ບາງເທື່ອຂ້ອຍກໍມາຊ້າ
03740161-n	lao:lemma	ຢາ
03740161-n	lao:exe	ເປັນໄຂ້ຕ້ອງກິນຢາ
02318272-a	lao:lemma	ຊື່
02318272-a	lao:exe	ໄປຊືື່ໆແລ້ວລ້ຽວຂວາ
02310895-a	lao:lemma	ຊື່
02310895-a	lao:exe	ໄປຊືື່ໆແລ້ວລ້ຽວຂວາ
02314584-a	lao:lemma	ຊື່
02314584-a	lao:exe	ໄປຊືື່ໆແລ້ວລ້ຽວຂວາ
10787470-n	lao:lemma	ຜູ້ຍິງ
10787470-n	lao:exe	ຜູ້ຍິງມັກແຕ່ງຕົວ
10736091-n	lao:lemma	ລຸງ
10736091-n	lao:exe	ຄືວ່າຊິໄປສົ່ງລຸງຢູ່ເດີ່ນຍົນ
04404997-n	lao:lemma	ກ້ອງຖ່າຍຮູບ
04404997-n	lao:exe	ຂ້ອຍກຳລັງທ້ອນເງິນຊື້ກ້ອງຖ່າຍຮູບ
02942699-n	lao:lemma	ກ້ອງຖ່າຍຮູບ
02942699-n	lao:exe	ຂ້ອຍກຳລັງທ້ອນເງິນຊື້ກ້ອງຖ່າຍຮູບ
04370048-n	lao:lemma	ເສື້ອແລນ
04370048-n	lao:exe	ເສື້ອແລນໂຕນີ້ທັງງາມທັງອຸ່ນ
02626604-v	lao:lemma	ກາຍເປັນ
02626604-v	lao:exe	ລາວກາຍເປັນຄົນດັງ
02623529-v	lao:lemma	ກາຍເປັນ
02623529-v	lao:exe	ລາວກາຍເປັນຄົນດັງ
04398497-n	lao:lemma	ຮ້ານກິນດື່ມ
04398497-n	lao:exe	ສາມາດສັ່ງກະແລ້ມໄດ້ຢູ່ຮ້ານກິນດື່ມນີ້
00081591-r	lao:lemma	ທຸກອາທິດ
00081591-r	lao:exe	ທຸກອາທິດຂ້ອຍມາຫຼິ້ນຢູໂດຢູ່ໂຮງຮຽນ
01535246-v	lao:lemma	ລ້າງ
01535246-v	lao:exe	ມື້ນີ້ຟ້າວຫຼາຍເລີຍບໍ່ໄດ້ສະຜົມ
01535246-v	lao:lemma	ຊັກເຄື່ອງ
01535246-v	lao:exe	ຂ້ອຍມັກຊັກເຄື່ອງຫຼາຍກວ່າລີດເຄື່ອງ
00036362-v	lao:lemma	ລ້າງ
00036362-v	lao:exe	ມື້ນີ້ຟ້າວຫຼາຍເລີຍບໍ່ໄດ້ສະຜົມ
01536168-v	lao:lemma	ລ້າງ
01536168-v	lao:exe	ມື້ນີ້ຟ້າວຫຼາຍເລີຍບໍ່ໄດ້ສະຜົມ
00606093-v	lao:lemma	ຝຶກຫັດ
00606093-v	lao:exe	ຢາກເກັ່ງຕ້ອງຝຶກຫັດທຸກມື້
01723224-v	lao:lemma	ຝຶກຫັດ
01723224-v	lao:exe	ຢາກເກັ່ງຕ້ອງຝຶກຫັດທຸກມື້
15156187-n	lao:lemma	ມື້ວານນີ້
15156187-n	lao:exe	ຂອບໃຈຫຼາຍໆທີ່ລ້ຽງອາຫານລາວມື້ວານນີ້
01919428-a	lao:lemma	ມິດ
01919428-a	lao:exe	ເປັນຫຍັງຄືມິດແທ້?
01918984-a	lao:lemma	ມິດ
01918984-a	lao:exe	ເປັນຫຍັງຄືມິດແທ້?
04437953-n	lao:lemma	ໂມງ
04437953-n	lao:exe	ຂ້ອຍຢາກໄດ້ໂມງໃໝ່
03046257-n	lao:lemma	ໂມງ
03046257-n	lao:exe	ຂ້ອຍຢາກໄດ້ໂມງໃໝ່
04350905-n	lao:lemma	ສູດ
04350905-n	lao:exe	ພະນັກງານຢູ່ຍີ່ປຸ່ນໃສ່ສູດໄປການ
00409440-a	lao:lemma	ແກ່
00409440-a	lao:exe	ນຸ່ງເຄື່ອງສີເຂັ້ມເບິ່ງຄືຈ່ອຍ
00842199-a	lao:lemma	ແຂງແຮງ
00842199-a	lao:exe	ຄົນຕຸ້ຍບໍ່ແຂງແຮງສະເໝີໄປ
15163979-n	lao:lemma	ວັນຈັນ
15163979-n	lao:exe	ທ່ານ ຊະໂຕ, ວັນຈັນໜ້າທ່ານມີເວລາບໍ່?
00059413-r	lao:lemma	ເລື້ອຍໆ
00059413-r	lao:exe	ຖ້າມີແຟນແລ້ວຕ້ອງຢູ່ໃກ້ກັນ ແລະພົບກັນເລື້ອຍໆໄດ໋
00035058-r	lao:lemma	ເລື້ອຍໆ
00035058-r	lao:exe	ຖ້າມີແຟນແລ້ວຕ້ອງຢູ່ໃກ້ກັນ ແລະພົບກັນເລື້ອຍໆໄດ໋
05687338-n	lao:lemma	ບັນຫາ
05687338-n	lao:exe	ບໍ່ມີບັນຫາ, ຖ້າແມ່ນຕອນແລງ
06784003-n	lao:lemma	ບັນຫາ
06784003-n	lao:exe	ບໍ່ມີບັນຫາ, ຖ້າແມ່ນຕອນແລງ
03281145-n	lao:lemma	ລິບ
03281145-n	lao:exe	ຂຶ້ນລິບເອົາດີກວ່າ
05320899-n	lao:lemma	ຫູ
05320899-n	lao:exe	ລາວຫູດີ ເວົ້າຄ່ອຍໆກໍໄດ້ຍິນ 
00007846-n	lao:lemma	ໃຜ
00007846-n	lao:exe	ໄດ້ຍິນສຽງໃຜມາຢູ່ໜ້າບ້ານ
03436182-n	lao:lemma	ເທັບ
03436182-n	lao:exe	ດຽວນີ້ບໍ່ຄ່ອຍໄດ້ຟັງເທັບ
04284002-n	lao:lemma	ບ່ວງ
04284002-n	lao:exe	ຊິໃຊ້ໄມ້ຖູ່ຫຼືໃຊ້ບ່ວງ?
13134947-n	lao:lemma	ໝາກໄມ້
13134947-n	lao:exe	ຂອງຫວານມື້ນີ້ແມ່ນໝາກໄມ້
11683989-n	lao:lemma	ໝາກໄມ້
11683989-n	lao:exe	ຂອງຫວານມື້ນີ້ແມ່ນໝາກໄມ້
02730813-v	lao:lemma	ເວົ້າ
02730813-v	lao:exe	ຢ່າເວົ້າແນວນັ້ນ
01009240-v	lao:lemma	ເວົ້າ
01009240-v	lao:exe	ຢ່າເວົ້າແນວນັ້ນ
00941990-v	lao:lemma	ເວົ້າ
00941990-v	lao:exe	ຢ່າເວົ້າແນວນັ້ນ
00979870-v	lao:lemma	ເວົ້າ
00979870-v	lao:exe	ຢ່າເວົ້າແນວນັ້ນ
09854218-n	lao:lemma	ເອື້ອຍນ້ອງ
09854218-n	lao:exe	ສອງເອື້ອຍນ້ອງຄູ່ນີ້ບໍ່ຄ່ອຍຖືກກັນ
04507155-n	lao:lemma	ຄັນຮົ່ມ
04507155-n	lao:exe	ຂ້ອຍບໍ່ໄດ້ເອົາຄັນຮົ່ມມາ
02229324-a	lao:lemma	ບໍ່ເກັ່ງ
02229324-a	lao:exe	ຂ້ອຍແຕ້ມຮູບບໍ່ເກັ່ງ
01870636-a	lao:lemma	ບໍ່ເກັ່ງ
01870636-a	lao:exe	ຂ້ອຍແຕ້ມຮູບບໍ່ເກັ່ງ
01128103-a	lao:lemma	ບໍ່ເກັ່ງ
01128103-a	lao:exe	ຂ້ອຍແຕ້ມຮູບບໍ່ເກັ່ງ
02229000-a	lao:lemma	ບໍ່ເກັ່ງ
02229000-a	lao:exe	ຂ້ອຍແຕ້ມຮູບບໍ່ເກັ່ງ
15270431-n	lao:lemma	ຊົ່ວໂມງ
15270431-n	lao:exe	ຢູ່ຍີ່ປຸ່ນມີຮ້ານຂາຍເຄື່ອງທີ່ເປີດຕະຫຼອດ 24 ຊົ່ວໂມງ 
15227846-n	lao:lemma	ຊົ່ວໂມງ
15227846-n	lao:exe	ຢູ່ຍີ່ປຸ່ນມີຮ້ານຂາຍເຄື່ອງທີ່ເປີດຕະຫຼອດ 24 ຊົ່ວໂມງ 
15269513-n	lao:lemma	ຊົ່ວໂມງ
15269513-n	lao:exe	ຢູ່ຍີ່ປຸ່ນມີຮ້ານຂາຍເຄື່ອງທີ່ເປີດຕະຫຼອດ 24 ຊົ່ວໂມງ 
00744916-a	lao:lemma	ຍາກ
00744916-a	lao:exe	ຍາກ ຫຼືງ່າຍ, ບໍ່ເປັນບັນຫາ
04401088-n	lao:lemma	ໂທລະສັບ
04401088-n	lao:exe	ອາທິດແລ້ວໄດ້ຮັບໂທລະສັບຈາກຄົນແປກໜ້າ
06272803-n	lao:lemma	ໂທລະສັບ
06272803-n	lao:exe	ອາທິດແລ້ວໄດ້ຮັບໂທລະສັບຈາກຄົນແປກໜ້າ
02870092-n	lao:lemma	ປຶ້ມ
02870092-n	lao:exe	ປຶ້ມຫົວນີ້ຂອງໃຜ?
06410904-n	lao:lemma	ປຶ້ມ
06410904-n	lao:exe	ປຶ້ມຫົວນີ້ຂອງໃຜ?
09972010-n	lao:lemma	ລູກເອື້ອຍລູກນ້ອງ
09972010-n	lao:exe	ຂ້ອຍສະໜິດກັບລູກເອື້ອຍລູກນ້ອງທາງແມ່ຫຼາຍກວ່າທາງພໍ່
14974264-n	lao:lemma	ເຈ້ຍ
14974264-n	lao:exe	ຈົ່ງຂຽນຄຳເຫັນສັ້ນໆໃສ່ເຈ້ຍນີ້
80000677-n	lao:lemma	ເຈ້ຍ
80000677-n	lao:exe	ຈົ່ງຂຽນຄຳເຫັນສັ້ນໆໃສ່ເຈ້ຍນີ້
06255777-n	lao:lemma	ເຈ້ຍ
06255777-n	lao:exe	ຈົ່ງຂຽນຄຳເຫັນສັ້ນໆໃສ່ເຈ້ຍນີ້
04960277-n	lao:lemma	ສີດຳ
04960277-n	lao:exe	ຈະຕ້ອງແມ່ນສີດຳ ຫຼືສີຟ້າແກ່
02770717-v	lao:lemma	ຄຶ້ມ
02770717-v	lao:exe	ຟ້າຄຶ້ມມາແລ້ວຟ້າວກູ້ເຄື່ອງໄວ
02529945-a	lao:lemma	ເຢັນ
02529945-a	lao:exe	ຄັນໄຂປະຕູຄືຊິເຢັນຂຶ້ນ
02207206-v	lao:lemma	ຊື້
02207206-v	lao:exe	ຂ້ອຍຊິຊື້ວັດຈະນານຸກົມພາສາຍີ່ປຸ່ນໃຫ້ລາວ
02208265-v	lao:lemma	ຊື້
02208265-v	lao:exe	ຂ້ອຍຊິຊື້ວັດຈະນານຸກົມພາສາຍີ່ປຸ່ນໃຫ້ລາວ
00422620-a	lao:lemma	ເປື້ອນ
00422620-a	lao:exe	ເຮັດຫຍັງມາຄືເຄື່ອງເປື້ອນແທ້?
01908889-a	lao:lemma	ເປື້ອນ
01908889-a	lao:exe	ເຮັດຫຍັງມາຄືເຄື່ອງເປື້ອນແທ້?
00419289-a	lao:lemma	ເປື້ອນ
00419289-a	lao:exe	ເຮັດຫຍັງມາຄືເຄື່ອງເປື້ອນແທ້?
01345109-v	lao:lemma	ປິດ
01345109-v	lao:exe	ທະນາຄານປິດຕອນ 3 ໂມງແລງ
01960911-v	lao:lemma	ລອຍນຳ້
01960911-v	lao:exe	ໝູ່ຂອງຂ້ອຍລອຍນ້ຳເກັ່ງ
00933154-a	lao:lemma	ແພງ
00933154-a	lao:exe	ແພງແທ້ !
04199027-n	lao:lemma	ເກີບ
04199027-n	lao:exe	ເກີບແພງໆບໍ່ແມ່ນວ່າຈະໃສ່ສະບາຍສະເໝີໄປ
04330340-n	lao:lemma	ເຕົາຝີງໄຟ
04330340-n	lao:exe	ຍາມໜາວຖ້າບໍ່ມີເຕົາຝີງໄຟກໍລຳບາກ
07823951-n	lao:lemma	ກະຫຼີ່
07823951-n	lao:exe	ລາວບໍ່ເຄີຍກິນແກງກະຫຼີ່ຂອງຍີ່ປຸ່ນ
05598147-n	lao:lemma	ດັງ
05598147-n	lao:exe	ຢາກດັງໂມຄືເຈົ້າ
05658826-n	lao:lemma	ດັງ
05658826-n	lao:exe	ຢາກດັງໂມຄືເຈົ້າ
06947032-n	lao:lemma	ພາສາອັງກິດ
06947032-n	lao:exe	ຂ້ອຍຮຽນພາສາອັງກິດ
07575726-n	lao:lemma	ເຂົ້າແລງ
07575726-n	lao:exe	ກຳລັງລົດຫຸ່ນຢູ່ ຈຶ່ງບໍ່ກິນເຂົ້າແລງ
07575726-n	lao:lemma	ເຂົ້າແລງ
07575726-n	lao:exe	ຂ້ອຍມີນັດກິນເຂົ້າແລງກັບໝູ່
03485794-n	lao:lemma	ແພມົນ
03485794-n	lao:exe	ເຈົ້າມີແພມົນຫຼາຍໃຫ້ຂ້ອຍແດ່ຈັກຜືນ
01198101-v	lao:lemma	ສູບ
01198101-v	lao:exe	ບໍ່ຄວນສູບຢາຢູ່ຕາມສະຖານທີ່ສາທາລະນະ
02741003-v	lao:lemma	ໃສ່
02741003-v	lao:exe	ບໍ່ຕ້ອງໃສ່ກະແຈເຮືອນເດີ
01206474-a	lao:lemma	ຕຳ່
01206474-a	lao:exe	ຕ້ອງຖູແຂ້ວຢ່າງໜ້ອຍບໍ່ຕຳ່ກວ່າ 2 ເທື່ອຕໍ່ມື້
13832355-n	lao:lemma	ທິດຕາເວັນອອກ
13832355-n	lao:exe	ຕາເວັນຂຶ້ນທາງທິດຕາເວັນອອກ
11525955-n	lao:lemma	ລົມ
11525955-n	lao:exe	ມື້ນີ້ບໍ່ມີລົມ
02324182-v	lao:lemma	ໃຫ້ຢືມ
02324182-v	lao:exe	ຂ້ອຍເອົາລົດຖີບໃຫ້ລາວຢືມ
01437963-a	lao:lemma	ຍາວ
01437963-a	lao:exe	ປຶ້ມເລື່ອງນີ້ຍາວໂພດ
01433493-a	lao:lemma	ຍາວ
01433493-a	lao:exe	ປຶ້ມເລື່ອງນີ້ຍາວໂພດ
01444022-a	lao:lemma	ຍາວ
01444022-a	lao:exe	ປຶ້ມເລື່ອງນີ້ຍາວໂພດ
80001077-n	lao:lemma	ຈັກ -
80001077-n	lao:exe	ຢໍ່ໍຂາວນີ້ແມ່ນບຸບເຟ່ ສະນັ້ນເອົາຈັກອັນກໍໄດ້
80001077-n	lao:lemma	ເທົ່າໃດ
80001077-n	lao:exe	ໂຕນີ້ລາຄາເທົ່າໃດ?
10665698-n	lao:lemma	ນັກຮຽນ
10665698-n	lao:exe	14 ປີ, ຍັງເປັນນັກຮຽນມັດທະຍົມປີທີ 3
10665698-n	lao:lemma	ນັກສຶກສາ
10665698-n	lao:exe	ເປັນນັກສຶກສາມະຫາວິທະຍາໄລການສຶກສາຕ່າງປະເທດແຫ່ງໂຕກຽວ
10251779-n	lao:lemma	ນັກຮຽນ
10251779-n	lao:exe	14 ປີ, ຍັງເປັນນັກຮຽນມັດທະຍົມປີທີ 3
08615374-n	lao:lemma	ສວນສາທາລະນະ
08615374-n	lao:exe	ຂ້ອຍແລະໝູ່ມັກໄປເບິ່ງດອກຊະກຸລະຢູ່ສວນສາທາລະນະ
77000064-n	lao:lemma	ໃດ
77000064-n	lao:exe	ລາວເປັນຄົນແນວໃດ?
03290771-n	lao:lemma	ໜ້າບ້ານ
03290771-n	lao:exe	ໄດ້ຍິນສຽງໃຜມາຢູ່ໜ້າບ້ານ
03290771-n	lao:lemma	ທາງເຂົ້າ
03290771-n	lao:exe	ທາງນີ້ບໍ່ແມ່ນທາງເຂົ້າ
06409752-n	lao:lemma	ຫັດແຕ່ງ
06409752-n	lao:exe	ຕອນຍັງນ້ອຍລາວເກັ່ງຫັດແຕ່ງ 
10286084-n	lao:lemma	ອ້າຍນ້ອງ
10286084-n	lao:exe	ເປັນອ້າຍນ້ອງກັນຕ້ອງຮັກແພງແລະຊ່ອຍເຫຼືອກັນ
09876454-n	lao:lemma	ອ້າຍນ້ອງ
09876454-n	lao:exe	ເປັນອ້າຍນ້ອງກັນຕ້ອງຮັກແພງແລະຊ່ອຍເຫຼືອກັນ
80001731-n	lao:lemma	ນັກສຶກສາຕ່າງປະເທດ
80001731-n	lao:exe	ຂ້ອຍມາຍີ່ປຸ່ນໃນນາມນັກສຶກສາຕ່າງປະເທດ
77000031-n	lao:lemma	ເຂົາເຈົ້າ
77000031-n	lao:exe	ເຂົາເຈົ້າກໍມັກຫຼິ້ນກິລາຄືກັນ
00934199-a	lao:lemma	ຖືກ
00934199-a	lao:exe	ໂຮງອາຫານຂອງໂຮງຮຽນທັງແຊບທັງຖືກ
00935103-a	lao:lemma	ຖືກ
00935103-a	lao:exe	ໂຮງອາຫານຂອງໂຮງຮຽນທັງແຊບທັງຖືກ
02747802-n	lao:lemma	ອັນເຂ່ຍຂີ້ກອກຢາ
02747802-n	lao:exe	ໝູ່ຂ້ອຍຊື້ອັນເຂ່ຍຂີ້ກອກຢາໃຫ້ແຟນຂອງລາວ
15213115-n	lao:lemma	ເດືອນ10
15213115-n	lao:exe	ຢູ່ຍີ່ປຸ່ນພາກຮຽນທີ 2 ແມ່ນເລີ່ມແຕ່ເດືອນ 10 
15203791-n	lao:lemma	ປີ
15203791-n	lao:exe	ຢູ່ຄະນະນິຕິສາດ ປີ 3
03619890-n	lao:lemma	ຫ້ອງແຕ່ງກິນ
03619890-n	lao:exe	ຂ້ອຍຢາກໄດ້ຫ້ອງແຕ່ງກິນກວ້າງໆ
00273734-v	lao:lemma	ສອນ
00273734-v	lao:exe	. .​​ . . ຄວາມຈິງ, ຂ້ອຍບໍ່ຮູ້ວິທີໃຊ້, ເອມິຕ້ອງສອນໃຫ້ຂ້ອຍແດ່ເດີ
00829107-v	lao:lemma	ສອນ
00829107-v	lao:exe	. .​​ . . ຄວາມຈິງ, ຂ້ອຍບໍ່ຮູ້ວິທີໃຊ້, ເອມິຕ້ອງສອນໃຫ້ຂ້ອຍແດ່ເດີ
00963570-v	lao:lemma	ເວົ້າ
00963570-v	lao:exe	ລາວຫູດີ ເວົ້າຄ່ອຍໆກໍໄດ້ຍິນ 
00815686-v	lao:lemma	ຕອບ
00815686-v	lao:exe	ກ່ອນຕອບຄວນຄິດໃຫ້ຄັກແນ່
00635523-v	lao:lemma	ຕອບ
00635523-v	lao:exe	ກ່ອນຕອບຄວນຄິດໃຫ້ຄັກແນ່
03417345-n	lao:lemma	ສວນ
03417345-n	lao:exe	ແມ່ປູກດອກໄມ້ຢູ່ສວນ
03417749-n	lao:lemma	ສວນ
03417749-n	lao:exe	ແມ່ປູກດອກໄມ້ຢູ່ສວນ
01775164-v	lao:lemma	ມັກຫຼາຍ
01775164-v	lao:exe	ຄົນລາວມັກຕຳໝາກຫຸ່ງຫຼາຍ
01828736-v	lao:lemma	ມັກຫຼາຍ
01828736-v	lao:exe	ຄົນລາວມັກຕຳໝາກຫຸ່ງຫຼາຍ
06418901-n	lao:lemma	ວັດຈະນານຸກົມ
06418901-n	lao:exe	ຂ້ອຍກໍຢາກໄດ້ວັດຈະນານຸກົມພາສາຍີ່ປຸ່ນນາ
15164570-n	lao:lemma	ວັນເສົາ
15164570-n	lao:exe	ຂ້ອຍບໍ່ໄປໂຮງຮຽນວັນເສົາ
00284798-n	lao:lemma	ຍ່າງຫຼິ້ນ
00284798-n	lao:exe	ທຸກເຊົ້າພໍ່ຂ້ອຍຍ່າງຫຼິ້ນ
00284101-n	lao:lemma	ຍ່າງຫຼິ້ນ
00284101-n	lao:exe	ທຸກເຊົ້າພໍ່ຂ້ອຍຍ່າງຫຼິ້ນ
01712704-v	lao:lemma	ເຮັດ
01712704-v	lao:exe	ເວລາຫວ່າງ, ຄົນລາວມັກເຮັດຫຍັງ?
08277393-n	lao:lemma	ໂຮງຮຽນ
08277393-n	lao:exe	ທຸກອາທິດຂ້ອຍມາຫຼິ້ນຢູໂດຢູ່ໂຮງຮຽນ
08276720-n	lao:lemma	ໂຮງຮຽນ
08276720-n	lao:exe	ທຸກອາທິດຂ້ອຍມາຫຼິ້ນຢູໂດຢູ່ໂຮງຮຽນ
00161630-r	lao:lemma	ຊ້າ
00161630-r	lao:exe	ກະລຸນາເວົ້າຊ້າໆແດ່
90000506-n	lao:lemma	ອາທິດແລ້ວ
90000506-n	lao:exe	ອາທິດແລ້ວໄດ້ຮັບໂທລະສັບຈາກຄົນແປກໜ້າ
03057021-n	lao:lemma	ເສື້ອຈັກເກັດ
03057021-n	lao:exe	ລາວນຸ່ງເສື້ອຈັກເກັດໂຕນີ້ເຮັດໃຫ້ລາວເຈົ້າຊູ້ຂຶ້ນ
03057021-n	lao:lemma	ເສື້ອຄຸມ
03057021-n	lao:exe	ເສື້ອຄຸມນີ້ຊົງຊິອຸ່ນນໍ ຊື້ຢູ່ໃສ?
03589791-n	lao:lemma	ເສື້ອຈັກເກັດ
03589791-n	lao:exe	ລາວນຸ່ງເສື້ອຈັກເກັດໂຕນີ້ເຮັດໃຫ້ລາວເຈົ້າຊູ້ຂຶ້ນ
06929279-n	lao:lemma	ພາສາຍີ່ປຸ່ນ
06929279-n	lao:exe	ຕ້ອງຂຽນບົດລາຍງານເປັນພາສາຍີ່ປຸ່ນ
03303965-n	lao:lemma	ທາງອອກ
03303965-n	lao:exe	ຂ້ອຍຫາທາງອອກບໍ່ເຫັນ
10142391-n	lao:lemma	ພໍ່ເຖົ້າ
10142391-n	lao:exe	ພໍ່ເຖົ້າຂ້ອຍຍັງແຂງແຮງ
07934530-n	lao:lemma	ຊາຝຣັ່ງ
07934530-n	lao:exe	ຊາຝຣັ່ງນີ້ຫອມ
07933274-n	lao:lemma	ຊາຝຣັ່ງ
07933274-n	lao:exe	ຊາຝຣັ່ງນີ້ຫອມ
07933274-n	lao:lemma	ຊາ
07933274-n	lao:exe	ຂ້ອຍມັກດື່ມຊາຂຽວຍີ່ປຸ່ນ
07989373-n	lao:lemma	ຜົວເມຍ
07989373-n	lao:exe	ຜົວເມຍຜິດຖຽງກັນເປັນເລື່ອງທຳມະດາ
10146559-n	lao:lemma	ຮ້ານຂາຍຜັກ
10146559-n	lao:exe	ຢູ່ແຖວນີ້ມີຮ້ານຂາຍຜັກບໍ?
03457686-n	lao:lemma	ຮ້ານຂາຍຜັກ
03457686-n	lao:exe	ຢູ່ແຖວນີ້ມີຮ້ານຂາຍຜັກບໍ?
03147509-n	lao:lemma	ຈອກ
03147509-n	lao:exe	ເອົາຈອກໃຫ້ລາວແດ່
03972524-n	lao:lemma	ຖົງ
03972524-n	lao:exe	ໂທລະສັບມືຖືຢູ່ໃນຖົງ
04968895-n	lao:lemma	ສີຟ້າ
04968895-n	lao:exe	ລາວຊື້ລົດສີຟ້າ
01555416-a	lao:lemma	ໜ້ອຍ
01555416-a	lao:exe	ເຈົ້າກິນໜ້ອຍນໍ
01552885-a	lao:lemma	ໜ້ອຍ
01552885-a	lao:exe	ເຈົ້າກິນໜ້ອຍນໍ
00017865-v	lao:lemma	ນອນ
00017865-v	lao:exe	ກ່ອນນອນຂ້ອຍມັກຟັງດົນຕີ
00450147-a	lao:lemma	ໃກ້
00450147-a	lao:exe	ຖ້າວ່າມີຮ້ານສັບພະສິນຄ້າຢູ່ໃກ້ໆນີ້ຄົງຈະດີ
00444519-a	lao:lemma	ໃກ້
00444519-a	lao:exe	ຖ້າວ່າມີຮ້ານສັບພະສິນຄ້າຢູ່ໃກ້ໆນີ້ຄົງຈະດີ
00445169-a	lao:lemma	ໃກ້
00445169-a	lao:exe	ຖ້າວ່າມີຮ້ານສັບພະສິນຄ້າຢູ່ໃກ້ໆນີ້ຄົງຈະດີ
00584367-n	lao:lemma	ວຽກ
00584367-n	lao:exe	ຂ້ອຍເຮັດວຽກພິເສດຢູ່ຮ້ານອາຫານໄດ້ 5 ປີ
07574602-n	lao:lemma	ເຂົ້າເຊົ້າ
07574602-n	lao:exe	ຂ້ອຍກິນເຂົ້າເຊົ້າກ່ອນໄປໂຮງຮຽນທຸກມື້
08078020-n	lao:lemma	ຄອບຄົວ
08078020-n	lao:exe	ເປັນຄອບຄົວໃຫຍ່ເນາະ
10236304-n	lao:lemma	ຄອບຄົວ
10236304-n	lao:exe	ເປັນຄອບຄົວໃຫຍ່ເນາະ
07970406-n	lao:lemma	ຄອບຄົວ
07970406-n	lao:exe	ເປັນຄອບຄົວໃຫຍ່ເນາະ
07970406-n	lao:lemma	ຄອບຄົວ
07970406-n	lao:exe	ຄອບຄົວລາວອົບອຸ່ນຫຼາຍ
04197391-n	lao:lemma	ເສື້ອ
04197391-n	lao:exe	ມີເສື້ອຂາວແລ້ວບໍ?
09918248-n	lao:lemma	ລູກ
09918248-n	lao:exe	ເອື້ອຍສີຈະເກີດລູກເດືອນ 5
12212361-n	lao:lemma	ຜັກ
12212361-n	lao:exe	ຂ້ອຍກິນຂົ້ວຜັກລວມມິດ
07707451-n	lao:lemma	ຜັກ
07707451-n	lao:exe	ຂ້ອຍກິນຂົ້ວຜັກລວມມິດ
03365991-n	lao:lemma	ຊັ້ນ
03365991-n	lao:exe	ຫ້ອງຮຽນຂອງຂ້ອຍຢູ່ຊັ້ນ 3
00976508-a	lao:lemma	ໄວ
00976508-a	lao:exe	ສອງອາທິດຈັ່ງແມ່ນໄວນໍ
00981818-a	lao:lemma	ໄວ
00981818-a	lao:exe	ສອງອາທິດຈັ່ງແມ່ນໄວນໍ
00979862-a	lao:lemma	ໄວ
00979862-a	lao:exe	ສອງອາທິດຈັ່ງແມ່ນໄວນໍ
01367431-a	lao:lemma	ອຶກກະທຶກ
01367431-a	lao:exe	ໂຕກຽວເປັນເມືອງອຶກກະທຶກ
07644382-n	lao:lemma	ຊີ້ນໄກ່
07644382-n	lao:exe	ມາຍີ່ປຸ່ນມັກຈະໄດ້ກິນຊີ້ນໄກ່
07644967-n	lao:lemma	ຊີ້ນໄກ່
07644967-n	lao:exe	ມາຍີ່ປຸ່ນມັກຈະໄດ້ກິນຊີ້ນໄກ່
07813107-n	lao:lemma	ເກືອ
07813107-n	lao:exe	ແກງນີ້ຈາງ ຕື່ມເກືອໃສ່ແດ່ໜ້ອຍໜຶ່ງ
07825972-n	lao:lemma	ນ້ຳສະອິ້ວ
07825972-n	lao:exe	ຄົນຍີ່ປຸ່ນມັກກິນນ້ຳສະອິ້ວ
02005948-v	lao:lemma	ມາຮອດ
02005948-v	lao:exe	ມາຮອດສະຖານີແລ້ວໂທຫາຂ້ອຍທັນທີໂລດເດີ
02930766-n	lao:lemma	ຕັກຊີ່
02930766-n	lao:exe	ເອື້ອຍເມົາລົດຕັກຊີ່
04371225-n	lao:lemma	ສະລອຍນ້ຳ
04371225-n	lao:exe	ຢູ່ເຮືອນລາວມີສະລອຍນ້ຳ
00604617-a	lao:lemma	ສະດວກ
00604617-a	lao:exe	ຖ້າມີລົດຈັກຄືຊິສະດວກ
15237250-n	lao:lemma	ລະດູຮ້ອນ
15237250-n	lao:exe	ລະດູຮ້ອນ ຮ້ອນກວ່າລະດູຮ້ອນຢູ່ຍີ່ປຸ່ນອີກ
03757138-n	lao:lemma	ລົດໄຟໃຕ້ດິນ
03757138-n	lao:exe	ຂ້ອຍບໍ່ຄ່ອຍໄດ້ນັ່ງລົດໄຟໃຕ້ດິນ
04349306-n	lao:lemma	ລົດໄຟໃຕ້ດິນ
04349306-n	lao:exe	ຂ້ອຍບໍ່ຄ່ອຍໄດ້ນັ່ງລົດໄຟໃຕ້ດິນ
77000090-n	lao:lemma	ເປັນແນວໃດ
77000090-n	lao:exe	ຜູ້ຊາຍຍີ່ປຸ່ນເດ, ເປັນແນວໃດ?
80001331-x	lao:lemma	ເປັນແນວໃດ
80001331-x	lao:exe	ຜູ້ຊາຍຍີ່ປຸ່ນເດ, ເປັນແນວໃດ?
77000104-n	lao:lemma	ມື້ໃດ
77000104-n	lao:exe	ຊິໄປມື້ໃດ?
04105893-n	lao:lemma	ເຮືອນຊຸດ
04105893-n	lao:exe	ນັກສຶກສາຍີ່ປຸ່ນມັກເຊົ່າເຮືອນຊຸດ
06415419-n	lao:lemma	ປຶ້ມຂຽນ
06415419-n	lao:exe	ຈົດຄຳອະທິບາຍຂອງອາຈານໃສ່ປຶ້ມຂຽນ
01376705-a	lao:lemma	ມີຊື່ສຽງ
01376705-a	lao:exe	ຮ້ານອາຫານນີ້ມີຊື່ສຽງທີ່ສຸດໃນຮ່ອມນີ້
01375831-a	lao:lemma	ມີຊື່ສຽງ
01375831-a	lao:exe	ຮ້ານອາຫານນີ້ມີຊື່ສຽງທີ່ສຸດໃນຮ່ອມນີ້
00953216-v	lao:lemma	ເລົ່າ
00953216-v	lao:exe	ແມ່ເຖົ້າຂ້ອຍມັກເລົ່ານິທານໃຫ້ຟັງ
00962447-v	lao:lemma	ເລົ່າ
00962447-v	lao:exe	ແມ່ເຖົ້າຂ້ອຍມັກເລົ່ານິທານໃຫ້ຟັງ
02935891-n	lao:lemma	ໂຮງອາຫານ
02935891-n	lao:exe	ມື້ນີ້ກິນເຂົ້າທ່ຽງຢູ່ໂຮງອາຫານຂອງໂຮງຮຽນ
01984902-v	lao:lemma	ນັ່ງ
01984902-v	lao:exe	ເປັນຜູ້ຍິງຕ້ອງນັ່ງໃຫ້ຮຽບຮ້ອຍ
00120223-r	lao:lemma	ທັງ -  ທັງ
00120223-r	lao:exe	ທັງເຮັດວຽກທັງຮຽນໄປນຳ ເລີຍບໍ່ຄ່ອຍມີເວລາທ່ຽວຫຼິ້ນກັບໝູ່
00120095-r	lao:lemma	ທັງ -  ທັງ
00120095-r	lao:exe	ທັງເຮັດວຽກທັງຮຽນໄປນຳ ເລີຍບໍ່ຄ່ອຍມີເວລາທ່ຽວຫຼິ້ນກັບໝູ່
02386612-a	lao:lemma	ນ້ອຍ
02386612-a	lao:exe	ຕອນຍັງນ້ອຍຂ້ອຍມັກຟັງເພງຢູ່ວິທະຍຸ
02386612-a	lao:lemma	ສັ້ນ
02386612-a	lao:exe	ເປັນຫຍັງຄືນຸ່ງກະໂປ່ງສັ້ນແທ້?
02345713-a	lao:lemma	ຊົ່ວ
02345713-a	lao:exe	ເຮັດດີເຮັດຍາກ ເຮັດຊົ່ວເຮັດງ່າຍ
00478311-a	lao:lemma	ຊົ່ວ
00478311-a	lao:exe	ເຮັດດີເຮັດຍາກ ເຮັດຊົ່ວເຮັດງ່າຍ
01174222-a	lao:lemma	ຊົ່ວ
01174222-a	lao:exe	ເຮັດດີເຮັດຍາກ ເຮັດຊົ່ວເຮັດງ່າຍ
03025755-n	lao:lemma	ໄມ້ຖູ່
03025755-n	lao:exe	ໄມ້ຖູ່ຢູ່ໃສ?
15166191-n	lao:lemma	ຕອນແລງ
15166191-n	lao:exe	ບໍ່ມີບັນຫາ, ຖ້າແມ່ນຕອນແລງ
80000080-n	lao:lemma	ເດືອນນີ້
80000080-n	lao:exe	ຄ່າໄຟຟ້າເດືອນນີ້ຍັງບໍ່ທັນໄດ້ຈ່າຍ
06624161-n	lao:lemma	ຈົດໝາຍ
06624161-n	lao:exe	ໄປຮອດຍີ່ປຸ່ນແລ້ວຂຽນຈົດໝາຍມາຫາຂ້ອຍແດ່ເດີ
01909812-v	lao:lemma	ຄົດ
01909812-v	lao:exe	ໄປໂຄ້ງທາງພຸ້ນ
07929519-n	lao:lemma	ກາເຟ
07929519-n	lao:exe	ຂ້ອຍມັກກ່ິນກາເຟແຕ່ກິນບໍ່ໄດ້
01729431-v	lao:lemma	ຮ້ອງເພງ
01729431-v	lao:exe	ລາວຮ້ອງເພງມ່ວນ
11501381-n	lao:lemma	ຝົນ
11501381-n	lao:exe	ຢູ່ລາວມີຍາມຝົນກັບຍາມແລ້ງ
07749582-n	lao:lemma	ໝາກນາວ
07749582-n	lao:exe	ລະດູຝົນໝາກນາວລາຄາຖືກ
90000511-n	lao:lemma	ມື້ຊືນ
90000511-n	lao:exe	ຂ້ອຍພົບລາວມື້ຊືນແຕ່ບໍ່ເຫັນລາວເວົ້າຫຍັງໃຫ້ຟັງ
00118032-r	lao:lemma	ຄັນຊັ້ນ
00118032-r	lao:exe	ຄັນຊັ້ນຂ້ອຍເມືອກ່ອນເດີ
00118032-r	lao:lemma	ຄັນຊັ້ນ
00118032-r	lao:exe	ບໍ່ຕ້ອງໃສ່ກະແຈເຮືອນເດີ
04468005-n	lao:lemma	ລົດໄຟຟ້າ
04468005-n	lao:exe	ຢູ່ລາວຍັງບໍ່ມີລົດໄຟຟ້າ
77000002-n	lao:lemma	ພວກເຮົາ
77000002-n	lao:exe	ທຸກປີເດືອນ 7 ພວກເຮົາຈະໄປຫຼິ້ນທະເລ
15206296-n	lao:lemma	ໜຶ່ງເດືອນ
15206296-n	lao:exe	ລາວເຮັດວຽກຫຼາຍ ຈຶ່ງໄດ້ຮັບເງິນຫຼາຍໃນໜຶ່ງເດືອນ
02834778-n	lao:lemma	ລົດຖີບ
02834778-n	lao:exe	ລົດຖີບຂອງຂ້ອຍເສຍ
06597466-n	lao:lemma	ວາລະສານ
06597466-n	lao:exe	ລາວມັກອ່ານວາລະສານກ່ຽວກັບແຟຊັ່ນ
06595351-n	lao:lemma	ວາລະສານ
06595351-n	lao:exe	ລາວມັກອ່ານວາລະສານກ່ຽວກັບແຟຊັ່ນ
03704210-n	lao:lemma	ວາລະສານ
03704210-n	lao:exe	ລາວມັກອ່ານວາລະສານກ່ຽວກັບແຟຊັ່ນ
08238463-n	lao:lemma	ຫ້ອງ
08238463-n	lao:exe	ຫ້ອງນີ້ມີນັກຮຽນເກັ່ງຫຼາຍຄົນ
00050454-v	lao:lemma	ແກ້ເຄື່ອງ
00050454-v	lao:exe	ແກ້ເຄື່ອງແລ້ວໄປອາບນ້ຳ
02649830-v	lao:lemma	ຢູ່
02649830-v	lao:exe	ລາວຊື້ກ້ອງຖ່າຍຮູບຢູ່ອະກິຮະບາລາ
15155891-n	lao:lemma	ມື້ອື່ນ
15155891-n	lao:exe	ມື້ອື່ນເຊົ້າປຸກຂ້ອຍ 6 ໂມງແດ່ເດີ
04208936-n	lao:lemma	ນ້ຳຝັກບົວ
04208936-n	lao:exe	ເຖິງວ່າຈະບໍ່ມີອ່າງອາບນ້ຳມີນ້ຳຝັກບົວກໍພໍແລ້ວ
15213774-n	lao:lemma	ເດືອນ12
15213774-n	lao:exe	ຢູ່ລາວມັກຈັດງານແຕ່ງດອງເດືອນ 12
00625119-v	lao:lemma	ອ່ານ
00625119-v	lao:exe	ບໍ່ຕ້ອງອ່ານຫຼາຍກໍໄດ້.
02774152-n	lao:lemma	ກະເປົາ
02774152-n	lao:exe	ຂ້ອຍຢາກໄດ້ຖົງໃໝ່
02773037-n	lao:lemma	ກະເປົາ
02773037-n	lao:exe	ຂ້ອຍຢາກໄດ້ຖົງໃໝ່
13250542-n	lao:lemma	ເງິນ
13250542-n	lao:exe	ແລ້ວກໍຢາກມີເງິນຫຼາຍ ແລະເຮືອນຫຼັງໃຫຍ່ໆ
13384557-n	lao:lemma	ເງິນ
13384557-n	lao:exe	ແລ້ວກໍຢາກມີເງິນຫຼາຍ ແລະເຮືອນຫຼັງໃຫຍ່ໆ
05600637-n	lao:lemma	ໜ້າ
05600637-n	lao:exe	ລ້າງໜ້າແລ້ວບໍ?
07597365-n	lao:lemma	ເຂົ້າໜົມອົມ
07597365-n	lao:exe	ກິນເຂົ້າໜົມອົມຫຼາຍ ລະວັງເປັນແຂ້ວແມງ
00024356-r	lao:lemma	ບໍ່
00024356-r	lao:exe	ບໍ່, ບໍ່ເປັນ
03176763-n	lao:lemma	ຮ້ານສັບພະສິນຄ້າ
03176763-n	lao:exe	ຖ້າວ່າມີຮ້ານສັບພະສິນຄ້າຢູ່ໃກ້ໆນີ້ຄົງຈະດີ
01725051-v	lao:lemma	ຫຼິ້ນ
01725051-v	lao:exe	ຂ້ອຍຢາກຫຼິ້ນກີຕາເກັ່ງ 
03388183-n	lao:lemma	ປາກກາ
03388183-n	lao:exe	ລາວໄດ້ຊື້ປາກກາເປັນຂອງຂວັນວັນເກີດໃຫ້ອ້າຍ
77000089-a	lao:lemma	ແນວນີ້
77000089-a	lao:exe	ເຮັດແບບນີ້ບໍ?
15164354-n	lao:lemma	ວັນພະຫັດ
15164354-n	lao:exe	ວັນພະຫັດເຈົ້າມີຮຽນແຕ່ຊົ່ວໂມງດຽວແມ່ນບໍ່?
00056916-r	lao:lemma	ເຊີນ
00056916-r	lao:exe	ເຊີນທາງພີ້
04956594-n	lao:lemma	ສີ
04956594-n	lao:exe	ຈະຕ້ອງແມ່ນສີດຳ ຫຼືສີຟ້າແກ່
04674968-n	lao:lemma	ສີ
04674968-n	lao:exe	ຈະຕ້ອງແມ່ນສີດຳ ຫຼືສີຟ້າແກ່
07109730-n	lao:lemma	ພາສາ
07109730-n	lao:exe	ຮຽນພາສາທີ່ເຈົ້າບໍ່ສົນໃຈກໍບໍ່ມ່ວນ ແລະກໍໜ້າເບື່ອອີກ
06282651-n	lao:lemma	ພາສາ
06282651-n	lao:exe	ຮຽນພາສາທີ່ເຈົ້າບໍ່ສົນໃຈກໍບໍ່ມ່ວນ ແລະກໍໜ້າເບື່ອອີກ
00121135-r	lao:lemma	ແນວນັ້ນ
00121135-r	lao:exe	ຂ້ອຍບໍ່ໄດ້ເວົ້າແບບນັ້ນນ່າ
04962784-n	lao:lemma	ສີແດງ
04962784-n	lao:exe	ຂ້ອຍໄດ້ຮັບກຸຫຼາບສີແດງ
03871083-n	lao:lemma	ເຄື່ອງ
03871083-n	lao:exe	ຂ້ອຍເອົາເຄື່ອງວາງໄວ້ນີ້ໄດ້ບໍ?
02774630-n	lao:lemma	ເຄື່ອງ
02774630-n	lao:exe	ຂ້ອຍເອົາເຄື່ອງວາງໄວ້ນີ້ໄດ້ບໍ?
07891726-n	lao:lemma	ເຫຼົ້າ
07891726-n	lao:exe	ຜູ້ທີ່ອາຍຸບໍ່ເຖິງ 20 ປີ ບໍ່ຄວນດື່ມເຫຼົ້າ
07884567-n	lao:lemma	ເຫຼົ້າ
07884567-n	lao:exe	ຜູ້ທີ່ອາຍຸບໍ່ເຖິງ 20 ປີ ບໍ່ຄວນດື່ມເຫຼົ້າ
07891433-n	lao:lemma	ເຫຼົ້າ
07891433-n	lao:exe	ຜູ້ທີ່ອາຍຸບໍ່ເຖິງ 20 ປີ ບໍ່ຄວນດື່ມເຫຼົ້າ
15164463-n	lao:lemma	ວັນສຸກ
15164463-n	lao:exe	ຂ້ອຍມັກວັນສຸກຫຼາຍທີ່ສຸດ
03581125-n	lao:lemma	ທາງສີ່ແຍກ
03581125-n	lao:exe	ທາງສີ່ແຍກນີ້ມັກມີອຸບັດເຫດ
02410393-a	lao:lemma	ໜາ
02410393-a	lao:exe	ປຶ້ມໜາຄືແນວນີ້ໃຜຊິອ່ານໝົດໃນມື້ດຽວ
02410393-a	lao:lemma	ຕຸ້ຍ
02410393-a	lao:exe	ຂ້ອຍບໍ່ກິນເພາະວ່າຢ້ານຕຸ້ຍ
02415390-a	lao:lemma	ໜາ
02415390-a	lao:exe	ປຶ້ມໜາຄືແນວນີ້ໃຜຊິອ່ານໝົດໃນມື້ດຽວ
02756821-v	lao:lemma	ຝົນຕົກ
02756821-v	lao:exe	ມື້ຄືນນີ້ຝົນຕົກໜັກຫຼາຍ ຈຶ່ງຢ້ານນ້ຳຖ້ວມ
02529264-a	lao:lemma	ອຸ່ນ
02529264-a	lao:exe	ມື້ນີ້ອາກາດອຸ່ນ
01546111-v	lao:lemma	ຢືນ
01546111-v	lao:exe	ຢືນເຮັດຫຍັງຢູ່ຫັ້ນ?
10142747-n	lao:lemma	ແມ່ເຖົ້າ
10142747-n	lao:exe	ແມ່ເຖົ້າຂ້ອຍມັກເລົ່ານິທານໃຫ້ຟັງ
07679356-n	lao:lemma	ເຂົ້າຈີ່
07679356-n	lao:exe	ເຂົ້າຈີ່ຢູ່ລາວແຊບຫຼາຍ
03259505-n	lao:lemma	ເຮືອນ
03259505-n	lao:exe	ແລ້ວກໍຢາກມີເງິນຫຼາຍ ແລະເຮືອນຫຼັງໃຫຍ່ໆ
03544360-n	lao:lemma	ເຮືອນ
03544360-n	lao:exe	ແລ້ວກໍຢາກມີເງິນຫຼາຍ ແລະເຮືອນຫຼັງໃຫຍ່ໆ
03544360-n	lao:lemma	ເຮືອນ
03544360-n	lao:exe	ມື້ໜ້າໄປຢາມເຮືອນພວກເຮົາແດ່ເດີ.
08559508-n	lao:lemma	ເຮືອນ
08559508-n	lao:exe	ແລ້ວກໍຢາກມີເງິນຫຼາຍ ແລະເຮືອນຫຼັງໃຫຍ່ໆ
08559508-n	lao:lemma	ເຮືອນ
08559508-n	lao:exe	ມື້ໜ້າໄປຢາມເຮືອນພວກເຮົາແດ່ເດີ.
15210486-n	lao:lemma	ເດືອນ2
15210486-n	lao:exe	ຂ້ອຍເກີດເດືອນ 2  
15167349-n	lao:lemma	ຕອນກາງຄືນ
15167349-n	lao:exe	ບໍ່ຄວນຈະຫຼິ້ນດົນຕີໃນຕອນກາງຄືນ
15155747-n	lao:lemma	ຕອນກາງຄືນ
15155747-n	lao:exe	ບໍ່ຄວນຈະຫຼິ້ນດົນຕີໃນຕອນກາງຄືນ
15167027-n	lao:lemma	ຕອນກາງຄືນ
15167027-n	lao:exe	ບໍ່ຄວນຈະຫຼິ້ນດົນຕີໃນຕອນກາງຄືນ
15167027-n	lao:lemma	ມື້ຄືນນີ້
15167027-n	lao:exe	ມື້ຄືນນີ້ຝົນຕົກໜັກຫຼາຍ ຈຶ່ງຢ້ານນ້ຳຖ້ວມ
15167474-n	lao:lemma	ຕອນກາງຄືນ
15167474-n	lao:exe	ບໍ່ຄວນຈະຫຼິ້ນດົນຕີໃນຕອນກາງຄືນ
03438257-n	lao:lemma	ຈອກ
03438257-n	lao:exe	ຂ້ອຍຈະເຫຍັ້ນນ້ຳໝາກໄມ້ໃສ່ຈອກໄວ້ຖ້າ
08613593-n	lao:lemma	ນອກ
08613593-n	lao:exe	ຂ້ອຍຊິຖ້າຢູ່ນອກເດີ
03338821-n	lao:lemma	ຟີມ
03338821-n	lao:exe	ຊື້ຟີມມາໃຫ້ແດ່ 2 ກໍ້
06613686-n	lao:lemma	ຟີມ
06613686-n	lao:exe	ຊື້ຟີມມາໃຫ້ແດ່ 2 ກໍ້
06613686-n	lao:lemma	ໜັງ
06613686-n	lao:exe	ໜັງເລື່ອງນີ້ມື້ໃດຊິສາຍ?
06262567-n	lao:lemma	ຟີມ
06262567-n	lao:exe	ຊື້ຟີມມາໃຫ້ແດ່ 2 ກໍ້
04096066-n	lao:lemma	ທາງ
04096066-n	lao:exe	ຖ້າຫຼົງທາງໃຫ້ຖາມຕຳຫຼວດ
15212739-n	lao:lemma	ເດືອນ9
15212739-n	lao:exe	ຢູ່ລາວເດືອນ 9 ຍັງມີຝົນຕົກຫຼາຍຢູ່
77000079-a	lao:lemma	ນັ້ນ
77000079-a	lao:exe	ຢ່າໄຂປະຕູນັ້ນໄດ໋
14524198-n	lao:lemma	ຟ້າບົດ
14524198-n	lao:exe	ຟ້າບົດບໍ່ຊັກເຄື່ອງດີກວ່າ
13828795-n	lao:lemma	ລວງກວ້າງ
13828795-n	lao:exe	ເນື້ອທີ່ເທົ່າກັບລວງກວ້າງຄູນລວງຍາວ
00543233-n	lao:lemma	ດົນຕີ
00543233-n	lao:exe	ບໍ່ຄວນຈະຫຼິ້ນດົນຕີໃນຕອນກາງຄືນ
05718556-n	lao:lemma	ດົນຕີ
05718556-n	lao:exe	ບໍ່ຄວນຈະຫຼິ້ນດົນຕີໃນຕອນກາງຄືນ
05718935-n	lao:lemma	ດົນຕີ
05718935-n	lao:exe	ບໍ່ຄວນຈະຫຼິ້ນດົນຕີໃນຕອນກາງຄືນ
07020895-n	lao:lemma	ດົນຕີ
07020895-n	lao:exe	ບໍ່ຄວນຈະຫຼິ້ນດົນຕີໃນຕອນກາງຄືນ
00409709-r	lao:lemma	ໃກ້
00409709-r	lao:exe	ຖ້າມີແຟນແລ້ວຕ້ອງຢູ່ໃກ້ກັນ ແລະພົບກັນເລື້ອຍໆໄດ໋
08641113-n	lao:lemma	ໃກ້
08641113-n	lao:exe	ຖ້າມີແຟນແລ້ວຕ້ອງຢູ່ໃກ້ກັນ ແລະພົບກັນເລື້ອຍໆໄດ໋
03112099-n	lao:lemma	ລະບຽງ
03112099-n	lao:exe	ມື້ຄືນນີ້ໄດ້ຍິນສຽງຄົນຍ່າງໄປມາຢູ່ລະບຽງ
03661043-n	lao:lemma	ຫໍສະໝຸດ
03661043-n	lao:exe	ມື້ນີ້ຂ້ອຍຢືມປຶ້ມ 3 ຫົວຢູ່ຫໍສະໝຸດ
07840804-n	lao:lemma	ໄຂ່
07840804-n	lao:exe	ໄຂ່ມີຄໍແລັດຊະໂຕລອນສູງ
90000502-n	lao:lemma	ປີນີ້
90000502-n	lao:exe	ປີນີ້ຂ້ອຍກໍຈະຮຽນຈົບແລ້ວ
03908204-n	lao:lemma	ສໍ
03908204-n	lao:exe	ແຫຼມສໍໃຫ້ຂ້ອຍແດ່
14796748-n	lao:lemma	ສໍ
14796748-n	lao:exe	ແຫຼມສໍໃຫ້ຂ້ອຍແດ່
05282433-n	lao:lemma	ແຂ້ວ
05282433-n	lao:exe	ຕ້ອງຖູແຂ້ວຢ່າງໜ້ອຍບໍ່ຕຳ່ກວ່າ 2 ເທື່ອຕໍ່ມື້
05282746-n	lao:lemma	ແຂ້ວ
05282746-n	lao:exe	ຕ້ອງຖູແຂ້ວຢ່າງໜ້ອຍບໍ່ຕຳ່ກວ່າ 2 ເທື່ອຕໍ່ມື້
01649720-a	lao:lemma	ໜຸ່ມ
01649720-a	lao:exe	ຕອນຍັງໜຸ່ມ ຕ້ອງເຮັດວຽກຫຼາຍເພື່ອເກັບເງິນ
01646941-a	lao:lemma	ໜຸ່ມ
01646941-a	lao:exe	ຕອນຍັງໜຸ່ມ ຕ້ອງເຮັດວຽກຫຼາຍເພື່ອເກັບເງິນ
00988232-a	lao:lemma	ຈ່ອຍ
00988232-a	lao:exe	ລາວເປັນຄົນສູງຈ່ອຍ
01029368-v	lao:lemma	ຊື່
01029368-v	lao:exe	ຂ້ອຍຊື່ ບຸນມີ
77000084-n	lao:lemma	ຢູ່ໃສ
77000084-n	lao:exe	ເຮັດວຽກຢູ່ໃສ?
00220082-a	lao:lemma	ງາມ
00220082-a	lao:exe	ເສື້ອແລນໂຕນີ້ທັງງາມທັງອຸ່ນ
01586342-a	lao:lemma	ງາມ
01586342-a	lao:exe	ເສື້ອແລນໂຕນີ້ທັງງາມທັງອຸ່ນ
01586342-a	lao:lemma	ດີ
01586342-a	lao:exe	ແດດກ້າຫຼາຍ ໃສ່ໝວກດີກວ່າ
01346003-v	lao:lemma	ເປີດ
01346003-v	lao:exe	ແມ່ນໃຜເປີດປະຕູໄວ້?
09853467-n	lao:lemma	ອ້າຍ
09853467-n	lao:exe	ຜູ້ນີ້ແມ່ນອ້າຍຂ້ອຍ ຊື່ບຸນພັນ
09853467-n	lao:lemma	ອ້າຍ
09853467-n	lao:exe	ຈັກໜ້ອຍອ້າຍກໍຊິອອກໄປບໍ?
03102654-n	lao:lemma	ຕູ້ເຢັນ
03102654-n	lao:exe	ເອົາເຄື່ອງກິນໃສ່ຕູ້ເຢັນໄວ້ແດ່
03273913-n	lao:lemma	ຕູ້ເຢັນ
03273913-n	lao:exe	ເອົາເຄື່ອງກິນໃສ່ຕູ້ເຢັນໄວ້ແດ່
02399595-a	lao:lemma	ບໍ່ແຊບ
02399595-a	lao:exe	ອາຫານນີ້ບໍ່ແຊບເລີຍ
01716971-a	lao:lemma	ບໍ່ແຊບ
01716971-a	lao:exe	ອາຫານນີ້ບໍ່ແຊບເລີຍ
07845335-n	lao:lemma	ນົມ
07845335-n	lao:exe	ກິນນົມທຸກມື້ຈະດີຕໍ່ສຸຂະພາບ
07844042-n	lao:lemma	ນົມ
07844042-n	lao:exe	ກິນນົມທຸກມື້ຈະດີຕໍ່ສຸຂະພາບ
10780632-n	lao:lemma	ເມຍ
10780632-n	lao:exe	ລາວໄດ້ເມຍງາມນໍ
10780632-n	lao:lemma	ເມຍ
10780632-n	lao:exe	ເມຍຂ້ອຍເປັນຄົນລາວ
08625462-n	lao:lemma	ຊ້າຍ
08625462-n	lao:exe	ຫ້ອງນ້ຳຢູ່ທາງຊ້າຍ
90000508-n	lao:lemma	ອາທິດໜ້າ
90000508-n	lao:exe	ອາທິດໜ້າຂ້ອຍຢາກຂໍພັກຈັກ 2-3 ມື້
01848718-v	lao:lemma	ໄປ
01848718-v	lao:exe	ແມ່ໄປການແລ້ວບໍ?
06518719-n	lao:lemma	ປີ້
06518719-n	lao:exe	ໝູ່ຂ້ອຍຊື້ປີ້ຄອນເສີດໃຫ້
01470670-v	lao:lemma	ພົບ
01470670-v	lao:exe	ຢາກໃຫ້ເຈົ້າມາພົບຂ້ອຍໃນວັນພຸດໜ້າ
02428924-v	lao:lemma	ພົບ
02428924-v	lao:exe	ຢາກໃຫ້ເຈົ້າມາພົບຂ້ອຍໃນວັນພຸດໜ້າ
10285313-n	lao:lemma	ເດັກນ້ອຍຜູ້ຊາຍ
10285313-n	lao:exe	ເດັກນ້ອຍຜູ້ຊາຍມັກຫຼິ້ນກິລາ
03542333-n	lao:lemma	ໂຮງແຮມ
03542333-n	lao:exe	ເລີ່ມແຕ່ 7 ໂມງແລງຢູ່ໂຮງແຮມລາວ.
02913152-n	lao:lemma	ຕຶກ
02913152-n	lao:exe	ຢູ່ຊົນນະບົດມີແຕ່ຕຶກຕຳ່ໆ
07649854-n	lao:lemma	ຊີ້ນ
07649854-n	lao:exe	ຊີ້ນຫຍັງກໍໄດ້, ປາກໍໄດ້
09397391-n	lao:lemma	ໜອງ
09397391-n	lao:exe	ຢູ່ໜອງນີ້ມີປາຫຼາຍ
07935152-n	lao:lemma	ຊາ
07935152-n	lao:exe	ຂ້ອຍມັກດື່ມຊາຂຽວຍີ່ປຸ່ນ
03082979-n	lao:lemma	ຄອມພິວເຕີ
03082979-n	lao:exe	ຊື້ຄອມພິວເຕີຢູ່ຍີ່ປຸ່ນຈະຖືກກວ່າ ແລະທັງມີຫຼາຍແບບໃຫ້ເລືອກອີກ
04043733-n	lao:lemma	ວິທະຍຸ
04043733-n	lao:exe	ຕອນຍັງນ້ອຍຂ້ອຍມັກຟັງເພງຢູ່ວິທະຍຸ
01442186-a	lao:lemma	ສັ້ນ
01442186-a	lao:exe	ເປັນຫຍັງຄືນຸ່ງກະໂປ່ງສັ້ນແທ້?
01436003-a	lao:lemma	ສັ້ນ
01436003-a	lao:exe	ເປັນຫຍັງຄືນຸ່ງກະໂປ່ງສັ້ນແທ້?
01442826-a	lao:lemma	ສັ້ນ
01442826-a	lao:exe	ເປັນຫຍັງຄືນຸ່ງກະໂປ່ງສັ້ນແທ້?
14513694-n	lao:lemma	ຄອບຄົວ
14513694-n	lao:exe	ຄອບຄົວລາວອົບອຸ່ນຫຼາຍ
02808440-n	lao:lemma	ອ່າງອາບນ້ຳ
02808440-n	lao:exe	ເຮືອນທີ່ຂ້ອຍເຊົ່າຢູ່ບໍ່ມີອ່າງອາບນ້ຳ
02807731-n	lao:lemma	ອ່າງອາບນ້ຳ
02807731-n	lao:exe	ເຮືອນທີ່ຂ້ອຍເຊົ່າຢູ່ບໍ່ມີອ່າງອາບນ້ຳ
15274074-n	lao:lemma	ພັກຜ່ອນ
15274074-n	lao:exe	ການນອນແມ່ນການພັກຜ່ອນທີ່ດີ
15183428-n	lao:lemma	ພັກຜ່ອນ
15183428-n	lao:exe	ການນອນແມ່ນການພັກຜ່ອນທີ່ດີ
15137890-n	lao:lemma	ພັກຜ່ອນ
15137890-n	lao:exe	ການນອນແມ່ນການພັກຜ່ອນທີ່ດີ
00027918-r	lao:lemma	ຍັງ
00027918-r	lao:exe	ມະນີ, ຍັງຢູ່ຫວາ?
00031304-r	lao:lemma	ຍັງ
00031304-r	lao:exe	ມະນີ, ຍັງຢູ່ຫວາ?
03925226-n	lao:lemma	ຮູບ
03925226-n	lao:exe	ເມື່ອເບິ່ງຮູບເກົ່າທີ່ຖ່າຍກັບໝູ່ ກໍພາໃຫ້ຄິດຮອດວັນເກົ່າ
03931044-n	lao:lemma	ຮູບ
03931044-n	lao:exe	ເມື່ອເບິ່ງຮູບເກົ່າທີ່ຖ່າຍກັບໝູ່ ກໍພາໃຫ້ຄິດຮອດວັນເກົ່າ
04248607-n	lao:lemma	ຮູບ
04248607-n	lao:exe	ເມື່ອເບິ່ງຮູບເກົ່າທີ່ຖ່າຍກັບໝູ່ ກໍພາໃຫ້ຄິດຮອດວັນເກົ່າ
15164233-n	lao:lemma	ວັນພຸດ
15164233-n	lao:exe	ຢາກໃຫ້ເຈົ້າມາພົບຂ້ອຍໃນວັນພຸດໜ້າ
11524662-n	lao:lemma	ອາກາດ
11524662-n	lao:exe	ອາກາດບໍ່ຄ່ອຍດີກັບໄປກິນເຂົ້າຢູ່ເຮືອນດີກວ່າ
07193184-n	lao:lemma	ຄຳຖາມ
07193184-n	lao:exe	ເວລາມີຄຳຖາມໃຫ້ຍົກມືຂຶ້ນ
07196682-n	lao:lemma	ຄຳຖາມ
07196682-n	lao:exe	ເວລາມີຄຳຖາມໃຫ້ຍົກມືຂຶ້ນ
05797597-n	lao:lemma	ຄຳຖາມ
05797597-n	lao:exe	ເວລາມີຄຳຖາມໃຫ້ຍົກມືຂຶ້ນ
07193596-n	lao:lemma	ຄຳຖາມ
07193596-n	lao:exe	ເວລາມີຄຳຖາມໃຫ້ຍົກມືຂຶ້ນ
01904930-v	lao:lemma	ຍ່າງ
01904930-v	lao:exe	ຍ່າງຫຼາຍເລີຍປວດຂາ
03383948-n	lao:lemma	ສ້ອມ
03383948-n	lao:exe	ເວລາກິນເຄັກໃຊ້ສ້ອມຈະດີກວ່າ
08286569-n	lao:lemma	ມະຫາວິທະຍາໄລ
08286569-n	lao:exe	ປີໜ້າເຈົ້າຊິຮຽນຢູ່ມະຫາວິທະຍາໄລແຫ່ງຊາດແມ່ນບໍ?
08286163-n	lao:lemma	ມະຫາວິທະຍາໄລ
08286163-n	lao:exe	ປີໜ້າເຈົ້າຊິຮຽນຢູ່ມະຫາວິທະຍາໄລແຫ່ງຊາດແມ່ນບໍ?
08278169-n	lao:lemma	ມະຫາວິທະຍາໄລ
08278169-n	lao:exe	ປີໜ້າເຈົ້າຊິຮຽນຢູ່ມະຫາວິທະຍາໄລແຫ່ງຊາດແມ່ນບໍ?
01000214-v	lao:lemma	ຂຽນ
01000214-v	lao:exe	ໄປຮອດຍີ່ປຸ່ນແລ້ວຂຽນຈົດໝາຍມາຫາຂ້ອຍແດ່ເດີ
02471690-v	lao:lemma	ຂຽນ
02471690-v	lao:exe	ໄປຮອດຍີ່ປຸ່ນແລ້ວຂຽນຈົດໝາຍມາຫາຂ້ອຍແດ່ເດີ
01020356-v	lao:lemma	ຂຽນ
01020356-v	lao:exe	ໄປຮອດຍີ່ປຸ່ນແລ້ວຂຽນຈົດໝາຍມາຫາຂ້ອຍແດ່ເດີ
01691057-v	lao:lemma	ຂຽນ
01691057-v	lao:exe	ໄປຮອດຍີ່ປຸ່ນແລ້ວຂຽນຈົດໝາຍມາຫາຂ້ອຍແດ່ເດີ
01698271-v	lao:lemma	ຂຽນ
01698271-v	lao:exe	ໄປຮອດຍີ່ປຸ່ນແລ້ວຂຽນຈົດໝາຍມາຫາຂ້ອຍແດ່ເດີ
01020934-v	lao:lemma	ຂຽນ
01020934-v	lao:exe	ໄປຮອດຍີ່ປຸ່ນແລ້ວຂຽນຈົດໝາຍມາຫາຂ້ອຍແດ່ເດີ
00993014-v	lao:lemma	ຂຽນ
00993014-v	lao:exe	ໄປຮອດຍີ່ປຸ່ນແລ້ວຂຽນຈົດໝາຍມາຫາຂ້ອຍແດ່ເດີ
03822171-n	lao:lemma	ໜັງສືພິມ
03822171-n	lao:exe	ອ່ານໜັງສືພິມລາວຢູ່.
06267145-n	lao:lemma	ໜັງສືພິມ
06267145-n	lao:exe	ອ່ານໜັງສືພິມລາວຢູ່.
14961722-n	lao:lemma	ໜັງສືພິມ
14961722-n	lao:exe	ອ່ານໜັງສືພິມລາວຢູ່.
07197021-n	lao:lemma	ກວດກາ
07197021-n	lao:exe	ເສັງໄວຍາກອນມື້ໃດ?
00158309-r	lao:lemma	ພໍດີ
00158309-r	lao:exe	ຂ້ອຍກຳລັງຊິໂທຫາເຈົ້າພໍດີ
00002621-r	lao:lemma	ພໍດີ
00002621-r	lao:exe	ຂ້ອຍກຳລັງຊິໂທຫາເຈົ້າພໍດີ
00002950-r	lao:lemma	ພໍດີ
00002950-r	lao:exe	ຂ້ອຍກຳລັງຊິໂທຫາເຈົ້າພໍດີ
13714184-n	lao:lemma	ອົງສາ
13714184-n	lao:exe	ນ້ຳຟົດຢູ່ອຸນຫະພູມ 100 ອົງສາເຊ
00119568-n	lao:lemma	ບິນ
00119568-n	lao:exe	ຢາກບິນໄດ້ຄືນົກ
08145553-n	lao:lemma	ໄປສະນີ
08145553-n	lao:exe	ໄປສະນີຢູ່ໃກ້ໆນີ້ຍ່າງໄປ 10 ນາທີກໍຮອດ
15237044-n	lao:lemma	ລະດູໃບໄມ້ປົ່ງ
15237044-n	lao:exe	ໃນສີ່ລະດູຂ້ອຍມັກລະດູໃບໄມ້ປົ່ງທີ່ສຸດ
01270199-v	lao:lemma	ຊັກເຄື່ອງ
01270199-v	lao:exe	ຂ້ອຍມັກຊັກເຄື່ອງຫຼາຍກວ່າລີດເຄື່ອງ
06505517-n	lao:lemma	ກັອບປີ້
06505517-n	lao:exe	ເອົາເຈ້ຍກັອບປີ້ນີ້ຍື່ນໃຫ້ລາວແດ່
15166462-n	lao:lemma	ຕອນຄຳ່
15166462-n	lao:exe	ຕອນຄຳ່ໄປຕີດອກກັນເທາະ
15166462-n	lao:lemma	ມື້ຄືນນີ້
15166462-n	lao:exe	ມື້ຄືນນີ້ຝົນຕົກໜັກຫຼາຍ ຈຶ່ງຢ້ານນ້ຳຖ້ວມ
01343918-a	lao:lemma	ຕະຫຼົກ
01343918-a	lao:exe	ຜູ້ທີ່ມັກເວົ້າຕະຫຼົກແມ່ນບໍ?
01344344-a	lao:lemma	ຕະຫຼົກ
01344344-a	lao:exe	ຜູ້ທີ່ມັກເວົ້າຕະຫຼົກແມ່ນບໍ?
01344344-a	lao:lemma	ມ່ວນ
01344344-a	lao:exe	ໄປທ່ຽວມ່ວນບໍ?
01265308-a	lao:lemma	ຕະຫຼົກ
01265308-a	lao:exe	ຜູ້ທີ່ມັກເວົ້າຕະຫຼົກແມ່ນບໍ?
01344485-a	lao:lemma	ຕະຫຼົກ
01344485-a	lao:exe	ຜູ້ທີ່ມັກເວົ້າຕະຫຼົກແມ່ນບໍ?
00067045-r	lao:lemma	ປາຍ
00067045-r	lao:exe	ດຽວນີ້ 10 ໂມງປາຍແລ້ວໄດ໋
00067265-r	lao:lemma	ປາຍ
00067265-r	lao:exe	ດຽວນີ້ 10 ໂມງປາຍແລ້ວໄດ໋
90000515-n	lao:lemma	ມື້ຮື
90000515-n	lao:exe	ມື້ຮື ຂ້ອຍຊິກັບຍີ່ປຸ່ນ.
01296462-v	lao:lemma	ຕິດ
01296462-v	lao:exe	ເອົາປະກາດນີ້ໄປຕິດໃຫ້ແດ່
01801029-a	lao:lemma	ມ່ວນ
01801029-a	lao:exe	ໄປທ່ຽວມ່ວນບໍ?
03906997-n	lao:lemma	ບິກ
03906997-n	lao:exe	ຂໍເບິ່ງບິກນັ້ນແດ່
77000095-n	lao:lemma	ຜູ້ໃດ
77000095-n	lao:exe	ເຈົ້າມັກຜູ້ໃດ?
77000095-n	lao:lemma	ໃຜ
77000095-n	lao:exe	ຄຳດີແມ່ນໃຜ?
90000500-n	lao:lemma	ປີກ່ອນ
90000500-n	lao:exe	ປີກ່ອນຂ້ອຍໄປທ່ຽວໂອກິນາວາ
03221720-n	lao:lemma	ປະຕູ
03221720-n	lao:exe	ຄັນໄຂປະຕູຄືຊິເຢັນຂຶ້ນ
03221720-n	lao:lemma	ປະຕູ
00050681-r	lao:lemma	ບໍ່ມີ
00050681-r	lao:exe	ຢູ່ລາວຍັງບໍ່ມີລົດໄຟຟ້າ
00024587-r	lao:lemma	ບໍ່ມີ
00024587-r	lao:exe	ຢູ່ລາວຍັງບໍ່ມີລົດໄຟຟ້າ
77000012-n	lao:lemma	ຂ້ອຍ
77000012-n	lao:exe	ຂ້ອຍກຳລັງຊິໂທຫາເຈົ້າພໍດີ
77000015-n	lao:lemma	ຂ້ອຍ
77000015-n	lao:exe	ຂ້ອຍກຳລັງຊິໂທຫາເຈົ້າພໍດີ
01344963-a	lao:lemma	ບໍ່ມ່ວນ
01344963-a	lao:exe	ຮຽນພາສາທີ່ເຈົ້າບໍ່ສົນໃຈກໍບໍ່ມ່ວນ ແລະກໍໜ້າເບື່ອອີກ
01170052-v	lao:lemma	ດື່ມ
01170052-v	lao:exe	ລາວລືມເຄື່ອງດື່ມຢູ່ເທິງລົດເມ
03282295-n	lao:lemma	ສະຖານທູດ
03282295-n	lao:exe	ຂ້ອຍຕ້ອງໄປເອົາວີຊາຢູ່ສະຖານທູດ
14145501-n	lao:lemma	ເປັນຫວັດ
14145501-n	lao:exe	ລາວເປັນຫວັດເລີຍສຽງແຫບ
06796119-n	lao:lemma	ສະແຕັມ
06796119-n	lao:exe	ຕິດສະແຕັມໃສ່ກ່ອນແລ້ວຄ່ອຍສົ່ງເດີ
07775375-n	lao:lemma	ປາ
07775375-n	lao:exe	ຄົນຍີ່ປຸ່ນມັກກິນປາ
02512053-n	lao:lemma	ປາ
02512053-n	lao:exe	ຄົນຍີ່ປຸ່ນມັກກິນປາ
01586866-a	lao:lemma	ດີ
01586866-a	lao:exe	ແດດກ້າຫຼາຍ ໃສ່ໝວກດີກວ່າ
01048762-a	lao:lemma	ດີ
01048762-a	lao:exe	ແດດກ້າຫຼາຍ ໃສ່ໝວກດີກວ່າ
00067638-a	lao:lemma	ດີ
00067638-a	lao:exe	ແດດກ້າຫຼາຍ ໃສ່ໝວກດີກວ່າ
01993408-a	lao:lemma	ດີ
01993408-a	lao:exe	ແດດກ້າຫຼາຍ ໃສ່ໝວກດີກວ່າ
01171213-a	lao:lemma	ດີ
01171213-a	lao:exe	ແດດກ້າຫຼາຍ ໃສ່ໝວກດີກວ່າ
01800349-a	lao:lemma	ດີ
01800349-a	lao:exe	ແດດກ້າຫຼາຍ ໃສ່ໝວກດີກວ່າ
01123148-a	lao:lemma	ດີ
01123148-a	lao:exe	ແດດກ້າຫຼາຍ ໃສ່ໝວກດີກວ່າ
00064787-a	lao:lemma	ດີ
00064787-a	lao:exe	ແດດກ້າຫຼາຍ ໃສ່ໝວກດີກວ່າ
00850183-a	lao:lemma	ດີ
00850183-a	lao:exe	ແດດກ້າຫຼາຍ ໃສ່ໝວກດີກວ່າ
01129977-a	lao:lemma	ດີ
01129977-a	lao:exe	ແດດກ້າຫຼາຍ ໃສ່ໝວກດີກວ່າ
01586752-a	lao:lemma	ດີ
01586752-a	lao:exe	ແດດກ້າຫຼາຍ ໃສ່ໝວກດີກວ່າ
04588365-n	lao:lemma	ປ່ອງຢ້ຽມ
04588365-n	lao:exe	ເບິ່ງຈາກປ່ອງຢ້ຽມນີ້ ສາມາດເຫັນພູຟູຈິ
04587648-n	lao:lemma	ປ່ອງຢ້ຽມ
04587648-n	lao:exe	ເບິ່ງຈາກປ່ອງຢ້ຽມນີ້ ສາມາດເຫັນພູຟູຈິ
05216365-n	lao:lemma	ຮ່າງກາຍ
05216365-n	lao:exe	ຮ່າງກາຍຂອງຄົນເຮົາແບ່ງເປັນ 3 ພາກສ່ວນໃຫຍ່
76100002-x	lao:lemma	ໃບ
76100002-x	lao:exe	ເອົາເຈ້ຍໃຫ້ແດ່ 5 ໃບ
04967191-n	lao:lemma	ສີຂຽວ
04967191-n	lao:exe	ຂ້ອຍຢາກໄດ້ຈັກເກັດສີຂຽວນັ້ນ 
80001047-v	lao:lemma	ຕາຍ
80001047-v	lao:exe	ປາທອງທີ່ເອື້ອຍລ້ຽງໄວ້ຕາຍແລ້ວ
03497657-n	lao:lemma	ໝວກ
03497657-n	lao:exe	ແດດກ້າຫຼາຍ ໃສ່ໝວກດີກວ່າ
15129927-n	lao:lemma	ໂມງ
15129927-n	lao:exe	ປະມານ 6 ໂມງເຄິ່ງ
06359877-n	lao:lemma	ປະໂຫຍກ
06359877-n	lao:exe	ຂ້ອຍບໍ່ເຂົ້າໃຈຄວາມໝາຍຂອງປະໂຫຍກນີ້ປານໃດ 
00546389-n	lao:lemma	ເພງ
00546389-n	lao:exe	ຂ້ອຍຮ້ອງເພງຍີ່ປຸ່ນໄດ້ຫຼາຍກວ່າເພງລາວ
07048000-n	lao:lemma	ເພງ
07048000-n	lao:exe	ຂ້ອຍຮ້ອງເພງຍີ່ປຸ່ນໄດ້ຫຼາຍກວ່າເພງລາວ
01754737-v	lao:lemma	ຕັດ
01754737-v	lao:exe	ລາວຕັດຜົມໃໝ່
07447641-n	lao:lemma	ງານລ້ຽງ
07447641-n	lao:exe	ຂ້ອຍໄດ້ພົບກັບລາວຢູ່ງານລ້ຽງ
01842204-v	lao:lemma	ອອກໄປ
01842204-v	lao:exe	ຈັກໜ້ອຍອ້າຍກໍຊິອອກໄປບໍ?
05301908-n	lao:lemma	ປາກ
05301908-n	lao:exe	ອາຫານນີ້ບໍ່ຄ່ອຍຖືກປາກປານໃດ
02440250-n	lao:lemma	ມື
02440250-n	lao:exe	ລ້າງມືກ່ອນກິນເຂົ້າ
09823502-n	lao:lemma	ປ້າ
09823502-n	lao:exe	ຕອນໄປຮຽນຢູ່ວຽງຈັນ ຂ້ອຍຢູ່ເຮືອນປ້າຂອງຂ້ອຍ
10193967-n	lao:lemma	ຜົວ
10193967-n	lao:exe	ຜົວຂອງລາວໄປການແຕ່ເຊົ້າທຸກມື້
15213406-n	lao:lemma	ເດືອນ11
15213406-n	lao:exe	ບຸນໂຮງຮຽນຈະຈັດໃນເດືອນ 11 ຂອງ ທຸກປີ
06277280-n	lao:lemma	ໂທລະທັດ
06277280-n	lao:exe	ເມົາແຕ່ເບິ່ງໂທລະທັດ
13831176-n	lao:lemma	ທິດເໜືອ
13831176-n	lao:exe	ຫ້ອງນີ້ປິ່ນໜ້າໄປທາງທິດເໜືອ
06964901-n	lao:lemma	ພາສາລາວ
06964901-n	lao:exe	ເຈົ້າເວົ້າພາສາລາວເກັ່ງເນາະ
01318741-a	lao:lemma	ເຈັບ
01318741-a	lao:exe	ເຈັບຫົວແລ້ວກໍຍັງຮູ້ສຶກເມື່ອຍອີກ
01712753-a	lao:lemma	ເຈັບ
01712753-a	lao:exe	ເຈັບຫົວແລ້ວກໍຍັງຮູ້ສຶກເມື່ອຍອີກ
05395690-n	lao:lemma	ທ້ອງ
05395690-n	lao:exe	ຫິວເຂົ້າຈົນທ້ອງຮ້ອງ
05556943-n	lao:lemma	ທ້ອງ
05556943-n	lao:exe	ຫິວເຂົ້າຈົນທ້ອງຮ້ອງ
02324478-v	lao:lemma	ຕື່ມ
02324478-v	lao:exe	ແກງນີ້ຈາງ ຕື່ມເກືອໃສ່ແດ່ໜ້ອຍໜຶ່ງ
00640828-v	lao:lemma	ຕື່ມ
00640828-v	lao:exe	ແກງນີ້ຈາງ ຕື່ມເກືອໃສ່ແດ່ໜ້ອຍໜຶ່ງ
00182406-v	lao:lemma	ຕື່ມ
00182406-v	lao:exe	ແກງນີ້ຈາງ ຕື່ມເກືອໃສ່ແດ່ໜ້ອຍໜຶ່ງ
00749230-a	lao:lemma	ງ່າຍ
00749230-a	lao:exe	ຍາກ ຫຼືງ່າຍ, ບໍ່ເປັນບັນຫາ
14061805-n	lao:lemma	ເຈັບປ່ວຍ
14061805-n	lao:exe	ຂ້ອຍຈະຄິດຮອດບ້ານຫຼາຍເວລາເຈັບປ່ວຍ
14055408-n	lao:lemma	ເຈັບປ່ວຍ
14055408-n	lao:exe	ຂ້ອຍຈະຄິດຮອດບ້ານຫຼາຍເວລາເຈັບປ່ວຍ
14473054-n	lao:lemma	ເຈັບປ່ວຍ
14473054-n	lao:exe	ຂ້ອຍຈະຄິດຮອດບ້ານຫຼາຍເວລາເຈັບປ່ວຍ
10399491-n	lao:lemma	ພໍ່ແມ່
10399491-n	lao:exe	ມີພໍ່ເຖົ້າ, ແມ່ເຖົ້າ, ພໍ່ແມ່, ອ້າຍ 2 ຄົນ, ເອື້ອຍຄົນໜຶ່ງ, ນ້ອງສາວຄົນໜຶ່ງ ແລະຂ້ອຍ, ທັງໝົດ 9 ຄົນ
13833375-n	lao:lemma	ທິດໃຕ້
13833375-n	lao:exe	ທິດໃຕ້ຂອງລາວຕິດກັບກຳປູເຈຍ
02472293-n	lao:lemma	ຄົນ
02472293-n	lao:exe	ຫ້ອງນີ້ມີນັກຮຽນເກັ່ງຫຼາຍຄົນ
15212167-n	lao:lemma	ເດືອນ7
15212167-n	lao:exe	ທຸກປີເດືອນ 7 ພວກເຮົາຈະໄປຫຼິ້ນທະເລ
00442917-a	lao:lemma	ໄກ
00442917-a	lao:exe	ຢ່າໄປຫຼິ້ນໄກຫຼາຍ
01421622-v	lao:lemma	ໃສ່
01421622-v	lao:exe	ແກງນີ້ຈາງ ຕື່ມເກືອໃສ່ແດ່ໜ້ອຍໜຶ່ງ
03398467-n	lao:lemma	ໜ້າ
03398467-n	lao:exe	ຂ້ອຍຫາກໍອ່ານໄດ້ 10 ໜ້າ
00964768-a	lao:lemma	ອ່ອນແອ
00964768-a	lao:exe	ຂ້ອຍບໍ່ຄິດວ່າລາວຊິເປັນຄົນອ່ອນແອ
02324397-a	lao:lemma	ອ່ອນແອ
02324397-a	lao:exe	ຂ້ອຍບໍ່ຄິດວ່າລາວຊິເປັນຄົນອ່ອນແອ
00709215-a	lao:lemma	ອ່ອນແອ
00709215-a	lao:exe	ຂ້ອຍບໍ່ຄິດວ່າລາວຊິເປັນຄົນອ່ອນແອ
02040233-a	lao:lemma	ອ່ອນແອ
02040233-a	lao:exe	ຂ້ອຍບໍ່ຄິດວ່າລາວຊິເປັນຄົນອ່ອນແອ
02040049-a	lao:lemma	ອ່ອນແອ
02040049-a	lao:exe	ຂ້ອຍບໍ່ຄິດວ່າລາວຊິເປັນຄົນອ່ອນແອ
00254978-r	lao:lemma	ທຸກເດືອນ
00254978-r	lao:exe	ລາວໄປວັດທຸກເດືອນ
77000091-n	lao:lemma	ແນວໃດ
77000091-n	lao:exe	ສິ້ນແບບໃດ?
06605897-n	lao:lemma	ຄວາມໝາຍ
06605897-n	lao:exe	ຂ້ອຍບໍ່ເຂົ້າໃຈຄວາມໝາຍຂອງປະໂຫຍກນີ້ປານໃດ 
05919866-n	lao:lemma	ຄວາມໝາຍ
05919866-n	lao:exe	ຂ້ອຍບໍ່ເຂົ້າໃຈຄວາມໝາຍຂອງປະໂຫຍກນີ້ປານໃດ 
06601327-n	lao:lemma	ຄວາມໝາຍ
06601327-n	lao:exe	ຂ້ອຍບໍ່ເຂົ້າໃຈຄວາມໝາຍຂອງປະໂຫຍກນີ້ປານໃດ 
04059701-n	lao:lemma	ຫຼັງ
04059701-n	lao:exe	ລາວຢືນຢູ່ທາງຫຼັງເຈົ້າຫັ້ນນ່າ
02767665-n	lao:lemma	ຫຼັງ
02767665-n	lao:exe	ລາວຢືນຢູ່ທາງຫຼັງເຈົ້າຫັ້ນນ່າ
03540595-n	lao:lemma	ໂຮງໝໍ
03540595-n	lao:exe	ແຕ່ວ່າຄັນໄປໂຮງໝໍ ກໍຈະດີຂຶ້ນໄວໄດ໋.
08054417-n	lao:lemma	ໂຮງໝໍ
08054417-n	lao:exe	ແຕ່ວ່າຄັນໄປໂຮງໝໍ ກໍຈະດີຂຶ້ນໄວໄດ໋.
05311054-n	lao:lemma	ຕາ
05311054-n	lao:exe	ຫຼິ້ນຄອມພິວເຕີຫຼາຍເລີຍເຈັບຕາ
05316025-n	lao:lemma	ຕາ
05316025-n	lao:exe	ຫຼິ້ນຄອມພິວເຕີຫຼາຍເລີຍເຈັບຕາ
02871439-n	lao:lemma	ຕູ້ປຶ້ມ
02871439-n	lao:exe	ອ່ານປຶ້ມແລ້ວໃຫ້ມ້ຽນໄວ້ໃນຕູ້ປຶ້ມເດີ
01186408-a	lao:lemma	ເບົາ
01186408-a	lao:exe	ກະເປົານີ້ເບິ່ງຄືໃຫຍ່ແຕ່ເບົາ
04049098-n	lao:lemma	ສະຖານີ
04049098-n	lao:exe	ຂ້ອຍຢາກເຮັດວຽກຢູ່ສະຖານີໂທລະພາບ
03030663-n	lao:lemma	ຢາສູບ
03030663-n	lao:exe	ຫ້າມຂາຍຢາສູບໃຫ້ເດັກນ້ອຍເດັດຂາດ
02230772-v	lao:lemma	ເອົາໃຫ້
02230772-v	lao:exe	ເອົາເອກະສານນີ້ໃຫ້ລາວແດ່
90000504-n	lao:lemma	ປີໃນ
90000504-n	lao:exe	ລາວມີແຜນຈະແຕ່ງດອງປິໃນ
00729108-n	lao:lemma	ວຽກບ້ານ
00729108-n	lao:exe	ອາຈານ, ວຽກບ້ານຕ້ອງອ່ານວັນນະຄະດີລາວຈັກເລື່ອງ?
03815615-n	lao:lemma	ກາລະວັດ
03815615-n	lao:exe	ຂ້ອຍຜູກກາລະວັດບໍ່ເປັນ
07596684-n	lao:lemma	ເຂົ້າໜົມ
07596684-n	lao:exe	ເຂົ້າໜົມນີ້ແຊບເນາະ
05560787-n	lao:lemma	ຂາ
05560787-n	lao:exe	ຢາກຂາງາມຄືນາງແບບ
05563266-n	lao:lemma	ຂາ
05563266-n	lao:exe	ຢາກຂາງາມຄືນາງແບບ
15211189-n	lao:lemma	ເດືອນ4
15211189-n	lao:exe	ຢູ່ຍີ່ປຸ່ນເປີດພາກຮຽນໃໝ່ຕອນເດືອນ 4
02310007-v	lao:lemma	ຄືນ
02310007-v	lao:exe	ຂ້ອຍລືມຄືນປຶ້ມໃຫ້ຫໍສະໝຸດ
01308381-v	lao:lemma	ຄືນ
01308381-v	lao:exe	ຂ້ອຍລືມຄືນປຶ້ມໃຫ້ຫໍສະໝຸດ
80001595-v	lao:lemma	ຄືນ
80001595-v	lao:exe	ຂ້ອຍລືມຄືນປຶ້ມໃຫ້ຫໍສະໝຸດ
10080869-n	lao:lemma	ພໍ່
10080869-n	lao:exe	ມື້ນີ້ຄັນຊິຊັກເຄື່ອງເອົາໂສ້ງຂອງພໍ່ໄປຊັກນຳ
10080869-n	lao:lemma	ພໍ່
10080869-n	lao:exe	ພໍ່ມັກກິນກາເຟບໍ່ໃສ່ນ້ຳຕານ
02411224-a	lao:lemma	ຕຸ້ຍ
02411224-a	lao:exe	ຂ້ອຍບໍ່ກິນເພາະວ່າຢ້ານຕຸ້ຍ
04446276-n	lao:lemma	ຫ້ອງນ້ຳ
04446276-n	lao:exe	ຢູ່ຍີ່ປຸ່ນໄປໃສກໍມີຫ້ອງນ້ຳ ຈຶ່ງສະດວກ
04555291-n	lao:lemma	ຫ້ອງນ້ຳ
04555291-n	lao:exe	ຢູ່ຍີ່ປຸ່ນໄປໃສກໍມີຫ້ອງນ້ຳ ຈຶ່ງສະດວກ
15212455-n	lao:lemma	ເດືອນ8
15212455-n	lao:exe	ຂ້ອຍຈະໄປຕັ້ງຄ້າຍເດືອນ 8
00292937-a	lao:lemma	ຫຍຸ້ງ
00292937-a	lao:exe	ວຽກຫຍຸ້ງຫຼາຍຈົນບໍ່ມີເວລາກິນເຂົ້າ
00273082-a	lao:lemma	ມືດ
00273082-a	lao:exe	ລາວຢ້ານບ່ອນມືດ
03291819-n	lao:lemma	ຊອງ
03291819-n	lao:exe	ຂ້ອຍຢາກໄດ້ຊອງໃຫຍ່ 
80001545-n	lao:lemma	ຂ້າງ
80001545-n	lao:exe	ສາວງາມນັ່ງຢູ່ຂ້າງລາວ ແມ່ນນັກຮ້ອງ
09215315-n	lao:lemma	ກ້ອງ
09215315-n	lao:exe	ເດັກນ້ອຍຫຼິ້ນຢູ່ກ້ອງໂຕະ
80001661-n	lao:lemma	ກ້ອງ
80001661-n	lao:exe	ເດັກນ້ອຍຫຼິ້ນຢູ່ກ້ອງໂຕະ
00523513-n	lao:lemma	ກິລາ
00523513-n	lao:exe	ເດັກນ້ອຍຜູ້ຊາຍມັກຫຼິ້ນກິລາ
03179701-n	lao:lemma	ໂຕະ
03179701-n	lao:exe	ເດັກນ້ອຍຫຼິ້ນຢູ່ກ້ອງໂຕະ
04202417-n	lao:lemma	ຮ້ານ
04202417-n	lao:exe	ຮ້ານນີ້ອັນໃດກໍແຊບ
02016062-v	lao:lemma	ລົງ
02016062-v	lao:exe	ຂ້ອຍສວນກັບລາວຕອນລົງຂັ້ນໄດ
15237782-n	lao:lemma	ລະດູໜາວ
15237782-n	lao:exe	ລະດູໜາວຢູ່ຮັອກໄກໂດໜາວຫຼາຍ
80001691-n	lao:lemma	ເທິງ
80001691-n	lao:exe	ກະເປົາເງິນຢູ່ເທິງໂທລະທັດ
08663354-n	lao:lemma	ເທິງ
08663354-n	lao:exe	ກະເປົາເງິນຢູ່ເທິງໂທລະທັດ
07804323-n	lao:lemma	ເຂົ້າ
07804323-n	lao:exe	ຄົນລາວມັກກິນເຂົ້າໜຽວບໍ?
15245990-n	lao:lemma	ເຂົ້າ
15245990-n	lao:exe	ຄົນລາວມັກກິນເຂົ້າໜຽວບໍ?
90000417-n	lao:lemma	ເຂົ້າ
90000417-n	lao:exe	ຄົນລາວມັກກິນເຂົ້າໜຽວບໍ?
07575076-n	lao:lemma	ເຂົ້າທ່ຽງ
07575076-n	lao:exe	ກິນເຂົ້າສວາຍແລ້ວບໍ?
15156001-n	lao:lemma	ມື້ນີ້
15156001-n	lao:exe	ມື້ນີ້ ຄຳດີບໍ່ໄດ້ມາຮຽນນໍ.
09604981-n	lao:lemma	ຕົວເອງ
09604981-n	lao:exe	ຄົນໃນສັງຄົມປັດຈຸບັນມັກຄິດເຫັນຜົນປະໂຫຍດຂອງຕົວເອງ
07557434-n	lao:lemma	ອາຫານ
07557434-n	lao:exe	ຂອບໃຈຫຼາຍໆທີ່ລ້ຽງອາຫານລາວມື້ວານນີ້
02395115-a	lao:lemma	ແຊບ
02395115-a	lao:exe	ຮ້ານນີ້ອັນໃດກໍແຊບ
02396720-a	lao:lemma	ແຊບ
02396720-a	lao:exe	ຮ້ານນີ້ອັນໃດກໍແຊບ
