# TUFS Basic Korean Wordnet	kor	http://www.coelang.tufs.ac.jp/mt/ko/	CC BY 4.0
15210045-n	kor:lemma	일월
15210045-n	kor:exe	일월에는 여러가지 계획을 많이 세웠었지요.
05755883-n	kor:lemma	공부
05755883-n	kor:exe	아직 확실하진 않은데요, 문학을 공부하고 싶어요.
04971928-n	kor:lemma	갈색
04971928-n	kor:exe	갈색으로 염색했어요.
15163797-n	kor:lemma	일요일
15163797-n	kor:exe	그래서 다음 주 일요일에 집들이를 하려고 하는데 민호 오빠도 오실 수 있으세요?
15043763-n	kor:lemma	눈
15043763-n	kor:exe	눈이 내려서 길이 미끄러워요.
00251013-n	kor:lemma	청소
00251013-n	kor:exe	방 청소는 반 년 이상 해 본 적이 없어요.
08058098-n	kor:lemma	회사
08058098-n	kor:exe	회사에 갈 땐 넥타이를 매지만 평소에는 셔츠차림이에요.
01382086-a	kor:lemma	크다
01382086-a	kor:exe	서울에서 제일 큰 서점이 어디에요?
01453084-a	kor:lemma	크다
01453084-a	kor:exe	서울에서 제일 큰 서점이 어디에요?
00527870-a	kor:lemma	크다
00527870-a	kor:exe	서울에서 제일 큰 서점이 어디에요?
01677433-a	kor:lemma	크다
01677433-a	kor:exe	서울에서 제일 큰 서점이 어디에요?
10084295-n	kor:lemma	여자 아이
10084295-n	kor:exe	여자아이들 옷이 얼마나 예쁜 게 많은지 다 사고 싶었어요.
10129825-n	kor:lemma	여자 아이
10129825-n	kor:exe	여자아이들 옷이 얼마나 예쁜 게 많은지 다 사고 싶었어요.
10129825-n	kor:lemma	누나
10129825-n	kor:exe	그건 여자 친구가 아니구요, 제 누나 사진이에요.
00065495-v	kor:lemma	건강하다
00065495-v	kor:exe	형님은 건강하세요?
80001734-n	kor:lemma	수업
80001734-n	kor:exe	곧 수업이니까 빨리 하세요.
00889472-n	kor:lemma	수업
00889472-n	kor:exe	곧 수업이니까 빨리 하세요.
02608347-v	kor:lemma	시작되다
02608347-v	kor:exe	이제 곧 공연이 시작됩니다.
07850329-n	kor:lemma	치즈
07850329-n	kor:exe	치즈도 발효식품이에요.
03623556-n	kor:lemma	나이프
03623556-n	kor:exe	테이블 위에 나이프하고 포크 좀 놔 줄래요?
03624134-n	kor:lemma	나이프
03624134-n	kor:exe	테이블 위에 나이프하고 포크 좀 놔 줄래요?
01776727-v	kor:lemma	싫어하다
01776727-v	kor:exe	실은 제가 운동을 싫어하거든요.
01774136-v	kor:lemma	싫어하다
01774136-v	kor:exe	실은 제가 운동을 싫어하거든요.
02783161-n	kor:lemma	볼펜
02783161-n	kor:exe	볼펜 좀 빌려주실래요?
02632567-v	kor:lemma	가지고 싶다
02632567-v	kor:exe	지금 제일 가지고 싶은 게 뭐죠?
01579608-a	kor:lemma	금방
01579608-a	kor:exe	아침에는 흐렸는데, 금방 개였어요.
03427296-n	kor:lemma	대문
03427296-n	kor:exe	대문이 열려 있네요.
04026417-n	kor:lemma	지갑
04026417-n	kor:exe	지갑을 깜박 잊고 안 갖고 왔어요.
07848338-n	kor:lemma	버터
07848338-n	kor:exe	식빵에 버터를 발라 먹어요.
90000501-n	kor:lemma	작년
90000501-n	kor:exe	작년에 일본에 와서 아직 1년이 안 됐어요.
15210870-n	kor:lemma	삼월
15210870-n	kor:exe	한국은 입학식이 삼월이고, 졸업식은 이월이에요.
77000072-n	kor:lemma	여기; 이쪽
77000072-n	kor:lemma	여기; 이쪽
77000072-n	kor:exe	박진철 씨, 이쪽은 학교 친구 사토 씨에요.
08489497-n	kor:lemma	여기; 이쪽
08489497-n	kor:lemma	여기; 이쪽
08489497-n	kor:exe	박진철 씨, 이쪽은 학교 친구 사토 씨에요.
03561345-n	kor:lemma	그림
03561345-n	kor:exe	그림 그리는 것을 좋아해요
03234306-n	kor:lemma	그림
03234306-n	kor:exe	그림 그리는 것을 좋아해요
03876519-n	kor:lemma	그림
03876519-n	kor:exe	그림 그리는 것을 좋아해요
07110615-n	kor:lemma	목소리
07110615-n	kor:exe	목소리가 낮은 사람이 좋아요.
05202284-n	kor:lemma	목소리
05202284-n	kor:exe	목소리가 낮은 사람이 좋아요.
09411430-n	kor:lemma	강
09411430-n	kor:exe	이 지역을 흐르는 강의 이름이 뭐죠?
15236859-n	kor:lemma	가을
15236859-n	kor:exe	가을 하늘은 언제 봐도 예뻐요.
02107442-v	kor:lemma	듣다
02107442-v	kor:exe	말씀 많이 들었습니다.
02169891-v	kor:lemma	듣다
02169891-v	kor:exe	말씀 많이 들었습니다.
02242464-v	kor:lemma	팔다
02242464-v	kor:exe	그 백화점에서 파는 음식은 다 신선해요.
00271022-a	kor:lemma	밝다; 엷다
00271022-a	kor:lemma	밝다; 엷다
00271022-a	kor:exe	밝은 파랑으로 주세요.
00396523-a	kor:lemma	밝다; 엷다
00396523-a	kor:lemma	밝다; 엷다
00396523-a	kor:exe	밝은 파랑으로 주세요.
00269989-a	kor:lemma	밝다; 엷다
00269989-a	kor:lemma	밝다; 엷다
00269989-a	kor:exe	밝은 파랑으로 주세요.
00278551-a	kor:lemma	밝다; 엷다
00278551-a	kor:lemma	밝다; 엷다
00278551-a	kor:exe	밝은 파랑으로 주세요.
02924116-n	kor:lemma	버스
02924116-n	kor:exe	버스 막차가 몇 신데요?
01614426-v	kor:lemma	붙이다
01614426-v	kor:exe	손님, 여기 우표를 안 붙이셨네요.
80001230-x	kor:lemma	네
80001230-x	kor:exe	네, “소나기” 같은 단편소설을 좋아해요.
01184932-a	kor:lemma	무겁다
01184932-a	kor:exe	너무 무거워서 혼자는 못 들겠어요.
07881800-n	kor:lemma	음료수
07881800-n	kor:exe	음료수 캔은 어디에 버려요?
01119192-a	kor:lemma	잘하다
01119192-a	kor:exe	저 노래도 잘해요.
02226162-a	kor:lemma	잘하다
02226162-a	kor:exe	저 노래도 잘해요.
01838916-a	kor:lemma	잘하다
01838916-a	kor:exe	저 노래도 잘해요.
03467517-n	kor:lemma	기타
03467517-n	kor:exe	기타 칠 줄 아세요?
03613294-n	kor:lemma	열쇄
03613294-n	kor:exe	저...여기 열쇄 복사도 해요?
01553629-a	kor:lemma	많다
01553629-a	kor:exe	저도 일본 경제에 대해 알고 싶은 게 많습니다.
01551633-a	kor:lemma	많다
01551633-a	kor:exe	저도 일본 경제에 대해 알고 싶은 게 많습니다.
01552419-a	kor:lemma	많다
01552419-a	kor:exe	저도 일본 경제에 대해 알고 싶은 게 많습니다.
00127137-a	kor:lemma	낡다
00127137-a	kor:exe	이 신 너무 낡아서 버려야겠어요.
01638438-a	kor:lemma	낡다
01638438-a	kor:exe	이 신 너무 낡아서 버려야겠어요.
01729384-a	kor:lemma	낡다
01729384-a	kor:exe	이 신 너무 낡아서 버려야겠어요.
10694258-n	kor:lemma	선생님
10694258-n	kor:exe	선생님, 이 보고서 말인데요, 마감이 내일까지죠?
07859284-n	kor:lemma	설탕
07859284-n	kor:exe	저는 설탕 한 스푼, 프림 두 스푼 넣어 주세요.
09605289-n	kor:lemma	어른
09605289-n	kor:exe	어른이면 어른답게 행동해야지요.
04081281-n	kor:lemma	레스토랑
04081281-n	kor:exe	레스토랑은 예약했어?
04081281-n	kor:lemma	식당
04081281-n	kor:exe	이 식당은 처음이에요?
10448983-n	kor:lemma	경찰관
10448983-n	kor:exe	경찰관들이 많이 보이는데, 여기 무슨 일 있어요?
10448983-n	kor:lemma	경찰 아저씨
10448983-n	kor:exe	저기 서 있는 경찰 아저씨한테 한 번 물어 보세요.
90000507-n	kor:lemma	이번 주
90000507-n	kor:exe	이번 주는 시험기간이라 수업이 없어요.
02686568-n	kor:lemma	비행기
02686568-n	kor:exe	그러다간 비행기 시간에 늦겠어요.
02691156-n	kor:lemma	비행기
02691156-n	kor:exe	그러다간 비행기 시간에 늦겠어요.
08420278-n	kor:lemma	은행
08420278-n	kor:exe	은행에 좀 볼일이 있어 갔다 올게요.
02787772-n	kor:lemma	은행
02787772-n	kor:exe	은행에 좀 볼일이 있어 갔다 올게요.
02018049-v	kor:lemma	타다
02018049-v	kor:exe	구경하는 건 괜찮은데 타는 건 별로에요.
02324026-v	kor:lemma	빌리다
02324026-v	kor:exe	예, 지난 주 제가 빌려 갔는데요, 지하철에서 잃어 버렸거든요.
01447257-v	kor:lemma	누르다
01447257-v	kor:exe	먼저 금액 버튼을 누르고 그 다음에 돈을 넣는 거에요.
02398378-a	kor:lemma	맵다
02398378-a	kor:exe	그건 너무 매워요.
02397732-a	kor:lemma	맵다
02397732-a	kor:exe	그건 너무 매워요.
06628228-n	kor:lemma	엽서
06628228-n	kor:exe	어제 한국에 있는 친구들에게 엽서를 보냈어요.
06627938-n	kor:lemma	엽서
06627938-n	kor:exe	어제 한국에 있는 친구들에게 엽서를 보냈어요.
03959485-n	kor:lemma	접시
03959485-n	kor:exe	접시 닦는 아르바이트죠.
00393105-a	kor:lemma	하양; 하얗다
00393105-a	kor:lemma	하양; 하얗다
00393105-a	kor:exe	올 여름 원피스는 하양이 유행이에요.
08625073-n	kor:lemma	오른쪽
08625073-n	kor:exe	침대 오른쪽? 왼쪽?
03051540-n	kor:lemma	옷
03051540-n	kor:exe	예를 들어서 옷이나 향수나…  아니면 반지를 주는 사람도 있어요.
02728440-n	kor:lemma	옷
02728440-n	kor:exe	예를 들어서 옷이나 향수나…  아니면 반지를 주는 사람도 있어요.
02728440-n	kor:lemma	옷
02728440-n	kor:exe	예를 들어서 옷이나 향수나…  아니면 반지를 주는 사람도 있어요.
03419014-n	kor:lemma	옷
03419014-n	kor:exe	예를 들어서 옷이나 향수나…  아니면 반지를 주는 사람도 있어요.
15165289-n	kor:lemma	아침
15165289-n	kor:exe	월요일 아침은 일어나기 힘들어요.
15165289-n	kor:lemma	오전
15165289-n	kor:exe	오전 10시요?
00109151-r	kor:lemma	거기; 그쪽
00109151-r	kor:lemma	거기; 그쪽
00109151-r	kor:exe	거기 가서 커피하고 케이크 하나만 사다 줄래요?
03720163-n	kor:lemma	지도
03720163-n	kor:exe	우리가 갈 여행지를 지도에서도 한 번 확인해 보죠?
00024996-a	kor:lemma	새롭다
00024996-a	kor:exe	봄에는 새로운 상품이 많이 나와요.
01642477-a	kor:lemma	새롭다
01642477-a	kor:exe	봄에는 새로운 상품이 많이 나와요.
01641648-a	kor:lemma	새롭다
01641648-a	kor:exe	봄에는 새로운 상품이 많이 나와요.
01687167-a	kor:lemma	새롭다
01687167-a	kor:exe	봄에는 새로운 상품이 많이 나와요.
02584699-a	kor:lemma	새롭다
02584699-a	kor:exe	봄에는 새로운 상품이 많이 나와요.
01686439-a	kor:lemma	새롭다
01686439-a	kor:exe	봄에는 새로운 상품이 많이 나와요.
02070491-a	kor:lemma	새롭다
02070491-a	kor:exe	봄에는 새로운 상품이 많이 나와요.
02013758-a	kor:lemma	새롭다
02013758-a	kor:exe	봄에는 새로운 상품이 많이 나와요.
01640850-a	kor:lemma	새롭다
01640850-a	kor:exe	봄에는 새로운 상품이 많이 나와요.
00894552-n	kor:lemma	연습
00894552-n	kor:exe	그런데 연습 시간은 몇 분이죠?
01292683-a	kor:lemma	좋아하다
01292683-a	kor:exe	네, “소나기” 같은 단편소설을 좋아해요.
01777210-v	kor:lemma	좋아하다
01777210-v	kor:exe	네, “소나기” 같은 단편소설을 좋아해요.
03038685-n	kor:lemma	교실
03038685-n	kor:exe	교실 안에서는 뛰지 말 것.
00296131-r	kor:lemma	아마
00296131-r	kor:exe	아마 11시쯤일 거에요.
00154449-r	kor:lemma	아마
00154449-r	kor:exe	아마 11시쯤일 거에요.
03001627-n	kor:lemma	의자
03001627-n	kor:exe	이 의자 너무 편하겠다.
01734929-v	kor:lemma	복사하다
01734929-v	kor:exe	복사하려면 여기 이 신청서를 쓰셔야 해요.
01914947-v	kor:lemma	달리다
01914947-v	kor:exe	잘 달리다가 넘어져서 그만 일등을 놓쳤어요.
01926311-v	kor:lemma	달리다
01926311-v	kor:exe	잘 달리다가 넘어져서 그만 일등을 놓쳤어요.
02005496-v	kor:lemma	돌아가다
02005496-v	kor:exe	고향에 돌아가도 반겨줄 사람이 없어요.
04379243-n	kor:lemma	테이블
04379243-n	kor:exe	테이블 위에 나이프하고 포크 좀 놔 줄래요?
04298308-n	kor:lemma	계단
04298308-n	kor:exe	계단 바로 옆에 있어요.
00037919-v	kor:lemma	샤워(를) 하다
00037919-v	kor:exe	샤워를 하고 있어서 전화벨 소리가 안 들렸어요.
01532589-v	kor:lemma	청소하다
01532589-v	kor:exe	집이 넓어서 청소하는 데 시간이 많이 걸려요.
01533442-v	kor:lemma	청소하다
01533442-v	kor:exe	집이 넓어서 청소하는 데 시간이 많이 걸려요.
07663592-n	kor:lemma	쇠고기
07663592-n	kor:exe	쇠고기 국을 끓이려면 뭐가 필요하죠?
08182962-n	kor:lemma	여러 사람
08182962-n	kor:exe	각국에서 여러 사람들이 모여 왔어요.
08182379-n	kor:lemma	여러 사람
08182379-n	kor:exe	각국에서 여러 사람들이 모여 왔어요.
80000079-n	kor:lemma	지난달
80000079-n	kor:exe	지난 달부터 일을 시작해서 아직 많이 서툴러요. 
10020890-n	kor:lemma	의사
10020890-n	kor:exe	그 분은 외과 의사에요.
10305802-n	kor:lemma	의사
10305802-n	kor:exe	그 분은 외과 의사에요.
03710193-n	kor:lemma	우체통
03710193-n	kor:exe	이 엽서 회사 가는 길에 우체통에 좀 넣어 주세요.
03989074-n	kor:lemma	우체통
03989074-n	kor:exe	이 엽서 회사 가는 길에 우체통에 좀 넣어 주세요.
15136147-n	kor:lemma	주일
15136147-n	kor:exe	주문하신 제품은 일주일 후에 도착할 겁니다.
15169873-n	kor:lemma	주일
15169873-n	kor:exe	주문하신 제품은 일주일 후에 도착할 겁니다.
15211806-n	kor:lemma	유월
15211806-n	kor:exe	유월이 되니까 더워지기 시작하네요.
04489008-n	kor:lemma	바지
04489008-n	kor:exe	바지 단을 좀 줄이고 싶은데요.
04230808-n	kor:lemma	치마
04230808-n	kor:exe	바지보다 치마가 더 잘 어울려요.
08544813-n	kor:lemma	나라
08544813-n	kor:exe	나라마다 습관이 다르니까 책을 좀 읽고 가는 게 좋을 거에요.
08490199-n	kor:lemma	나라
08490199-n	kor:exe	나라마다 습관이 다르니까 책을 좀 읽고 가는 게 좋을 거에요.
00081737-r	kor:lemma	매년
00081737-r	kor:exe	이혼하는 부부들이 매년 늘고 있대요.
00018158-v	kor:lemma	일어나다
00018158-v	kor:exe	사실 저는 아침에 잘 못 일어나거든요.
05538625-n	kor:lemma	머리
05538625-n	kor:exe	술을 마셔서 머리가 아파요.
02418686-v	kor:lemma	놀다
02418686-v	kor:exe	박영완 씨도 다음엔 꼭 우리 집에 놀러 오세요.
04965661-n	kor:lemma	노랑; 노랗다
04965661-n	kor:lemma	노랑; 노랗다
04965661-n	kor:exe	전 노란 색 꽃이 좋아요.
02561888-a	kor:lemma	좁다
02561888-a	kor:exe	이마가 좁아서 인상이 별로 안 좋아요.
00476663-a	kor:lemma	좁다
00476663-a	kor:exe	이마가 좁아서 인상이 별로 안 좋아요.
05137165-n	kor:lemma	높이
05137165-n	kor:exe	63빌딩은 높이가 어느 정도 돼요?
05131647-n	kor:lemma	높이
05131647-n	kor:exe	63빌딩은 높이가 어느 정도 돼요?
00009966-r	kor:lemma	~아; 어 주세요
00009966-r	kor:lemma	~아; 어 주세요
00009966-r	kor:exe	우선, 침대 옆에 놔 주시겠어요?
10103485-n	kor:lemma	외국인
10103485-n	kor:exe	여권이 있으면 외국인도 들어갈 수 있어요?
02958343-n	kor:lemma	자동차
02958343-n	kor:exe	여긴 자동차 소음이 너무 심해요.
03924069-n	kor:lemma	음반
03924069-n	kor:exe	5년만에 새 음반을 냈습니다.
10332385-n	kor:lemma	어머니
10332385-n	kor:exe	저는 어머니하고 꼭 닮았어요.
10332385-n	kor:lemma	엄마
10332385-n	kor:exe	얘는 엄마를 많이 닮았네요.
02410855-v	kor:lemma	일하다
02410855-v	kor:exe	일본은 일하는 여성들이 많아요.
07668702-n	kor:lemma	돼지고기
07668702-n	kor:exe	돼지고기 반 근만 주실래요?
00081836-n	kor:lemma	쇼핑
00081836-n	kor:exe	여긴 쇼핑할 데가 많아서 살기 편해요.
04203889-n	kor:lemma	쇼핑
04203889-n	kor:exe	여긴 쇼핑할 데가 많아서 살기 편해요.
13836136-n	kor:lemma	서쪽
13836136-n	kor:exe	여기에서 서쪽은 어디가 되나요?
02368336-a	kor:lemma	달다
02368336-a	kor:exe	피곤할 땐 단 게 먹고 싶어져요.
04254777-n	kor:lemma	양말
04254777-n	kor:exe	양말 한 쪽이 없어졌어요.
01845229-v	kor:lemma	여행하다
01845229-v	kor:exe	여행할 때 많이 쓰는 한국어를 공부하고 있어요.
01846916-v	kor:lemma	여행하다
01846916-v	kor:exe	여행할 때 많이 쓰는 한국어를 공부하고 있어요.
01845720-v	kor:lemma	여행하다
01845720-v	kor:exe	여행할 때 많이 쓰는 한국어를 공부하고 있어요.
00061203-r	kor:lemma	뒤
00061203-r	kor:exe	줄 맨 뒤에 섰다.
10112591-n	kor:lemma	친구
10112591-n	kor:exe	박진철 씨, 이쪽은 학교 친구 사토 씨에요.
08588294-n	kor:lemma	안
08588294-n	kor:exe	주머니 안에서 돈이 나왔어요.
08588152-n	kor:lemma	안
08588152-n	kor:exe	주머니 안에서 돈이 나왔어요.
77000021-n	kor:lemma	너
77000021-n	kor:exe	요리라면 너보단 내가 낫지.
02771169-v	kor:lemma	개다
02771169-v	kor:exe	아침에는 흐렸는데, 금방 개였어요.
77000061-a	kor:lemma	이
77000061-a	kor:exe	아저씨, 이 귤 맛있어요?
80001619-a	kor:lemma	이
80001619-a	kor:exe	아저씨, 이 귤 맛있어요?
77000075-a	kor:lemma	이
77000075-a	kor:exe	아저씨, 이 귤 맛있어요?
04018667-n	kor:lemma	화장실
04018667-n	kor:exe	아, 그런데 화장실은 어디에요?
08649345-n	kor:lemma	옆
08649345-n	kor:exe	우선, 침대 옆에 놔 주시겠어요?
08649345-n	kor:lemma	근처
08649345-n	kor:exe	이 근처에는 병원은 많은데 안과는 없어요.
08649345-n	kor:lemma	옆
08649345-n	kor:exe	우선, 침대 옆에 놔 주시겠어요?
05136150-n	kor:lemma	옆
05136150-n	kor:exe	우선, 침대 옆에 놔 주시겠어요?
15211484-n	kor:lemma	오월
15211484-n	kor:exe	오월은 연휴가 많아서 좋아요.
05563770-n	kor:lemma	팔
05563770-n	kor:exe	아기를 안고 있었더니 팔이 아파요.
15165490-n	kor:lemma	낮
15165490-n	kor:exe	내일 낮에 같이 점심 먹으러 가요.
04272054-n	kor:lemma	안경
04272054-n	kor:exe	안경을 안 쓰면 하나도 안 보여요.
80000746-n	kor:lemma	한자
80000746-n	kor:exe	한자를 공부하는 사람들이 점점 줄고 있어요.
10287213-n	kor:lemma	남자
10287213-n	kor:exe	남자 선생님이 너무 부족해요.
09624168-n	kor:lemma	남자
09624168-n	kor:exe	남자 선생님이 너무 부족해요.
15164105-n	kor:lemma	화요일
15164105-n	kor:exe	저기 화요일에는 시간 되시나요?
77000099-n	kor:lemma	모두
77000099-n	kor:exe	모두 다 도와 주셔서 감사합니다.
00479391-v	kor:lemma	지우다
00479391-v	kor:exe	연필로 쓰면 지울 수 있어서 좋아요.
03238879-n	kor:lemma	셔츠
03238879-n	kor:exe	셔츠는 흰 색이 제일 잘 나가요.
02412164-a	kor:lemma	얇다
02412164-a	kor:exe	이 종이는 너무 얇아서 잘 찢어져요.
02414188-a	kor:lemma	얇다
02414188-a	kor:exe	이 종이는 너무 얇아서 잘 찢어져요.
08489627-n	kor:lemma	저기; 저쪽
08489627-n	kor:lemma	저기; 저쪽
08489627-n	kor:exe	저기 저 벼룩 시장에서 싼 물건을 많이 샀거든요.
01168468-v	kor:lemma	먹다
01168468-v	kor:exe	그럼 먹고 나서도 직접 그릇을 카운터에 반납해야 되는 거에요?
01166351-v	kor:lemma	먹다
01166351-v	kor:exe	그럼 먹고 나서도 직접 그릇을 카운터에 반납해야 되는 거에요?
01179865-v	kor:lemma	먹다
01179865-v	kor:exe	그럼 먹고 나서도 직접 그릇을 카운터에 반납해야 되는 거에요?
15122231-n	kor:lemma	시간
15122231-n	kor:exe	음… 시간은 있는데, 왜요?
02818832-n	kor:lemma	침대
02818832-n	kor:exe	침대 오른쪽? 왼쪽?
90000503-n	kor:lemma	내년
90000503-n	kor:exe	내년부터 시험유형이 바뀐다면서요?
08168367-n	kor:lemma	외국
08168367-n	kor:exe	외국은 어디어디 가 보셨어요?
02560548-a	kor:lemma	넓다
02560548-a	kor:exe	전 창이 넓은 집이 좋아요.
01384212-a	kor:lemma	넓다
01384212-a	kor:exe	전 창이 넓은 집이 좋아요.
01031256-v	kor:lemma	내다
01031256-v	kor:exe	오늘 내가 한턱 낼게요. 
01995211-v	kor:lemma	내다
01995211-v	kor:exe	오늘 내가 한턱 낼게요. 
00255710-n	kor:lemma	빨래
00255710-n	kor:exe	일주일 내내 비가 와서 빨래가 많이 밀렸어요.
07110457-n	kor:lemma	이야기
07110457-n	kor:exe	그러면 이따가 저하고 얘기 좀 하실까요?
00893243-n	kor:lemma	이야기
00893243-n	kor:exe	그러면 이따가 저하고 얘기 좀 하실까요?
07221094-n	kor:lemma	이야기
07221094-n	kor:exe	그러면 이따가 저하고 얘기 좀 하실까요?
07139316-n	kor:lemma	이야기
07139316-n	kor:exe	그러면 이따가 저하고 얘기 좀 하실까요?
00031798-r	kor:lemma	벌써
00031798-r	kor:exe	아, 벌써 점심 시간이에요?
07555863-n	kor:lemma	음식
07555863-n	kor:exe	음식은 어떤 걸 먹어 봤어요?
07560652-n	kor:lemma	음식
07560652-n	kor:exe	음식은 어떤 걸 먹어 봤어요?
00157412-r	kor:lemma	가끔
00157412-r	kor:exe	십년 전일인데 아직도 가끔 생각 나요.
00021212-r	kor:lemma	가끔
00021212-r	kor:exe	십년 전일인데 아직도 가끔 생각 나요.
03740161-n	kor:lemma	약
03740161-n	kor:exe	약을 먹었더니 금방 나았어요.
02318272-a	kor:lemma	쭉
02318272-a	kor:exe	이 길로 쭉 가세요.
02310895-a	kor:lemma	쭉
02310895-a	kor:exe	이 길로 쭉 가세요.
02314584-a	kor:lemma	쭉
02314584-a	kor:exe	이 길로 쭉 가세요.
10787470-n	kor:lemma	여자
10787470-n	kor:exe	여자라고 무시하지 마세요.
10736091-n	kor:lemma	삼촌
10736091-n	kor:exe	삼촌하고는 자주 못 만나요.
04404997-n	kor:lemma	카메라
04404997-n	kor:exe	요즘은 주로 디지털 카메라를 쓰죠.
02942699-n	kor:lemma	카메라
02942699-n	kor:exe	요즘은 주로 디지털 카메라를 쓰죠.
04370048-n	kor:lemma	스웨터
04370048-n	kor:exe	스웨터는 따뜻해서 한 장만 입어도 돼요.
02626604-v	kor:lemma	(…이; 가) 되다
02626604-v	kor:lemma	(…이; 가) 되다
02626604-v	kor:exe	그렇게 되면 저한테 꼭 전화하세요.
02623529-v	kor:lemma	(…이; 가) 되다
02623529-v	kor:lemma	(…이; 가) 되다
02623529-v	kor:exe	그렇게 되면 저한테 꼭 전화하세요.
04398497-n	kor:lemma	카페
04398497-n	kor:exe	‘밀크’라는 카페 알아요?
00081591-r	kor:lemma	매주
00081591-r	kor:exe	매주 목요일 아르바이트가 있어요.
01535246-v	kor:lemma	씻다
01535246-v	kor:exe	밥 먹기 전에는 깨끗히 손을 씻으세요.
01535246-v	kor:lemma	빨래하다
01535246-v	kor:exe	주말에는 빨래하고 청소하느라 아무데도 못 가요.
00036362-v	kor:lemma	씻다
00036362-v	kor:exe	밥 먹기 전에는 깨끗히 손을 씻으세요.
01536168-v	kor:lemma	씻다
01536168-v	kor:exe	밥 먹기 전에는 깨끗히 손을 씻으세요.
00606093-v	kor:lemma	연습하다
00606093-v	kor:exe	연습하면 누구나 다 잘할 수 있어요.
01723224-v	kor:lemma	연습하다
01723224-v	kor:exe	연습하면 누구나 다 잘할 수 있어요.
15156187-n	kor:lemma	어제
15156187-n	kor:exe	실은 제가 어제 이사를 했거든요.
01919428-a	kor:lemma	조용하다
01919428-a	kor:exe	오늘은 유난히 조용하네요.
01918984-a	kor:lemma	조용하다
01918984-a	kor:exe	오늘은 유난히 조용하네요.
04437953-n	kor:lemma	시계
04437953-n	kor:exe	이 시계는 어디에 걸까요?
03046257-n	kor:lemma	시계
03046257-n	kor:exe	이 시계는 어디에 걸까요?
04350905-n	kor:lemma	양복
04350905-n	kor:exe	나가는 길에 양복 좀 세탁소에 맡겨 줄래?
00409440-a	kor:lemma	짙다; 어둡다
00409440-a	kor:lemma	짙다; 어둡다
00409440-a	kor:exe	너무 짙은 색 옷만 입으면 사람이 어두워 보여요.
00842199-a	kor:lemma	세다
00842199-a	kor:exe	그 사람 몸집은 작아도 힘은 아주 세요.
15163979-n	kor:lemma	월요일
15163979-n	kor:exe	월요일 아침은 일어나기 힘들어요.
00059413-r	kor:lemma	자주
00059413-r	kor:exe	요즘도 자주 하세요?
00035058-r	kor:lemma	자주
00035058-r	kor:exe	요즘도 자주 하세요?
05687338-n	kor:lemma	문제
05687338-n	kor:exe	그럼 좀 문제네요.
06784003-n	kor:lemma	문제
06784003-n	kor:exe	그럼 좀 문제네요.
03281145-n	kor:lemma	엘리베이터
03281145-n	kor:exe	짐이 많으니까 엘리베이터로 가죠?
05320899-n	kor:lemma	귀
05320899-n	kor:exe	귀에 물이 들어갔어요.
00007846-n	kor:lemma	누군가
00007846-n	kor:exe	누군가가 뒤를 따라오는 느낌이 들었다.
03436182-n	kor:lemma	라디오카세트
03436182-n	kor:exe	그 테이프， 라디오카세트에 들어 있어.
04284002-n	kor:lemma	숟가락
04284002-n	kor:exe	한국사람들은 숟가락하고 젓가락으로 밥을 먹어요.
13134947-n	kor:lemma	과일
13134947-n	kor:exe	토마토도 과일이잖아요.
11683989-n	kor:lemma	과일
11683989-n	kor:exe	토마토도 과일이잖아요.
02730813-v	kor:lemma	말하다
02730813-v	kor:exe	그런 것은 좀 더 빨리 말해 줘야죠.
01009240-v	kor:lemma	말하다
01009240-v	kor:exe	그런 것은 좀 더 빨리 말해 줘야죠.
00941990-v	kor:lemma	말하다
00941990-v	kor:exe	그런 것은 좀 더 빨리 말해 줘야죠.
00979870-v	kor:lemma	말하다
00979870-v	kor:exe	그런 것은 좀 더 빨리 말해 줘야죠.
09854218-n	kor:lemma	자매
09854218-n	kor:exe	자매인데 하나도 안 닯았어요.
04507155-n	kor:lemma	우산
04507155-n	kor:exe	싼 우산이니까 괜찮아요.
02229324-a	kor:lemma	서투르다
02229324-a	kor:exe	아니에요, 프랑스어는 아직 서툴러요.
01870636-a	kor:lemma	서투르다
01870636-a	kor:exe	아니에요, 프랑스어는 아직 서툴러요.
01128103-a	kor:lemma	서투르다
01128103-a	kor:exe	아니에요, 프랑스어는 아직 서툴러요.
02229000-a	kor:lemma	서투르다
02229000-a	kor:exe	아니에요, 프랑스어는 아직 서툴러요.
15270431-n	kor:lemma	시간
15270431-n	kor:exe	음… 시간은 있는데, 왜요?
15227846-n	kor:lemma	시간
15227846-n	kor:exe	음… 시간은 있는데, 왜요?
15269513-n	kor:lemma	시간
15269513-n	kor:exe	음… 시간은 있는데, 왜요?
00744916-a	kor:lemma	어렵다
00744916-a	kor:exe	이제 한 페이지만 하면 되는데 마지막 문제가 너무 어려워요.
04401088-n	kor:lemma	전화
04401088-n	kor:exe	그렇게 되면 저한테 꼭 전화하세요.
06272803-n	kor:lemma	전화
06272803-n	kor:exe	그렇게 되면 저한테 꼭 전화하세요.
02870092-n	kor:lemma	책
02870092-n	kor:exe	이 책들은 책상 위에 두면 돼?
06410904-n	kor:lemma	책
06410904-n	kor:exe	이 책들은 책상 위에 두면 돼?
09972010-n	kor:lemma	사촌
09972010-n	kor:exe	제 사촌 동생이에요.
14974264-n	kor:lemma	종이
14974264-n	kor:exe	종이를 반으로 접어서 사용해 주세요.
80000677-n	kor:lemma	종이
80000677-n	kor:exe	종이를 반으로 접어서 사용해 주세요.
06255777-n	kor:lemma	종이
06255777-n	kor:exe	종이를 반으로 접어서 사용해 주세요.
04960277-n	kor:lemma	검정; 검다
04960277-n	kor:lemma	검정; 검다
04960277-n	kor:exe	아, 검은 우산 말이죠?
02770717-v	kor:lemma	흐리다
02770717-v	kor:exe	아침에는 흐렸는데, 금방 개였어요.
02529945-a	kor:lemma	선선하다
02529945-a	kor:exe	아침 저녁으로는 선선하네요.
02207206-v	kor:lemma	사다
02207206-v	kor:exe	저기 저 벼룩 시장에서 싼 물건을 많이 샀거든요.
02208265-v	kor:lemma	사다
02208265-v	kor:exe	저기 저 벼룩 시장에서 싼 물건을 많이 샀거든요.
00422620-a	kor:lemma	더럽다
00422620-a	kor:exe	방이 더러워서 청소 좀 하려고요.
01908889-a	kor:lemma	더럽다
01908889-a	kor:exe	방이 더러워서 청소 좀 하려고요.
00419289-a	kor:lemma	더럽다
00419289-a	kor:exe	방이 더러워서 청소 좀 하려고요.
01345109-v	kor:lemma	닫다
01345109-v	kor:exe	창문 좀 닫아 주실래요?
01960911-v	kor:lemma	헤엄치다
01960911-v	kor:exe	헤엄쳐서 가기엔 좀 먼 것 같은데.
00933154-a	kor:lemma	비싸다
00933154-a	kor:exe	한국에서는 오히려 비싼 물건을 주는 경우가 많아요.
04199027-n	kor:lemma	구두
04199027-n	kor:exe	그럼 이 구두는 얼마에요?
04330340-n	kor:lemma	난로
04330340-n	kor:exe	난로에 너무 가깝게 앉지 마세요.
07823951-n	kor:lemma	카레라이스
07823951-n	kor:exe	주말엔 카레라이스나 해 먹죠?
05598147-n	kor:lemma	코
05598147-n	kor:exe	코가 참 오똑하네요.
05658826-n	kor:lemma	코
05658826-n	kor:exe	코가 참 오똑하네요.
06947032-n	kor:lemma	영어
06947032-n	kor:exe	영어는 조금 해요.
07575726-n	kor:lemma	저녁
07575726-n	kor:exe	살이 쪄서 저녁은 샐러드만 먹으려고요.
07575726-n	kor:lemma	저녁
07575726-n	kor:exe	저녁은 어디서 먹을까요?
03485794-n	kor:lemma	손수건
03485794-n	kor:exe	손수건을 선물하는 것은 정말 헤어진다는 의미인가요?
01198101-v	kor:lemma	빨다
01198101-v	kor:exe	이 청소기는 먼지를 아주 잘 빨아 들여요.
02741003-v	kor:lemma	걸다
02741003-v	kor:exe	이 시계는 어디에 걸까요?
01206474-a	kor:lemma	낮다
01206474-a	kor:exe	점수가 너무 낮아요．
13832355-n	kor:lemma	동쪽
13832355-n	kor:exe	해는 동쪽에서 뜹니다.
11525955-n	kor:lemma	바람
11525955-n	kor:exe	오늘은 바람이 세네요.
02324182-v	kor:lemma	빌려주다
02324182-v	kor:exe	볼펜 좀 빌려주실래요?
01437963-a	kor:lemma	길다
01437963-a	kor:exe	여름은 낮이 길고 밤이 짧아요.
01433493-a	kor:lemma	길다
01433493-a	kor:exe	여름은 낮이 길고 밤이 짧아요.
01444022-a	kor:lemma	길다
01444022-a	kor:exe	여름은 낮이 길고 밤이 짧아요.
80001077-n	kor:lemma	몇 개
80001077-n	kor:exe	사과는 몇 개 드릴까요?
80001077-n	kor:lemma	얼마
80001077-n	kor:exe	그럼 이 구두는 얼마에요?
10665698-n	kor:lemma	학생
10665698-n	kor:exe	여기 학생 식당은 어떻게 이용하는 거에요?
10665698-n	kor:lemma	학생
10665698-n	kor:exe	여기 학생 식당은 어떻게 이용하는 거에요?
10251779-n	kor:lemma	학생
10251779-n	kor:exe	여기 학생 식당은 어떻게 이용하는 거에요?
08615374-n	kor:lemma	공원
08615374-n	kor:exe	점심 싸서 가까운 공원에 놀러 가요.
77000064-n	kor:lemma	어느
77000064-n	kor:exe	어느 정도 남았어요?
03290771-n	kor:lemma	현관
03290771-n	kor:exe	현관에서 신을 벋고 들어 오세요.
03290771-n	kor:lemma	입구
03290771-n	kor:exe	입구 쪽에서 기다리고 있을게요.
06409752-n	kor:lemma	작문
06409752-n	kor:exe	작문 숙제는 어려워서 시간이 많이 걸려요.
10286084-n	kor:lemma	형제
10286084-n	kor:exe	형제가 어떻게 돼요?
09876454-n	kor:lemma	형제
09876454-n	kor:exe	형제가 어떻게 돼요?
80001731-n	kor:lemma	유학생
80001731-n	kor:exe	이 장학금 유학생도 신청할 수 있어요?
77000031-n	kor:lemma	그 사람들
77000031-n	kor:exe	그 사람들은 뭐하는 사람들이에요?
00934199-a	kor:lemma	싸다
00934199-a	kor:exe	글쎄, 우린 다른 가게보다 싼 편이에요.
00935103-a	kor:lemma	싸다
00935103-a	kor:exe	글쎄, 우린 다른 가게보다 싼 편이에요.
02747802-n	kor:lemma	재떨이
02747802-n	kor:exe	저기, 재떨이 좀 주세요.
15213115-n	kor:lemma	시월
15213115-n	kor:exe	시월에는 여러가지 과일을 많이 먹을 수 있어요.
15203791-n	kor:lemma	년
15203791-n	kor:exe	방 청소는 반 년 이상 해 본 적이 없어요.
03619890-n	kor:lemma	부엌
03619890-n	kor:exe	집은 넓은데 부엌이 좁은 게 흠이에요.
00273734-v	kor:lemma	가르치다
00273734-v	kor:exe	많이 가르쳐 주세요.
00829107-v	kor:lemma	가르치다
00829107-v	kor:exe	많이 가르쳐 주세요.
00963570-v	kor:lemma	이야기하다
00963570-v	kor:exe	거기 이야기하고 있는 두 사람， 좀 조용히 해 주세요．
00815686-v	kor:lemma	대답하다
00815686-v	kor:exe	대답하기 싫으면 안 해도 돼요.
00635523-v	kor:lemma	대답하다
00635523-v	kor:exe	대답하기 싫으면 안 해도 돼요.
03417345-n	kor:lemma	마당
03417345-n	kor:exe	아이들이 많으니까 마당이 있는 집이 좋아요.
03417749-n	kor:lemma	마당
03417749-n	kor:exe	아이들이 많으니까 마당이 있는 집이 좋아요.
01775164-v	kor:lemma	많이 좋아하다
01775164-v	kor:exe	전 칼국수 너무 좋아해요.
01828736-v	kor:lemma	많이 좋아하다
01828736-v	kor:exe	전 칼국수 너무 좋아해요.
06418901-n	kor:lemma	사전
06418901-n	kor:exe	여기로 죽 가시면 오른쪽에 사전 코너가 있거든요.
15164570-n	kor:lemma	토요일
15164570-n	kor:exe	토요일에 명동을 갔는데 사람이 너무 많아서 아무것도 못 했어요.
00284798-n	kor:lemma	산책
00284798-n	kor:exe	새벽엔 연못 주위를 산책하는 사람들로 붐벼요.
00284101-n	kor:lemma	산책
00284101-n	kor:exe	새벽엔 연못 주위를 산책하는 사람들로 붐벼요.
01712704-v	kor:lemma	하다
01712704-v	kor:exe	그러면 이따가 저하고 얘기 좀 하실까요?
08277393-n	kor:lemma	학교
08277393-n	kor:exe	박진철 씨, 이쪽은 학교 친구 사토 씨에요.
08276720-n	kor:lemma	학교
08276720-n	kor:exe	박진철 씨, 이쪽은 학교 친구 사토 씨에요.
00161630-r	kor:lemma	천천히
00161630-r	kor:exe	천천히 준비하세요.
90000506-n	kor:lemma	지난주
90000506-n	kor:exe	예, 지난 주 제가 빌려 갔는데요, 지하철에서 잃어 버렸거든요.
03057021-n	kor:lemma	자켓
03057021-n	kor:exe	자켓 안에는 두꺼운 스웨터보다는 얇은 셔츠가 나아요.
03057021-n	kor:lemma	외투
03057021-n	kor:exe	날씨가 좀 쌀쌀한데 외투를 걸치고 계세요.
03589791-n	kor:lemma	자켓
03589791-n	kor:exe	자켓 안에는 두꺼운 스웨터보다는 얇은 셔츠가 나아요.
06929279-n	kor:lemma	일본어
06929279-n	kor:exe	일본어 할 줄 알아요?
03303965-n	kor:lemma	출구
03303965-n	kor:exe	북쪽 출구에서 만나요.
10142391-n	kor:lemma	할아버지
10142391-n	kor:exe	할아버지는 먼저 돌아가셨어요.
07934530-n	kor:lemma	홍차
07934530-n	kor:exe	홍차도 좋아하지만 커피를 더 좋아해요.
07933274-n	kor:lemma	홍차
07933274-n	kor:exe	홍차도 좋아하지만 커피를 더 좋아해요.
07933274-n	kor:lemma	차
07933274-n	kor:exe	무슨 차 드실래요?
07989373-n	kor:lemma	부부
07989373-n	kor:exe	아이를 낳지 않는 부부들이 늘고 있대요.
10146559-n	kor:lemma	야채 가게
10146559-n	kor:exe	그 야채 가게는 시장보다 비싸서 잘 안 가요.
03457686-n	kor:lemma	야채 가게
03457686-n	kor:exe	그 야채 가게는 시장보다 비싸서 잘 안 가요.
03147509-n	kor:lemma	컵
03147509-n	kor:exe	머그컵이라든가 펜 같은 거요.
03972524-n	kor:lemma	주머니
03972524-n	kor:exe	주머니 안에서 돈이 나왔어요.
04968895-n	kor:lemma	파랑; 파랗다
04968895-n	kor:lemma	파랑; 파랗다
04968895-n	kor:exe	파랑이라 시원해 보여요.
01555416-a	kor:lemma	적다
01555416-a	kor:exe	반을 만들기에는 학생 수가 좀 적은데요.
01552885-a	kor:lemma	적다
01552885-a	kor:exe	반을 만들기에는 학생 수가 좀 적은데요.
00017865-v	kor:lemma	자다
00017865-v	kor:exe	오늘 밤에 빨리 자면 되죠.
00450147-a	kor:lemma	가깝다
00450147-a	kor:exe	점심 싸서 가까운 공원에 놀러 가요.
00444519-a	kor:lemma	가깝다
00444519-a	kor:exe	점심 싸서 가까운 공원에 놀러 가요.
00445169-a	kor:lemma	가깝다
00445169-a	kor:exe	점심 싸서 가까운 공원에 놀러 가요.
00584367-n	kor:lemma	일
00584367-n	kor:exe	일이 아무리 바빠도 일주일에 두번은 부모님께 전화합니다.
07574602-n	kor:lemma	아침
07574602-n	kor:exe	아침은 거의 못 먹는 날이 많아요.
08078020-n	kor:lemma	가족
08078020-n	kor:exe	휴일엔 주로 가족들하고 외식을 해요.
10236304-n	kor:lemma	가족
10236304-n	kor:exe	휴일엔 주로 가족들하고 외식을 해요.
07970406-n	kor:lemma	가족
07970406-n	kor:exe	휴일엔 주로 가족들하고 외식을 해요.
07970406-n	kor:lemma	가정
07970406-n	kor:exe	가정이 있는 사람이 어떻게 그럴 수가 있어요?
04197391-n	kor:lemma	셔츠
04197391-n	kor:exe	자켓 안에는 두꺼운 스웨터보다는 얇은 셔츠가 나아요.
09918248-n	kor:lemma	아이
09918248-n	kor:exe	이 아이 몇 살이죠?
12212361-n	kor:lemma	야채
12212361-n	kor:exe	토마토는 야채에요.
07707451-n	kor:lemma	야채
07707451-n	kor:exe	토마토는 야채에요.
03365991-n	kor:lemma	층
03365991-n	kor:exe	2층으로 올라가세요.
00976508-a	kor:lemma	빠르다
00976508-a	kor:exe	곧 수업이니까 빨리 하세요.
00981818-a	kor:lemma	빠르다
00981818-a	kor:exe	곧 수업이니까 빨리 하세요.
00979862-a	kor:lemma	빠르다
00979862-a	kor:exe	곧 수업이니까 빨리 하세요.
01367431-a	kor:lemma	떠들썩하다
01367431-a	kor:exe	가족들이 다 모여서 집이 떠들썩해요.
07644382-n	kor:lemma	닭고기
07644382-n	kor:exe	닭고기는 값도 싸고 영양가도 높아요.
07644967-n	kor:lemma	닭고기
07644967-n	kor:exe	닭고기는 값도 싸고 영양가도 높아요.
07813107-n	kor:lemma	소금
07813107-n	kor:exe	수박에 소금을 뿌려 먹는 것은 처음 봤어요.
07825972-n	kor:lemma	간장
07825972-n	kor:exe	일본요리는 간장을 많이 쓰는 것 같아요.
02005948-v	kor:lemma	도착하다
02005948-v	kor:exe	도착하자마자 전화해.
02930766-n	kor:lemma	택시
02930766-n	kor:exe	택시 정류장에 가시면 대기하고 있는 택시가 많아요.
04371225-n	kor:lemma	수영장
04371225-n	kor:exe	더운데 수영장이나 갈까요?
00604617-a	kor:lemma	편리하다
00604617-a	kor:exe	여행할 때 지도를 가지고 다니면 편리해요.
15237250-n	kor:lemma	여름
15237250-n	kor:exe	올 여름에는 바다로 놀러 가고 싶어요.
03757138-n	kor:lemma	지하철
03757138-n	kor:exe	저도 일본에서 처음 지하철 표를 살 때 너무 헷갈렸어요.
04349306-n	kor:lemma	지하철
04349306-n	kor:exe	저도 일본에서 처음 지하철 표를 살 때 너무 헷갈렸어요.
77000090-n	kor:lemma	어떻다
77000090-n	kor:exe	민희 씨는 어땠어요?
80001331-x	kor:lemma	어떻다
80001331-x	kor:exe	민희 씨는 어땠어요?
77000104-n	kor:lemma	언제
77000104-n	kor:exe	시험은 언제 끝나요?
04105893-n	kor:lemma	아파트
04105893-n	kor:exe	몇 층짜리 아파트에요?
06415419-n	kor:lemma	노트
06415419-n	kor:exe	노트를 깜박하고 안 갖고 왔어요.
01376705-a	kor:lemma	유명하다
01376705-a	kor:exe	‘알라딘’이라는 사이트가 가장 유명한데, 저는 ‘아마존’을 주로 이용하고 있어요.
01375831-a	kor:lemma	유명하다
01375831-a	kor:exe	‘알라딘’이라는 사이트가 가장 유명한데, 저는 ‘아마존’을 주로 이용하고 있어요.
00953216-v	kor:lemma	말하다
00953216-v	kor:exe	대통령은 기자회견에서 경제 계획에 대해 구체적으로 말했다.
00962447-v	kor:lemma	말하다
00962447-v	kor:exe	대통령은 기자회견에서 경제 계획에 대해 구체적으로 말했다.
02935891-n	kor:lemma	식당
02935891-n	kor:exe	이 식당은 처음이에요?
01984902-v	kor:lemma	앉다
01984902-v	kor:exe	여기 앉아서 잠시 쉬고 가요.
00120223-r	kor:lemma	…면서
00120223-r	kor:exe	카페에서 커피 마시면서 책 읽는 걸 좋아해요.
00120095-r	kor:lemma	…면서
00120095-r	kor:exe	카페에서 커피 마시면서 책 읽는 걸 좋아해요.
02386612-a	kor:lemma	작다
02386612-a	kor:exe	이거보다 좀 더 작은 가방 없어요?
02386612-a	kor:lemma	짧다
02386612-a	kor:exe	짧은 치마가 유행이에요.
02345713-a	kor:lemma	나쁘다
02345713-a	kor:exe	나쁜 사람은 아니에요.
00478311-a	kor:lemma	나쁘다
00478311-a	kor:exe	나쁜 사람은 아니에요.
01174222-a	kor:lemma	나쁘다
01174222-a	kor:exe	나쁜 사람은 아니에요.
03025755-n	kor:lemma	젓가락
03025755-n	kor:exe	우동은 나무 젓가락으로 먹는 게 편해요.
15166191-n	kor:lemma	오후
15166191-n	kor:exe	수업은 대개 오후에 있어요.
80000080-n	kor:lemma	이번 달
80000080-n	kor:exe	이번 달은 너무 바빠서 못 만나겠어요.
06624161-n	kor:lemma	편지
06624161-n	kor:exe	그럼, 그 편지에 다음부터는 이메일로 연락하겠다고 쓰면 어때요?
01909812-v	kor:lemma	구부러지다
01909812-v	kor:exe	이 숟가락은 구부러져서 버려야겠어요.
07929519-n	kor:lemma	커피
07929519-n	kor:exe	거기 가서 커피하고 케이크 하나만 사다 줄래요?
01729431-v	kor:lemma	노래하다
01729431-v	kor:exe	우리 같이 노래해요.
11501381-n	kor:lemma	비
11501381-n	kor:exe	비에 다 젖었으니까 빨리 벗고 갈아 입어요.
07749582-n	kor:lemma	레몬
07749582-n	kor:exe	레몬은 비타민이 많은 과일이에요.
90000511-n	kor:lemma	그저께
90000511-n	kor:exe	그저께 내가 빌려준 책 다 읽었어？
00118032-r	kor:lemma	그럼
00118032-r	kor:exe	그럼 이천 오백원으로 하죠.
00118032-r	kor:lemma	그럼
00118032-r	kor:exe	그럼 이천 오백원으로 하죠.
04468005-n	kor:lemma	전철
04468005-n	kor:exe	주말은 길이 많이 막히니까 전철로 가는 게 좋겠어요.
77000002-n	kor:lemma	저희
77000002-n	kor:exe	저희 회사는 서비스에 많은 노력을 기울이고 있습니다.
15206296-n	kor:lemma	한 달
15206296-n	kor:exe	한 달에 몇 번 정도 야구장에 가는데요?
02834778-n	kor:lemma	자전거
02834778-n	kor:exe	여긴 자전거 타는 사람이 거의 없네요.
06597466-n	kor:lemma	잡지
06597466-n	kor:exe	지금 일본어 잡지를 보고 있었어요.
06595351-n	kor:lemma	잡지
06595351-n	kor:exe	지금 일본어 잡지를 보고 있었어요.
03704210-n	kor:lemma	잡지
03704210-n	kor:exe	지금 일본어 잡지를 보고 있었어요.
08238463-n	kor:lemma	반
08238463-n	kor:exe	민희하고 같은 반 친구 지영인데요.
00050454-v	kor:lemma	벗다
00050454-v	kor:exe	비에 다 젖었으니까 빨리 벗고 갈아 입어요.
02649830-v	kor:lemma	살다
02649830-v	kor:exe	여긴 쇼핑할 데가 많아서 살기 편해요.
15155891-n	kor:lemma	내일
15155891-n	kor:exe	수업도 많고 너무 바빠서 내일까지는 도저히 무리에요.
04208936-n	kor:lemma	샤워
04208936-n	kor:exe	샤워를 하고 있어서 전화벨 소리가 안 들렸어요.
15213774-n	kor:lemma	십이월
15213774-n	kor:exe	벌써 십이월.. 올해도 한 달밖에 안 남았네요.
00625119-v	kor:lemma	읽다
00625119-v	kor:exe	카페에서 커피 마시면서 책 읽는 걸 좋아해요.
02774152-n	kor:lemma	가방
02774152-n	kor:exe	이 가방은 가벼워서 좋아요.
02773037-n	kor:lemma	가방
02773037-n	kor:exe	이 가방은 가벼워서 좋아요.
13250542-n	kor:lemma	돈
13250542-n	kor:exe	먼저 금액 버튼을 누르고 그 다음에 돈을 넣는 거에요.
13384557-n	kor:lemma	돈
13384557-n	kor:exe	먼저 금액 버튼을 누르고 그 다음에 돈을 넣는 거에요.
05600637-n	kor:lemma	얼굴
05600637-n	kor:exe	저는 금방 얼굴이 빨개져요.
07597365-n	kor:lemma	사탕
07597365-n	kor:exe	우리 애는 사탕을 너무 좋아해서 큰일이에요.
00024356-r	kor:lemma	아니에요
00024356-r	kor:exe	아니에요.
03176763-n	kor:lemma	백화점
03176763-n	kor:exe	아홉 시 반에 백화점 정문 앞에서 만나요.
01725051-v	kor:lemma	치다
01725051-v	kor:exe	어릴 때부터 피아노를 쳤어요.
03388183-n	kor:lemma	만년필
03388183-n	kor:exe	요즘 만년필을 쓰는 사람은 별로 없는 것 같아요.
77000089-a	kor:lemma	이런
77000089-a	kor:exe	살다가 이런 경우는 처음이에요.
15164354-n	kor:lemma	목요일
15164354-n	kor:exe	일주일 중 목요일이 제일 피곤한 것 같아요.
00816481-a	kor:lemma	늦다
00816481-a	kor:exe	너무 늦으면 먼저 출발할지도 몰라요.
01901186-a	kor:lemma	늦다
01901186-a	kor:exe	너무 늦으면 먼저 출발할지도 몰라요.
04956594-n	kor:lemma	색깔
04956594-n	kor:exe	무슨 색깔이 제일 좋아요?
04674968-n	kor:lemma	색깔
04674968-n	kor:exe	무슨 색깔이 제일 좋아요?
07109730-n	kor:lemma	말
07109730-n	kor:exe	말이 너무 어려워서 못 읽겠어요.
06282651-n	kor:lemma	말
06282651-n	kor:exe	말이 너무 어려워서 못 읽겠어요.
00121135-r	kor:lemma	그렇다
00121135-r	kor:exe	그런 소리 하지 말고 먼저 방 청소부터 해 보세요.
04962784-n	kor:lemma	빨강; 붉다
04962784-n	kor:lemma	빨강; 붉다
04962784-n	kor:exe	장미는 역시 빨강이 제일 예뻐요.
03871083-n	kor:lemma	짐
03871083-n	kor:exe	어머 영욱 씨, 무슨 짐이 그렇게 많아요?
02774630-n	kor:lemma	짐
02774630-n	kor:exe	어머 영욱 씨, 무슨 짐이 그렇게 많아요?
07891726-n	kor:lemma	와인
07891726-n	kor:exe	저한테 좋은 와인이 한 병 있으니까 그걸 같이 가져가 보세요.
07884567-n	kor:lemma	와인
07884567-n	kor:exe	저한테 좋은 와인이 한 병 있으니까 그걸 같이 가져가 보세요.
07891433-n	kor:lemma	와인
07891433-n	kor:exe	저한테 좋은 와인이 한 병 있으니까 그걸 같이 가져가 보세요.
15164463-n	kor:lemma	금요일
15164463-n	kor:exe	저는 금요일이 제일 좋아요.
03581125-n	kor:lemma	사거리
03581125-n	kor:exe	저기 보이는 사거리에서 우회전 하세요.
02410393-a	kor:lemma	두껍다
02410393-a	kor:exe	자켓 안에는 두꺼운 스웨터보다는 얇은 셔츠가 나아요.
02410393-a	kor:lemma	굵다
02410393-a	kor:exe	목이 굵어서 맞는 옷이 없어요.
02415390-a	kor:lemma	두껍다
02415390-a	kor:exe	자켓 안에는 두꺼운 스웨터보다는 얇은 셔츠가 나아요.
02756821-v	kor:lemma	비가 내리다
02756821-v	kor:exe	비가 내려서인지 허리가 아파요.
02529264-a	kor:lemma	따뜻하다
02529264-a	kor:exe	빨리 따뜻한 봄이 왔으면 좋겠어요.
01546111-v	kor:lemma	서다
01546111-v	kor:exe	그렇게 서 있지 말고 좀 앉으세요.
10142747-n	kor:lemma	할머니
10142747-n	kor:exe	할머니는 따로 사세요.
07679356-n	kor:lemma	빵
07679356-n	kor:exe	식빵에 버터를 발라 먹어요.
03259505-n	kor:lemma	집
03259505-n	kor:exe	박영완 씨도 다음엔 꼭 우리 집에 놀러 오세요.
03544360-n	kor:lemma	집
03544360-n	kor:exe	박영완 씨도 다음엔 꼭 우리 집에 놀러 오세요.
03544360-n	kor:lemma	집
03544360-n	kor:exe	박영완 씨도 다음엔 꼭 우리 집에 놀러 오세요.
08559508-n	kor:lemma	집
08559508-n	kor:exe	박영완 씨도 다음엔 꼭 우리 집에 놀러 오세요.
08559508-n	kor:lemma	집
08559508-n	kor:exe	박영완 씨도 다음엔 꼭 우리 집에 놀러 오세요.
15210486-n	kor:lemma	이월
15210486-n	kor:exe	이월까지는 많이 추워요. 
15167349-n	kor:lemma	밤
15167349-n	kor:exe	오늘 밤에 빨리 자면 되죠.
15155747-n	kor:lemma	밤
15155747-n	kor:exe	오늘 밤에 빨리 자면 되죠.
15167027-n	kor:lemma	밤
15167027-n	kor:exe	오늘 밤에 빨리 자면 되죠.
15167027-n	kor:lemma	어젯밤
15167027-n	kor:exe	어젯밤에 꿈을 꿨는데 잘 기억은 안 나요.
15167474-n	kor:lemma	밤
15167474-n	kor:exe	오늘 밤에 빨리 자면 되죠.
03438257-n	kor:lemma	컵
03438257-n	kor:exe	설거지하다가 그만 컵을 깨뜨렸어요.
08613593-n	kor:lemma	밖
08613593-n	kor:exe	제가 숙제를 해야 되기 때문에 밖에 나갈 시간이 없거든요.
03338821-n	kor:lemma	필름
03338821-n	kor:exe	필름 한 통에 얼마에요?
06613686-n	kor:lemma	필름
06613686-n	kor:exe	필름 한 통에 얼마에요?
06613686-n	kor:lemma	영화
06613686-n	kor:exe	스트레스가 쌓이면 쇼핑을 하거나 영화를 봐요.
06262567-n	kor:lemma	필름
06262567-n	kor:exe	필름 한 통에 얼마에요?
04096066-n	kor:lemma	길
04096066-n	kor:exe	주말은 길이 많이 막히니까 전철로 가는 게 좋겠어요.
15212739-n	kor:lemma	구월
15212739-n	kor:exe	구월 초까지는 더워요.
77000079-a	kor:lemma	그
77000079-a	kor:exe	그 테이프， 라디오카세트에 들어 있어.
14524198-n	kor:lemma	흐림
14524198-n	kor:exe	날씨: 흐림
13828795-n	kor:lemma	세로
13828795-n	kor:exe	세로로 써 있는 것은 잘 못 읽겠어요.
00543233-n	kor:lemma	음악
00543233-n	kor:exe	음악 소리가 너무 커요?
05718556-n	kor:lemma	음악
05718556-n	kor:exe	음악 소리가 너무 커요?
05718935-n	kor:lemma	음악
05718935-n	kor:exe	음악 소리가 너무 커요?
07020895-n	kor:lemma	음악
07020895-n	kor:exe	음악 소리가 너무 커요?
00409709-r	kor:lemma	근처
00409709-r	kor:exe	이 근처에는 병원은 많은데 안과는 없어요.
08641113-n	kor:lemma	근처
08641113-n	kor:exe	이 근처에는 병원은 많은데 안과는 없어요.
03112099-n	kor:lemma	복도
03112099-n	kor:exe	화장실은 복도 제일 끝에 있어요.
03661043-n	kor:lemma	도서관
03661043-n	kor:exe	도서관은 안 가도 괜찮아요?
07840804-n	kor:lemma	계란
07840804-n	kor:exe	계란은 다 익혀 주세요.
90000502-n	kor:lemma	올해
90000502-n	kor:exe	벌써 십이월.. 올해도 한 달밖에 안 남았네요.
03908204-n	kor:lemma	연필
03908204-n	kor:exe	이름은 연필 말고 볼펜으로 써 주세요.
14796748-n	kor:lemma	연필
14796748-n	kor:exe	이름은 연필 말고 볼펜으로 써 주세요.
05282433-n	kor:lemma	이
05282433-n	kor:exe	이가 시리세요?
05282746-n	kor:lemma	이
05282746-n	kor:exe	이가 시리세요?
01649720-a	kor:lemma	젊다
01649720-a	kor:exe	마음은 아직 젊어요.
01646941-a	kor:lemma	젊다
01646941-a	kor:exe	마음은 아직 젊어요.
00514884-a	kor:lemma	온 …
00514884-a	kor:exe	벌써 온 학교에 소문이 다 퍼졌어요.
00988232-a	kor:lemma	가늘다
00988232-a	kor:exe	머리가 가늘어서 금방 상해요.
01029368-v	kor:lemma	~(이)라고 합니다
01029368-v	kor:exe	저는 최영욱이라고 합니다.
77000084-n	kor:lemma	어디; 어느 쪽
77000084-n	kor:lemma	어디; 어느 쪽
77000084-n	kor:exe	글쎄요… 어디에 놓으면 좋을까?
00220082-a	kor:lemma	예쁘다
00220082-a	kor:exe	남쪽에는 예쁜 섬들이 많아요.
01586342-a	kor:lemma	예쁘다
01586342-a	kor:exe	남쪽에는 예쁜 섬들이 많아요.
01586342-a	kor:lemma	좋다
01586342-a	kor:exe	그럴 땐 오히려 몸을 움직이는 게 좋아요.
01346003-v	kor:lemma	열다
01346003-v	kor:exe	사람들이 계속 들어오니까 문을 그냥 열어 두세요.
09853467-n	kor:lemma	형
09853467-n	kor:exe	형님은 건강하세요?
09853467-n	kor:lemma	형
09853467-n	kor:exe	형하고는 두 살 차이에요.
03102654-n	kor:lemma	냉장고
03102654-n	kor:exe	날씨가 더우니까 가능한 빨리 냉장고에 넣으세요.
03273913-n	kor:lemma	냉장고
03273913-n	kor:exe	날씨가 더우니까 가능한 빨리 냉장고에 넣으세요.
02399595-a	kor:lemma	맛(이)없다
02399595-a	kor:exe	비싼 거 치고는 맛이 없네요.
01716971-a	kor:lemma	맛(이)없다
01716971-a	kor:exe	비싼 거 치고는 맛이 없네요.
07845335-n	kor:lemma	우유
07845335-n	kor:exe	커피에 우유를 좀 넣으실래요?
07844042-n	kor:lemma	우유
07844042-n	kor:exe	커피에 우유를 좀 넣으실래요?
10780632-n	kor:lemma	부인
10780632-n	kor:exe	부인이 참 미인이시네요.
10780632-n	kor:lemma	아내
10780632-n	kor:exe	아내는 어디 가고 혼자 왔어요?
08625462-n	kor:lemma	왼쪽
08625462-n	kor:exe	음… 왼쪽에 좀 놔 주세요.
90000508-n	kor:lemma	다음 주
90000508-n	kor:exe	그래서 다음 주 일요일에 집들이를 하려고 하는데 민호 오빠도 오실 수 있으세요?
01848718-v	kor:lemma	가다
01848718-v	kor:exe	꼭 갈게요. 
06518719-n	kor:lemma	표
06518719-n	kor:exe	저도 일본에서 처음 지하철 표를 살 때 너무 헷갈렸어요.
01470670-v	kor:lemma	만나다
01470670-v	kor:exe	그럼, 몇 시에 만날까요?
02428924-v	kor:lemma	만나다
02428924-v	kor:exe	그럼, 몇 시에 만날까요?
10285313-n	kor:lemma	남자 아이
10285313-n	kor:exe	남자아이보다는 여자아이가 더 좋은데...
03542333-n	kor:lemma	호텔
03542333-n	kor:exe	호텔 예약은 하셨어요?
02913152-n	kor:lemma	건물
02913152-n	kor:exe	몇 년 된 건물이에요?
07649854-n	kor:lemma	고기
07649854-n	kor:exe	고기가 너무 큰데 나이프하고 포크 좀 주실래요?
09397391-n	kor:lemma	못
09397391-n	kor:exe	새벽엔 연못 주위를 산책하는 사람들로 붐벼요.
07935152-n	kor:lemma	차
07935152-n	kor:exe	무슨 차 드실래요?
03082979-n	kor:lemma	컴퓨터
03082979-n	kor:exe	이 컴퓨터 어디에 둘까?
00312553-n	kor:lemma	여행
00312553-n	kor:exe	어릴 때는 여행을 많이 데리고 다녀야 된대요.
04043733-n	kor:lemma	라디오
04043733-n	kor:exe	라디오를 켜 놓고 잠들어 버렸어요.
01442186-a	kor:lemma	짧다
01442186-a	kor:exe	짧은 치마가 유행이에요.
01436003-a	kor:lemma	짧다
01436003-a	kor:exe	짧은 치마가 유행이에요.
01442826-a	kor:lemma	짧다
01442826-a	kor:exe	짧은 치마가 유행이에요.
14513694-n	kor:lemma	가정
14513694-n	kor:exe	가정이 있는 사람이 어떻게 그럴 수가 있어요?
02808440-n	kor:lemma	욕실
02808440-n	kor:exe	욕실에서 나올 때 불 끄는 걸 깜박했어요.
02807731-n	kor:lemma	욕실
02807731-n	kor:exe	욕실에서 나올 때 불 끄는 걸 깜박했어요.
15274074-n	kor:lemma	휴일
15274074-n	kor:exe	휴일엔 주로 가족들하고 외식을 해요.
15183428-n	kor:lemma	휴일
15183428-n	kor:exe	휴일엔 주로 가족들하고 외식을 해요.
15137890-n	kor:lemma	휴일
15137890-n	kor:exe	휴일엔 주로 가족들하고 외식을 해요.
00027918-r	kor:lemma	아직
00027918-r	kor:exe	아직 확실하진 않은데요, 문학을 공부하고 싶어요.
00031304-r	kor:lemma	아직
00031304-r	kor:exe	아직 확실하진 않은데요, 문학을 공부하고 싶어요.
03925226-n	kor:lemma	사진
03925226-n	kor:exe	아뇨, 사진도 찍으면 안돼요.
03931044-n	kor:lemma	사진
03931044-n	kor:exe	아뇨, 사진도 찍으면 안돼요.
04248607-n	kor:lemma	사진
04248607-n	kor:exe	아뇨, 사진도 찍으면 안돼요.
15164233-n	kor:lemma	수요일
15164233-n	kor:exe	매월 셋째주 수요일에는 회의가 있어요.
11524662-n	kor:lemma	날씨
11524662-n	kor:exe	날씨가 너무 좋아서 놀러 가려고요.
07193184-n	kor:lemma	질문
07193184-n	kor:exe	질문이 있으신 분은 손을 들고 질문해 주세요.
07196682-n	kor:lemma	질문
07196682-n	kor:exe	질문이 있으신 분은 손을 들고 질문해 주세요.
05797597-n	kor:lemma	질문
05797597-n	kor:exe	질문이 있으신 분은 손을 들고 질문해 주세요.
07193596-n	kor:lemma	질문
07193596-n	kor:exe	질문이 있으신 분은 손을 들고 질문해 주세요.
01904930-v	kor:lemma	걷다
01904930-v	kor:exe	여기서 걸어서 5분밖에 안 걸려요.
03383948-n	kor:lemma	포크
03383948-n	kor:exe	고기가 너무 큰데 나이프하고 포크 좀 주실래요?
08286569-n	kor:lemma	대학교
08286569-n	kor:exe	여긴 대학교도 많고 고등학교도 많아요.
08286163-n	kor:lemma	대학교
08286163-n	kor:exe	여긴 대학교도 많고 고등학교도 많아요.
08278169-n	kor:lemma	대학교
08278169-n	kor:exe	여긴 대학교도 많고 고등학교도 많아요.
01000214-v	kor:lemma	쓰다
01000214-v	kor:exe	컴퓨터를 쓰니 요즘은 잘 안 쓰게 돼요.
02471690-v	kor:lemma	쓰다
02471690-v	kor:exe	컴퓨터를 쓰니 요즘은 잘 안 쓰게 돼요.
01020356-v	kor:lemma	쓰다
01020356-v	kor:exe	컴퓨터를 쓰니 요즘은 잘 안 쓰게 돼요.
01691057-v	kor:lemma	쓰다
01691057-v	kor:exe	컴퓨터를 쓰니 요즘은 잘 안 쓰게 돼요.
01698271-v	kor:lemma	쓰다
01698271-v	kor:exe	컴퓨터를 쓰니 요즘은 잘 안 쓰게 돼요.
01020934-v	kor:lemma	쓰다
01020934-v	kor:exe	컴퓨터를 쓰니 요즘은 잘 안 쓰게 돼요.
00993014-v	kor:lemma	쓰다
00993014-v	kor:exe	컴퓨터를 쓰니 요즘은 잘 안 쓰게 돼요.
03822171-n	kor:lemma	신문
03822171-n	kor:exe	오늘 신문 못 봤어?
06267145-n	kor:lemma	신문
06267145-n	kor:exe	오늘 신문 못 봤어?
14961722-n	kor:lemma	신문
14961722-n	kor:exe	오늘 신문 못 봤어?
07197021-n	kor:lemma	시험
07197021-n	kor:exe	시험은 언제 끝나요?
00158309-r	kor:lemma	마침
00158309-r	kor:exe	마침 시간이 나서요, 같이 밥이나 먹어요.
00002621-r	kor:lemma	마침
00002621-r	kor:exe	마침 시간이 나서요, 같이 밥이나 먹어요.
00002950-r	kor:lemma	마침
00002950-r	kor:exe	마침 시간이 나서요, 같이 밥이나 먹어요.
13714184-n	kor:lemma	도
13714184-n	kor:exe	오늘은 기온이 36도까지 올라간대요.
00119568-n	kor:lemma	날다
00119568-n	kor:exe	집까지 날아서 갔으면 좋겠어요.
08145553-n	kor:lemma	우체국
08145553-n	kor:exe	우체국에 들렀다 갈게요.
15237044-n	kor:lemma	봄
15237044-n	kor:exe	빨리 따뜻한 봄이 왔으면 좋겠어요.
01270199-v	kor:lemma	빨래하다
01270199-v	kor:exe	주말에는 빨래하고 청소하느라 아무데도 못 가요.
06505517-n	kor:lemma	복사
06505517-n	kor:exe	복사를 좀 하고 싶은데, 몇 층에 가면 되죠?
15166462-n	kor:lemma	저녁
15166462-n	kor:exe	저녁 6시부터에요.
15166462-n	kor:lemma	어젯밤
15166462-n	kor:exe	어젯밤에 꿈을 꿨는데 잘 기억은 안 나요.
01343918-a	kor:lemma	재미있다
01343918-a	kor:exe	네, 오랜만에 술도 마시고 정말 재미있었어요.
01344344-a	kor:lemma	재미있다
01344344-a	kor:exe	네, 오랜만에 술도 마시고 정말 재미있었어요.
01344344-a	kor:lemma	즐겁다
01344344-a	kor:exe	덕분에 많이 즐거웠어요．
01265308-a	kor:lemma	재미있다
01265308-a	kor:exe	네, 오랜만에 술도 마시고 정말 재미있었어요.
01344485-a	kor:lemma	재미있다
01344485-a	kor:exe	네, 오랜만에 술도 마시고 정말 재미있었어요.
00067045-r	kor:lemma	앞
00067045-r	kor:exe	이 앞에 아파트가 생긴다면서.
00067265-r	kor:lemma	앞
00067265-r	kor:exe	이 앞에 아파트가 생긴다면서.
90000515-n	kor:lemma	모레
90000515-n	kor:exe	그러면 일단 마무리 부분을 쓰고 모레까지 제출하세요.
01296462-v	kor:lemma	붙이다
01296462-v	kor:exe	책상을 붙여 놓으세요.
01801029-a	kor:lemma	즐겁다
01801029-a	kor:exe	덕분에 많이 즐거웠어요．
03906997-n	kor:lemma	펜
03906997-n	kor:exe	머그컵이라든가 펜 같은 거요.
77000095-n	kor:lemma	누구
77000095-n	kor:exe	죄송하지만 전화하신 분은 누구시죠?
77000095-n	kor:lemma	누구
77000095-n	kor:exe	여긴 누구 소개로 오셨어요?
90000500-n	kor:lemma	재작년
90000500-n	kor:exe	재작년까지는 전화도 오고 했는데, 요즘은 통 소식이 없네요.
03221720-n	kor:lemma	문
03221720-n	kor:exe	문을 좀 살짝 닫아 주세요.
03221720-n	kor:lemma	문
03221720-n	kor:exe	문이 닫혀 있어서 못 들어갔어요.
00050681-r	kor:lemma	없다
00050681-r	kor:exe	방이 지저분하면 기운도 없어지기 마련이에요.
00024587-r	kor:lemma	없다
00024587-r	kor:exe	방이 지저분하면 기운도 없어지기 마련이에요.
77000012-n	kor:lemma	저
77000012-n	kor:exe	실은 제가 어제 이사를 했거든요.
77000015-n	kor:lemma	저
77000015-n	kor:exe	실은 제가 어제 이사를 했거든요.
01344963-a	kor:lemma	재미없다
01344963-a	kor:exe	생각보다는 별로 재미없어요.
01170052-v	kor:lemma	마시다
01170052-v	kor:exe	카페에서 커피 마시면서 책 읽는 걸 좋아해요.
03282295-n	kor:lemma	대사관
03282295-n	kor:exe	한국 대사관은 더 가야 됩니까?
14145501-n	kor:lemma	감기
14145501-n	kor:exe	감기 때문에 못 왔어요.
06796119-n	kor:lemma	우표
06796119-n	kor:exe	손님, 여기 우표를 안 붙이셨네요.
07775375-n	kor:lemma	생선
07775375-n	kor:exe	그 백화점, 생선 코너가 없어졌던데요.
02512053-n	kor:lemma	생선
02512053-n	kor:exe	그 백화점, 생선 코너가 없어졌던데요.
01586866-a	kor:lemma	좋다
01586866-a	kor:exe	그럴 땐 오히려 몸을 움직이는 게 좋아요.
01048762-a	kor:lemma	좋다
01048762-a	kor:exe	그럴 땐 오히려 몸을 움직이는 게 좋아요.
00067638-a	kor:lemma	좋다
00067638-a	kor:exe	그럴 땐 오히려 몸을 움직이는 게 좋아요.
01993408-a	kor:lemma	좋다
01993408-a	kor:exe	그럴 땐 오히려 몸을 움직이는 게 좋아요.
01171213-a	kor:lemma	좋다
01171213-a	kor:exe	그럴 땐 오히려 몸을 움직이는 게 좋아요.
01800349-a	kor:lemma	좋다
01800349-a	kor:exe	그럴 땐 오히려 몸을 움직이는 게 좋아요.
01123148-a	kor:lemma	좋다
01123148-a	kor:exe	그럴 땐 오히려 몸을 움직이는 게 좋아요.
00064787-a	kor:lemma	좋다
00064787-a	kor:exe	그럴 땐 오히려 몸을 움직이는 게 좋아요.
00850183-a	kor:lemma	좋다
00850183-a	kor:exe	그럴 땐 오히려 몸을 움직이는 게 좋아요.
01129977-a	kor:lemma	좋다
01129977-a	kor:exe	그럴 땐 오히려 몸을 움직이는 게 좋아요.
01586752-a	kor:lemma	좋다
01586752-a	kor:exe	그럴 땐 오히려 몸을 움직이는 게 좋아요.
04588365-n	kor:lemma	창문
04588365-n	kor:exe	침대는 창문 쪽에 두는 게 좋겠죠?
04587648-n	kor:lemma	창문
04587648-n	kor:exe	침대는 창문 쪽에 두는 게 좋겠죠?
05216365-n	kor:lemma	몸
05216365-n	kor:exe	그럴 땐 오히려 몸을 움직이는 게 좋아요.
76100002-x	kor:lemma	장
76100002-x	kor:exe	A4용지 20장 이내로 써서 보내 주세요.
04967191-n	kor:lemma	녹색
04967191-n	kor:exe	학교 칠판은 주로 진한 녹색이 많죠.
80001047-v	kor:lemma	죽다
80001047-v	kor:exe	이번 사고로 많은 사람이 다치고 죽었대요.
03497657-n	kor:lemma	모자
03497657-n	kor:exe	저기 빨간 모자 쓴 사람이 우리 오빠에요.
15129927-n	kor:lemma	시
15129927-n	kor:exe	저녁 6시부터에요.
06359877-n	kor:lemma	글
06359877-n	kor:exe	글로 어떻게 표현해야 할지 모르겠어요.
00546389-n	kor:lemma	노래
00546389-n	kor:exe	노래는 잘 못 하는데, 듣는 건 좋아해요.
07048000-n	kor:lemma	노래
07048000-n	kor:exe	노래는 잘 못 하는데, 듣는 건 좋아해요.
01754737-v	kor:lemma	자르다
01754737-v	kor:exe	더우니까 짧게 잘라 주세요.
07447641-n	kor:lemma	파티
07447641-n	kor:exe	우리 다 같이 크리스마스 파티 해요.
01842204-v	kor:lemma	나가다
01842204-v	kor:exe	제가 숙제를 해야 되기 때문에 밖에 나갈 시간이 없거든요.
04241394-n	kor:lemma	슬리퍼
04241394-n	kor:exe	바닥이 차가우니 슬리퍼를 신고 들어 오세요.
05301908-n	kor:lemma	입
05301908-n	kor:exe	입을 크게 벌리세요.
02440250-n	kor:lemma	손
02440250-n	kor:exe	"손으로 만지지 마세요"라고 그 앞에 적혀 있잖아요.
09823502-n	kor:lemma	이모
09823502-n	kor:exe	이모가 두 분 계시죠.
10193967-n	kor:lemma	남편
10193967-n	kor:exe	남편은 오늘 출장 가고 없어요.
15213406-n	kor:lemma	십일월
15213406-n	kor:exe	십일월에는 첫눈이 올지도 몰라요.
06277280-n	kor:lemma	텔레비젼
06277280-n	kor:exe	이 텔레비젼 몇 인치에요?
13831176-n	kor:lemma	북쪽
13831176-n	kor:exe	북쪽 출구에서 만나요.
06964901-n	kor:lemma	한국어
06964901-n	kor:exe	그럼 한국어도 언젠가 잊어 버리는 거 아니에요?
01318741-a	kor:lemma	아프다
01318741-a	kor:exe	머리가 아파서 소파에서 좀 쉬었어요.
01712753-a	kor:lemma	아프다
01712753-a	kor:exe	머리가 아파서 소파에서 좀 쉬었어요.
05395690-n	kor:lemma	배
05395690-n	kor:exe	배가 고픈데요.
05556943-n	kor:lemma	배
05556943-n	kor:exe	배가 고픈데요.
02324478-v	kor:lemma	더하다
02324478-v	kor:exe	2에 2를 더하면 뭐가 되죠?
00640828-v	kor:lemma	더하다
00640828-v	kor:exe	2에 2를 더하면 뭐가 되죠?
00182406-v	kor:lemma	더하다
00182406-v	kor:exe	2에 2를 더하면 뭐가 되죠?
00749230-a	kor:lemma	쉽다
00749230-a	kor:exe	한국어는 문법은 쉬운데 발음이 좀 어려워요.
14061805-n	kor:lemma	병
14061805-n	kor:exe	병원에 갔는데 무슨 병인지 잘 모른대요.
14055408-n	kor:lemma	병
14055408-n	kor:exe	병원에 갔는데 무슨 병인지 잘 모른대요.
14473054-n	kor:lemma	병
14473054-n	kor:exe	병원에 갔는데 무슨 병인지 잘 모른대요.
10399491-n	kor:lemma	부모
10399491-n	kor:exe	부모님 결혼 기념일은 언제에요?
13833375-n	kor:lemma	남쪽
13833375-n	kor:exe	남쪽에는 예쁜 섬들이 많아요.
02472293-n	kor:lemma	사람
02472293-n	kor:exe	예를 들어서 옷이나 향수나…  아니면 반지를 주는 사람도 있어요.
15212167-n	kor:lemma	칠월
15212167-n	kor:exe	칠월은 장마라서 맑은 날이 별로 없어요.
00442917-a	kor:lemma	멀다
00442917-a	kor:exe	집은 여기서 멀어요?
01421622-v	kor:lemma	넣다
01421622-v	kor:exe	먼저 금액 버튼을 누르고 그 다음에 돈을 넣는 거에요.
03398467-n	kor:lemma	앞
03398467-n	kor:exe	"손으로 만지지 마세요"라고 그 앞에 적혀 있잖아요.
00964768-a	kor:lemma	약하다
00964768-a	kor:exe	술 약한 편이에요?
02324397-a	kor:lemma	약하다
02324397-a	kor:exe	술 약한 편이에요?
00709215-a	kor:lemma	약하다
00709215-a	kor:exe	술 약한 편이에요?
02040233-a	kor:lemma	약하다
02040233-a	kor:exe	술 약한 편이에요?
02040049-a	kor:lemma	약하다
02040049-a	kor:exe	술 약한 편이에요?
00254978-r	kor:lemma	매월
00254978-r	kor:exe	매월 셋째주 수요일에는 회의가 있어요.
77000091-n	kor:lemma	어떤
77000091-n	kor:exe	예를 들면 어떤 거요?
06605897-n	kor:lemma	뜻
06605897-n	kor:exe	아니, 그런 뜻이 아니라…
05919866-n	kor:lemma	뜻
05919866-n	kor:exe	아니, 그런 뜻이 아니라…
06601327-n	kor:lemma	뜻
06601327-n	kor:exe	아니, 그런 뜻이 아니라…
04059701-n	kor:lemma	뒤
04059701-n	kor:exe	뒤에 앉아 있던 사람, 친구에요?
02767665-n	kor:lemma	뒤
02767665-n	kor:exe	뒤에 앉아 있던 사람, 친구에요?
03540595-n	kor:lemma	병원
03540595-n	kor:exe	이 근처에는 병원은 많은데 안과는 없어요.
08054417-n	kor:lemma	병원
08054417-n	kor:exe	이 근처에는 병원은 많은데 안과는 없어요.
05311054-n	kor:lemma	눈
05311054-n	kor:exe	아기 눈이 너무 맑아요.
05316025-n	kor:lemma	눈
05316025-n	kor:exe	아기 눈이 너무 맑아요.
02871439-n	kor:lemma	책장
02871439-n	kor:exe	아뇨, 저 책장에 좀 꽂아 주세요.
01186408-a	kor:lemma	가볍다
01186408-a	kor:exe	이 가방은 가벼워서 좋아요.
04049098-n	kor:lemma	역
04049098-n	kor:exe	우리 집은 살기는 편하데 역에서 너무 멀어요.
03030663-n	kor:lemma	담배
03030663-n	kor:exe	요즘은 담배 끊는 사람이 늘고 있어요.
02230772-v	kor:lemma	건네다
02230772-v	kor:exe	선생님께 이 편지 좀 건네 주세요．
90000504-n	kor:lemma	다음다음 해
90000504-n	kor:exe	다음다음 해에는 볼 수 있겠죠?
00729108-n	kor:lemma	숙제
00729108-n	kor:exe	숙제 다 끝났어요?
03815615-n	kor:lemma	넥타이
03815615-n	kor:exe	주말에는 넥타이를 안 매고 출근해요.
07596684-n	kor:lemma	과자
07596684-n	kor:exe	어떤 과자 좋아해요?
05560787-n	kor:lemma	발
05560787-n	kor:exe	양쪽 발 사이즈가 틀려요.
05563266-n	kor:lemma	발
05563266-n	kor:exe	양쪽 발 사이즈가 틀려요.
15211189-n	kor:lemma	사월
15211189-n	kor:exe	일본에서는 사월에 입학식이 있어요.
02310007-v	kor:lemma	갚다
02310007-v	kor:exe	뭐든지 빌린 건 빨리 갚는 게 좋아요.
01308381-v	kor:lemma	갚다
01308381-v	kor:exe	뭐든지 빌린 건 빨리 갚는 게 좋아요.
80001595-v	kor:lemma	갚다
80001595-v	kor:exe	뭐든지 빌린 건 빨리 갚는 게 좋아요.
10080869-n	kor:lemma	아빠
10080869-n	kor:exe	아빠는 회사에 가고 안 계세요.
10080869-n	kor:lemma	아버지
10080869-n	kor:exe	아버지는 등산을 좋아하세요.
02411224-a	kor:lemma	굵다
02411224-a	kor:exe	목이 굵어서 맞는 옷이 없어요.
04446276-n	kor:lemma	화장실
04446276-n	kor:exe	아, 그런데 화장실은 어디에요?
04555291-n	kor:lemma	화장실
04555291-n	kor:exe	아, 그런데 화장실은 어디에요?
15212455-n	kor:lemma	팔월
15212455-n	kor:exe	팔월에 휴가 가는 사람이 제일 많아요.
00292937-a	kor:lemma	바쁘다
00292937-a	kor:exe	너무 바빠서요?
00273082-a	kor:lemma	어둡다
00273082-a	kor:exe	방이 너무 어둡네요.
03291819-n	kor:lemma	봉투
03291819-n	kor:exe	봉투에 보내시는 분 주소도 적으셨어요?
80001545-n	kor:lemma	옆
80001545-n	kor:exe	우선, 침대 옆에 놔 주시겠어요?
09215315-n	kor:lemma	아래
09215315-n	kor:exe	친구네 집 아래 층에 살아요.
80001661-n	kor:lemma	아래
80001661-n	kor:exe	친구네 집 아래 층에 살아요.
00523513-n	kor:lemma	스포츠
00523513-n	kor:exe	실은 제가 운동을 싫어하거든요.
03179701-n	kor:lemma	책상
03179701-n	kor:exe	책상 위엔 프린터를 놓을 거거든요.
04202417-n	kor:lemma	가게
04202417-n	kor:exe	글쎄, 우린 다른 가게보다 싼 편이에요.
02016062-v	kor:lemma	내리다
02016062-v	kor:exe	여기 오시려면 시청역에서 내려서 5분쯤 걸으셔야 해요.
15237782-n	kor:lemma	겨울
15237782-n	kor:exe	추위를 많이 타서 겨울은 싫어요.
80001691-n	kor:lemma	위
80001691-n	kor:exe	테이블 위에 올려 놨는데.
08663354-n	kor:lemma	위
08663354-n	kor:exe	테이블 위에 올려 놨는데.
07804323-n	kor:lemma	밥
07804323-n	kor:exe	밥 잘 챙겨 먹어요.
15245990-n	kor:lemma	밥
15245990-n	kor:exe	밥 잘 챙겨 먹어요.
90000417-n	kor:lemma	밥
90000417-n	kor:exe	밥 잘 챙겨 먹어요.
07575076-n	kor:lemma	점심
07575076-n	kor:exe	점심 때 시간 있어요?
15156001-n	kor:lemma	오늘
15156001-n	kor:exe	오늘 내가 한턱 낼게요. 
09604981-n	kor:lemma	자기
09604981-n	kor:exe	그럼 요리를 직접 자기 자리로 가져가야 돼요?
07557434-n	kor:lemma	요리
07557434-n	kor:exe	그럼 요리를 직접 자기 자리로 가져가야 돼요?
02395115-a	kor:lemma	맛(이)있다
02395115-a	kor:exe	맛있죠
02396720-a	kor:lemma	맛(이)있다
02396720-a	kor:exe	맛있죠
