# TUFS Basic Tagalog Wordnet	tgl http://www.coelang.tufs.ac.jp/mt/tl/	CC BY 4.0
15210045-n	tgl:lemma	Enero
15210045-n	tgl:exe	Mura ang tiket ng eroplano sa Enero.\n
05755883-n	tgl:lemma	pag-aaral
05755883-n	tgl:exe	Pagbutihin mo ang iyong pag-aaral.\n
04971928-n	tgl:lemma	kulay kape
04971928-n	tgl:exe	Kulay kape ang balat ng mga mangingisda.\n
15163797-n	tgl:lemma	Linggo
15163797-n	tgl:exe	Balita ko, piyesta raw sa bayan ninyo sa Linggo. 
15043763-n	tgl:lemma	niyebe
15043763-n	tgl:exe	Umulan ng niyebe kanina.
00251013-n	tgl:lemma	paglilinis
00251013-n	tgl:exe	Magaling sa paglilinis ng bahay si Nena.\n
08058098-n	tgl:lemma	kumpanya
08058098-n	tgl:exe	Sa malaking kumpanya nagtatrabaho si Juan.\n
01382086-a	tgl:lemma	malaki
01382086-a	tgl:exe	Mas malaki ba ito kaysa sa putok ng Mayon Volcano noon?
01453084-a	tgl:lemma	malaki
01453084-a	tgl:exe	Mas malaki ba ito kaysa sa putok ng Mayon Volcano noon?
00527870-a	tgl:lemma	malaki
00527870-a	tgl:exe	Mas malaki ba ito kaysa sa putok ng Mayon Volcano noon?
01677433-a	tgl:lemma	malaki
01677433-a	tgl:exe	Mas malaki ba ito kaysa sa putok ng Mayon Volcano noon?
10084295-n	tgl:lemma	batang babae
10084295-n	tgl:exe	May hawak na manika ang batang babae.\n
10129825-n	tgl:lemma	batang babae
10129825-n	tgl:exe	May hawak na manika ang batang babae.\n
10129825-n	tgl:lemma	ate
10129825-n	tgl:exe	Ate, bakit wala ka pang boyfriend? 
00065495-v	tgl:lemma	masigla
00065495-v	tgl:exe	Lumaki sanang masigla ang anak natin.\n
80001734-n	tgl:lemma	klase
80001734-n	tgl:exe	Bakit? Napili ko na ang klase ni Miss Ramos.
00889472-n	tgl:lemma	klase
00889472-n	tgl:exe	Bakit? Napili ko na ang klase ni Miss Ramos.
02608347-v	tgl:lemma	magsimula
02608347-v	tgl:exe	Anong oras nagsimula ang klase ninyo?\n
07850329-n	tgl:lemma	keso
07850329-n	tgl:exe	Hindi ko nilagyan ng keso ang spaghetti.
03623556-n	tgl:lemma	kutsilyo
03623556-n	tgl:exe	Ihasa mo itong kutsilyo para tumalas.
03624134-n	tgl:lemma	kutsilyo
03624134-n	tgl:exe	Ihasa mo itong kutsilyo para tumalas.
01776727-v	tgl:lemma	ayaw
01776727-v	tgl:exe	Bakit, ayaw mo ba ng ampalaya?
01774136-v	tgl:lemma	ayaw
01774136-v	tgl:exe	Bakit, ayaw mo ba ng ampalaya?
02783161-n	tgl:lemma	bolpen
02783161-n	tgl:exe	Ilang bolpen ang kailangan mo sa opisina?\n
02632567-v	tgl:lemma	gusto
02632567-v	tgl:exe	Gusto ko ng bagong kotse.\n
01579608-a	tgl:lemma	agad
01579608-a	tgl:exe	Oo, naubos nga agad, eh.
03427296-n	tgl:lemma	trangkahan
03427296-n	tgl:exe	Kinakalawang na ang trangkahan namin.\n
04026417-n	tgl:lemma	pitaka
04026417-n	tgl:exe	Nasaan ang pitaka ko?
11456462-n	tgl:lemma	maaraw
11456462-n	tgl:exe	Isampay mo sa labas ang mga damit kung maaraw bukas.\n
07848338-n	tgl:lemma	bater
07848338-n	tgl:exe	Hindi ako naglalagay ng bater sa tinapay.\n
90000501-n	tgl:lemma	noong isang taon
90000501-n	tgl:exe	Oo, noong isang taon.
15210870-n	tgl:lemma	Marso
15210870-n	tgl:exe	Malamig pa ang Marso sa Hapon.
77000072-n	tgl:lemma	dito
77000072-n	tgl:exe	Masyadong mainit dito, eh.
08489497-n	tgl:lemma	dito
08489497-n	tgl:exe	Masyadong mainit dito, eh.
03561345-n	tgl:lemma	larawan
03561345-n	tgl:exe	Pinagmasdan niya ang larawan ng kanyang ina.\n
03234306-n	tgl:lemma	larawan
03234306-n	tgl:exe	Pinagmasdan niya ang larawan ng kanyang ina.\n
03876519-n	tgl:lemma	larawan
03876519-n	tgl:exe	Pinagmasdan niya ang larawan ng kanyang ina.\n
07110615-n	tgl:lemma	boses
07110615-n	tgl:exe	Malaki ang boses ng pulis-trapiko.\n
05202284-n	tgl:lemma	boses
05202284-n	tgl:exe	Malaki ang boses ng pulis-trapiko.\n
09411430-n	tgl:lemma	ilog
09411430-n	tgl:exe	Mayroong dalawang kalabaw sa ilog.　
15236859-n	tgl:lemma	taglagas
15236859-n	tgl:exe	Mainit ba sa taglagas sa Hapon?
02107442-v	tgl:lemma	makinig
02107442-v	tgl:exe	Hindi ako nakinig sa klase kanina.\n
02169891-v	tgl:lemma	makinig
02169891-v	tgl:exe	Hindi ako nakinig sa klase kanina.\n
02242464-v	tgl:lemma	ibenta
02242464-v	tgl:exe	Ibenta mo na lang ang mga lumang libro mo.\n
00271022-a	tgl:lemma	matingkad
00271022-a	tgl:exe	Hindi ako mahilig sa mga kulay na matingkad.
00396523-a	tgl:lemma	matingkad
00396523-a	tgl:exe	Hindi ako mahilig sa mga kulay na matingkad.
00269989-a	tgl:lemma	matingkad
00269989-a	tgl:exe	Hindi ako mahilig sa mga kulay na matingkad.
00278551-a	tgl:lemma	matingkad
00278551-a	tgl:exe	Hindi ako mahilig sa mga kulay na matingkad.
02924116-n	tgl:lemma	bus
02924116-n	tgl:exe	Magbubus ako papuntang Baguio mamayang gabi.\n
01614426-v	tgl:lemma	idikit
01614426-v	tgl:exe	Huwag mong idikit sa pader iyang kalendaryo.\n
80001230-x	tgl:lemma	oo
80001230-x	tgl:exe	Oo nga.
01184932-a	tgl:lemma	mabigat
01184932-a	tgl:exe	Mabigat ang elepante.\n
07881800-n	tgl:lemma	inumin
07881800-n	tgl:exe	Ano ang paborito mong inumin sa piesta?\n
01119192-a	tgl:lemma	mahusay
01119192-a	tgl:exe	Mahusay akong mag-Amoy dahil taga-China ang lolo ko.
02226162-a	tgl:lemma	mahusay
02226162-a	tgl:exe	Mahusay akong mag-Amoy dahil taga-China ang lolo ko.
01838916-a	tgl:lemma	mahusay
01838916-a	tgl:exe	Mahusay akong mag-Amoy dahil taga-China ang lolo ko.
03467517-n	tgl:lemma	gitara
03467517-n	tgl:exe	Mahilig sa gitara si Freddie.\n
03613294-n	tgl:lemma	susi
03613294-n	tgl:exe	Nakalimutan ko ang susi sa loob ng kotse.\n
01553629-a	tgl:lemma	marami
01553629-a	tgl:exe	Maraming seafood at may lechon din.
01551633-a	tgl:lemma	marami
01551633-a	tgl:exe	Maraming seafood at may lechon din.
01552419-a	tgl:lemma	marami
01552419-a	tgl:exe	Maraming seafood at may lechon din.
00127137-a	tgl:lemma	luma
00127137-a	tgl:exe	Luma ang kotseng minamaneho ni Jun.\n
01638438-a	tgl:lemma	luma
01638438-a	tgl:exe	Luma ang kotseng minamaneho ni Jun.\n
01729384-a	tgl:lemma	luma
01729384-a	tgl:exe	Luma ang kotseng minamaneho ni Jun.\n
10694258-n	tgl:lemma	titser
10694258-n	tgl:exe	Dalaga ang titser ko ng Ingles.
07859284-n	tgl:lemma	asukal
07859284-n	tgl:exe	Nilalagyan ko ng asukal ang kape ko.\n
09605289-n	tgl:lemma	matanda
09605289-n	tgl:exe	Matanda na ang lolo ko pero malakas pa siya.
04081281-n	tgl:lemma	restawran
04081281-n	tgl:exe	Madalang kaming kumain sa restawran.\n
04081281-n	tgl:lemma	kantin
04081281-n	tgl:exe	Masarap ang pagkain sa kantin ng aming eskwelahan.\n
10448983-n	tgl:lemma	pulis
10448983-n	tgl:exe	May kakilala akong pulis.\n
10448983-n	tgl:lemma	pulis
10448983-n	tgl:exe	Hinuli siya ng isang pulis.
90000507-n	tgl:lemma	ngayong linggo
90000507-n	tgl:exe	Kinapos ako ngayong linggong ito, kaya puwede bang mangutang sa iyo?
02686568-n	tgl:lemma	eroplano
02686568-n	tgl:exe	Mura ang tiket ng eroplano sa Enero.\n
02691156-n	tgl:lemma	eroplano
02691156-n	tgl:exe	Mura ang tiket ng eroplano sa Enero.\n
08420278-n	tgl:lemma	bangko
08420278-n	tgl:exe	Nagtatrabaho sa bangko ang nanay ni Tony.\n
02787772-n	tgl:lemma	bangko
02787772-n	tgl:exe	Nagtatrabaho sa bangko ang nanay ni Tony.\n
02018049-v	tgl:lemma	sumakay
02018049-v	tgl:exe	Puwede tayong lumakad o sumakay.
02324026-v	tgl:lemma	humiram
02324026-v	tgl:exe	Humiram ako ng DVD kay Joseph.\n
01447257-v	tgl:lemma	itulak
01447257-v	tgl:exe	Itinulak daw ni Nene ang kalaro niya.\n
02398378-a	tgl:lemma	maanghang
02398378-a	tgl:exe	Gusto ko ng maanghang na sawsawan para sa isda.\n
02397732-a	tgl:lemma	maanghang
02397732-a	tgl:exe	Gusto ko ng maanghang na sawsawan para sa isda.\n
06628228-n	tgl:lemma	poskard
06628228-n	tgl:exe	Bumili ako ng poskard para sa pamilya ko.\n
06627938-n	tgl:lemma	poskard
06627938-n	tgl:exe	Bumili ako ng poskard para sa pamilya ko.\n
03959485-n	tgl:lemma	plato
03959485-n	tgl:exe	Ayaw kong maghugas ng plato.
00393105-a	tgl:lemma	puti
00393105-a	tgl:exe	Ganito kaputi ang buhangin sa Boracay.
08625073-n	tgl:lemma	kanan
08625073-n	tgl:exe	Ang tao ay may kanan at kaliwang kamay.
03051540-n	tgl:lemma	damit
03051540-n	tgl:exe	Gusto ko ng bagong damit sa Pasko.\n
02728440-n	tgl:lemma	damit
02728440-n	tgl:exe	Gusto ko ng bagong damit sa Pasko.\n
02728440-n	tgl:lemma	damit
02728440-n	tgl:exe	Gusto ko ng bagong damit sa Pasko.\n
03419014-n	tgl:lemma	damit
03419014-n	tgl:exe	Gusto ko ng bagong damit sa Pasko.\n
15165289-n	tgl:lemma	umaga
15165289-n	tgl:exe	Napakatrapik talaga sa umaga.\n
15165289-n	tgl:lemma	umaga
15165289-n	tgl:exe	Pag Lunes at Huwebes, Pilipino at Math, mula alas otso y medya ng umaga hanggang ala una ng hapon.
00109151-r	tgl:lemma	diyan
00109151-r	tgl:exe	Bawal umupo diyan.\n
03720163-n	tgl:lemma	mapa
03720163-n	tgl:exe	Hindi ko maintindihan ang mapa ni Lucy.\n
00024996-a	tgl:lemma	bago
00024996-a	tgl:exe	Kanino naman ang bagong maletang ito?
01642477-a	tgl:lemma	bago
01642477-a	tgl:exe	Kanino naman ang bagong maletang ito?
01641648-a	tgl:lemma	bago
01641648-a	tgl:exe	Kanino naman ang bagong maletang ito?
01687167-a	tgl:lemma	bago
01687167-a	tgl:exe	Kanino naman ang bagong maletang ito?
02584699-a	tgl:lemma	bago
02584699-a	tgl:exe	Kanino naman ang bagong maletang ito?
01686439-a	tgl:lemma	bago
01686439-a	tgl:exe	Kanino naman ang bagong maletang ito?
02070491-a	tgl:lemma	bago
02070491-a	tgl:exe	Kanino naman ang bagong maletang ito?
02013758-a	tgl:lemma	bago
02013758-a	tgl:exe	Kanino naman ang bagong maletang ito?
01640850-a	tgl:lemma	bago
01640850-a	tgl:exe	Kanino naman ang bagong maletang ito?
00894552-n	tgl:lemma	pag-eensayo
00894552-n	tgl:exe	Ilan ang pupunta sa ating pag-eensayo mamayang hapon?\n
01292683-a	tgl:lemma	gusto
01292683-a	tgl:exe	Pero gusto ko ng kalabasa at talong.
01777210-v	tgl:lemma	gusto
01777210-v	tgl:exe	Pero gusto ko ng kalabasa at talong.
03038685-n	tgl:lemma	klasrum
03038685-n	tgl:exe	Maliit lang ang klasrum sa eskuwelahan ni Totoy.\n
00296131-r	tgl:lemma	baka
00296131-r	tgl:exe	Baka ho natrapik siya.
00154449-r	tgl:lemma	baka
00154449-r	tgl:exe	Baka ho natrapik siya.
03001627-n	tgl:lemma	upuan
03001627-n	tgl:exe	Wala nang upuan sa simbahan nang dumating kami.\n
01734929-v	tgl:lemma	kopyahin
01734929-v	tgl:exe	Huwag mong kalimutang kopyahin ang textbook.
01914947-v	tgl:lemma	tumakbo
01914947-v	tgl:exe	Tumakbo nang mabilis ang mga magnanakaw.\n
01926311-v	tgl:lemma	tumakbo
01926311-v	tgl:exe	Tumakbo nang mabilis ang mga magnanakaw.\n
02005496-v	tgl:lemma	umuwi
02005496-v	tgl:exe	Kailangan ko hong umuwi nang maaga ngayon.
04379243-n	tgl:lemma	mesa
04379243-n	tgl:exe	Masyadong maliit ang mesa namin sa bahay.
04298308-n	tgl:lemma	hagdan
04298308-n	tgl:exe	Matarik ang hagdan sa bundok.\n
00037919-v	tgl:lemma	maligo
00037919-v	tgl:exe	Naliligo ako bago pumasok sa opisina.\n
01532589-v	tgl:lemma	maglinis
01532589-v	tgl:exe	Naglilinis ako ng kuwarto araw-araw.\n
01533442-v	tgl:lemma	maglinis
01533442-v	tgl:exe	Naglilinis ako ng kuwarto araw-araw.\n
07663592-n	tgl:lemma	karneng baka
07663592-n	tgl:exe	Mahilig sa karneng baka ang mga taga-Batangas.\n
08182962-n	tgl:lemma	marami
08182962-n	tgl:exe	Marami ang mga Pilipinong nagtatrabaho sa Amerika.\n
08182379-n	tgl:lemma	marami
08182379-n	tgl:exe	Marami ang mga Pilipinong nagtatrabaho sa Amerika.\n
80000079-n	tgl:lemma	noong isang buwan
80000079-n	tgl:exe	Nanganak siya noong isang buwan.
10020890-n	tgl:lemma	doktor
10020890-n	tgl:exe	Doktor ang pinsan ni Emma.\n
10305802-n	tgl:lemma	doktor
10305802-n	tgl:exe	Doktor ang pinsan ni Emma.\n
03710193-n	tgl:lemma	buson
03710193-n	tgl:exe	Nasa kanto ang buson.\n
03989074-n	tgl:lemma	buson
03989074-n	tgl:exe	Nasa kanto ang buson.\n
15136147-n	tgl:lemma	linggo
15136147-n	tgl:exe	Mga dalawang linggo lang.
15169873-n	tgl:lemma	linggo
15169873-n	tgl:exe	Mga dalawang linggo lang.
15211806-n	tgl:lemma	Hunyo
15211806-n	tgl:exe	Sa Hunyo ang pasukan sa eskwelahan.\n
04489008-n	tgl:lemma	pantalon
04489008-n	tgl:exe	Makapal ang pantalon na suot ko.\n
04230808-n	tgl:lemma	palda
04230808-n	tgl:exe	Mahaba ang palda ni Mila.\n
08544813-n	tgl:lemma	bansa
08544813-n	tgl:exe	Namatay si Rizal para sa bansa natin.
08490199-n	tgl:lemma	bansa
08490199-n	tgl:exe	Namatay si Rizal para sa bansa natin.
00081737-r	tgl:lemma	taun-taon
00081737-r	tgl:exe	Halos walang pumapasa sa klase niya taun-taon.
00018158-v	tgl:lemma	gumising
00018158-v	tgl:exe	Tanghali na ako gumising kanina.\n
05538625-n	tgl:lemma	ulo
05538625-n	tgl:exe	Bilog ang ulo ng sanggol.\n
02418686-v	tgl:lemma	maglaro
02418686-v	tgl:exe	Puwede po ba akong maglaro pagkatapos ng misa? 
04965661-n	tgl:lemma	dilaw
04965661-n	tgl:exe	Dilaw ang paborito kong kulay.\n
02561888-a	tgl:lemma	masikip
02561888-a	tgl:exe	At masikip nga pala ang traysikel.
00476663-a	tgl:lemma	masikip
00476663-a	tgl:exe	At masikip nga pala ang traysikel.
05137165-n	tgl:lemma	taas
05137165-n	tgl:exe	Ilang metro rin ang taas ng bahay ni Jess?\n\n
05131647-n	tgl:lemma	taas
05131647-n	tgl:exe	Ilang metro rin ang taas ng bahay ni Jess?\n\n
00009966-r	tgl:lemma	paki～
00009966-r	tgl:exe	Pakisabi na lang ho ninyo kay Josie na dumating ako.
00009966-r	tgl:lemma	sige
00009966-r	tgl:exe	Sige, kumain ka na.\n
10103485-n	tgl:lemma	dayuhan
10103485-n	tgl:exe	Maraming dayuhan ang paroroon.\n
02958343-n	tgl:lemma	kotse
02958343-n	tgl:exe	Gusto ko ng bagong kotse.\n
03924069-n	tgl:lemma	plaka
03924069-n	tgl:exe	May mga binebentang lumang plaka sa Quiapo.\n
10332385-n	tgl:lemma	nanay
10332385-n	tgl:exe	Galing ho sa Kyoto ito, ipinadala na nanay ko. 
10332385-n	tgl:lemma	nanay
10332385-n	tgl:exe	Para kina Tatay at Nanay ito.
02410855-v	tgl:lemma	magtrabaho
02410855-v	tgl:exe	Nagtatrabaho sa ibang bansa ang ate kong nars.\n
07668702-n	tgl:lemma	karneng baboy
07668702-n	tgl:exe	Pakuluan mo muna ang karneng baboy hanggang sa lumambot.
00081836-n	tgl:lemma	pamimili
00081836-n	tgl:exe	Kasama niya ang katulong sa pamimili sa palengke.\n
04203889-n	tgl:lemma	pamimili
04203889-n	tgl:exe	Kasama niya ang katulong sa pamimili sa palengke.\n
13836136-n	tgl:lemma	kanluran
13836136-n	tgl:exe	Lumulubog ang araw sa kanluran.\n
02368336-a	tgl:lemma	matamis
02368336-a	tgl:exe	Matamis ba ang mangga?
04254777-n	tgl:lemma	medyas
04254777-n	tgl:exe	Nawalan ako ng medyas.
01845229-v	tgl:lemma	maglakbay
01845229-v	tgl:exe	Naglakbay kami nang matagal sa disyerto.\n
01846916-v	tgl:lemma	maglakbay
01846916-v	tgl:exe	Naglakbay kami nang matagal sa disyerto.\n
01845720-v	tgl:lemma	maglakbay
01845720-v	tgl:exe	Naglakbay kami nang matagal sa disyerto.\n
00061203-r	tgl:lemma	likod
00061203-r	tgl:exe	Huwag kang maglakad sa likod ko.
10112591-n	tgl:lemma	kaibigan
10112591-n	tgl:exe	Si Totoy ay matalik kong kaibigan.
08588294-n	tgl:lemma	loob
08588294-n	tgl:exe	Maaliwalas sa loob ng bahay ni Nene.\n
08588152-n	tgl:lemma	loob
08588152-n	tgl:exe	Maaliwalas sa loob ng bahay ni Nene.\n
77000021-n	tgl:lemma	ikaw
77000021-n	tgl:exe	Ikaw?
77000021-n	tgl:lemma	ikaw
77000021-n	tgl:exe	Bakit ikaw ang nagreregalo?
02771169-v	tgl:lemma	umaraw
02771169-v	tgl:exe	Sana umaraw naman bukas.
77000061-a	tgl:lemma	nito
77000061-a	tgl:exe	Putulin mo ang dulo nitong puno.
80001619-a	tgl:lemma	nito
80001619-a	tgl:exe	Putulin mo ang dulo nitong puno.
77000075-a	tgl:lemma	nito
77000075-a	tgl:exe	Putulin mo ang dulo nitong puno.
08649345-n	tgl:lemma	lapad
08649345-n	tgl:exe	Ilang metro ang lapad ng bahay?
08649345-n	tgl:lemma	tabi
08649345-n	tgl:exe	May mga bahay sa tabi ng ilog.\n
08649345-n	tgl:lemma	katabi
08649345-n	tgl:exe	Katabi ng Bangko ang Mcdo.\n
05136150-n	tgl:lemma	lapad
05136150-n	tgl:exe	Ilang metro ang lapad ng bahay?
15211484-n	tgl:lemma	Mayo
15211484-n	tgl:exe	Presko ang hangin kung Mayo sa Hapon.
05563770-n	tgl:lemma	bisig
05563770-n	tgl:exe	Malalaki ang mga bisig ng panday.\n
15165490-n	tgl:lemma	tanghali
15165490-n	tgl:exe	Tanghali na ako gumising kanina.\n
04272054-n	tgl:lemma	salamin sa mata
04272054-n	tgl:exe	Natapakan ko ang salamin sa mata ni Jean.\n
10287213-n	tgl:lemma	lalaki
10287213-n	tgl:exe	Hindi ko pa nakikilala ang type kong lalaki.
09624168-n	tgl:lemma	lalaki
09624168-n	tgl:exe	Hindi ko pa nakikilala ang type kong lalaki.
15164105-n	tgl:lemma	Martes
15164105-n	tgl:exe	Wala akong pasok tuwing Martes.
77000099-n	tgl:lemma	lahat
77000099-n	tgl:exe	Mabuti kaming lahat.
00479391-v	tgl:lemma	burahin
00479391-v	tgl:exe	Binura ko ang mga nakasulat sa pisara.\n
03238879-n	tgl:lemma	kamisadentro
03238879-n	tgl:exe	Puti ang suot na kamisadentro ni Tony.\n
02412164-a	tgl:lemma	manipis
02412164-a	tgl:exe	Manipis lang na libro ang kasya sa bag ko.\n
02414188-a	tgl:lemma	manipis
02414188-a	tgl:exe	Manipis lang na libro ang kasya sa bag ko.\n
08489627-n	tgl:lemma	doon
08489627-n	tgl:exe	Matagal na rin akong hindi nakapunta doon.
01168468-v	tgl:lemma	kumain
01168468-v	tgl:exe	Mamasyal muna tayo rito sa Chinatown bago tayo kumain.
01166351-v	tgl:lemma	kumain
01166351-v	tgl:exe	Mamasyal muna tayo rito sa Chinatown bago tayo kumain.
01179865-v	tgl:lemma	kumain
01179865-v	tgl:exe	Mamasyal muna tayo rito sa Chinatown bago tayo kumain.
15122231-n	tgl:lemma	pag
15122231-n	tgl:exe	Masayang masaya sa bayan namin pag may piesta.
02818832-n	tgl:lemma	kama
02818832-n	tgl:exe	Matulog ka sa kama mo, huwag sa sahig.
90000503-n	tgl:lemma	sa isang taon
90000503-n	tgl:exe	Aalis papuntang Canada sa isang taon ang kapatid ko.\n
08168367-n	tgl:lemma	ibang bansa
08168367-n	tgl:exe	Maraming mga Pilipinong nars sa ibang bansa.\n
02560548-a	tgl:lemma	malapad
02560548-a	tgl:exe	Malapad ang mesang ito.
01384212-a	tgl:lemma	malapad
01384212-a	tgl:exe	Malapad ang mesang ito.
01031256-v	tgl:lemma	ihulog
01031256-v	tgl:exe	Ihuhulog ko mamaya ang mga sulat para kay Nanay.\n
01995211-v	tgl:lemma	ihulog
01995211-v	tgl:exe	Ihuhulog ko mamaya ang mga sulat para kay Nanay.\n
00255710-n	tgl:lemma	paglalaba
00255710-n	tgl:exe	Hindi ko gusto ang paglalaba ng ating katulong.\n
07110457-n	tgl:lemma	pag-uusap
07110457-n	tgl:exe	Huwag kang makinig sa pag-uusap nila.\n
00893243-n	tgl:lemma	pag-uusap
00893243-n	tgl:exe	Huwag kang makinig sa pag-uusap nila.\n
07221094-n	tgl:lemma	pag-uusap
07221094-n	tgl:exe	Huwag kang makinig sa pag-uusap nila.\n
07139316-n	tgl:lemma	pag-uusap
07139316-n	tgl:exe	Huwag kang makinig sa pag-uusap nila.\n
00031798-r	tgl:lemma	na
00031798-r	tgl:exe	Aba, eto na pala siya!
07555863-n	tgl:lemma	pagkain
07555863-n	tgl:exe	Sa susunod, mag-iingat ka sa pagkain.
07560652-n	tgl:lemma	pagkain
07560652-n	tgl:exe	Sa susunod, mag-iingat ka sa pagkain.
00157412-r	tgl:lemma	paminsan-minsan
00157412-r	tgl:exe	Dalawin mo naman kami dito paminsan-minsan.\n
00021212-r	tgl:lemma	paminsan-minsan
00021212-r	tgl:exe	Dalawin mo naman kami dito paminsan-minsan.\n
03740161-n	tgl:lemma	gamot
03740161-n	tgl:exe	Gamot para sa hika ang mga ito.
02318272-a	tgl:lemma	tuwid
02318272-a	tgl:exe	Tuwid na tuwid umupo ang mga binata dito.
02310895-a	tgl:lemma	tuwid
02310895-a	tgl:exe	Tuwid na tuwid umupo ang mga binata dito.
02314584-a	tgl:lemma	tuwid
02314584-a	tgl:exe	Tuwid na tuwid umupo ang mga binata dito.
10787470-n	tgl:lemma	babae
10787470-n	tgl:exe	Ilan ang lalaki at ilan ang babae?
10736091-n	tgl:lemma	tito
10736091-n	tgl:exe	Isang abogado ang tito ko.\n
04404997-n	tgl:lemma	kamera
04404997-n	tgl:exe	Mura lang ang binili kong kamera kahapon.
02942699-n	tgl:lemma	kamera
02942699-n	tgl:exe	Mura lang ang binili kong kamera kahapon.
04370048-n	tgl:lemma	sweater
04370048-n	tgl:exe	Paborito ko ang kulay asul na sweater.\n
02626604-v	tgl:lemma	maging
02626604-v	tgl:exe	Gusto ko ho sana siyang maging partner ko.
02623529-v	tgl:lemma	maging
02623529-v	tgl:exe	Gusto ko ho sana siyang maging partner ko.
04398497-n	tgl:lemma	coffee shop
04398497-n	tgl:exe	Madalas pumunta sa coffee shop ang mga estudyante.\n
00081591-r	tgl:lemma	linggu-linggo
00081591-r	tgl:exe	Linggu-linggo silang nagbabasketbol sa gym.\n
01535246-v	tgl:lemma	maghugas
01535246-v	tgl:exe	Naghuhugas ang kuya ko ng pinggan.\n
01535246-v	tgl:lemma	maglaba
01535246-v	tgl:exe	Ayaw kong maglaba ng maong.\n
00036362-v	tgl:lemma	maghugas
00036362-v	tgl:exe	Naghuhugas ang kuya ko ng pinggan.\n
01536168-v	tgl:lemma	maghugas
01536168-v	tgl:exe	Naghuhugas ang kuya ko ng pinggan.\n
00606093-v	tgl:lemma	mag-ensayo
00606093-v	tgl:exe	Madalas mag-ensayo sa umaga ang mga manlalaro.\n
01723224-v	tgl:lemma	mag-ensayo
01723224-v	tgl:exe	Madalas mag-ensayo sa umaga ang mga manlalaro.\n
15156187-n	tgl:lemma	kahapon
15156187-n	tgl:exe	Wala ka yata kahapon sa klase.
01919428-a	tgl:lemma	tahimik
01919428-a	tgl:exe	Tahimik na lugar ang sementeryo.\n
01918984-a	tgl:lemma	tahimik
01918984-a	tgl:exe	Tahimik na lugar ang sementeryo.\n
04437953-n	tgl:lemma	relo
04437953-n	tgl:exe	Nawalan ako ng relo ko.
03046257-n	tgl:lemma	relo
03046257-n	tgl:exe	Nawalan ako ng relo ko.
04350905-n	tgl:lemma	amerikana
04350905-n	tgl:exe	Salamat ho, pero puwede rin ho bang mahiram ang amerikana ni Mang Celso?
00409440-a	tgl:lemma	madilim
00409440-a	tgl:exe	Palaging madilim ang kulay ng damit ni Tuting.\n
00842199-a	tgl:lemma	malakas
00842199-a	tgl:exe	Malakas ang ulan kahapon.\n
15163979-n	tgl:lemma	Lunes
15163979-n	tgl:exe	Pag Lunes at Huwebes, Pilipino at Math, mula alas otso y medya ng umaga hanggang ala una ng hapon.
00059413-r	tgl:lemma	madalas
00059413-r	tgl:exe	Madalas kaming mag-aral sa aklatan.\n
00035058-r	tgl:lemma	madalas
00035058-r	tgl:exe	Madalas kaming mag-aral sa aklatan.\n
05687338-n	tgl:lemma	tanong
05687338-n	tgl:exe	Mahirap ang mga tanong sa exam kanina.
06784003-n	tgl:lemma	tanong
06784003-n	tgl:exe	Mahirap ang mga tanong sa exam kanina.
03281145-n	tgl:lemma	elebeytor
03281145-n	tgl:exe	Nahihilo ako kapag sumasakay ng elebeytor.\n
05320899-n	tgl:lemma	tenga
05320899-n	tgl:exe	Nasugatan siya sa tenga niya.
00007846-n	tgl:lemma	sino
00007846-n	tgl:exe	Sino sa inyo ang may kotse?
03436182-n	tgl:lemma	radyo
03436182-n	tgl:exe	Nasira ang radyo ko sa bahay.\n
04284002-n	tgl:lemma	kutsara
04284002-n	tgl:exe	Mahal ang kutsarang pilak.
13134947-n	tgl:lemma	prutas
13134947-n	tgl:exe	Ano ang pinakapaborito mong prutas?
11683989-n	tgl:lemma	prutas
11683989-n	tgl:exe	Ano ang pinakapaborito mong prutas?
02730813-v	tgl:lemma	magsabi
02730813-v	tgl:exe	Sabihin mo ang iyong gusto.
01009240-v	tgl:lemma	magsabi
01009240-v	tgl:exe	Sabihin mo ang iyong gusto.
00941990-v	tgl:lemma	magsabi
00941990-v	tgl:exe	Sabihin mo ang iyong gusto.
00979870-v	tgl:lemma	magsabi
00979870-v	tgl:exe	Sabihin mo ang iyong gusto.
09854218-n	tgl:lemma	kapatid na babae
09854218-n	tgl:exe	Tatlo ang kapatid na babae ni Mario.\n
04507155-n	tgl:lemma	payong
04507155-n	tgl:exe	Magdala ka ng payong, kasi uulan daw mamaya.
02229324-a	tgl:lemma	hindi mahusay
02229324-a	tgl:exe	Hindi mahusay sa Math si Ella.\n
01870636-a	tgl:lemma	hindi mahusay
01870636-a	tgl:exe	Hindi mahusay sa Math si Ella.\n
01128103-a	tgl:lemma	hindi mahusay
01128103-a	tgl:exe	Hindi mahusay sa Math si Ella.\n
02229000-a	tgl:lemma	hindi mahusay
02229000-a	tgl:exe	Hindi mahusay sa Math si Ella.\n
15270431-n	tgl:lemma	oras
15270431-n	tgl:exe	Mga dalawang oras pa ho.
15227846-n	tgl:lemma	oras
15227846-n	tgl:exe	Mga dalawang oras pa ho.
15269513-n	tgl:lemma	oras
15269513-n	tgl:exe	Mga dalawang oras pa ho.
00744916-a	tgl:lemma	mahirap
00744916-a	tgl:exe	Mahirap na problema iyan. 
04401088-n	tgl:lemma	telepono
04401088-n	tgl:exe	Mayroong tatlong telepono sa opis namin.
06272803-n	tgl:lemma	telepono
06272803-n	tgl:exe	Mayroong tatlong telepono sa opis namin.
02870092-n	tgl:lemma	libro
02870092-n	tgl:exe	Ayaw kong ipahiram ang libro ko sa kanya.\n
06410904-n	tgl:lemma	libro
06410904-n	tgl:exe	Ayaw kong ipahiram ang libro ko sa kanya.\n
09972010-n	tgl:lemma	pinsan
09972010-n	tgl:exe	Bakit ka narito sa kasal ng pinsan ko?
14974264-n	tgl:lemma	papel
14974264-n	tgl:exe	Napunit ang papel ko.\n
80000677-n	tgl:lemma	papel
80000677-n	tgl:exe	Napunit ang papel ko.\n
06255777-n	tgl:lemma	papel
06255777-n	tgl:exe	Napunit ang papel ko.\n
04960277-n	tgl:lemma	itim
04960277-n	tgl:exe	Itim ang kulay ng buhok ng mga Filipino.\n
02770717-v	tgl:lemma	maging maulap
02770717-v	tgl:exe	Magiging maulap ang kalangitan bukas ng hapon.\n
02529945-a	tgl:lemma	presko
02529945-a	tgl:exe	Presko ang pakiramdam pagkatapos maligo.\n
02207206-v	tgl:lemma	bumili
02207206-v	tgl:exe	Bumibili ako ng isda sa palengke araw-araw.\n
02208265-v	tgl:lemma	bumili
02208265-v	tgl:exe	Bumibili ako ng isda sa palengke araw-araw.\n
00422620-a	tgl:lemma	marumi
00422620-a	tgl:exe	Marumi rin ang tubig kaya baka tayo magkasakit. 
01908889-a	tgl:lemma	marumi
01908889-a	tgl:exe	Marumi rin ang tubig kaya baka tayo magkasakit. 
00419289-a	tgl:lemma	marumi
00419289-a	tgl:exe	Marumi rin ang tubig kaya baka tayo magkasakit. 
01345109-v	tgl:lemma	isara
01345109-v	tgl:exe	Isara mo ang pinto dahil malamig.\n
01960911-v	tgl:lemma	lumangoy
01960911-v	tgl:exe	Parang bakang lumalangoy, ano?
00933154-a	tgl:lemma	mahal
00933154-a	tgl:exe	Ang mahal naman!
04199027-n	tgl:lemma	sapatos
04199027-n	tgl:exe	Hindi mo kailangang hubarin ang sapatos mo. 
04330340-n	tgl:lemma	kalan
04330340-n	tgl:exe	Linisin mo ang kalan mamaya.\n
07823951-n	tgl:lemma	curry
07823951-n	tgl:exe	Maanghang ang curry sa Chap-chap.\n
05598147-n	tgl:lemma	ilong
05598147-n	tgl:exe	Malapad ang ilong ko.
05658826-n	tgl:lemma	ilong
05658826-n	tgl:exe	Malapad ang ilong ko.
06947032-n	tgl:lemma	Ingles
06947032-n	tgl:exe	Apat, bukod sa Tagalog at Ingles.
07575726-n	tgl:lemma	hapunan
07575726-n	tgl:exe	Ano ang ulam natin mamayang hapunan?\n
07575726-n	tgl:lemma	hapunan
07575726-n	tgl:exe	Ano ang ulam natin mamayang hapunan?\n
03485794-n	tgl:lemma	panyo
03485794-n	tgl:exe	Bawal magbigay ng panyo bilang regalo.\n
01198101-v	tgl:lemma	manigarilyo
01198101-v	tgl:exe	Bawal manigarilyo sa loob ng gusali.\n
02741003-v	tgl:lemma	isabit
02741003-v	tgl:exe	Isabit mo na lang sa balikat mo iyang bag.\n
01206474-a	tgl:lemma	mababa
01206474-a	tgl:exe	Mababa lang ang nakuha ko sa test kahapon.\n
13832355-n	tgl:lemma	silangan
13832355-n	tgl:exe	Sumisikat ang araw sa silangan.\n
11525955-n	tgl:lemma	hangin
11525955-n	tgl:exe	Presko ang hangin sa tabing-dagat.\n
02324182-v	tgl:lemma	ipahiram
02324182-v	tgl:exe	Ayaw kong ipahiram ang libro ko sa kanya.\n
01437963-a	tgl:lemma	mahaba
01437963-a	tgl:exe	Mukhang elegante ka sa mahabang buhok, kasi mataba ang mukha mo.
01433493-a	tgl:lemma	mahaba
01433493-a	tgl:exe	Mukhang elegante ka sa mahabang buhok, kasi mataba ang mukha mo.
01444022-a	tgl:lemma	mahaba
01444022-a	tgl:exe	Mukhang elegante ka sa mahabang buhok, kasi mataba ang mukha mo.
80001077-n	tgl:lemma	ilan
80001077-n	tgl:exe	Ilan ho ang mayroon sa isang kilo?
80001077-n	tgl:lemma	magkano
80001077-n	tgl:exe	Magkano ang kailangan mo?
10665698-n	tgl:lemma	estudyante
10665698-n	tgl:exe	Kaunti ang mga estudyante sa aklatan.\n
10665698-n	tgl:lemma	estudyante
10665698-n	tgl:exe	Estudyante si Lita.
10251779-n	tgl:lemma	estudyante
10251779-n	tgl:exe	Kaunti ang mga estudyante sa aklatan.\n
08615374-n	tgl:lemma	park
08615374-n	tgl:exe	Pumupunta kami sa park tuwing Linggo.\n
77000064-n	tgl:lemma	alin
77000064-n	tgl:exe	Aling pasalubong ang para sa akin?
03290771-n	tgl:lemma	pintuan
03290771-n	tgl:exe	May mga halaman sa pintuan ng kapitbahay ko.\n
03290771-n	tgl:lemma	pasukan
03290771-n	tgl:exe	Malayo mula rito ang pasukan ng supermarket.\n
06409752-n	tgl:lemma	komposisyon
06409752-n	tgl:exe	Marami akong homework na komposisyon.\n
10286084-n	tgl:lemma	kapatid
10286084-n	tgl:exe	Mayroon ka bang kapatid, Margie?
09876454-n	tgl:lemma	kapatid
09876454-n	tgl:exe	Mayroon ka bang kapatid, Margie?
80001731-n	tgl:lemma	dayuhang-mag-aaral
80001731-n	tgl:exe	Maraming mga dayuhang-mag-aaral sa Tokyo University.\n
77000031-n	tgl:lemma	sila
77000031-n	tgl:exe	Magnobyo na ba sila?
00934199-a	tgl:lemma	mura
00934199-a	tgl:exe	Mura na ho iyan.
00935103-a	tgl:lemma	mura
00935103-a	tgl:exe	Mura na ho iyan.
02747802-n	tgl:lemma	ashtray
02747802-n	tgl:exe	Pakilinisan ang ashtray pagkatapos mong manigarilyo.\n
15213115-n	tgl:lemma	Oktubre
15213115-n	tgl:exe	Wala akong ginagawa ngayong Oktubreng ito.
15203791-n	tgl:lemma	taon
15203791-n	tgl:exe	Isang buwan ako na walang suweldo noong isang taon.\n
03619890-n	tgl:lemma	kusina
03619890-n	tgl:exe	Nabasag ang baso sa kusina.\n
00273734-v	tgl:lemma	magturo
00273734-v	tgl:exe	Nagtuturo siya sa UP.\n
00829107-v	tgl:lemma	magturo
00829107-v	tgl:exe	Nagtuturo siya sa UP.\n
00963570-v	tgl:lemma	magsalita
00963570-v	tgl:exe	Marunong ka bang magsalita ng wikang Hapon?\n
00815686-v	tgl:lemma	sumagot
00815686-v	tgl:exe	Sino ang sumagot sa tanong mo?\n
00635523-v	tgl:lemma	sumagot
00635523-v	tgl:exe	Sino ang sumagot sa tanong mo?\n
03417345-n	tgl:lemma	halamanan
03417345-n	tgl:exe	Maliit lang ang halamanan namin sa probinsya.\n
03417749-n	tgl:lemma	halamanan
03417749-n	tgl:exe	Maliit lang ang halamanan namin sa probinsya.\n
01775164-v	tgl:lemma	gustung-gusto
01775164-v	tgl:exe	Gustung-gusto ko talaga ang mga kanta ni Jaya.\n
01828736-v	tgl:lemma	gustung-gusto
01828736-v	tgl:exe	Gustung-gusto ko talaga ang mga kanta ni Jaya.\n
06418901-n	tgl:lemma	diksyunaryo
06418901-n	tgl:exe	Ilan ang ginagamit mong diksyunaryo sa pag-aaral ng Tagalog?\n
15164570-n	tgl:lemma	Sabado
15164570-n	tgl:exe	Sa Sabado ang susunod na miting natin.
00284798-n	tgl:lemma	pamamasyal
00284798-n	tgl:exe	Kasama nila ang aso sa pamamasyal.\n
00284101-n	tgl:lemma	pamamasyal
00284101-n	tgl:exe	Kasama nila ang aso sa pamamasyal.\n
01712704-v	tgl:lemma	gawin
01712704-v	tgl:exe	Ano naman ang gagawin mo sa Baguio?
08277393-n	tgl:lemma	eskuwelahan
08277393-n	tgl:exe	Malayo ang eskuwelahan sa aming bahay.\n
08276720-n	tgl:lemma	eskuwelahan
08276720-n	tgl:exe	Malayo ang eskuwelahan sa aming bahay.\n
00161630-r	tgl:lemma	dahan-dahan
00161630-r	tgl:exe	Ibaba mo nang dahan-dahan ang baril mo.\n
90000506-n	tgl:lemma	noong isang linggo
90000506-n	tgl:exe	Nagkasakit siya noong isang linggo.
03057021-n	tgl:lemma	jacket
03057021-n	tgl:exe	Nakita mo ba ang jacket ni Rudy?\n
03057021-n	tgl:lemma	panlamig
03057021-n	tgl:exe	Nakalimutan ko sa bahay ang aking panlamig.\n
03589791-n	tgl:lemma	jacket
03589791-n	tgl:exe	Nakita mo ba ang jacket ni Rudy?\n
06929279-n	tgl:lemma	Hapon
06929279-n	tgl:exe	Sinubukan kong mag-aral ng wikang Hapon sa kolehiyo.\n
03303965-n	tgl:lemma	labasan
03303965-n	tgl:exe	Hindi ko makita ang labasan sa istasyon ng tren.\n
10142391-n	tgl:lemma	lolo
10142391-n	tgl:exe	Ryan, pupunta tayo sa libing ng lolo mo ngayon. 
07934530-n	tgl:lemma	tsaa
07934530-n	tgl:exe	Umiinom ako ng tsaa kapag may lagnat ako.\n
07933274-n	tgl:lemma	tsaa
07933274-n	tgl:exe	Umiinom ako ng tsaa kapag may lagnat ako.\n
07933274-n	tgl:lemma	green tea
07933274-n	tgl:exe	Umiinom siya ng green tea pagkatapos kumain.\n
07989373-n	tgl:lemma	mag-asawa
07989373-n	tgl:exe	Maraming mag-asawa ang nakatira sa bayan namin.\n
10146559-n	tgl:lemma	tindahan ng gulay
10146559-n	tgl:exe	Maraming tindahan ng gulay sa palengke ng Baguio.\n
03457686-n	tgl:lemma	tindahan ng gulay
03457686-n	tgl:exe	Maraming tindahan ng gulay sa palengke ng Baguio.\n
03147509-n	tgl:lemma	tasa
03147509-n	tgl:exe	Bigyan mo ako ng isang tasang kape.
03972524-n	tgl:lemma	bulsa
03972524-n	tgl:exe	Nabutas ang bulsa ko dahil sa mga barya.\n
04968895-n	tgl:lemma	asul
04968895-n	tgl:exe	Kulay asul ang Manila Bay dati.\n
01555416-a	tgl:lemma	kakaunti
01555416-a	tgl:exe	Kakaunti lang ang kinain ko sa party.\n
01552885-a	tgl:lemma	kakaunti
01552885-a	tgl:exe	Kakaunti lang ang kinain ko sa party.\n
00017865-v	tgl:lemma	matulog
00017865-v	tgl:exe	Una, matulog ka muna.
00450147-a	tgl:lemma	malapit
00450147-a	tgl:exe	Malapit lang sa eskuwelahan ang bahay nina Lito.\n
00444519-a	tgl:lemma	malapit
00444519-a	tgl:exe	Malapit lang sa eskuwelahan ang bahay nina Lito.\n
00445169-a	tgl:lemma	malapit
00445169-a	tgl:exe	Malapit lang sa eskuwelahan ang bahay nina Lito.\n
00584367-n	tgl:lemma	trabaho
00584367-n	tgl:exe	Maaga pa ho ang trabaho ko bukas.
07574602-n	tgl:lemma	almusal
07574602-n	tgl:exe	Kumain ng almusal si Pedro bago pumasok sa trabaho.\n
08078020-n	tgl:lemma	pamilya
08078020-n	tgl:exe	Malungkot ang aking pamilya sa aking pag-alis.\n
10236304-n	tgl:lemma	pamilya
10236304-n	tgl:exe	Malungkot ang aking pamilya sa aking pag-alis.\n
07970406-n	tgl:lemma	pamilya
07970406-n	tgl:exe	Malungkot ang aking pamilya sa aking pag-alis.\n
07970406-n	tgl:lemma	tahanan
07970406-n	tgl:exe	Lumaki ako sa isang masayang tahanan.\n
04197391-n	tgl:lemma	polo
04197391-n	tgl:exe	Marumi ang kuwelyo ng polo ni Boboy.\n
09918248-n	tgl:lemma	bata
09918248-n	tgl:exe	Kuwarto ng mga bata ito. 
12212361-n	tgl:lemma	gulay
12212361-n	tgl:exe	Paborito kong gulay iyan, eh.
07707451-n	tgl:lemma	gulay
07707451-n	tgl:exe	Paborito kong gulay iyan, eh.
03365991-n	tgl:lemma	palapag
03365991-n	tgl:exe	Ilang palapag ang gusali ninyo?\n
00976508-a	tgl:lemma	mabilis
00976508-a	tgl:exe	Mas mabilis at mas mura kung sasakay tayo ng traysikel.
00981818-a	tgl:lemma	mabilis
00981818-a	tgl:exe	Mas mabilis at mas mura kung sasakay tayo ng traysikel.
00979862-a	tgl:lemma	mabilis
00979862-a	tgl:exe	Mas mabilis at mas mura kung sasakay tayo ng traysikel.
01367431-a	tgl:lemma	masigla
01367431-a	tgl:exe	Bigyan natin ng sigla ang ating pag-awit.
07644382-n	tgl:lemma	manok
07644382-n	tgl:exe	Hindi ako kumakain ng manok.
07644967-n	tgl:lemma	manok
07644967-n	tgl:exe	Hindi ako kumakain ng manok.
07813107-n	tgl:lemma	asin
07813107-n	tgl:exe	Lagyan mo rin ng asin.
07825972-n	tgl:lemma	toyo
07825972-n	tgl:exe	Maalat ang toyong nabili ko.\n
02005948-v	tgl:lemma	dumating
02005948-v	tgl:exe	Dumating sila dito kahapon.
02930766-n	tgl:lemma	taksi
02930766-n	tgl:exe	Siguraduhin mong gumagana ang metro ng taksi.\n
04371225-n	tgl:lemma	swimming pool
04371225-n	tgl:exe	Nilinisan niya kahapon ang swimming pool.\n
00604617-a	tgl:lemma	kombinyente
00604617-a	tgl:exe	Kombiniyente ang kompyuter lalo na sa opisina.\n
15237250-n	tgl:lemma	tag-init
15237250-n	tgl:exe	Pumupunta kami sa dagat tuwing tag-init.\n
03757138-n	tgl:lemma	subway
03757138-n	tgl:exe	Wala pang subway sa Pilipinas.\n
04349306-n	tgl:lemma	subway
04349306-n	tgl:exe	Wala pang subway sa Pilipinas.\n
77000090-n	tgl:lemma	paano
77000090-n	tgl:exe	Paano ho magluto ng sinigang na baboy?
80001331-x	tgl:lemma	paano
80001331-x	tgl:exe	Paano ho magluto ng sinigang na baboy?
77000104-n	tgl:lemma	kailan
77000104-n	tgl:exe	Kailan ka ba babalik dito?
04105893-n	tgl:lemma	apartment
04105893-n	tgl:exe	Mahal ang mga apartment sa Makati.\n
06415419-n	tgl:lemma	kuwaderno
06415419-n	tgl:exe	Kailangan ko ng anim na kuwaderno para sa eskwelahan.\n
01376705-a	tgl:lemma	sikat
01376705-a	tgl:exe	Naging sikat si Mariah Carey sa Pilipinas.\n
01375831-a	tgl:lemma	sikat
01375831-a	tgl:exe	Naging sikat si Mariah Carey sa Pilipinas.\n
00953216-v	tgl:lemma	magkuwento
00953216-v	tgl:exe	Nagkuwento ng katatakutan si Larry kagabi.\n
00962447-v	tgl:lemma	magkuwento
00962447-v	tgl:exe	Nagkuwento ng katatakutan si Larry kagabi.\n
02935891-n	tgl:lemma	kantin
02935891-n	tgl:exe	Masarap ang pagkain sa kantin ng aming eskwelahan.\n
01984902-v	tgl:lemma	umupo
01984902-v	tgl:exe	Huwag kang umupo sa sahig.\n
00120223-r	tgl:lemma	habang
00120223-r	tgl:exe	Nanood siya ng TV habang kumakain.\n
00120095-r	tgl:lemma	habang
00120095-r	tgl:exe	Nanood siya ng TV habang kumakain.\n
02386612-a	tgl:lemma	maliit
02386612-a	tgl:exe	Maliit lang ang apartment namin sa Maynila.\n
02386612-a	tgl:lemma	maikli
02386612-a	tgl:exe	Akala ko, mukhang bumata ako sa maikling buhok.
02345713-a	tgl:lemma	masama
02345713-a	tgl:exe	Hindi siya gumawa ng masama.
00478311-a	tgl:lemma	masama
00478311-a	tgl:exe	Hindi siya gumawa ng masama.
01174222-a	tgl:lemma	masama
01174222-a	tgl:exe	Hindi siya gumawa ng masama.
03025755-n	tgl:lemma	chopsticks
03025755-n	tgl:exe	Marunong ka bang gumamit ng chopsticks?\n
15166191-n	tgl:lemma	hapon
15166191-n	tgl:exe	Pag Lunes at Huwebes, Pilipino at Math, mula alas otso y medya ng umaga hanggang ala una ng hapon.
80000080-n	tgl:lemma	itong buwang ito
80000080-n	tgl:exe	Lilipat ng bahay sina Fe itong buwang ito.\n
06624161-n	tgl:lemma	sulat
06624161-n	tgl:exe	Naghulog ako ng sulat noong isang araw.\n
01909812-v	tgl:lemma	lumiko
01909812-v	tgl:exe	Bawal lumiko diyan sa kanto.\n
07929519-n	tgl:lemma	kape
07929519-n	tgl:exe	Nilalagyan ko ng asukal ang kape ko.\n
01729431-v	tgl:lemma	kumanta
01729431-v	tgl:exe	Sino ang kumakanta? Ang mga bata ang kumakanta.
11501381-n	tgl:lemma	ulan
11501381-n	tgl:exe	Ang lakas ng ulan!
07749582-n	tgl:lemma	limon
07749582-n	tgl:exe	Nilagyan ko ng limon ang tsaa.\n
90000511-n	tgl:lemma	kamakalawa
90000511-n	tgl:exe	Nag-swimming kami noong kamakalawa.\n
00118032-r	tgl:lemma	sige
00118032-r	tgl:exe	O sige, mag-ingat ka, ha.
00118032-r	tgl:lemma	kung ganoon
00118032-r	tgl:exe	Kung ganoon, tawagan mo na lang ako.\n
04468005-n	tgl:lemma	tren
04468005-n	tgl:exe	Hindi ko makita ang labasan sa istasyon ng tren.\n
77000002-n	tgl:lemma	kami
77000002-n	tgl:exe	Pupunta kami sa San Pablo sa Mahal na Araw. 
15206296-n	tgl:lemma	isang buwan
15206296-n	tgl:exe	Isang buwan ako na walang suweldo noong isang taon.\n
02834778-n	tgl:lemma	bisikleta
02834778-n	tgl:exe	Nawala ang bisikleta sa Luneta.\n
06597466-n	tgl:lemma	magasin
06597466-n	tgl:exe	Mahilig magbasa ng magasin ang ate ko.\n
06595351-n	tgl:lemma	magasin
06595351-n	tgl:exe	Mahilig magbasa ng magasin ang ate ko.\n
03704210-n	tgl:lemma	magasin
03704210-n	tgl:exe	Mahilig magbasa ng magasin ang ate ko.\n
08238463-n	tgl:lemma	klase
08238463-n	tgl:exe	Hindi. At marami ring assignments sa klase niya.
00050454-v	tgl:lemma	maghubad
00050454-v	tgl:exe	Huwag kang maghubad ng sapatos dito.\n
02649830-v	tgl:lemma	tumira
02649830-v	tgl:exe	Isang mammal na nakatira sa dagat sa Western Visayas at Palawan.
15155891-n	tgl:lemma	bukas
15155891-n	tgl:exe	May pista bukas.
04208936-n	tgl:lemma	shower
04208936-n	tgl:exe	Nag-shower ako kagabi bago matulog.\n
15213774-n	tgl:lemma	Disyembre
15213774-n	tgl:exe	Maraming Pilipino ang umuuwi kapag Disyembre.\n
00625119-v	tgl:lemma	magbasa
00625119-v	tgl:exe	Ayaw kong magbasa ng makakapal na libro.\n
02774152-n	tgl:lemma	bag
02774152-n	tgl:exe	Malaki ang bag na ginagamit ni Nene sa eskuwelahan.\n
02773037-n	tgl:lemma	bag
02773037-n	tgl:exe	Malaki ang bag na ginagamit ni Nene sa eskuwelahan.\n
13250542-n	tgl:lemma	pera
13250542-n	tgl:exe	Wala na akong pera.
13384557-n	tgl:lemma	pera
13384557-n	tgl:exe	Wala na akong pera.
05600637-n	tgl:lemma	mukha
05600637-n	tgl:exe	Ganiyang-ganiyan ang mukha ng tatay mo noong bata pa siya.\n
07597365-n	tgl:lemma	kendi
07597365-n	tgl:exe	Binigyan niya ang mga bata ng maraming kendi.
00024356-r	tgl:lemma	hindi
00024356-r	tgl:exe	Hindi. At marami ring assignments sa klase niya.
03176763-n	tgl:lemma	department istor
03176763-n	tgl:exe	Malaki ang bagong department istor sa Baguio.\n
01725051-v	tgl:lemma	tumugtog
01725051-v	tgl:exe	Tumutugtog ng gitara sa istasyon ng tren ang mga pulubi.\n
03388183-n	tgl:lemma	pontimpen
03388183-n	tgl:exe	May magandang pontimpen sa mesa ng lolo ko.\n\n
77000089-a	tgl:lemma	ganito
77000089-a	tgl:exe	Ganito pala magbiyahe dito sa Mountain Province.
15164354-n	tgl:lemma	Huwebes
15164354-n	tgl:exe	Pag Lunes at Huwebes, Pilipino at Math, mula alas otso y medya ng umaga hanggang ala una ng hapon.
00056916-r	tgl:lemma	sige
00056916-r	tgl:exe	Sige, kumain ka na.\n
00816481-a	tgl:lemma	mabagal
00816481-a	tgl:exe	Mabagal maglakad ang pagong ko.\n
01901186-a	tgl:lemma	mabagal
01901186-a	tgl:exe	Mabagal maglakad ang pagong ko.\n
04956594-n	tgl:lemma	kulay
04956594-n	tgl:exe	Dilaw ang paborito kong kulay.\n
04674968-n	tgl:lemma	kulay
04674968-n	tgl:exe	Dilaw ang paborito kong kulay.\n
07109730-n	tgl:lemma	wika
07109730-n	tgl:exe	Ilang wika ang alam mo?
06282651-n	tgl:lemma	wika
06282651-n	tgl:exe	Ilang wika ang alam mo?
00121135-r	tgl:lemma	ganiyan
00121135-r	tgl:exe	Huwag mo akong tanungin tungkol sa mga ganiyang bagay.\n
04962784-n	tgl:lemma	pula
04962784-n	tgl:exe	 Pula ang labi niya at makinis ang balat niya.
03871083-n	tgl:lemma	bagahe
03871083-n	tgl:exe	Nakalimutan ko ang bagahe ko sa loob ng tren.\n
02774630-n	tgl:lemma	bagahe
02774630-n	tgl:exe	Nakalimutan ko ang bagahe ko sa loob ng tren.\n
07891726-n	tgl:lemma	alak
07891726-n	tgl:exe	Bawal uminom ng alak ang mga bata.\n
07884567-n	tgl:lemma	alak
07884567-n	tgl:exe	Bawal uminom ng alak ang mga bata.\n
07891433-n	tgl:lemma	alak
07891433-n	tgl:exe	Bawal uminom ng alak ang mga bata.\n
15164463-n	tgl:lemma	Biyernes
15164463-n	tgl:exe	Wala akong pasok sa Biyernes.\n
03581125-n	tgl:lemma	krosing
03581125-n	tgl:exe	May aksidente sa krosing kaninang umaga.\n
02410393-a	tgl:lemma	makapal
02410393-a	tgl:exe	Makapal ang salamin ni Lorna.\n
02410393-a	tgl:lemma	mataba
02410393-a	tgl:exe	Kaya ka pala mataba!
02415390-a	tgl:lemma	makapal
02415390-a	tgl:exe	Makapal ang salamin ni Lorna.\n
02756821-v	tgl:lemma	umulan
02756821-v	tgl:exe	Umulan nang malakas kagabi.\n
02529264-a	tgl:lemma	mainit
02529264-a	tgl:exe	Masarap ang mainit na kape sa almusal.\n
01546111-v	tgl:lemma	tumayo
01546111-v	tgl:exe	Tumayo ka nang diretso.\n
10142747-n	tgl:lemma	lola
10142747-n	tgl:exe	Sana nga. Kung aaraw bukas, puwede tayong dumalaw sa lola.
07679356-n	tgl:lemma	tinapay
07679356-n	tgl:exe	Hindi ako naglalagay ng bater sa tinapay.\n
03259505-n	tgl:lemma	bahay
03259505-n	tgl:exe	Mayroon, doon sa bahay ng kaklase ko noong haiskul.
03544360-n	tgl:lemma	bahay
03544360-n	tgl:exe	Mayroon, doon sa bahay ng kaklase ko noong haiskul.
03544360-n	tgl:lemma	bahay
03544360-n	tgl:exe	Naroon yata siya sa bahay nina Fe.
08559508-n	tgl:lemma	bahay
08559508-n	tgl:exe	Mayroon, doon sa bahay ng kaklase ko noong haiskul.
08559508-n	tgl:lemma	bahay
08559508-n	tgl:exe	Naroon yata siya sa bahay nina Fe.
15210486-n	tgl:lemma	Pebrero
15210486-n	tgl:exe	Dumating siya noong nakaraang Pebrero.
15167349-n	tgl:lemma	gabi
15167349-n	tgl:exe	Gabi na.
15155747-n	tgl:lemma	gabi
15155747-n	tgl:exe	Gabi na.
15167027-n	tgl:lemma	gabi
15167027-n	tgl:exe	Gabi na.
15167027-n	tgl:lemma	kagabi
15167027-n	tgl:exe	Hindi ako nakatulog kagabi.
15167474-n	tgl:lemma	gabi
15167474-n	tgl:exe	Gabi na.
03438257-n	tgl:lemma	baso
03438257-n	tgl:exe	Nabasag ang baso sa kusina.\n
08613593-n	tgl:lemma	labas
08613593-n	tgl:exe	Teka, may tao yata sa labas.
03338821-n	tgl:lemma	film
03338821-n	tgl:exe	Mamaya na ako bibili ng film.\n
06613686-n	tgl:lemma	film
06613686-n	tgl:exe	Mamaya na ako bibili ng film.\n
06613686-n	tgl:lemma	sine
06613686-n	tgl:exe	Mahilig akong manood ng sine, pero ayaw kong manood ngayon.
06262567-n	tgl:lemma	film
06262567-n	tgl:exe	Mamaya na ako bibili ng film.\n
04096066-n	tgl:lemma	daan
04096066-n	tgl:exe	Masisikip ang mga daan sa loob ng UP.\n
15212739-n	tgl:lemma	Setyembre
15212739-n	tgl:exe	Wala pang pasok sa aming eskuwelahan sa Setyembre.
77000079-a	tgl:lemma	niyan
77000079-a	tgl:exe	Puwede ba akong humiram ng lapis na iyan?
14524198-n	tgl:lemma	maulap
14524198-n	tgl:exe	Maulap ngayon, kaya hindi mainit.
13828795-n	tgl:lemma	haba
13828795-n	tgl:exe	Sinukat mo ba ang haba ng kahon?\n
00543233-n	tgl:lemma	musika
00543233-n	tgl:exe	May talento siya sa musika.
05718556-n	tgl:lemma	musika
05718556-n	tgl:exe	May talento siya sa musika.
05718935-n	tgl:lemma	musika
05718935-n	tgl:exe	May talento siya sa musika.
07020895-n	tgl:lemma	musika
07020895-n	tgl:exe	May talento siya sa musika.
00409709-r	tgl:lemma	kalapit
00409709-r	tgl:exe	Nakatira siya sa isang kalapit na bayan.\n
08641113-n	tgl:lemma	kalapit
08641113-n	tgl:exe	Nakatira siya sa isang kalapit na bayan.\n
03112099-n	tgl:lemma	koridor
03112099-n	tgl:exe	Maingay sa koridor tuwing lunch break.\n
03661043-n	tgl:lemma	aklatan
03661043-n	tgl:exe	Hindi maaaring mag-ingay sa aklatan.\n
07840804-n	tgl:lemma	itlog
07840804-n	tgl:exe	Kumakain ako ng itlog sa almusal araw-araw.
90000502-n	tgl:lemma	ngayong taon
90000502-n	tgl:exe	Hindi masyadong mainit ang tag-init ngayong taon.
03908204-n	tgl:lemma	lapis
03908204-n	tgl:exe	Ilang lapis ang binili mo sa tindahang iyan?
14796748-n	tgl:lemma	lapis
14796748-n	tgl:exe	Ilang lapis ang binili mo sa tindahang iyan?
05282433-n	tgl:lemma	ngipin
05282433-n	tgl:exe	Masakit ang ngipin ko kagabi.
05282746-n	tgl:lemma	ngipin
05282746-n	tgl:exe	Masakit ang ngipin ko kagabi.
01649720-a	tgl:lemma	bata
01649720-a	tgl:exe	Napakabata naman ninyo!
01646941-a	tgl:lemma	bata
01646941-a	tgl:exe	Napakabata naman ninyo!
00514884-a	tgl:lemma	sa
00514884-a	tgl:exe	Siya ang pinakamagandang babae sa bayang ito.
00988232-a	tgl:lemma	payat
00988232-a	tgl:exe	Baka may sakit siya, kasi masyado siyang payat.
01029368-v	tgl:lemma	si
01029368-v	tgl:exe	Joey, siya si Tina, ang kababata ko. 
77000084-n	tgl:lemma	saan
77000084-n	tgl:exe	Saan ho tayo dadaan?
00220082-a	tgl:lemma	maganda
00220082-a	tgl:exe	Maganda ba siya? 
01586342-a	tgl:lemma	maganda
01586342-a	tgl:exe	Maganda ba siya? 
01586342-a	tgl:lemma	mabuti
01586342-a	tgl:exe	Mas mabuting magpasalamat ka kay Carmen.　　　　　　　　　　　　　　　　
01346003-v	tgl:lemma	buksan
01346003-v	tgl:exe	Huwag mong buksan ang bintana sa kuwarto.\n
09853467-n	tgl:lemma	kuya
09853467-n	tgl:exe	Wala akong kuya.
09853467-n	tgl:lemma	kuya
09853467-n	tgl:exe	Matangkad ang kuya ni Ben.\n
03102654-n	tgl:lemma	repridyereytor
03102654-n	tgl:exe	Malaki ang repridyereytor ng tiyo ko.\n
03273913-n	tgl:lemma	repridyereytor
03273913-n	tgl:exe	Malaki ang repridyereytor ng tiyo ko.\n
02399595-a	tgl:lemma	hindi masarap
02399595-a	tgl:exe	Hindi raw masarap ang balot.\n
01716971-a	tgl:lemma	hindi masarap
01716971-a	tgl:exe	Hindi raw masarap ang balot.\n
07845335-n	tgl:lemma	gatas
07845335-n	tgl:exe	Umiinom siya ng gatas bago matulog.\n
07844042-n	tgl:lemma	gatas
07844042-n	tgl:exe	Umiinom siya ng gatas bago matulog.\n
10780632-n	tgl:lemma	asawa
10780632-n	tgl:exe	Wala siyang asawa.\n
10780632-n	tgl:lemma	asawa
10780632-n	tgl:exe	Ipapakilala ko sa iyo ang aking asawa.\n
08625462-n	tgl:lemma	kaliwa
08625462-n	tgl:exe	Ang tao ay may kanan at kaliwang kamay.
90000508-n	tgl:lemma	sa isang linggo
90000508-n	tgl:exe	Siguro mababayaran na kita sa isang linggo.
01848718-v	tgl:lemma	pumunta
01848718-v	tgl:exe	Balak kong pumunta sa Baguio.
06518719-n	tgl:lemma	tiket
06518719-n	tgl:exe	Mahal ang tiket ng tren sa Hapon.
01470670-v	tgl:lemma	magkita
01470670-v	tgl:exe	O magkita tayo sa laybrari mamayang alas tres!
02428924-v	tgl:lemma	magkita
02428924-v	tgl:exe	O magkita tayo sa laybrari mamayang alas tres!
10285313-n	tgl:lemma	batang lalaki
10285313-n	tgl:exe	Naglalaro ang mga batang lalaki sa kalye.\n
03542333-n	tgl:lemma	otel
03542333-n	tgl:exe	Ito ang pinakasikat na otel sa Pilipinas.
02913152-n	tgl:lemma	gusali
02913152-n	tgl:exe	Matataas ang mga gusali sa Shinjuku.\n
07649854-n	tgl:lemma	karne
07649854-n	tgl:exe	Pakuluan mo muna ang karneng baboy hanggang sa lumambot.
09397391-n	tgl:lemma	lawa
09397391-n	tgl:exe	Malalim ang lawa sa Taal.\n
07935152-n	tgl:lemma	green tea
07935152-n	tgl:exe	Umiinom siya ng green tea pagkatapos kumain.\n
03082979-n	tgl:lemma	kompyuter
03082979-n	tgl:exe	Kombiniyente ang kompyuter lalo na sa opisina.\n
00312553-n	tgl:lemma	paglalakbay
00312553-n	tgl:exe	Kailangan natin ng malaking halaga para sa paglalakbay na ito.\n
04043733-n	tgl:lemma	radyo
04043733-n	tgl:exe	Nakikinig ako ng balita sa radyo.\n
01442186-a	tgl:lemma	maikli
01442186-a	tgl:exe	Akala ko, mukhang bumata ako sa maikling buhok.
01436003-a	tgl:lemma	maikli
01436003-a	tgl:exe	Akala ko, mukhang bumata ako sa maikling buhok.
01442826-a	tgl:lemma	maikli
01442826-a	tgl:exe	Akala ko, mukhang bumata ako sa maikling buhok.
14513694-n	tgl:lemma	tahanan
14513694-n	tgl:exe	Lumaki ako sa isang masayang tahanan.\n
02808440-n	tgl:lemma	banyo
02808440-n	tgl:exe	Marumi ang banyo sa dormitoryo.\n
02807731-n	tgl:lemma	banyo
02807731-n	tgl:exe	Marumi ang banyo sa dormitoryo.\n
15274074-n	tgl:lemma	bakasyon
15274074-n	tgl:exe	Hi Carol, kumusta ang bakasyon mo?
15183428-n	tgl:lemma	bakasyon
15183428-n	tgl:exe	Hi Carol, kumusta ang bakasyon mo?
15137890-n	tgl:lemma	bakasyon
15137890-n	tgl:exe	Hi Carol, kumusta ang bakasyon mo?
00027918-r	tgl:lemma	pa
00027918-r	tgl:exe	Wala pa si Josie.
00031304-r	tgl:lemma	pa
00031304-r	tgl:exe	Wala pa si Josie.
03925226-n	tgl:lemma	letrato
03925226-n	tgl:exe	Kunan mo ng letrato ang pamilya mo.\n
03931044-n	tgl:lemma	letrato
03931044-n	tgl:exe	Kunan mo ng letrato ang pamilya mo.\n
04248607-n	tgl:lemma	letrato
04248607-n	tgl:exe	Kunan mo ng letrato ang pamilya mo.\n
15164233-n	tgl:lemma	Miyerkoles
15164233-n	tgl:exe	Wala tayong klase sa Miyerkoles, di ba?
11524662-n	tgl:lemma	panahon
11524662-n	tgl:exe	Masama raw ang panahon bukas.\n
07193184-n	tgl:lemma	tanong
07193184-n	tgl:exe	Ano ba ang tanong mo sa kanya kanina?\n
07196682-n	tgl:lemma	tanong
07196682-n	tgl:exe	Ano ba ang tanong mo sa kanya kanina?\n
05797597-n	tgl:lemma	tanong
05797597-n	tgl:exe	Ano ba ang tanong mo sa kanya kanina?\n
07193596-n	tgl:lemma	tanong
07193596-n	tgl:exe	Ano ba ang tanong mo sa kanya kanina?\n
01904930-v	tgl:lemma	maglakad
01904930-v	tgl:exe	O sige. Lalakad ba tayo?
03383948-n	tgl:lemma	tinidor
03383948-n	tgl:exe	Ipakikuha mo nga ako ng isang tinidor.
08286569-n	tgl:lemma	unibersidad
08286569-n	tgl:exe	Nakapag-aral si Letty sa isang sikat na unibersidad.\n
08286163-n	tgl:lemma	unibersidad
08286163-n	tgl:exe	Nakapag-aral si Letty sa isang sikat na unibersidad.\n
08278169-n	tgl:lemma	unibersidad
08278169-n	tgl:exe	Nakapag-aral si Letty sa isang sikat na unibersidad.\n
01000214-v	tgl:lemma	sumulat
01000214-v	tgl:exe	Sumulat ka sa nanay mo para hindi siya mag-alala.\n
02471690-v	tgl:lemma	sumulat
02471690-v	tgl:exe	Sumulat ka sa nanay mo para hindi siya mag-alala.\n
01020356-v	tgl:lemma	sumulat
01020356-v	tgl:exe	Sumulat ka sa nanay mo para hindi siya mag-alala.\n
01691057-v	tgl:lemma	sumulat
01691057-v	tgl:exe	Sumulat ka sa nanay mo para hindi siya mag-alala.\n
01698271-v	tgl:lemma	sumulat
01698271-v	tgl:exe	Sumulat ka sa nanay mo para hindi siya mag-alala.\n
01020934-v	tgl:lemma	sumulat
01020934-v	tgl:exe	Sumulat ka sa nanay mo para hindi siya mag-alala.\n
00993014-v	tgl:lemma	sumulat
00993014-v	tgl:exe	Sumulat ka sa nanay mo para hindi siya mag-alala.\n
03822171-n	tgl:lemma	dyaryo
03822171-n	tgl:exe	Nagbabasa ako ng dyaryo araw-araw.\n
06267145-n	tgl:lemma	dyaryo
06267145-n	tgl:exe	Nagbabasa ako ng dyaryo araw-araw.\n
14961722-n	tgl:lemma	dyaryo
14961722-n	tgl:exe	Nagbabasa ako ng dyaryo araw-araw.\n
07197021-n	tgl:lemma	eksam
07197021-n	tgl:exe	Gaano karami ang mga eksam mo ngayong semestre?\n
00158309-r	tgl:lemma	ganiyang-ganiyan
00158309-r	tgl:exe	Ganiyang-ganiyan ang mukha ng tatay mo noong bata pa siya.\n
00002621-r	tgl:lemma	ganiyang-ganiyan
00002621-r	tgl:exe	Ganiyang-ganiyan ang mukha ng tatay mo noong bata pa siya.\n
00002950-r	tgl:lemma	ganiyang-ganiyan
00002950-r	tgl:exe	Ganiyang-ganiyan ang mukha ng tatay mo noong bata pa siya.\n
00119568-n	tgl:lemma	lumipad
00119568-n	tgl:exe	Ang ibon ay lumipad na patimog.
08145553-n	tgl:lemma	pos opis
08145553-n	tgl:exe	Maraming tao kanina sa pos opis.\n
15237044-n	tgl:lemma	tagsibol
15237044-n	tgl:exe	Maraming bulaklak ang namumukadkad tuwing tagsibol.\n
01270199-v	tgl:lemma	maglaba
01270199-v	tgl:exe	Ayaw kong maglaba ng maong.\n
06505517-n	tgl:lemma	kopya
06505517-n	tgl:exe	Malabo ang kopyang binigay mo sa akin.\n
15166462-n	tgl:lemma	dapithapon
15166462-n	tgl:exe	Malamig ang simoy ng hangin sa dapithapon.\n
15166462-n	tgl:lemma	kagabi
15166462-n	tgl:exe	Hindi ako nakatulog kagabi.
01343918-a	tgl:lemma	nakakatawa
01343918-a	tgl:exe	Nakakatawa ang kuwento niya.
01344344-a	tgl:lemma	nakakatawa
01344344-a	tgl:exe	Nakakatawa ang kuwento niya.
01344344-a	tgl:lemma	masaya
01344344-a	tgl:exe	Masaya siyempre.
01265308-a	tgl:lemma	nakakatawa
01265308-a	tgl:exe	Nakakatawa ang kuwento niya.
01344485-a	tgl:lemma	nakakatawa
01344485-a	tgl:exe	Nakakatawa ang kuwento niya.
00067045-r	tgl:lemma	unahan
00067045-r	tgl:exe	May paradahan sa unahan ng gusaling iyan.\n
00067265-r	tgl:lemma	unahan
00067265-r	tgl:exe	May paradahan sa unahan ng gusaling iyan.\n
90000515-n	tgl:lemma	samakalawa
90000515-n	tgl:exe	Samakalawa na ang uwi ni Kuya galing sa Saudi.\n
01296462-v	tgl:lemma	ikabit
01296462-v	tgl:exe	Ikabit mo ang ilaw sa kisame.\n
01801029-a	tgl:lemma	masaya
01801029-a	tgl:exe	Masaya siyempre.
03906997-n	tgl:lemma	pluma
03906997-n	tgl:exe	Pluma ang regalo ko sa kanya.
77000095-n	tgl:lemma	sino
77000095-n	tgl:exe	Sino po sila?
77000095-n	tgl:lemma	sino
77000095-n	tgl:exe	Sino ang kumakanta? Ang mga bata ang kumakanta.
90000500-n	tgl:lemma	noong isa pang taon
90000500-n	tgl:exe	Estudyante pa ako noong isa pang taon.
03221720-n	tgl:lemma	pinto
03221720-n	tgl:exe	Wala bang pinto sa kuwarto mo?
03221720-n	tgl:lemma	pinto
03221720-n	tgl:exe	Hindi siya kumatok sa pinto bago pumasok.\n
00050681-r	tgl:lemma	wala
00050681-r	tgl:exe	Wala ho ngayon. 
00024587-r	tgl:lemma	wala
00024587-r	tgl:exe	Wala ho ngayon. 
77000012-n	tgl:lemma	ako
77000012-n	tgl:exe	Hindi ako gutom.
77000015-n	tgl:lemma	ako
77000015-n	tgl:exe	Hindi ako gutom.
01344963-a	tgl:lemma	walang kuwenta
01344963-a	tgl:exe	Walang kuwentang kausap ang binatang iyon.\n
01170052-v	tgl:lemma	uminom
01170052-v	tgl:exe	Uminom ka ng gamot para sa lagnat.\n
03282295-n	tgl:lemma	embahada
03282295-n	tgl:exe	Kailangan kong pumunta nang maaga sa embahada bukas.\n
14145501-n	tgl:lemma	sipon
14145501-n	tgl:exe	May sipon ka ba?\n
06796119-n	tgl:lemma	selyo
06796119-n	tgl:exe	Magkano ang kailangang selyo para dito?\n
07775375-n	tgl:lemma	isda
07775375-n	tgl:exe	Kumain ho ako ng isda at tahong.
02512053-n	tgl:lemma	isda
02512053-n	tgl:exe	Kumain ho ako ng isda at tahong.
01586866-a	tgl:lemma	mabuti
01586866-a	tgl:exe	Mas mabuting magpasalamat ka kay Carmen.　　　　　　　　　　　　　　　　
01048762-a	tgl:lemma	mabuti
01048762-a	tgl:exe	Mas mabuting magpasalamat ka kay Carmen.　　　　　　　　　　　　　　　　
00067638-a	tgl:lemma	mabuti
00067638-a	tgl:exe	Mas mabuting magpasalamat ka kay Carmen.　　　　　　　　　　　　　　　　
01993408-a	tgl:lemma	mabuti
01993408-a	tgl:exe	Mas mabuting magpasalamat ka kay Carmen.　　　　　　　　　　　　　　　　
01171213-a	tgl:lemma	mabuti
01171213-a	tgl:exe	Mas mabuting magpasalamat ka kay Carmen.　　　　　　　　　　　　　　　　
01800349-a	tgl:lemma	mabuti
01800349-a	tgl:exe	Mas mabuting magpasalamat ka kay Carmen.　　　　　　　　　　　　　　　　
01123148-a	tgl:lemma	mabuti
01123148-a	tgl:exe	Mas mabuting magpasalamat ka kay Carmen.　　　　　　　　　　　　　　　　
00064787-a	tgl:lemma	mabuti
00064787-a	tgl:exe	Mas mabuting magpasalamat ka kay Carmen.　　　　　　　　　　　　　　　　
00850183-a	tgl:lemma	mabuti
00850183-a	tgl:exe	Mas mabuting magpasalamat ka kay Carmen.　　　　　　　　　　　　　　　　
01129977-a	tgl:lemma	mabuti
01129977-a	tgl:exe	Mas mabuting magpasalamat ka kay Carmen.　　　　　　　　　　　　　　　　
01586752-a	tgl:lemma	mabuti
01586752-a	tgl:exe	Mas mabuting magpasalamat ka kay Carmen.　　　　　　　　　　　　　　　　
04588365-n	tgl:lemma	bintana
04588365-n	tgl:exe	Nakadungaw sa bintana ang mga dalaga.\n
04587648-n	tgl:lemma	bintana
04587648-n	tgl:exe	Nakadungaw sa bintana ang mga dalaga.\n
05216365-n	tgl:lemma	katawan
05216365-n	tgl:exe	Malakas ang katawan niya.
76100002-x	tgl:lemma	piraso
76100002-x	tgl:exe	Ilang pirasong papel ang kailangan mo?\n
04967191-n	tgl:lemma	berde
04967191-n	tgl:exe	Berde ang mga dahon sa tag-init.\n
80001047-v	tgl:lemma	mamatay
80001047-v	tgl:exe	Namatay si Rizal para sa bansa natin.
03497657-n	tgl:lemma	sumbrero
03497657-n	tgl:exe	Malaki ang sumbrero ng magsasaka.\n
15129927-n	tgl:lemma	alas
15129927-n	tgl:exe	O magkita tayo sa laybrari mamayang alas tres!
06359877-n	tgl:lemma	pangungusap
06359877-n	tgl:exe	Hindi ko maintindihan ang pangungusap na ito.\n
00546389-n	tgl:lemma	kanta
00546389-n	tgl:exe	Gustung-gusto ko talaga ang mga kanta ni Jaya.\n
07048000-n	tgl:lemma	kanta
07048000-n	tgl:exe	Gustung-gusto ko talaga ang mga kanta ni Jaya.\n
01754737-v	tgl:lemma	maggupit
01754737-v	tgl:exe	Nagpagupit ka pala!
07447641-n	tgl:lemma	parti
07447641-n	tgl:exe	Hindi ako mahilig pumunta sa mga parti.\n
01842204-v	tgl:lemma	lumabas
01842204-v	tgl:exe	Oo nga. Pag may baha, huwag tayong lumabas. 
04241394-n	tgl:lemma	tsinelas
04241394-n	tgl:exe	Magtsinelas ka dito.
05301908-n	tgl:lemma	bunganga
05301908-n	tgl:exe	Isara mo ang bunganga mo at baka pasukan ng langaw.\n
02440250-n	tgl:lemma	kamay
02440250-n	tgl:exe	Higpitan mo ang hawak sa kamay ng anak mo.\n
09823502-n	tgl:lemma	tita
09823502-n	tgl:exe	Baka tumanda kang dalaga tulad nina Tita Maria at Tita Rosa.
10193967-n	tgl:lemma	asawa
10193967-n	tgl:exe	Para ho sa asawa ko.
15213406-n	tgl:lemma	Nobyembre
15213406-n	tgl:exe	Aalis ako sa Nobyembre sa Amerika.
06277280-n	tgl:lemma	telebisyon
06277280-n	tgl:exe	Nasira ang telebisyon namin kahapon.
13831176-n	tgl:lemma	hilaga
13831176-n	tgl:exe	Nasa hilaga ng Luzon ang Ilocos.\n
06964901-n	tgl:lemma	wikang Pranses
06964901-n	tgl:exe	Nag-aral ako ng wikang Pranses noong hayskul.\n
01318741-a	tgl:lemma	masakit
01318741-a	tgl:exe	Masakit ang tiyan ko.
01712753-a	tgl:lemma	masakit
01712753-a	tgl:exe	Masakit ang tiyan ko.
05395690-n	tgl:lemma	tiyan
05395690-n	tgl:exe	Malaki ang tiyan ng pulis sa kanto.\n
05556943-n	tgl:lemma	tiyan
05556943-n	tgl:exe	Malaki ang tiyan ng pulis sa kanto.\n
02324478-v	tgl:lemma	idagdag
02324478-v	tgl:exe	Idinagdag mo ba rito ang bayad sa kuryente?\n
00640828-v	tgl:lemma	idagdag
00640828-v	tgl:exe	Idinagdag mo ba rito ang bayad sa kuryente?\n
00182406-v	tgl:lemma	idagdag
00182406-v	tgl:exe	Idinagdag mo ba rito ang bayad sa kuryente?\n
00749230-a	tgl:lemma	madali
00749230-a	tgl:exe	Madali lang pala!
14061805-n	tgl:lemma	sakit
14061805-n	tgl:exe	Maraming sakit ang makukuha sa maruming ilog.\n
14055408-n	tgl:lemma	sakit
14055408-n	tgl:exe	Maraming sakit ang makukuha sa maruming ilog.\n
14473054-n	tgl:lemma	sakit
14473054-n	tgl:exe	Maraming sakit ang makukuha sa maruming ilog.\n
10399491-n	tgl:lemma	magulang
10399491-n	tgl:exe	Mauunawaan mo rin ito kapag naging magulang ka na.\n
13833375-n	tgl:lemma	timog
13833375-n	tgl:exe	Ang ibon ay lumipad na patimog.
02472293-n	tgl:lemma	tao
02472293-n	tgl:exe	Ang lahat ng tao ay mamamatay.
15212167-n	tgl:lemma	Hulyo
15212167-n	tgl:exe	Maulan pa rin sa Hulyo.\n
00442917-a	tgl:lemma	malayo
00442917-a	tgl:exe	Mas malayo pa ho iyon kaysa sa Sagada.
01421622-v	tgl:lemma	ilagay
01421622-v	tgl:exe	Tapos ilagay mo ang mga gulay na nahiwa na.
03398467-n	tgl:lemma	harap
03398467-n	tgl:exe	Pumara na lang kayo sa harap ng bilding.
00964768-a	tgl:lemma	mahina
00964768-a	tgl:exe	Mukhang mahina ang katawan ng manlalarong iyon.\n
02324397-a	tgl:lemma	mahina
02324397-a	tgl:exe	Mukhang mahina ang katawan ng manlalarong iyon.\n
00709215-a	tgl:lemma	mahina
00709215-a	tgl:exe	Mukhang mahina ang katawan ng manlalarong iyon.\n
02040233-a	tgl:lemma	mahina
02040233-a	tgl:exe	Mukhang mahina ang katawan ng manlalarong iyon.\n
02040049-a	tgl:lemma	mahina
02040049-a	tgl:exe	Mukhang mahina ang katawan ng manlalarong iyon.\n
00254978-r	tgl:lemma	buwan-buwan
00254978-r	tgl:exe	Mahal ang renta ng bahay dito buwan-buwan.\n
77000091-n	tgl:lemma	ano
77000091-n	tgl:exe	Ano po iyon?
06605897-n	tgl:lemma	kahulugan
06605897-n	tgl:exe	Ano ang kahulugan nito?\n
05919866-n	tgl:lemma	kahulugan
05919866-n	tgl:exe	Ano ang kahulugan nito?\n
06601327-n	tgl:lemma	kahulugan
06601327-n	tgl:exe	Ano ang kahulugan nito?\n
04059701-n	tgl:lemma	likod
04059701-n	tgl:exe	May ilog sa likod ng bahay namin.\n
02767665-n	tgl:lemma	likod
02767665-n	tgl:exe	May ilog sa likod ng bahay namin.\n
03540595-n	tgl:lemma	ospital
03540595-n	tgl:exe	Ayaw kong pumunta sa ospital.
08054417-n	tgl:lemma	ospital
08054417-n	tgl:exe	Ayaw kong pumunta sa ospital.
05311054-n	tgl:lemma	mata
05311054-n	tgl:exe	Malabo ang mata ng lola ko.
05316025-n	tgl:lemma	mata
05316025-n	tgl:exe	Malabo ang mata ng lola ko.
02871439-n	tgl:lemma	bookshelf
02871439-n	tgl:exe	Maalikabok ang bookshelf sa bahay.\n
01186408-a	tgl:lemma	magaan
01186408-a	tgl:exe	Magaan ang balahibo ng manok.\n
04049098-n	tgl:lemma	istasyon ng tren
04049098-n	tgl:exe	May bomba daw sa istasyon ng tren.\n
03030663-n	tgl:lemma	sigarilyo
03030663-n	tgl:exe	Mura lang ang sigarilyo sa tindahan sa kanto.\n
02230772-v	tgl:lemma	iabot
02230772-v	tgl:exe	Iabot mo nga ang asin.
90000504-n	tgl:lemma	sa isa pang taon
90000504-n	tgl:exe	Sa isa pang taon ang kasal ng pinsan ko.\n
00729108-n	tgl:lemma	homework
00729108-n	tgl:exe	Marami kaming homework sa Physics.\n
03815615-n	tgl:lemma	kurbata
03815615-n	tgl:exe	Mura ang kurbatang nabili ko.\n
07596684-n	tgl:lemma	mga matamis
07596684-n	tgl:exe	Hindi ako mahilig sa mga matamis.
05560787-n	tgl:lemma	paa
05560787-n	tgl:exe	Hindi, dahil sumakit ang paa ko, eh.
05563266-n	tgl:lemma	paa
05563266-n	tgl:exe	Hindi, dahil sumakit ang paa ko, eh.
15211189-n	tgl:lemma	Abril
15211189-n	tgl:exe	Pupunta ako sa Pilipinas sa Abril.\n
02310007-v	tgl:lemma	ibalik
02310007-v	tgl:exe	O sige, pero puwede bang ibalik mo ito sa katapusan ng buwan?
01308381-v	tgl:lemma	ibalik
01308381-v	tgl:exe	O sige, pero puwede bang ibalik mo ito sa katapusan ng buwan?
80001595-v	tgl:lemma	ibalik
80001595-v	tgl:exe	O sige, pero puwede bang ibalik mo ito sa katapusan ng buwan?
10080869-n	tgl:lemma	tatay
10080869-n	tgl:exe	Para kina Tatay at Nanay ito.
10080869-n	tgl:lemma	tatay
10080869-n	tgl:exe	Magaling magmaneho ang tatay ko.
02411224-a	tgl:lemma	mataba
02411224-a	tgl:exe	Kaya ka pala mataba!
04446276-n	tgl:lemma	CR
04446276-n	tgl:exe	May bayad ang paggamit ng CR sa Glorietta.\n
04555291-n	tgl:lemma	CR
04555291-n	tgl:exe	May bayad ang paggamit ng CR sa Glorietta.\n
15212455-n	tgl:lemma	Agosto
15212455-n	tgl:exe	Mainit sa Hapon sa Agosto.\n
00292937-a	tgl:lemma	bisi
00292937-a	tgl:exe	Palaging bisi sa trabaho ang tatay ni Richard.\n
00273082-a	tgl:lemma	madilim
00273082-a	tgl:exe	Natatakot akong maglakad sa madilim na kalye.\n
03291819-n	tgl:lemma	sobre
03291819-n	tgl:exe	Ilang sobre ang ipapadala mo sa kanila?\n
80001545-n	tgl:lemma	katabi
80001545-n	tgl:exe	Katabi ng Bangko ang Mcdo.\n
09215315-n	tgl:lemma	ibaba
09215315-n	tgl:exe	Nasa ibaba ang pustiso ni Nanay.\n
80001661-n	tgl:lemma	ibaba
80001661-n	tgl:exe	Nasa ibaba ang pustiso ni Nanay.\n
00523513-n	tgl:lemma	isports
00523513-n	tgl:exe	Hindi ako mahilig sa isports.\n
03179701-n	tgl:lemma	mesa
03179701-n	tgl:exe	Malaki ang mesa ko sa bahay.\n
04202417-n	tgl:lemma	tindahan
04202417-n	tgl:exe	Mura lang ang sigarilyo sa tindahan sa kanto.\n
02016062-v	tgl:lemma	bumaba
02016062-v	tgl:exe	Pagdating sa Quiapo, bumaba ka sa may simbahan.\n
15237782-n	tgl:lemma	taglamig
15237782-n	tgl:exe	Sinisipon ako tuwing taglamig.\n
80001691-n	tgl:lemma	ibabaw
80001691-n	tgl:exe	Nasa ibabaw ng tokador.
08663354-n	tgl:lemma	ibabaw
08663354-n	tgl:exe	Nasa ibabaw ng tokador.
07804323-n	tgl:lemma	kanin
07804323-n	tgl:exe	Gusto ko ng malagkit na kanin.
15245990-n	tgl:lemma	kanin
15245990-n	tgl:exe	Gusto ko ng malagkit na kanin.
90000417-n	tgl:lemma	kanin
90000417-n	tgl:exe	Gusto ko ng malagkit na kanin.
07575076-n	tgl:lemma	tanghalian
07575076-n	tgl:exe	Hindi ako kumakain ng tanghalian.\n
15156001-n	tgl:lemma	ngayon
15156001-n	tgl:exe	Maulap ngayon, kaya hindi mainit.
09604981-n	tgl:lemma	sarili
09604981-n	tgl:exe	Tignan mong mabuti ang iyong sarili sa salamin.\n
07557434-n	tgl:lemma	luto
07557434-n	tgl:exe	Anong luto ang gusto mo sa baboy?\n
02395115-a	tgl:lemma	masarap
02395115-a	tgl:exe	Masarap ang talbos ng kamote.
02396720-a	tgl:lemma	masarap
02396720-a	tgl:exe	Masarap ang talbos ng kamote.
