# TUFS Basic Turkish Wordnet	tur http://www.coelang.tufs.ac.jp/mt/tr/	CC BY 4.0
15210045-n	tur:lemma	Ocak
15210045-n	tur:exe	Türkiye'de 1 Ocak tatil mi?
05755883-n	tur:lemma	ders çalış-
05755883-n	tur:exe	Kütüphanede ders çalışıyorum.
04971928-n	tur:lemma	kahverengi
04971928-n	tur:exe	Kahverengi bir mont aldım.
15163797-n	tur:lemma	Pazar
15163797-n	tur:exe	Pazar günü hep evde film seyrediyorum.
15043763-n	tur:lemma	kar
15043763-n	tur:exe	Ankara'da Aralık'ta kar yağıyor mu?
00251013-n	tur:lemma	temizlik
00251013-n	tur:exe	Annem temizlik yapmayı sevmez.
08058098-n	tur:lemma	şirket
08058098-n	tur:exe	Amcam şirkette çalışıyor.
01382086-a	tur:lemma	büyük
01382086-a	tur:exe	Büyük boy bir defter arıyorum.
01453084-a	tur:lemma	büyük
01453084-a	tur:exe	Büyük boy bir defter arıyorum.
00527870-a	tur:lemma	büyük
00527870-a	tur:exe	Büyük boy bir defter arıyorum.
01677433-a	tur:lemma	büyük
01677433-a	tur:exe	Büyük boy bir defter arıyorum.
10084295-n	tur:lemma	kız
10084295-n	tur:exe	Mavi gözlü kız.
10129825-n	tur:lemma	kız
10129825-n	tur:exe	Mavi gözlü kız.
10129825-n	tur:lemma	abla
10129825-n	tur:exe	Ablan nerede oturuyor?
00065495-v	tur:lemma	iyi
00065495-v	tur:exe	İyiyim, teşekkür ederim. 
80001734-n	tur:lemma	ders
80001734-n	tur:exe	Ne dersi?
00889472-n	tur:lemma	ders
00889472-n	tur:exe	Ne dersi?
02608347-v	tur:lemma	başlamak
02608347-v	tur:exe	Bana sorarsanız yarın saat beşte başlamak en iyisidir.
07850329-n	tur:lemma	peynir
07850329-n	tur:exe	Peynir, Türkler için vazgeçilmez bir yiyecektir.
03623556-n	tur:lemma	bıçak
03623556-n	tur:exe	Ekmek bıçağı.
03624134-n	tur:lemma	bıçak
03624134-n	tur:exe	Ekmek bıçağı.
01776727-v	tur:lemma	sevme-
01776727-v	tur:exe	Ama ders çalışmayı hiç sevmedim.
01774136-v	tur:lemma	sevme-
01774136-v	tur:exe	Ama ders çalışmayı hiç sevmedim.
02783161-n	tur:lemma	tükenmez kalem
02783161-n	tur:exe	Orada tükenmez kalem var mı?
02632567-v	tur:lemma	iste-
02632567-v	tur:exe	Tek kişilik bir oda istiyorum.
01579608-a	tur:lemma	hemen
01579608-a	tur:exe	Sigarayı hemen bırakmalısınız.
03427296-n	tur:lemma	kapı
03427296-n	tur:exe	Okulun kapısında görüşürüz.
04026417-n	tur:lemma	cüzdan
04026417-n	tur:exe	Sultan Ahmet'te cüzdanım çalındı.
11456462-n	tur:lemma	açık
11456462-n	tur:exe	Bugün hava açık.
07848338-n	tur:lemma	tereyağı
07848338-n	tur:exe	Tereyağı da alalım mı?
90000501-n	tur:lemma	geçen yıl
90000501-n	tur:exe	Geçen yıl hiç Türkiye'ye gidemedim.
15210870-n	tur:lemma	Mart
15210870-n	tur:exe	8 Mart Dünya Kadınlar Günü'dür.
77000072-n	tur:lemma	burası; burada
77000072-n	tur:lemma	burası; burada
77000072-n	tur:exe	Burası benim memleketim.
08489497-n	tur:lemma	burası; burada
08489497-n	tur:lemma	burası; burada
08489497-n	tur:exe	Burası benim memleketim.
03561345-n	tur:lemma	resim
03561345-n	tur:exe	Çocuklar boyayla resim çiziyorlardı.
03234306-n	tur:lemma	resim
03234306-n	tur:exe	Çocuklar boyayla resim çiziyorlardı.
03876519-n	tur:lemma	resim
03876519-n	tur:exe	Çocuklar boyayla resim çiziyorlardı.
07110615-n	tur:lemma	ses
07110615-n	tur:exe	Teyp kullanarak sesini kaydettik.
05202284-n	tur:lemma	ses
05202284-n	tur:exe	Teyp kullanarak sesini kaydettik.
09411430-n	tur:lemma	ırmak
09411430-n	tur:exe	Evimin yanında ırmak var.
15236859-n	tur:lemma	sonbahar
15236859-n	tur:exe	Bu sonbaharda ablam evlenecek.
02107442-v	tur:lemma	sor-
02107442-v	tur:exe	Bana sorarsanız yarın saat beşte başlamak en iyisidir.
02169891-v	tur:lemma	sor-
02169891-v	tur:exe	Bana sorarsanız yarın saat beşte başlamak en iyisidir.
02242464-v	tur:lemma	sat-
02242464-v	tur:exe	Orada neler satılıyor?
00271022-a	tur:lemma	açık
00271022-a	tur:exe	Mehmet açık mavi bir kazak aldı.
00396523-a	tur:lemma	açık
00396523-a	tur:exe	Mehmet açık mavi bir kazak aldı.
00269989-a	tur:lemma	açık
00269989-a	tur:exe	Mehmet açık mavi bir kazak aldı.
00278551-a	tur:lemma	açık
00278551-a	tur:exe	Mehmet açık mavi bir kazak aldı.
02924116-n	tur:lemma	otobüs
02924116-n	tur:exe	Önce, biraz ilerideki duraktan otobüse binip Taksim’e gitmen gerekiyor. 
01614426-v	tur:lemma	yapıştır-
01614426-v	tur:exe	Pulu zarfa yapıştırdım.
80001230-x	tur:lemma	evet
80001230-x	tur:exe	Evet, müsaidim.
01184932-a	tur:lemma	ağır
01184932-a	tur:exe	Kurşun ağır bir madendir.
07881800-n	tur:lemma	içecek
07881800-n	tur:exe	Soğuk içecek istiyorum.
01119192-a	tur:lemma	çok iyi
01119192-a	tur:exe	Bence de o çok iyi fikir.
02226162-a	tur:lemma	çok iyi
02226162-a	tur:exe	Bence de o çok iyi fikir.
01838916-a	tur:lemma	çok iyi
01838916-a	tur:exe	Bence de o çok iyi fikir.
03467517-n	tur:lemma	gitar
03467517-n	tur:exe	Gitar çalmayı biliyor musun?
03613294-n	tur:lemma	anahtar
03613294-n	tur:exe	Ali'nin evinin anahtarını kaybettim.
01553629-a	tur:lemma	çok
01553629-a	tur:exe	Seda'nın bacakları çok uzun.
01551633-a	tur:lemma	çok
01551633-a	tur:exe	Seda'nın bacakları çok uzun.
01552419-a	tur:lemma	çok
01552419-a	tur:exe	Seda'nın bacakları çok uzun.
00127137-a	tur:lemma	eski
00127137-a	tur:exe	Ağabeyimin bisikleti yeni, benimki eski.
01638438-a	tur:lemma	eski
01638438-a	tur:exe	Ağabeyimin bisikleti yeni, benimki eski.
01729384-a	tur:lemma	eski
01729384-a	tur:exe	Ağabeyimin bisikleti yeni, benimki eski.
10694258-n	tur:lemma	öğretmen
10694258-n	tur:exe	Öğretmen bize soru sordu.
07859284-n	tur:lemma	şeker
07859284-n	tur:exe	Şeker koymuyor musun?
09605289-n	tur:lemma	büyük
09605289-n	tur:exe	Büyüklerin yanında sesim çıkmazdı.
04081281-n	tur:lemma	restoran
04081281-n	tur:exe	İstanbul'da kaç tane Japon restoranı var?
04081281-n	tur:lemma	lokanta
04081281-n	tur:exe	Lokantalar yukarıda galiba.
10448983-n	tur:lemma	polis
10448983-n	tur:exe	Oğlum polis oldu.
10448983-n	tur:lemma	polis
10448983-n	tur:exe	Bak orada polis var.
90000507-n	tur:lemma	bu hafta
90000507-n	tur:exe	Arzu Hanım, bu haftaki toplantıyı hangi gün yapalım?
02686568-n	tur:lemma	uçak
02686568-n	tur:exe	Uçakla gidersek daha pahalı olur.
02691156-n	tur:lemma	uçak
02691156-n	tur:exe	Uçakla gidersek daha pahalı olur.
08420278-n	tur:lemma	banka
08420278-n	tur:exe	Buralarda banka var mı?
02787772-n	tur:lemma	banka
02787772-n	tur:exe	Buralarda banka var mı?
01447257-v	tur:lemma	basmak
01447257-v	tur:exe	Bir şey olursa bu düğmeye basın.
02398378-a	tur:lemma	acı
02398378-a	tur:exe	Kırmızıbiber çok acıdır.
02397732-a	tur:lemma	acı
02397732-a	tur:exe	Kırmızıbiber çok acıdır.
06628228-n	tur:lemma	kartpostal
06628228-n	tur:exe	Arkadaşıma kartpostal gönderdim.
06627938-n	tur:lemma	kartpostal
06627938-n	tur:exe	Arkadaşıma kartpostal gönderdim.
03959485-n	tur:lemma	tabak
03959485-n	tur:exe	Toplam yedi tane tabak lazım.
00393105-a	tur:lemma	beyaz
00393105-a	tur:exe	Müdür, sırtına beyaz gömlek giymiş, ellerini göbeğinin üstünden kavuşturmuş.
08625073-n	tur:lemma	sağ
08625073-n	tur:exe	Senin sağ tarafında kim oturuyor?
03051540-n	tur:lemma	elbise
03051540-n	tur:exe	Yeni elbise mi alacaksın?
02728440-n	tur:lemma	elbise
02728440-n	tur:exe	Yeni elbise mi alacaksın?
02728440-n	tur:lemma	elbise
02728440-n	tur:exe	Murat yeni takım elbise almış.
03419014-n	tur:lemma	elbise
03419014-n	tur:exe	Yeni elbise mi alacaksın?
15165289-n	tur:lemma	sabah
15165289-n	tur:exe	Sabaha kadar içtim.
15165289-n	tur:lemma	öğleden önce
15165289-n	tur:exe	Öğleden önce işim var.
00109151-r	tur:lemma	orası; orada
00109151-r	tur:lemma	orası; orada
00109151-r	tur:exe	Oradaki kül tablasını alır mısın?
03720163-n	tur:lemma	harita
03720163-n	tur:exe	Dünya haritasını arıyorum da.
00024996-a	tur:lemma	yeni
00024996-a	tur:exe	Yeni elemanı gördün mü?
01642477-a	tur:lemma	yeni
01642477-a	tur:exe	Yeni elemanı gördün mü?
01641648-a	tur:lemma	yeni
01641648-a	tur:exe	Yeni elemanı gördün mü?
01687167-a	tur:lemma	yeni
01687167-a	tur:exe	Yeni elemanı gördün mü?
02584699-a	tur:lemma	yeni
02584699-a	tur:exe	Yeni elemanı gördün mü?
01686439-a	tur:lemma	yeni
01686439-a	tur:exe	Yeni elemanı gördün mü?
02070491-a	tur:lemma	yeni
02070491-a	tur:exe	Yeni elemanı gördün mü?
02013758-a	tur:lemma	yeni
02013758-a	tur:exe	Yeni elemanı gördün mü?
01640850-a	tur:lemma	yeni
01640850-a	tur:exe	Yeni elemanı gördün mü?
00894552-n	tur:lemma	alıştırma
00894552-n	tur:exe	Hadi, tekrar alıştırma yapalım.
01292683-a	tur:lemma	sev-
01292683-a	tur:exe	Japon yemeğini sevdin mi?
01777210-v	tur:lemma	sev-
01777210-v	tur:exe	Japon yemeğini sevdin mi?
03038685-n	tur:lemma	sınıf
03038685-n	tur:exe	Zamanında çalışmadı. Onun için sınıfta kaldı.
00296131-r	tur:lemma	belki
00296131-r	tur:exe	O belki buradan kalkmıştır.
00154449-r	tur:lemma	belki
00154449-r	tur:exe	O belki buradan kalkmıştır.
03001627-n	tur:lemma	sandalye
03001627-n	tur:exe	Sandalyede kedi oturuyor.
01914947-v	tur:lemma	koş-
01914947-v	tur:exe	Sağlık için her gün koşuyorum.
01926311-v	tur:lemma	koş-
01926311-v	tur:exe	Sağlık için her gün koşuyorum.
02005496-v	tur:lemma	dön-
02005496-v	tur:exe	Saat kaçta eve döneceksin?
04379243-n	tur:lemma	masa
04379243-n	tur:exe	Yemek için masayı hazırlayayım mı?
04298308-n	tur:lemma	merdiven
04298308-n	tur:exe	Çocuk merdivenden düşmüş.
00037919-v	tur:lemma	banyo yap-
00037919-v	tur:exe	Dışarı çıkmadan önce banyo yapayım.
01532589-v	tur:lemma	temizle-
01532589-v	tur:exe	Misafir gelmeden önce evi temizlemem lazım.
01533442-v	tur:lemma	temizle-
01533442-v	tur:exe	Misafir gelmeden önce evi temizlemem lazım.
07663592-n	tur:lemma	dana eti
07663592-n	tur:exe	Bir kilo dana eti alalım.
08182962-n	tur:lemma	kalabalık
08182962-n	tur:exe	Kalabalık insanların önünde konuşmaya alışık değilim.
08182379-n	tur:lemma	kalabalık
08182379-n	tur:exe	Kalabalık insanların önünde konuşmaya alışık değilim.
80000079-n	tur:lemma	geçen ay
80000079-n	tur:exe	Geçen ay sizden sipariş ettiğimiz mallar henüz bize ulaşmadı.
10020890-n	tur:lemma	doktor
10020890-n	tur:exe	Doktor Bey, son günlerde göğsüm ağrıyor.
10305802-n	tur:lemma	doktor
10305802-n	tur:exe	Doktor Bey, son günlerde göğsüm ağrıyor.
03710193-n	tur:lemma	posta kutusu
03710193-n	tur:exe	Buralarda posta kutusu var mı?
03989074-n	tur:lemma	posta kutusu
03989074-n	tur:exe	Buralarda posta kutusu var mı?
15211806-n	tur:lemma	Haziran
15211806-n	tur:exe	3 Haziran'da parti yapacağız.
04489008-n	tur:lemma	pantolon
04489008-n	tur:exe	Kot pantolon alalım.
04230808-n	tur:lemma	etek
04230808-n	tur:exe	Son günlerde kısa etek çok moda.
08544813-n	tur:lemma	ülke
08544813-n	tur:exe	Hangi ülkeye gitmek istiyorsunuz ?
08490199-n	tur:lemma	ülke
08490199-n	tur:exe	Hangi ülkeye gitmek istiyorsunuz ?
00081737-r	tur:lemma	her yıl
00081737-r	tur:exe	Bu toplantı her yıl yapılıyor mu?
00018158-v	tur:lemma	kalk-
00018158-v	tur:exe	Fatma sabah erken kalkar. 
05538625-n	tur:lemma	baş
05538625-n	tur:exe	Soğuk almışım. Başım ağrıyor.
02418686-v	tur:lemma	oyna-
02418686-v	tur:exe	Basketbolu çok kötü oynarım.
04965661-n	tur:lemma	sarı
04965661-n	tur:exe	Saçları sapsarı olmuş, başka insan gibiydi.
02561888-a	tur:lemma	dar
02561888-a	tur:exe	dar ev.
00476663-a	tur:lemma	dar
00476663-a	tur:exe	dar ev.
05137165-n	tur:lemma	yükseklik
05137165-n	tur:exe	Bu binanın yüksekliği ne kadar?
05131647-n	tur:lemma	yükseklik
05131647-n	tur:exe	Bu binanın yüksekliği ne kadar?
00009966-r	tur:lemma	…(y)ın
00009966-r	tur:exe	Oturup çay için, bekleyin.
00009966-r	tur:lemma	lütfen
00009966-r	tur:exe	Bir dakika lütfen....
10103485-n	tur:lemma	yabancı
10103485-n	tur:exe	Yabancı da katılabilir mi?
02958343-n	tur:lemma	araba
02958343-n	tur:exe	Arabanın altından bir kedi çıktı.
03924069-n	tur:lemma	plak
03924069-n	tur:exe	Son günlerde plak çok az kullanılıyor.
10332385-n	tur:lemma	anne
10332385-n	tur:exe	Çocuk annesini görünce sustu.
10332385-n	tur:lemma	anne
10332385-n	tur:exe	Anne, bunu alır mısın?
02410855-v	tur:lemma	çalış-
02410855-v	tur:exe	Arkadaşım bankada çalışıyor. 
07668702-n	tur:lemma	domuz eti
07668702-n	tur:exe	Türkiye'de domuz eti bulmak çok zor.
00081836-n	tur:lemma	alışveriş
00081836-n	tur:exe	Hatice çarşıya gidip alışveriş yaptı.
04203889-n	tur:lemma	alışveriş
04203889-n	tur:exe	Hatice çarşıya gidip alışveriş yaptı.
13836136-n	tur:lemma	batı
13836136-n	tur:exe	Türkiye'nin batısında Yunanistan var.
02368336-a	tur:lemma	tatlı
02368336-a	tur:exe	Çok tatlı olmasın.
04254777-n	tur:lemma	çorap
04254777-n	tur:exe	Köşede bağdaş kurmuş, önce kunduralarını, sonra da çoraplarını çıkarmış.
01845229-v	tur:lemma	seyahate çık-
01845229-v	tur:exe	İki hafta tatil alıp seyahate çıkacağız.
01846916-v	tur:lemma	seyahate çık-
01846916-v	tur:exe	İki hafta tatil alıp seyahate çıkacağız.
01845720-v	tur:lemma	seyahate çık-
01845720-v	tur:exe	İki hafta tatil alıp seyahate çıkacağız.
00061203-r	tur:lemma	geri
00061203-r	tur:exe	Ona hiç bir şey verme. Aldıktan sonra bir daha geri vermez.
10112591-n	tur:lemma	arkadaş
10112591-n	tur:exe	Kavşakta arkadaşımla karşılaştım.
08588294-n	tur:lemma	içeri
08588294-n	tur:exe	Hadi içeriye girin.
08588152-n	tur:lemma	içeri
08588152-n	tur:exe	Hadi içeriye girin.
77000021-n	tur:lemma	sen
77000021-n	tur:exe	İstersen sana ev adresimi yazıp vereyim.
77000021-n	tur:lemma	siz
77000021-n	tur:exe	Siz ne dersiniz?
02771169-v	tur:lemma	hava açık
02771169-v	tur:exe	Bugün hava açık.
77000061-a	tur:lemma	bu
77000061-a	tur:exe	Bu, arkadaşım Arzu.
80001619-a	tur:lemma	bu
80001619-a	tur:exe	Bu, arkadaşım Arzu.
77000075-a	tur:lemma	bu
77000075-a	tur:exe	Bu, arkadaşım Arzu.
04018667-n	tur:lemma	lavabo
04018667-n	tur:exe	Affedersiniz, lavabo nerede?
08649345-n	tur:lemma	yan
08649345-n	tur:exe	Ahmet'le Ayşe yan yana oturdular.
08649345-n	tur:lemma	yakında
08649345-n	tur:exe	Hemen yakında.
08649345-n	tur:lemma	yanında
08649345-n	tur:exe	Yanında mutlaka baş örtüsü götür.
05136150-n	tur:lemma	yan
05136150-n	tur:exe	Ahmet'le Ayşe yan yana oturdular.
15211484-n	tur:lemma	Mayıs
15211484-n	tur:exe	5 Mayıs Çocuklar Günü'dür.
05563770-n	tur:lemma	kol
05563770-n	tur:exe	Ali beni kolumdan tuttu.
15165490-n	tur:lemma	öğle
15165490-n	tur:exe	Öğleden sonra olur mu?
04272054-n	tur:lemma	gözlük
04272054-n	tur:exe	Ben gözlük takmayı hiç sevmem.
80000746-n	tur:lemma	Çin yazısı
80000746-n	tur:exe	Çin yazısını okuyabiliyor musun?
10287213-n	tur:lemma	adam
10287213-n	tur:exe	Her sabah bu parka yaşlı bir adam gelirmiş.　　
09624168-n	tur:lemma	adam
09624168-n	tur:exe	Her sabah bu parka yaşlı bir adam gelirmiş.　　
15164105-n	tur:lemma	Salı
15164105-n	tur:exe	Salı günü sizin için uygun mu?
77000099-n	tur:lemma	herkes
77000099-n	tur:exe	Herkes cennete gitmek ister. Öyleyse neden ölmek isteyen yok?
00479391-v	tur:lemma	sil-
00479391-v	tur:exe	Silgiyle sil.
03238879-n	tur:lemma	gömlek
03238879-n	tur:exe	Müdür, sırtına beyaz gömlek giymiş, ellerini göbeğinin üstünden kavuşturmuş.
02412164-a	tur:lemma	ince
02412164-a	tur:exe	Bu kağıt çok inceymiş.
02414188-a	tur:lemma	ince
02414188-a	tur:exe	Bu kağıt çok inceymiş.
08489627-n	tur:lemma	orası; orada
08489627-n	tur:lemma	orası; orada
08489627-n	tur:exe	Oradaki kırmızı çantayı istiyorum.
01168468-v	tur:lemma	ye-
01168468-v	tur:exe	Siz, Türkler kahvaltıda ne yiyiyorsunuz?
01166351-v	tur:lemma	ye-
01166351-v	tur:exe	Siz, Türkler kahvaltıda ne yiyiyorsunuz?
01179865-v	tur:lemma	ye-
01179865-v	tur:exe	Siz, Türkler kahvaltıda ne yiyiyorsunuz?
15122231-n	tur:lemma	zaman
15122231-n	tur:exe	Evlendiğim zaman İstanbul'a taşındım.
02818832-n	tur:lemma	yatak
02818832-n	tur:exe	Babam yatak odasında.
90000503-n	tur:lemma	gelecek yıl
90000503-n	tur:exe	Gelecek yıl değil, bir sonraki yıl gitmeyi düşünüyorum. 
08168367-n	tur:lemma	yabancı
08168367-n	tur:exe	Yanlışlık yapmadan yabancı dil öğrenemezsiniz.
02560548-a	tur:lemma	geniş
02560548-a	tur:exe	Çok geniş bir odada ikimiz kaldık.
01384212-a	tur:lemma	geniş
01384212-a	tur:exe	Çok geniş bir odada ikimiz kaldık.
01031256-v	tur:lemma	gönder-
01031256-v	tur:exe	Tamir için size bir görevli göndereceğim.
01995211-v	tur:lemma	gönder-
01995211-v	tur:exe	Tamir için size bir görevli göndereceğim.
00255710-n	tur:lemma	çamaşır
00255710-n	tur:exe	Bügün çamaşır yıkayacağım.
07110457-n	tur:lemma	hikaye
07110457-n	tur:exe	Size ilginç bir hikaye anlatayım.
00893243-n	tur:lemma	hikaye
00893243-n	tur:exe	Size ilginç bir hikaye anlatayım.
07221094-n	tur:lemma	hikaye
07221094-n	tur:exe	Size ilginç bir hikaye anlatayım.
07139316-n	tur:lemma	hikaye
07139316-n	tur:exe	Size ilginç bir hikaye anlatayım.
00031798-r	tur:lemma	artık
00031798-r	tur:exe	Artık geç oldu, eve gidelim.
07555863-n	tur:lemma	yemek
07555863-n	tur:exe	Yemek için masayı hazırlayayım mı?
07560652-n	tur:lemma	yemek
07560652-n	tur:exe	Yemek için masayı hazırlayayım mı?
00157412-r	tur:lemma	bazen
00157412-r	tur:exe	Bazen bu yeknesak hayat beni çok sıkıyor.
00021212-r	tur:lemma	bazen
00021212-r	tur:exe	Bazen bu yeknesak hayat beni çok sıkıyor.
03740161-n	tur:lemma	ilaç
03740161-n	tur:exe	Mutlaka ilaç alman lazım.
02318272-a	tur:lemma	düz
02318272-a	tur:exe	Japonların saçı genellikle düzdür.
02310895-a	tur:lemma	düz
02310895-a	tur:exe	Japonların saçı genellikle düzdür.
02314584-a	tur:lemma	düz
02314584-a	tur:exe	Japonların saçı genellikle düzdür.
10787470-n	tur:lemma	kadın
10787470-n	tur:exe	8 Mart Dünya Kadınlar Günü'dür.
10736091-n	tur:lemma	dayı
10736091-n	tur:exe	Dayım Japonya'da çalışıyor.
04404997-n	tur:lemma	fotoğraf makinesi
04404997-n	tur:exe	Fotoğraf makinen ne marka?
02942699-n	tur:lemma	fotoğraf makinesi
02942699-n	tur:exe	Fotoğraf makinen ne marka?
04370048-n	tur:lemma	kazak
04370048-n	tur:exe	Mehmet açık mavi bir kazak aldı.
02626604-v	tur:lemma	ol-
02626604-v	tur:exe	Ne oldu?
02623529-v	tur:lemma	ol-
02623529-v	tur:exe	Ne oldu?
04398497-n	tur:lemma	kafe
04398497-n	tur:exe	Kafede oturalım mı?
00081591-r	tur:lemma	her hafta
00081591-r	tur:exe	Her hafta hastaneye gitmem gerekiyor.
01535246-v	tur:lemma	yıka-
01535246-v	tur:exe	Bulaşık yıkarken bir bardak kırdı.
01535246-v	tur:lemma	çamaşır yıka-
01535246-v	tur:exe	Bügün çamaşır yıkayacağım.
00036362-v	tur:lemma	yıka-
00036362-v	tur:exe	Bulaşık yıkarken bir bardak kırdı.
01536168-v	tur:lemma	yıka-
01536168-v	tur:exe	Bulaşık yıkarken bir bardak kırdı.
00606093-v	tur:lemma	pratik yap-
00606093-v	tur:exe	Daha pratik yapman lazım.
01723224-v	tur:lemma	pratik yap-
01723224-v	tur:exe	Daha pratik yapman lazım.
15156187-n	tur:lemma	dün
15156187-n	tur:exe	Süleyman dün okula gelmedi.
01919428-a	tur:lemma	sessiz
01919428-a	tur:exe	Sessiz olun!
01918984-a	tur:lemma	sessiz
01918984-a	tur:exe	Sessiz olun!
04437953-n	tur:lemma	saat
04437953-n	tur:exe	Ona kol saati almayı düşünüyorum.
03046257-n	tur:lemma	saat
03046257-n	tur:exe	Ona kol saati almayı düşünüyorum.
04350905-n	tur:lemma	takım elbise
04350905-n	tur:exe	Murat yeni takım elbise almış.
00409440-a	tur:lemma	koyu
00409440-a	tur:exe	Ben koyu renk severim.
00842199-a	tur:lemma	güçlü
00842199-a	tur:exe	Erkek güçlü olmalıdır.
15163979-n	tur:lemma	Pazartesi
15163979-n	tur:exe	Her Pazartesi toplantı var.
00059413-r	tur:lemma	sık sık
00059413-r	tur:exe	Burada sık sık kavga çıkar.
00035058-r	tur:lemma	sık sık
00035058-r	tur:exe	Burada sık sık kavga çıkar.
05687338-n	tur:lemma	sorun
05687338-n	tur:exe	Bir sorun mu var?
06784003-n	tur:lemma	sorun
06784003-n	tur:exe	Bir sorun mu var?
03281145-n	tur:lemma	asansör
03281145-n	tur:exe	Asansörü beklerken cep telefonum çaldı.
05320899-n	tur:lemma	kulak
05320899-n	tur:exe	Onun kulağında üç tane küpe vardı.
00007846-n	tur:lemma	kimse
00007846-n	tur:exe	Yeni pantalon giydim ama kimse fark etmedi.
03436182-n	tur:lemma	kasetçalar
03436182-n	tur:exe	Ayşe hala kasetçalar kullanıyor.
04284002-n	tur:lemma	kaşık
04284002-n	tur:exe	Pilavı ise kaşık ile bol bol koy.
13134947-n	tur:lemma	meyve
13134947-n	tur:exe	Türkiye'de meyveler ucuz.
11683989-n	tur:lemma	meyve
11683989-n	tur:exe	Türkiye'de meyveler ucuz.
02730813-v	tur:lemma	söyle-
02730813-v	tur:exe	Size bir şey söylemek istiyorum. 
01009240-v	tur:lemma	söyle-
01009240-v	tur:exe	Size bir şey söylemek istiyorum. 
00941990-v	tur:lemma	söyle-
00941990-v	tur:exe	Size bir şey söylemek istiyorum. 
00979870-v	tur:lemma	söyle-
00979870-v	tur:exe	Size bir şey söylemek istiyorum. 
09854218-n	tur:lemma	kız kardeş
09854218-n	tur:exe	İki kız kardeşim var.
04507155-n	tur:lemma	şemsiye
04507155-n	tur:exe	Akşam yağmur yağacakmış, yanına şemsiye al.
02229324-a	tur:lemma	kötü
02229324-a	tur:exe	Basketbolu çok kötü oynarım.
01870636-a	tur:lemma	kötü
01870636-a	tur:exe	Basketbolu çok kötü oynarım.
01128103-a	tur:lemma	kötü
01128103-a	tur:exe	Basketbolu çok kötü oynarım.
02229000-a	tur:lemma	kötü
02229000-a	tur:exe	Basketbolu çok kötü oynarım.
15270431-n	tur:lemma	zaman
15270431-n	tur:exe	Zamanınız varsa yardım eder misiniz?
15227846-n	tur:lemma	zaman
15227846-n	tur:exe	Zamanınız varsa yardım eder misiniz?
15269513-n	tur:lemma	zaman
15269513-n	tur:exe	Zamanınız varsa yardım eder misiniz?
00744916-a	tur:lemma	zor
00744916-a	tur:exe	Türkiye'de domuz eti bulmak çok zor.
04401088-n	tur:lemma	telefon
04401088-n	tur:exe	Bütün gün senden telefon bekledim.
06272803-n	tur:lemma	telefon
06272803-n	tur:exe	Bütün gün senden telefon bekledim.
02870092-n	tur:lemma	kitap
02870092-n	tur:exe	Kaynak kitap da getirmem gerekir mi? 
06410904-n	tur:lemma	kitap
06410904-n	tur:exe	Kaynak kitap da getirmem gerekir mi? 
09972010-n	tur:lemma	kuzen
09972010-n	tur:exe	Yarın kuzenimin düğününe gideceğim.
14974264-n	tur:lemma	kağıt
14974264-n	tur:exe	Bu kağıt çok inceymiş.
80000677-n	tur:lemma	kağıt
80000677-n	tur:exe	Bu kağıt çok inceymiş.
06255777-n	tur:lemma	kağıt
06255777-n	tur:exe	Bu kağıt çok inceymiş.
04960277-n	tur:lemma	siyah
04960277-n	tur:exe	Siyah.
02770717-v	tur:lemma	bulutlan-
02770717-v	tur:exe	Biraz güneş çıktı ama hemen bulutlandı.
02529945-a	tur:lemma	serin
02529945-a	tur:exe	Yavaş yavaş serin oluyor.
02207206-v	tur:lemma	al-
02207206-v	tur:exe	Bakkaldan bir paket sigara aldım.
02208265-v	tur:lemma	al-
02208265-v	tur:exe	Bakkaldan bir paket sigara aldım.
00422620-a	tur:lemma	pis
00422620-a	tur:exe	Dokunma! O çok pis!
01908889-a	tur:lemma	pis
01908889-a	tur:exe	Dokunma! O çok pis!
00419289-a	tur:lemma	pis
00419289-a	tur:exe	Dokunma! O çok pis!
01345109-v	tur:lemma	kapat-
01345109-v	tur:exe	Kapıyı kapat.
01960911-v	tur:lemma	yüz-
01960911-v	tur:exe	Yüzmeyi bilmiyorum.
00933154-a	tur:lemma	pahalı
00933154-a	tur:exe	Uçakla gidersek daha pahalı olur.
04199027-n	tur:lemma	ayakkabı
04199027-n	tur:exe	Murat yeni ayakkabıyla okula geldi.
04330340-n	tur:lemma	soba
04330340-n	tur:exe	Bugün çok soğuktu, soba yaktım.
07823951-n	tur:lemma	köri
07823951-n	tur:exe	Hindistan'da çok çeşitli köri var.
05598147-n	tur:lemma	burun
05598147-n	tur:exe	Burnum tıkandı.
05658826-n	tur:lemma	burun
05658826-n	tur:exe	Burnum tıkandı.
06947032-n	tur:lemma	İngilizce
06947032-n	tur:exe	Ne derecede İngilizce biliyorsunuz?
07575726-n	tur:lemma	akşam yemeği
07575726-n	tur:exe	Akşam yemeği için masayı hazırlayalım.
07575726-n	tur:lemma	akşam yemeği
07575726-n	tur:exe	Akşam yemeği için masayı hazırlayalım.
03485794-n	tur:lemma	mendil
03485794-n	tur:exe	Mendil getirmeyi unuttum.
01198101-v	tur:lemma	içine çek-
01198101-v	tur:exe	Dumanı içine çekme!
01206474-a	tur:lemma	alçak
01206474-a	tur:exe	Alçak tavanlı bir oda.
13832355-n	tur:lemma	doğu
13832355-n	tur:exe	Binanın doğu tarafında hastane var.
11525955-n	tur:lemma	rüzgar
11525955-n	tur:exe	Rüzgar esiyor.
01437963-a	tur:lemma	uzun
01437963-a	tur:exe	Evet, oldukça uzun zaman oldu.
01433493-a	tur:lemma	uzun
01433493-a	tur:exe	Evet, oldukça uzun zaman oldu.
01444022-a	tur:lemma	uzun
01444022-a	tur:exe	Evet, oldukça uzun zaman oldu.
80001077-n	tur:lemma	kaç
80001077-n	tur:exe	Sizin bölümde kaç Japon öğretmen var?
80001077-n	tur:lemma	ne kadar
80001077-n	tur:exe	Ne kadar geç kalacaksın?
10665698-n	tur:lemma	öğrenci
10665698-n	tur:exe	Üçüncü sınıf öğrencisiyim.
10665698-n	tur:lemma	öğrenci
10665698-n	tur:exe	Öğrenciler derste hiç uyumuyor.
10251779-n	tur:lemma	öğrenci
10251779-n	tur:exe	Üçüncü sınıf öğrencisiyim.
08615374-n	tur:lemma	park
08615374-n	tur:exe	Burada park edilmez.
77000064-n	tur:lemma	hangi
77000064-n	tur:exe	Hangi ülkeye gitmek istiyorsunuz ?
03290771-n	tur:lemma	antre
03290771-n	tur:exe	Girişte duran portmantonun aynasına göz attı.
03290771-n	tur:lemma	giriş
03290771-n	tur:exe	Girişte duran portmantonun aynasına göz attı.
06409752-n	tur:lemma	kompozisyon
06409752-n	tur:exe	Kompozisyon yazmam lazım.
10286084-n	tur:lemma	kardeş
10286084-n	tur:exe	İki kız kardeşim var.
09876454-n	tur:lemma	kardeş
09876454-n	tur:exe	İki kız kardeşim var.
80001731-n	tur:lemma	yabancı öğrenci
80001731-n	tur:exe	Japonya'da yabancı öğrenci olarak bir sene kaldım.
77000031-n	tur:lemma	onlar
77000031-n	tur:exe	Onlar nereye gittiler acaba?
00934199-a	tur:lemma	ucuz
00934199-a	tur:exe	Olsun, ben ucuz olanını alayım.
00935103-a	tur:lemma	ucuz
00935103-a	tur:exe	Olsun, ben ucuz olanını alayım.
02747802-n	tur:lemma	kül tablası
02747802-n	tur:exe	Oradaki kül tablasını alır mısın?
15213115-n	tur:lemma	Ekim
15213115-n	tur:exe	Ekim'in hangi gününde toplantı var?
15203791-n	tur:lemma	yıl
15203791-n	tur:exe	Bu toplantı her yıl yapılıyor mu?
03619890-n	tur:lemma	mutfak
03619890-n	tur:exe	Mutfaktan annemin beni çağırdığını duydum.
00273734-v	tur:lemma	öğret-
00273734-v	tur:exe	Babam bana matematik öğretti.
00829107-v	tur:lemma	öğret-
00829107-v	tur:exe	Babam bana matematik öğretti.
00963570-v	tur:lemma	konuş-
00963570-v	tur:exe	Biraz Türkçe'yi anlıyorum. Ama iyi konuşamıyorum.
00815686-v	tur:lemma	cevap ver-
00815686-v	tur:exe	Neden cevap vermiyorsun?
00635523-v	tur:lemma	cevap ver-
00635523-v	tur:exe	Neden cevap vermiyorsun?
03417345-n	tur:lemma	bahçe
03417345-n	tur:exe	Çocuklar bahçede oynarken yağmur yağmaya başladı.
03417749-n	tur:lemma	bahçe
03417749-n	tur:exe	Çocuklar bahçede oynarken yağmur yağmaya başladı.
01775164-v	tur:lemma	sev-
01775164-v	tur:exe	Ben de şarabı çok severim.
01828736-v	tur:lemma	sev-
01828736-v	tur:exe	Ben de şarabı çok severim.
06418901-n	tur:lemma	sözlük
06418901-n	tur:exe	Sözlük orada kitaplıkta.
15164570-n	tur:lemma	Cumartesi
15164570-n	tur:exe	Cumartesi günü işin var mı?
01712704-v	tur:lemma	yap-
01712704-v	tur:exe	Yarın ne yapıyorsun? 
08277393-n	tur:lemma	okul
08277393-n	tur:exe	Ben kız okulunda okudum.
08276720-n	tur:lemma	okul
08276720-n	tur:exe	Ben kız okulunda okudum.
00161630-r	tur:lemma	yavaş
00161630-r	tur:exe	Örneğin, trenler otobüsten daha yavaş gider.
90000506-n	tur:lemma	geçen hafta
90000506-n	tur:exe	Geçen hafta sınavın sonucu belli oldu.
03057021-n	tur:lemma	ceket
03057021-n	tur:exe	Ali yeni bir ceket almış.
03057021-n	tur:lemma	palto
03057021-n	tur:exe	Yeni palto almam gerekiyor.
03589791-n	tur:lemma	ceket
03589791-n	tur:exe	Ali yeni bir ceket almış.
06929279-n	tur:lemma	Japonca
06929279-n	tur:exe	Türkler için Japonca kolay mı?
03303965-n	tur:lemma	çıkış
03303965-n	tur:exe	Shinjuku İstasyonunda çıkış bir tane değil.
10142391-n	tur:lemma	dede
10142391-n	tur:exe	Dedem 70 yaşında.
07934530-n	tur:lemma	çay
07934530-n	tur:exe	Hiç yeşil çay içmemiştim.
07933274-n	tur:lemma	çay
07933274-n	tur:exe	Hiç yeşil çay içmemiştim.
07933274-n	tur:lemma	yeşil çay
07933274-n	tur:exe	Hiç yeşil çay içmemiştim.
07989373-n	tur:lemma	karıkoca
07989373-n	tur:exe	Yanında bir karıkoca oturuyordu.
10146559-n	tur:lemma	manav
10146559-n	tur:exe	Manavda taze patlıcan buldum.
03457686-n	tur:lemma	manav
03457686-n	tur:exe	Manavda taze patlıcan buldum.
03147509-n	tur:lemma	fincan
03147509-n	tur:exe	Fincan kırıldı.
03972524-n	tur:lemma	cep
03972524-n	tur:exe	Asansörü beklerken cep telefonum çaldı.
04968895-n	tur:lemma	mavi
04968895-n	tur:exe	Mehmet açık mavi bir kazak aldı.
01555416-a	tur:lemma	az
01555416-a	tur:exe	Japonya'da Türkçe konuşabilen insan az denebilir.
01552885-a	tur:lemma	az
01552885-a	tur:exe	Japonya'da Türkçe konuşabilen insan az denebilir.
00017865-v	tur:lemma	uyu-
00017865-v	tur:exe	Öğrenciler derste hiç uyumuyor.
00450147-a	tur:lemma	yakın
00450147-a	tur:exe	Hemen yakında.
00444519-a	tur:lemma	yakın
00444519-a	tur:exe	Hemen yakında.
00445169-a	tur:lemma	yakın
00445169-a	tur:exe	Hemen yakında.
00584367-n	tur:lemma	iş
00584367-n	tur:exe	Öğleden önce işim var.
07574602-n	tur:lemma	kahvaltı
07574602-n	tur:exe	Siz, Türkler kahvaltıda ne yiyiyorsunuz?
08078020-n	tur:lemma	aile
08078020-n	tur:exe	Her ay aileme para gönderiyorum.
10236304-n	tur:lemma	aile
10236304-n	tur:exe	Her ay aileme para gönderiyorum.
07970406-n	tur:lemma	aile
07970406-n	tur:exe	Her ay aileme para gönderiyorum.
07970406-n	tur:lemma	aile
07970406-n	tur:exe	Benim ailem Antalya'da oturuyor.
04197391-n	tur:lemma	gömlek
04197391-n	tur:exe	Müdür, sırtına beyaz gömlek giymiş, ellerini göbeğinin üstünden kavuşturmuş.
09918248-n	tur:lemma	çocuk
09918248-n	tur:exe	Çocuklar yüzme havuzunu çok sever.
12212361-n	tur:lemma	sebze
12212361-n	tur:exe	Önce suyu kaynatın, sonra içine sebzeleri koyun.
07707451-n	tur:lemma	sebze
07707451-n	tur:exe	Önce suyu kaynatın, sonra içine sebzeleri koyun.
03365991-n	tur:lemma	kat
03365991-n	tur:exe	Mümkünse birinci katta bir oda istiyorum.
00976508-a	tur:lemma	hızlı
00976508-a	tur:exe	Konuşmacı çok hızlı konuştu. Anlayabildiniz mi?
00981818-a	tur:lemma	hızlı
00981818-a	tur:exe	Konuşmacı çok hızlı konuştu. Anlayabildiniz mi?
00979862-a	tur:lemma	hızlı
00979862-a	tur:exe	Konuşmacı çok hızlı konuştu. Anlayabildiniz mi?
01367431-a	tur:lemma	coşkulu
01367431-a	tur:exe	Dünkü cumhuriyet bayramı kutlamaları gerçekten coşkuluydu.
07644382-n	tur:lemma	tavuk
07644382-n	tur:exe	Bugün tavuk yiyelim.
07644967-n	tur:lemma	tavuk
07644967-n	tur:exe	Bugün tavuk yiyelim.
07813107-n	tur:lemma	tuz
07813107-n	tur:exe	Biraz tuz verir misin?
07825972-n	tur:lemma	soya sosu
07825972-n	tur:exe	Nerede soya sosu buldun?
02005948-v	tur:lemma	var-
02005948-v	tur:exe	Evvelki gün İstanbul'a varmış.
02930766-n	tur:lemma	taksi
02930766-n	tur:exe	Ben buradan taksiye bineceğim.
04371225-n	tur:lemma	yüzme havuzu
04371225-n	tur:exe	Çocuklar yüzme havuzunu çok sever.
00604617-a	tur:lemma	kullanışlı
00604617-a	tur:exe	Çubuk bizim için çok kullanışlı.
15237250-n	tur:lemma	yaz
15237250-n	tur:exe	Temmuz'da yaz tatili başlar.
03757138-n	tur:lemma	metro
03757138-n	tur:exe	Belediye Başkanı "metro inşaatını bitirmekteyiz" dedi.
04349306-n	tur:lemma	metro
04349306-n	tur:exe	Belediye Başkanı "metro inşaatını bitirmekteyiz" dedi.
77000090-n	tur:lemma	nasıl
77000090-n	tur:exe	Peki, perşembe günü nasıl?
80001331-x	tur:lemma	nasıl
80001331-x	tur:exe	Peki, perşembe günü nasıl?
77000104-n	tur:lemma	ne zaman
77000104-n	tur:exe	Ne zaman?
04105893-n	tur:lemma	apartman
04105893-n	tur:exe	Ben o apartmanın beşinci katında oturuyorum.
06415419-n	tur:lemma	defter
06415419-n	tur:exe	Büyük boy bir defter arıyorum.
01376705-a	tur:lemma	ünlü
01376705-a	tur:exe	O şarkıcı çok ünlüymüş.                     
01375831-a	tur:lemma	ünlü
01375831-a	tur:exe	O şarkıcı çok ünlüymüş.                     
00953216-v	tur:lemma	anlat-
00953216-v	tur:exe	O kendi deneyimini anlattı.
00962447-v	tur:lemma	anlat-
00962447-v	tur:exe	O kendi deneyimini anlattı.
02935891-n	tur:lemma	lokanta
02935891-n	tur:exe	Lokantalar yukarıda galiba.
01984902-v	tur:lemma	otur-
01984902-v	tur:exe	Oturup çay için, bekleyin.
00120223-r	tur:lemma	-arak; -erek (brk:yürü-yerek)
00120223-r	tur:lemma	-arak; -erek (brk:yürü-yerek)
00120223-r	tur:exe	Yürüyerek yeme.
00120095-r	tur:lemma	-arak; -erek (brk:yürü-yerek)
00120095-r	tur:lemma	-arak; -erek (brk:yürü-yerek)
00120095-r	tur:exe	Yürüyerek yeme.
02386612-a	tur:lemma	küçük
02386612-a	tur:exe	Küçük bir ağız.
02386612-a	tur:lemma	kısa
02386612-a	tur:exe	En kısa zamanda mallar elinizde olacak.
02345713-a	tur:lemma	kötü
02345713-a	tur:exe	Durum çok kötü!
00478311-a	tur:lemma	kötü
00478311-a	tur:exe	Durum çok kötü!
01174222-a	tur:lemma	kötü
01174222-a	tur:exe	Durum çok kötü!
03025755-n	tur:lemma	çubuk
03025755-n	tur:exe	Çubuk bizim için çok kullanışlı.
15166191-n	tur:lemma	öğleden sonra
15166191-n	tur:exe	Öğleden sonra olur mu?
80000080-n	tur:lemma	bu ay
80000080-n	tur:exe	Bu ayın 15’ine kadar tüm siparişlerin bize ulaşmasını istiyorum.
06624161-n	tur:lemma	mektup
06624161-n	tur:exe	Bana mektup yazar mısın?
01909812-v	tur:lemma	dön-
01909812-v	tur:exe	O köşeden dönerseniz hemen evimi görürsünüz.
07929519-n	tur:lemma	kahve
07929519-n	tur:exe	Kahve bitmiş.
01729431-v	tur:lemma	söyle-
01729431-v	tur:exe	Şarkı söyleyerek yemek yapıyor.
11501381-n	tur:lemma	yağmur
11501381-n	tur:exe	Bugün yağmur yağabilir. 
07749582-n	tur:lemma	limon
07749582-n	tur:exe	Türkiye'de salata için mutlaka limon lazım.
90000511-n	tur:lemma	evvelki gün
90000511-n	tur:exe	Evvelki gün İstanbul'a varmış.
00118032-r	tur:lemma	hadi
00118032-r	tur:exe	Hadi, tekrar alıştırma yapalım.
00118032-r	tur:lemma	o zaman
00118032-r	tur:exe	O zaman beraber sinemaya gidelim mi?
04468005-n	tur:lemma	tren
04468005-n	tur:exe	Maalesef Türkiye’deki trenler çok yavaştır.
77000002-n	tur:lemma	biz
77000002-n	tur:exe	Çubuk bizim için çok kullanışlı.
15206296-n	tur:lemma	bir ay
15206296-n	tur:exe	Bir ay Türkiye'de kalacağım.
02834778-n	tur:lemma	bisiklet
02834778-n	tur:exe	Ağabeyimin bisikleti yeni, benimki eski.
06597466-n	tur:lemma	dergi
06597466-n	tur:exe	Getirdiği dergiyi çıkarıp okumaya başladı.
06595351-n	tur:lemma	dergi
06595351-n	tur:exe	Getirdiği dergiyi çıkarıp okumaya başladı.
03704210-n	tur:lemma	dergi
03704210-n	tur:exe	Getirdiği dergiyi çıkarıp okumaya başladı.
08238463-n	tur:lemma	sınıf
08238463-n	tur:exe	Sınıfında kaç erkek var?
00050454-v	tur:lemma	soyun-
00050454-v	tur:exe	Çok ıslandım. Hemen soyunup banyoya girdim.
02649830-v	tur:lemma	otur-
02649830-v	tur:exe	Benim ailem Antalya'da oturuyor.
15155891-n	tur:lemma	yarın
15155891-n	tur:exe	Yarın akşam mı?
04208936-n	tur:lemma	duş
04208936-n	tur:exe	Üç gündür duş almıyorum.
15213774-n	tur:lemma	Aralık
15213774-n	tur:exe	Ankara'da Aralık'ta kar yağıyor mu?
00625119-v	tur:lemma	oku-
00625119-v	tur:exe	Öz geçmişinizi okudum.
02774152-n	tur:lemma	çanta
02774152-n	tur:exe	Oradaki kırmızı çantayı istiyorum.
02773037-n	tur:lemma	çanta
02773037-n	tur:exe	Oradaki kırmızı çantayı istiyorum.
13250542-n	tur:lemma	para
13250542-n	tur:exe	Türkiye’ye gitmek için para biriktiriyorum.
13384557-n	tur:lemma	para
13384557-n	tur:exe	Türkiye’ye gitmek için para biriktiriyorum.
05600637-n	tur:lemma	yüz
05600637-n	tur:exe	Yalan söyleyince yüzü kızarır.
07597365-n	tur:lemma	şeker
07597365-n	tur:exe	Bayramda komşular çocuklara şeker verir.
00024356-r	tur:lemma	hayır
00024356-r	tur:exe	Hayır, yok.
03176763-n	tur:lemma	büyük mağaza
03176763-n	tur:exe	Kızılay'da yeni bir büyük mağaza yapıldı.
01725051-v	tur:lemma	çalmak
01725051-v	tur:exe	Ahmet her akşam piano çalar.
03388183-n	tur:lemma	dolma kalem
03388183-n	tur:exe	Bunun adı dolma kalem.
77000089-a	tur:lemma	böyle
77000089-a	tur:exe	Böyle bir şey olamaz.
15164354-n	tur:lemma	Perşembe
15164354-n	tur:exe	Perşembe günü de meşgulüm ama öğleden sonra 
00056916-r	tur:lemma	lütfen
00056916-r	tur:exe	Bir dakika lütfen....
00816481-a	tur:lemma	geç
00816481-a	tur:exe	Trenin gecikmesi yüzünden derse geç kaldım. 
01901186-a	tur:lemma	geç
01901186-a	tur:exe	Trenin gecikmesi yüzünden derse geç kaldım. 
04956594-n	tur:lemma	renk
04956594-n	tur:exe	Ben koyu renk severim.
04674968-n	tur:lemma	renk
04674968-n	tur:exe	Ben koyu renk severim.
07109730-n	tur:lemma	söz
07109730-n	tur:exe	O her zaman sözünü tutar.
06282651-n	tur:lemma	söz
06282651-n	tur:exe	O her zaman sözünü tutar.
00121135-r	tur:lemma	öyle
00121135-r	tur:exe	Öyle mi?
04962784-n	tur:lemma	kırmızı
04962784-n	tur:exe	Kırmızı renk.
03871083-n	tur:lemma	paket
03871083-n	tur:exe	Bakkaldan bir paket sigara aldım.
02774630-n	tur:lemma	paket
02774630-n	tur:exe	Bakkaldan bir paket sigara aldım.
07891726-n	tur:lemma	şarap
07891726-n	tur:exe	İlk defa bu kadar güzel şarap içtim.
07884567-n	tur:lemma	şarap
07884567-n	tur:exe	İlk defa bu kadar güzel şarap içtim.
07891433-n	tur:lemma	şarap
07891433-n	tur:exe	İlk defa bu kadar güzel şarap içtim.
15164463-n	tur:lemma	Cuma
15164463-n	tur:exe	Öyleyse cuma günü olsun.
03581125-n	tur:lemma	kavşak
03581125-n	tur:exe	Kavşakta arkadaşımla karşılaştım.
02410393-a	tur:lemma	kalın
02410393-a	tur:exe	Çok kalın bir kitap okuyorsun.
02410393-a	tur:lemma	kalın
02410393-a	tur:exe	Daha kalın kalem yok mu?
02415390-a	tur:lemma	kalın
02415390-a	tur:exe	Çok kalın bir kitap okuyorsun.
02756821-v	tur:lemma	yağmur yağ-
02756821-v	tur:exe	Akşam yağmur yağacakmış, yanına şemsiye al.
02529264-a	tur:lemma	ılık
02529264-a	tur:exe	Bugün hava ılık.
01546111-v	tur:lemma	kalk-
01546111-v	tur:exe	Hoca geldi. Hemen kalktık.
10142747-n	tur:lemma	baba anne
10142747-n	tur:exe	Babaannem yarın evimize gelecek.
07679356-n	tur:lemma	ekmek
07679356-n	tur:exe	Ekmek bıçağı.
03259505-n	tur:lemma	ev
03259505-n	tur:exe	Hırsız pencereden eve girmiş.
03544360-n	tur:lemma	ev
03544360-n	tur:exe	Hırsız pencereden eve girmiş.
03544360-n	tur:lemma	ev
03544360-n	tur:exe	Dün akşam Osman'ın evine gittik, parti yaptık.
08559508-n	tur:lemma	ev
08559508-n	tur:exe	Hırsız pencereden eve girmiş.
08559508-n	tur:lemma	ev
08559508-n	tur:exe	Dün akşam Osman'ın evine gittik, parti yaptık.
15210486-n	tur:lemma	Şubat
15210486-n	tur:exe	Türkiye'de Şubat'ta tatil var.
15167027-n	tur:lemma	dün akşam
15167027-n	tur:exe	Dün akşam Osman'ın evine gittik, parti yaptık.
03438257-n	tur:lemma	bardak
03438257-n	tur:exe	Bulaşık yıkarken bir bardak kırdı.
08613593-n	tur:lemma	dış
08613593-n	tur:exe	Hafta sonunda şehrin dışına çıkıyoruz.
03338821-n	tur:lemma	negatif
03338821-n	tur:exe	O fotoğrafın negatifi bende.
06613686-n	tur:lemma	negatif
06613686-n	tur:exe	O fotoğrafın negatifi bende.
06613686-n	tur:lemma	film
06613686-n	tur:exe	Pazar günü hep evde film seyrediyorum.
06262567-n	tur:lemma	negatif
06262567-n	tur:exe	O fotoğrafın negatifi bende.
04096066-n	tur:lemma	yol
04096066-n	tur:exe	Özür dilerim Neşe, ben şu anda yoldayım.
15212739-n	tur:lemma	Eylül
15212739-n	tur:exe	Okul Eylül'de mi başlıyor?
77000079-a	tur:lemma	o
77000079-a	tur:exe	Onun üstüne hiçbir şey koyma.
14524198-n	tur:lemma	bulutlu
14524198-n	tur:exe	Hava bulutlu.
13828795-n	tur:lemma	boy
13828795-n	tur:exe	Boyu ne kadar?
00543233-n	tur:lemma	müzik
00543233-n	tur:exe	Müzik sanatlardan biridir.
05718556-n	tur:lemma	müzik
05718556-n	tur:exe	Müzik sanatlardan biridir.
05718935-n	tur:lemma	müzik
05718935-n	tur:exe	Müzik sanatlardan biridir.
07020895-n	tur:lemma	müzik
07020895-n	tur:exe	Müzik sanatlardan biridir.
00409709-r	tur:lemma	yakında
00409709-r	tur:exe	Yakında hastane var mı acaba?
08641113-n	tur:lemma	yakında
08641113-n	tur:exe	Yakında hastane var mı acaba?
03112099-n	tur:lemma	koridor
03112099-n	tur:exe	Öğrenciler koridorda toplandılar.
03661043-n	tur:lemma	kütüphane
03661043-n	tur:exe	Kütüphanede ders çalışıyorum.
07840804-n	tur:lemma	yumurta
07840804-n	tur:exe	Markete gidip 10 tane yumurta al.
90000502-n	tur:lemma	bu yıl
90000502-n	tur:exe	Bu yıl hiç kar yağmadı.
03908204-n	tur:lemma	kurşun kalem
03908204-n	tur:exe	Sınavda kurşun kalem kullanmalısınız.
14796748-n	tur:lemma	kurşun kalem
14796748-n	tur:exe	Sınavda kurşun kalem kullanmalısınız.
05282433-n	tur:lemma	diş
05282433-n	tur:exe	Dişim ağrıyor.
05282746-n	tur:lemma	diş
05282746-n	tur:exe	Dişim ağrıyor.
01649720-a	tur:lemma	genç
01649720-a	tur:exe	Annem gençken şarkıcıydı.
01646941-a	tur:lemma	genç
01646941-a	tur:exe	Annem gençken şarkıcıydı.
00514884-a	tur:lemma	bütün
00514884-a	tur:exe	Çünkü yarın bütün gün ders çalışmam gerekiyor.
00988232-a	tur:lemma	ince
00988232-a	tur:exe	Duygu'nun çok ince parmakları var.
01029368-v	tur:lemma	adı　～
01029368-v	tur:exe	Bunun adı dolma kalem.
77000084-n	tur:lemma	neresi; nerede
77000084-n	tur:lemma	neresi; nerede
77000084-n	tur:exe	Parti nerede olacak?
00220082-a	tur:lemma	güzel
00220082-a	tur:exe	Güzel bir prenses varmış.                        
01586342-a	tur:lemma	güzel
01586342-a	tur:exe	Güzel bir prenses varmış.                        
01586342-a	tur:lemma	iyi
01586342-a	tur:exe	O yüzden çok iyi hazırlanman gerekir.
01346003-v	tur:lemma	aç-
01346003-v	tur:exe	Ahmet kapıyı açtı.
09853467-n	tur:lemma	ağabey
09853467-n	tur:exe	Ağabeyimin bisikleti yeni, benimki eski.
09853467-n	tur:lemma	abi
09853467-n	tur:exe	Orada bekleyen benim abim.
03102654-n	tur:lemma	buzdolabı
03102654-n	tur:exe	Turgut buzdolabından, biraları çıkardı.
03273913-n	tur:lemma	buzdolabı
03273913-n	tur:exe	Turgut buzdolabından, biraları çıkardı.
02399595-a	tur:lemma	tatsız; tatsız tuzsuz
02399595-a	tur:lemma	tatsız; tatsız tuzsuz
02399595-a	tur:exe	Yemek yaptım. Ama tatsız tuzsuz olmuş.
01716971-a	tur:lemma	tatsız; tatsız tuzsuz
01716971-a	tur:lemma	tatsız; tatsız tuzsuz
01716971-a	tur:exe	Yemek yaptım. Ama tatsız tuzsuz olmuş.
07845335-n	tur:lemma	süt
07845335-n	tur:exe	Yoğurt sütten yapılır.
07844042-n	tur:lemma	süt
07844042-n	tur:exe	Yoğurt sütten yapılır.
10780632-n	tur:lemma	eş
10780632-n	tur:exe	Eşiniz nasıl?
10780632-n	tur:lemma	eş
10780632-n	tur:exe	Eşim iş için Avrupa'da oturuyor.
08625462-n	tur:lemma	sol
08625462-n	tur:exe	Sol tarafında büyük bir cami olan bina.
90000508-n	tur:lemma	gelecek hafta
90000508-n	tur:exe	Gelecek hafta görüşürüz.
01848718-v	tur:lemma	git-
01848718-v	tur:exe	Onlar nereye gittiler acaba?
06518719-n	tur:lemma	bilet
06518719-n	tur:exe	Japonya'ya gidiyorum, biletlerim hazır.
01470670-v	tur:lemma	görüş-
01470670-v	tur:exe	Okulun kapısında görüşürüz.
02428924-v	tur:lemma	görüş-
02428924-v	tur:exe	Okulun kapısında görüşürüz.
10285313-n	tur:lemma	erkek
10285313-n	tur:exe	Sınıfında kaç erkek var?
03542333-n	tur:lemma	otel
03542333-n	tur:exe	Bir otelin ağaçlıklı, çiçeklerle süslü bahçesinin önünde durmuştuk.
02913152-n	tur:lemma	bina
02913152-n	tur:exe	Hangi bina?
07649854-n	tur:lemma	et
07649854-n	tur:exe	Türkiye'de domuz eti bulmak çok zor.
09397391-n	tur:lemma	havuz
09397391-n	tur:exe	Çocoklar havuzun kenarında oynamasınlar.　　　
07935152-n	tur:lemma	yeşil çay
07935152-n	tur:exe	Hiç yeşil çay içmemiştim.
03082979-n	tur:lemma	bilgisayar
03082979-n	tur:exe	Bilgisayar kullanabiliyorum.
00312553-n	tur:lemma	seyahat
00312553-n	tur:exe	İki hafta tatil alıp seyahate çıkacağız.
04043733-n	tur:lemma	radyo
04043733-n	tur:exe	Radyo dinlemeyi severim.
01442186-a	tur:lemma	kısa
01442186-a	tur:exe	En kısa zamanda mallar elinizde olacak.
01436003-a	tur:lemma	kısa
01436003-a	tur:exe	En kısa zamanda mallar elinizde olacak.
01442826-a	tur:lemma	kısa
01442826-a	tur:exe	En kısa zamanda mallar elinizde olacak.
14513694-n	tur:lemma	aile
14513694-n	tur:exe	Benim ailem Antalya'da oturuyor.
02808440-n	tur:lemma	banyo
02808440-n	tur:exe	Dışarı çıkmadan önce banyo yapayım.
02807731-n	tur:lemma	banyo
02807731-n	tur:exe	Dışarı çıkmadan önce banyo yapayım.
15274074-n	tur:lemma	tatil
15274074-n	tur:exe	Türkiye'de Şubat'ta tatil var.
15183428-n	tur:lemma	tatil
15183428-n	tur:exe	Türkiye'de Şubat'ta tatil var.
15137890-n	tur:lemma	tatil
15137890-n	tur:exe	Türkiye'de Şubat'ta tatil var.
00027918-r	tur:lemma	hala
00027918-r	tur:exe	Ayşe hala kasetçalar kullanıyor.
00031304-r	tur:lemma	hala
00031304-r	tur:exe	Ayşe hala kasetçalar kullanıyor.
03925226-n	tur:lemma	fotoğraf
03925226-n	tur:exe	O fotoğrafın negatifi bende.
03931044-n	tur:lemma	fotoğraf
03931044-n	tur:exe	O fotoğrafın negatifi bende.
04248607-n	tur:lemma	fotoğraf
04248607-n	tur:exe	O fotoğrafın negatifi bende.
15164233-n	tur:lemma	Çarşamba
15164233-n	tur:exe	Her Çarşamba günü teyzeme giderim.
11524662-n	tur:lemma	hava
11524662-n	tur:exe	Yarından itibaren hava sıcaklığı artacakmış.    
07193184-n	tur:lemma	soru
07193184-n	tur:exe	Öğretmen bize soru sordu.
07196682-n	tur:lemma	soru
07196682-n	tur:exe	Öğretmen bize soru sordu.
05797597-n	tur:lemma	soru
05797597-n	tur:exe	Öğretmen bize soru sordu.
07193596-n	tur:lemma	soru
07193596-n	tur:exe	Öğretmen bize soru sordu.
01904930-v	tur:lemma	yürü-
01904930-v	tur:exe	Buraya kadar yürüyerek mi geldin?
03383948-n	tur:lemma	çatal
03383948-n	tur:exe	Çatalı elinden düştü, ağzı açık kaldı.
08286569-n	tur:lemma	üniversite
08286569-n	tur:exe	Üniversitede Türkçe öğreniyoruz.
08286163-n	tur:lemma	üniversite
08286163-n	tur:exe	Üniversitede Türkçe öğreniyoruz.
08278169-n	tur:lemma	üniversite
08278169-n	tur:exe	Üniversitede Türkçe öğreniyoruz.
01000214-v	tur:lemma	yaz-
01000214-v	tur:exe	Kompozisyon yazmam lazım.
02471690-v	tur:lemma	yaz-
02471690-v	tur:exe	Kompozisyon yazmam lazım.
01020356-v	tur:lemma	yaz-
01020356-v	tur:exe	Kompozisyon yazmam lazım.
01691057-v	tur:lemma	yaz-
01691057-v	tur:exe	Kompozisyon yazmam lazım.
01698271-v	tur:lemma	yaz-
01698271-v	tur:exe	Kompozisyon yazmam lazım.
01020934-v	tur:lemma	yaz-
01020934-v	tur:exe	Kompozisyon yazmam lazım.
00993014-v	tur:lemma	yaz-
00993014-v	tur:exe	Kompozisyon yazmam lazım.
03822171-n	tur:lemma	gazete
03822171-n	tur:exe	O gazete tüm Türkiye'de okunuyor.
06267145-n	tur:lemma	gazete
06267145-n	tur:exe	O gazete tüm Türkiye'de okunuyor.
14961722-n	tur:lemma	gazete
14961722-n	tur:exe	O gazete tüm Türkiye'de okunuyor.
07197021-n	tur:lemma	sınav
07197021-n	tur:exe	Sınavda kurşun kalem kullanmalısınız.
00158309-r	tur:lemma	tam
00158309-r	tur:exe	Tam seni arayacaktım.
00002621-r	tur:lemma	tam
00002621-r	tur:exe	Tam seni arayacaktım.
00002950-r	tur:lemma	tam
00002950-r	tur:exe	Tam seni arayacaktım.
13714184-n	tur:lemma	derece
13714184-n	tur:exe	Ne derecede İngilizce biliyorsunuz?
00119568-n	tur:lemma	uç-
00119568-n	tur:exe	Kuşlar uçuyor.
08145553-n	tur:lemma	postane
08145553-n	tur:exe	Postane kaça kadar açık?
15237044-n	tur:lemma	ilkbahar
15237044-n	tur:exe	Japonya'da okullar ilkbaharda açılır.
01270199-v	tur:lemma	çamaşır yıka-
01270199-v	tur:exe	Bügün çamaşır yıkayacağım.
06505517-n	tur:lemma	kopya
06505517-n	tur:exe	Bunun kopyası var mı?\n
15166462-n	tur:lemma	akşam
15166462-n	tur:exe	Yarın akşam mı?
15166462-n	tur:lemma	dün akşam
15166462-n	tur:exe	Dün akşam Osman'ın evine gittik, parti yaptık.
01343918-a	tur:lemma	ilginç
01343918-a	tur:exe	Size ilginç bir hikaye anlatayım.
01344344-a	tur:lemma	ilginç
01344344-a	tur:exe	Size ilginç bir hikaye anlatayım.
01344344-a	tur:lemma	eğlenceli
01344344-a	tur:exe	Çok eğlenceliydi.
01265308-a	tur:lemma	ilginç
01265308-a	tur:exe	Size ilginç bir hikaye anlatayım.
01344485-a	tur:lemma	ilginç
01344485-a	tur:exe	Size ilginç bir hikaye anlatayım.
00067045-r	tur:lemma	ileri
00067045-r	tur:exe	Önce, biraz ilerideki duraktan otobüse binip Taksim’e gitmen gerekiyor. 
00067265-r	tur:lemma	ileri
00067265-r	tur:exe	Önce, biraz ilerideki duraktan otobüse binip Taksim’e gitmen gerekiyor. 
90000515-n	tur:lemma	öbür gün
90000515-n	tur:exe	Yarın işim var ama öbür gün boşum.
01296462-v	tur:lemma	tak-
01296462-v	tur:exe	Ben gözlük takmayı hiç sevmem.
01801029-a	tur:lemma	eğlenceli
01801029-a	tur:exe	Çok eğlenceliydi.
03906997-n	tur:lemma	kalem
03906997-n	tur:exe	Sınavda kurşun kalem kullanmalısınız.
77000095-n	tur:lemma	kim
77000095-n	tur:exe	Kiminle görüşüyorum?
77000095-n	tur:lemma	kim
77000095-n	tur:exe	Meici Dönemini haftaya kim anlatacak?
90000500-n	tur:lemma	evvelki yıl
90000500-n	tur:exe	O evvelki yıl, ilk defa Japonya'ya geldi.
03221720-n	tur:lemma	kapı
03221720-n	tur:exe	Ahmet kapıyı açtı.
03221720-n	tur:lemma	kapı
03221720-n	tur:exe	Bu kapıdan girilmez. 
00050681-r	tur:lemma	yok
00050681-r	tur:exe	Rahatsız mısın yoksa?
00024587-r	tur:lemma	yok
00024587-r	tur:exe	Rahatsız mısın yoksa?
77000012-n	tur:lemma	ben
77000012-n	tur:exe	Ben de iyiyim, teşekkür ederim.
77000015-n	tur:lemma	ben
77000015-n	tur:exe	Ben de iyiyim, teşekkür ederim.
01344963-a	tur:lemma	sıkıcı
01344963-a	tur:exe	Bu ders çok sıkıcı.
01170052-v	tur:lemma	iç-
01170052-v	tur:exe	Sabaha kadar içtim.
03282295-n	tur:lemma	büyükelçilik
03282295-n	tur:exe	Japon Büyükelçiliği Ankara'da.
14145501-n	tur:lemma	soğuk
14145501-n	tur:exe	Soğuk almışım. Başım ağrıyor.
06796119-n	tur:lemma	pul
06796119-n	tur:exe	Pulu zarfa yapıştırdım.
07775375-n	tur:lemma	balık
07775375-n	tur:exe	Et ve balık, hangisini daha çok seviyorsunuz?
02512053-n	tur:lemma	balık
02512053-n	tur:exe	Et ve balık, hangisini daha çok seviyorsunuz?
01586866-a	tur:lemma	iyi
01586866-a	tur:exe	O yüzden çok iyi hazırlanman gerekir.
01048762-a	tur:lemma	iyi
01048762-a	tur:exe	O yüzden çok iyi hazırlanman gerekir.
00067638-a	tur:lemma	iyi
00067638-a	tur:exe	O yüzden çok iyi hazırlanman gerekir.
01993408-a	tur:lemma	iyi
01993408-a	tur:exe	O yüzden çok iyi hazırlanman gerekir.
01171213-a	tur:lemma	iyi
01171213-a	tur:exe	O yüzden çok iyi hazırlanman gerekir.
01800349-a	tur:lemma	iyi
01800349-a	tur:exe	O yüzden çok iyi hazırlanman gerekir.
01123148-a	tur:lemma	iyi
01123148-a	tur:exe	O yüzden çok iyi hazırlanman gerekir.
00064787-a	tur:lemma	iyi
00064787-a	tur:exe	O yüzden çok iyi hazırlanman gerekir.
00850183-a	tur:lemma	iyi
00850183-a	tur:exe	O yüzden çok iyi hazırlanman gerekir.
01129977-a	tur:lemma	iyi
01129977-a	tur:exe	O yüzden çok iyi hazırlanman gerekir.
01586752-a	tur:lemma	iyi
01586752-a	tur:exe	O yüzden çok iyi hazırlanman gerekir.
04588365-n	tur:lemma	pencere
04588365-n	tur:exe	Hırsız pencereden eve girmiş.
04587648-n	tur:lemma	pencere
04587648-n	tur:exe	Hırsız pencereden eve girmiş.
05216365-n	tur:lemma	vücut
05216365-n	tur:exe	Onun vücudu çok esnek.
76100002-x	tur:lemma	tane
76100002-x	tur:exe	Toplam yedi tane tabak lazım.
04967191-n	tur:lemma	yeşil
04967191-n	tur:exe	Evimin etrafında yeşillik var.
80001047-v	tur:lemma	öl-
80001047-v	tur:exe	Herkes cennete gitmek ister. Öyleyse neden ölmek isteyen yok?
03497657-n	tur:lemma	şapka
03497657-n	tur:exe	Oğlum şapka takmayı hiç sevmiyor.
15129927-n	tur:lemma	saat
15129927-n	tur:exe	Çünkü herkesin işi saat beşte bitiyor.
06359877-n	tur:lemma	metin
06359877-n	tur:exe	Bu metni Japonca'ya çevirin.
00546389-n	tur:lemma	şarkı
00546389-n	tur:exe	Şarkı söyleyerek yemek yapıyor.
07048000-n	tur:lemma	şarkı
07048000-n	tur:exe	Şarkı söyleyerek yemek yapıyor.
01754737-v	tur:lemma	kes-
01754737-v	tur:exe	Parmağımı kestim.
07447641-n	tur:lemma	parti
07447641-n	tur:exe	Parti nerede olacak?
01842204-v	tur:lemma	çık-
01842204-v	tur:exe	Simdi çıkmak üzereyim.
04241394-n	tur:lemma	terlik
04241394-n	tur:exe	Terlik nerede?
05301908-n	tur:lemma	ağız
05301908-n	tur:exe	Küçük bir ağız.
02440250-n	tur:lemma	el
02440250-n	tur:exe	Müdür, sırtına beyaz gömlek giymiş, ellerini göbeğinin üstünden kavuşturmuş.
09823502-n	tur:lemma	teyze
09823502-n	tur:exe	Her Çarşamba günü teyzeme giderim.
10193967-n	tur:lemma	koca
10193967-n	tur:exe	Kocam avukat.
15213406-n	tur:lemma	Kasım
15213406-n	tur:exe	Kasım onbirinci ay.
06277280-n	tur:lemma	televizyon
06277280-n	tur:exe	Evet, uzmanlar televizyonda devamlı uyarıyorlar.
13831176-n	tur:lemma	kuzey
13831176-n	tur:exe	Kuzey bölgede savaş başlamış.
06964901-n	tur:lemma	Fransızca
06964901-n	tur:exe	İngilizce ve Fransızca bildiğiniz yazıyor.
01318741-a	tur:lemma	ağır-
01318741-a	tur:exe	Dişim ağrıyor.
01712753-a	tur:lemma	ağır-
01712753-a	tur:exe	Dişim ağrıyor.
05395690-n	tur:lemma	karın
05395690-n	tur:exe	Karnım açtı.
05556943-n	tur:lemma	karın
05556943-n	tur:exe	Karnım açtı.
02324478-v	tur:lemma	eklemek
02324478-v	tur:exe	Bu baharatı yemeğe eklerseniz daha iyi olur.
00640828-v	tur:lemma	eklemek
00640828-v	tur:exe	Bu baharatı yemeğe eklerseniz daha iyi olur.
00182406-v	tur:lemma	eklemek
00182406-v	tur:exe	Bu baharatı yemeğe eklerseniz daha iyi olur.
00749230-a	tur:lemma	kolay
00749230-a	tur:exe	Türkler için Japonca kolay mı?
14061805-n	tur:lemma	hastalık
14061805-n	tur:exe	Babamın hastalığı ne?
14055408-n	tur:lemma	hastalık
14055408-n	tur:exe	Babamın hastalığı ne?
14473054-n	tur:lemma	hastalık
14473054-n	tur:exe	Babamın hastalığı ne?
10399491-n	tur:lemma	anne baba; anne babası
10399491-n	tur:lemma	anne baba; anne babası
10399491-n	tur:exe	Meryem'in annebabası yok.
13833375-n	tur:lemma	güney
13833375-n	tur:exe	Güney Afrika'da deprem olmuş.
15212167-n	tur:lemma	Temmuz
15212167-n	tur:exe	Temmuz'da yaz tatili başlar.
00442917-a	tur:lemma	uzak
00442917-a	tur:exe	Oo, oldukça uzakmış.
01421622-v	tur:lemma	koy-
01421622-v	tur:exe	Kaseye pilav koydum.
03398467-n	tur:lemma	ön
03398467-n	tur:exe	Bir otelin ağaçlıklı, çiçeklerle süslü bahçesinin önünde durmuştuk.
00964768-a	tur:lemma	zayıf
00964768-a	tur:exe	Bu sezon Beşiktaş çok zayıftı.
02324397-a	tur:lemma	zayıf
02324397-a	tur:exe	Bu sezon Beşiktaş çok zayıftı.
00709215-a	tur:lemma	zayıf
00709215-a	tur:exe	Bu sezon Beşiktaş çok zayıftı.
02040233-a	tur:lemma	zayıf
02040233-a	tur:exe	Bu sezon Beşiktaş çok zayıftı.
02040049-a	tur:lemma	zayıf
02040049-a	tur:exe	Bu sezon Beşiktaş çok zayıftı.
00254978-r	tur:lemma	her ay
00254978-r	tur:exe	Her ay aileme para gönderiyorum.
77000091-n	tur:lemma	nasıl
77000091-n	tur:exe	Nasıl ? Yemekler güzel olmuş mu ?　
04059701-n	tur:lemma	arka
04059701-n	tur:exe	Mustafa arka kapıdan çıktı.
02767665-n	tur:lemma	arka
02767665-n	tur:exe	Mustafa arka kapıdan çıktı.
03540595-n	tur:lemma	hastane
03540595-n	tur:exe	Yakında hastane var mı acaba?
08054417-n	tur:lemma	hastane
08054417-n	tur:exe	Yakında hastane var mı acaba?
05311054-n	tur:lemma	göz
05311054-n	tur:exe	Girişte duran portmantonun aynasına göz attı.
05316025-n	tur:lemma	göz
05316025-n	tur:exe	Girişte duran portmantonun aynasına göz attı.
02871439-n	tur:lemma	kitaplık
02871439-n	tur:exe	Sözlük orada kitaplıkta.
01186408-a	tur:lemma	hafif
01186408-a	tur:exe	Bu eşya çok hafif.
04049098-n	tur:lemma	istasyon
04049098-n	tur:exe	Okul istasyona yakın.
03030663-n	tur:lemma	sigara
03030663-n	tur:exe	Burada sigara içmeyiniz lütfen.
02230772-v	tur:lemma	ver-
02230772-v	tur:exe	İstersen sana ev adresimi yazıp vereyim.
90000504-n	tur:lemma	bir sonraki sene
90000504-n	tur:exe	Gelecek sene değil, bir sonraki sene gitmeyi düşünüyorum.
00729108-n	tur:lemma	ödev
00729108-n	tur:exe	Ne zaman ödevini vereceksin?
03815615-n	tur:lemma	kravat
03815615-n	tur:exe	Babama kravat hediye etmeyi düşünüyorum.
07596684-n	tur:lemma	tatlı
07596684-n	tur:exe	Tatlı sever misin?
05560787-n	tur:lemma	ayak
05560787-n	tur:exe	Çok yürüdüğüm için ayağım ağrıyor.
05563266-n	tur:lemma	ayak
05563266-n	tur:exe	Çok yürüdüğüm için ayağım ağrıyor.
15211189-n	tur:lemma	Nisan
15211189-n	tur:exe	Nisan'da benim doğum günüm var.
02310007-v	tur:lemma	geri ver-
02310007-v	tur:exe	Ona hiç bir şey verme. Aldıktan sonra bir daha geri vermez.
01308381-v	tur:lemma	geri ver-
01308381-v	tur:exe	Ona hiç bir şey verme. Aldıktan sonra bir daha geri vermez.
80001595-v	tur:lemma	geri ver-
80001595-v	tur:exe	Ona hiç bir şey verme. Aldıktan sonra bir daha geri vermez.
10080869-n	tur:lemma	baba
10080869-n	tur:exe	Ben babamın yerine geldim. 
10080869-n	tur:lemma	baba
10080869-n	tur:exe	Ben babamın yerine geldim. 
02411224-a	tur:lemma	kalın
02411224-a	tur:exe	Daha kalın kalem yok mu?
04446276-n	tur:lemma	tuvalet
04446276-n	tur:exe	Tuvalete gidiyorum.
04555291-n	tur:lemma	tuvalet
04555291-n	tur:exe	Tuvalete gidiyorum.
15212455-n	tur:lemma	Ağustos
15212455-n	tur:exe	Ağustosta ders olmayacak mı?
00292937-a	tur:lemma	meşgul
00292937-a	tur:exe	Perşembe günü de meşgulüm ama öğleden sonra 
00273082-a	tur:lemma	karanlık
00273082-a	tur:exe	Karanlıkta hiç bir şey göremiyorum.
03291819-n	tur:lemma	zarf
03291819-n	tur:exe	Fotoğrafları zarfın içine koydum.
80001545-n	tur:lemma	yanında
80001545-n	tur:exe	Yanında mutlaka baş örtüsü götür.
09215315-n	tur:lemma	alt
09215315-n	tur:exe	Arabanın altından bir kedi çıktı.
80001661-n	tur:lemma	alt
80001661-n	tur:exe	Arabanın altından bir kedi çıktı.
00523513-n	tur:lemma	spor
00523513-n	tur:exe	Ayrıca, spor yapmaya başlarsanız iyi olur.
03179701-n	tur:lemma	masa
03179701-n	tur:exe	Burada masanın üzerinde bir tane var.
04202417-n	tur:lemma	dükkan
04202417-n	tur:exe	Hangi dükkandan aldınız?
02016062-v	tur:lemma	in-
02016062-v	tur:exe	Hangi durakta ineceğiz?
15237782-n	tur:lemma	kış
15237782-n	tur:exe	Kışın yağmur yağar.
80001691-n	tur:lemma	üst
80001691-n	tur:exe	Müdür, sırtına beyaz gömlek giymiş, ellerini göbeğinin üstünden kavuşturmuş.
08663354-n	tur:lemma	üst
08663354-n	tur:exe	Müdür, sırtına beyaz gömlek giymiş, ellerini göbeğinin üstünden kavuşturmuş.
07804323-n	tur:lemma	yemek
07804323-n	tur:exe	Hadi yemek yiyelim.
15245990-n	tur:lemma	yemek
15245990-n	tur:exe	Hadi yemek yiyelim.
90000417-n	tur:lemma	yemek
90000417-n	tur:exe	Hadi yemek yiyelim.
07575076-n	tur:lemma	öğle yemeği
07575076-n	tur:exe	Beraber öğle yemeği yiyelim.
15156001-n	tur:lemma	bugün
15156001-n	tur:exe	Bugün yağmur yağabilir. 
09604981-n	tur:lemma	kendim
09604981-n	tur:exe	Kendisi dün İzmir’den geldi.
07557434-n	tur:lemma	yemek
07557434-n	tur:exe	Japon yemekleri Türk yemeklerinden daha lezzetli.
02395115-a	tur:lemma	güzel
02395115-a	tur:exe	Nasıl ? Yemekler güzel olmuş mu ?　
02396720-a	tur:lemma	güzel
02396720-a	tur:exe	Nasıl ? Yemekler güzel olmuş mu ?　
