# TUFS Basic German Wordnet	deu http://www.coelang.tufs.ac.jp/mt/de/	CC BY 4.0
15210045-n	deu:lemma	Januar
15210045-n	deu:exe	Also, bis zum 18. Januar.
05755883-n	deu:lemma	Studium
05755883-n	deu:exe	Äh, was willst du denn eigentlich nach dem Studium machen?
04971928-n	deu:lemma	braun
04971928-n	deu:exe	Sie hat braune Augen und eine braune Haarfarbe.
15163797-n	deu:lemma	Sonntag
15163797-n	deu:exe	Ach, übrigens, hast du am Sonntag Zeit?
15043763-n	deu:lemma	Schnee
15043763-n	deu:exe	Der Berggipfel ist selbst im Sommer mit Schnee bedeckt.
00251013-n	deu:lemma	Reinigung
00251013-n	deu:exe	Also beginnen wir mit der Reinigung der Zimmer.
08058098-n	deu:lemma	Firma
08058098-n	deu:exe	Mein Vater arbeitet bei einer Firma, die eng mit Toyota zusammenarbeitet.
01382086-a	deu:lemma	groß
01382086-a	deu:exe	Der kleine Wecker und die große Vase sind Geschenke von meinem Vater.
01453084-a	deu:lemma	groß
01453084-a	deu:exe	Der kleine Wecker und die große Vase sind Geschenke von meinem Vater.
00527870-a	deu:lemma	groß
00527870-a	deu:exe	Der kleine Wecker und die große Vase sind Geschenke von meinem Vater.
01677433-a	deu:lemma	groß
01677433-a	deu:exe	Der kleine Wecker und die große Vase sind Geschenke von meinem Vater.
10084295-n	deu:lemma	Mädchen
10084295-n	deu:exe	Das Mädchen steht vor dem Spiegel.
10129825-n	deu:lemma	Mädchen
10129825-n	deu:exe	Das Mädchen steht vor dem Spiegel.
10129825-n	deu:lemma	Schwester
10129825-n	deu:exe	Meine Schwester arbeitet bei dieser Bank.
00065495-v	deu:lemma	munter
00065495-v	deu:exe	Das Kind hat Fieber und sieht trotzdem munter aus.
80001734-n	deu:lemma	Unterricht
80001734-n	deu:exe	„Sind Sie mit dem Unterricht zufrieden?“
00889472-n	deu:lemma	Unterricht
00889472-n	deu:exe	„Sind Sie mit dem Unterricht zufrieden?“
02608347-v	deu:lemma	beginnen
02608347-v	deu:exe	Alles beginnt mit dem ersten Schritt.
07850329-n	deu:lemma	Käse
07850329-n	deu:exe	Er nimmt ein Messer. Und damit schneidet er ein Stück Käse ab.
03623556-n	deu:lemma	Messer
03623556-n	deu:exe	Ich brauche ein schärferes Messer.
03624134-n	deu:lemma	Messer
03624134-n	deu:exe	Ich brauche ein schärferes Messer.
01776727-v	deu:lemma	hassen
01776727-v	deu:exe	Ich hasse Leute, die im Auto mit dem Handy telefonieren.
01774136-v	deu:lemma	hassen
01774136-v	deu:exe	Ich hasse Leute, die im Auto mit dem Handy telefonieren.
02783161-n	deu:lemma	Kugelschreiber
02783161-n	deu:exe	Dieser Kugelschreiber schreibt echt gut.
02632567-v	deu:lemma	mögen
02632567-v	deu:exe	Ich möchte zum Geburtstag ein Sportrad.
01579608-a	deu:lemma	gleich
01579608-a	deu:exe	Geh lieber gleich zum Arzt!
03427296-n	deu:lemma	Tor
03427296-n	deu:exe	Das große Tor öffnete sich knarrend.
04026417-n	deu:lemma	Portemonnaie
04026417-n	deu:exe	Ich glaube, Sie haben Ihr Portemonnaie vergessen.
11456462-n	deu:lemma	heiter
11456462-n	deu:exe	Berlin meldet heiter bis wölkig bei 27 Grad.
07848338-n	deu:lemma	Butter
07848338-n	deu:exe	Zwiebeln klein schneiden und in Butter braun rösten.
90000501-n	deu:lemma	letztes Jahr
90000501-n	deu:exe	Aber letztes Jahr war ich in Thailand.
15210870-n	deu:lemma	März
15210870-n	deu:exe	In Japan feiert man am 3. März das Mädchenfest.
77000072-n	deu:lemma	hier
77000072-n	deu:exe	Hier wird bald eine Grundschule gebaut.
08489497-n	deu:lemma	hier
08489497-n	deu:exe	Hier wird bald eine Grundschule gebaut.
03561345-n	deu:lemma	Bild
03561345-n	deu:exe	Auf dem Film sind noch drei Bilder.
03234306-n	deu:lemma	Bild
03234306-n	deu:exe	Auf dem Film sind noch drei Bilder.
03876519-n	deu:lemma	Bild
03876519-n	deu:exe	Auf dem Film sind noch drei Bilder.
07110615-n	deu:lemma	Stimme
07110615-n	deu:exe	Ich erkenne ihn an seiner Stimme.
05202284-n	deu:lemma	Stimme
05202284-n	deu:exe	Ich erkenne ihn an seiner Stimme.
09411430-n	deu:lemma	Fluss
09411430-n	deu:exe	Den Fluss entlang stehen Kirschbäume.
15236859-n	deu:lemma	Herbst
15236859-n	deu:exe	Wir haben uns schon im Herbst vorigen Jahres kennen gelernt.
02107442-v	deu:lemma	hören
02107442-v	deu:exe	Du kannst doch hier nicht einfach Musik hören!
02169891-v	deu:lemma	hören
02169891-v	deu:exe	Du kannst doch hier nicht einfach Musik hören!
02242464-v	deu:lemma	verkaufen
02242464-v	deu:exe	Ich glaube, die sind schon fast alle verkauft.
00271022-a	deu:lemma	hell
00271022-a	deu:exe	Ich nehme ein helles Bier.
00396523-a	deu:lemma	hell
00396523-a	deu:exe	Ich nehme ein helles Bier.
00269989-a	deu:lemma	hell
00269989-a	deu:exe	Ich nehme ein helles Bier.
00278551-a	deu:lemma	hell
00278551-a	deu:exe	Ich nehme ein helles Bier.
02924116-n	deu:lemma	Bus
02924116-n	deu:exe	Dort steigen Sie um in den Bus der Linie 100.
01614426-v	deu:lemma	kleben
01614426-v	deu:exe	Bitte kleben Sie eine Briefmarke darauf und werfen Sie den Brief in den Postkasten.
80001230-x	deu:lemma	ja
80001230-x	deu:exe	Ja, ist in Ordnung.
01184932-a	deu:lemma	schwer
01184932-a	deu:exe	Dieser Koffer ist ziemlich schwer.
07881800-n	deu:lemma	Getränk
07881800-n	deu:exe	Welche Getränke gibt es zu den Mahlzeiten?
01119192-a	deu:lemma	gut
01119192-a	deu:exe	Und was ich echt erstaunlich fand, war, dass die so gut Deutsch gesprochen hat.
02226162-a	deu:lemma	gut
02226162-a	deu:exe	Und was ich echt erstaunlich fand, war, dass die so gut Deutsch gesprochen hat.
01838916-a	deu:lemma	gut
01838916-a	deu:exe	Und was ich echt erstaunlich fand, war, dass die so gut Deutsch gesprochen hat.
03467517-n	deu:lemma	Gitarre
03467517-n	deu:exe	Da spielt jemand Gitarre!
03613294-n	deu:lemma	Schlüssel
03613294-n	deu:exe	Hier hast du den Schlüssel zu meinem Zimmer. Ich komme gleich nach.
01553629-a	deu:lemma	viel
01553629-a	deu:exe	Wow, du hast ja viele Bücher!
01551633-a	deu:lemma	viel
01551633-a	deu:exe	Wow, du hast ja viele Bücher!
01552419-a	deu:lemma	viel
01552419-a	deu:exe	Wow, du hast ja viele Bücher!
00127137-a	deu:lemma	alt
00127137-a	deu:exe	Die Touristen, die diese alte Stadt kennen, besuchen sie immer wieder.
01638438-a	deu:lemma	alt
01638438-a	deu:exe	Die Touristen, die diese alte Stadt kennen, besuchen sie immer wieder.
01729384-a	deu:lemma	alt
01729384-a	deu:exe	Die Touristen, die diese alte Stadt kennen, besuchen sie immer wieder.
10694258-n	deu:lemma	Lehrer
10694258-n	deu:exe	Die Lehrerin ist seit drei Tagen krank.
07859284-n	deu:lemma	Zucker
07859284-n	deu:exe	Sie trinkt Kaffee ohne Zucker.
09605289-n	deu:lemma	Erwachsene
09605289-n	deu:exe	Die Eintrittskarte für Erwachsene kostet 10 Euro, für Kinder 5 Euro.
04081281-n	deu:lemma	Restaurant
04081281-n	deu:exe	Das chinesische Restaurant ist wegen seiner besonderen Atmosphäre beliebt.
04081281-n	deu:lemma	Mensa
04081281-n	deu:exe	Die Studenten essen in der Mensa.
10448983-n	deu:lemma	Polizist
10448983-n	deu:exe	Er will wie sein Vater Polizist werden.
90000507-n	deu:lemma	diese Woche
90000507-n	deu:exe	Diese Woche habe ich viel zu tun.
02686568-n	deu:lemma	Flugzeug
02686568-n	deu:exe	Das Flugzeug ist pünktlich gelandet.
02691156-n	deu:lemma	Flugzeug
02691156-n	deu:exe	Das Flugzeug ist pünktlich gelandet.
08420278-n	deu:lemma	Bank
08420278-n	deu:exe	Heute gehe ich zur Bank, um ein Konto zu eröffnen.
02787772-n	deu:lemma	Bank
02787772-n	deu:exe	Heute gehe ich zur Bank, um ein Konto zu eröffnen.
02018049-v	deu:lemma	einsteigen
02018049-v	deu:exe	Wir sind in Tokio in einen falschen Zug eingestiegen.
02324026-v	deu:lemma	leihen
02324026-v	deu:exe	Das Buch habe ich mir von Hans geliehen.
01447257-v	deu:lemma	drücken
01447257-v	deu:exe	Dann drückst du auf "Start", so wie beim normalen Kopieren.
02398378-a	deu:lemma	scharf
02398378-a	deu:exe	Da ich sowieso gerne scharf esse, waren die Nudeln für mich nicht sehr scharf.
02397732-a	deu:lemma	scharf
02397732-a	deu:exe	Da ich sowieso gerne scharf esse, waren die Nudeln für mich nicht sehr scharf.
06628228-n	deu:lemma	Postkarte
06628228-n	deu:exe	Auf der Urlaubsreise schreibt sie gerne Postkarten an ihre Freunde.
06627938-n	deu:lemma	Postkarte
06627938-n	deu:exe	Auf der Urlaubsreise schreibt sie gerne Postkarten an ihre Freunde.
03959485-n	deu:lemma	Teller
03959485-n	deu:exe	Die Schnitzel sind so groß wie Teller, und man bekommt sogar zwei davon.
00393105-a	deu:lemma	weiß
00393105-a	deu:exe	Das weiße Hemd trägt er ohne Krawatte, dazu Jeans.
08625073-n	deu:lemma	rechts
08625073-n	deu:exe	Auf der rechten Seite ist dann der Kopierraum.
03051540-n	deu:lemma	Kleidung
03051540-n	deu:exe	Wie viel Geld gibst du durchschnittlich im Monat für Kleidung aus?
02728440-n	deu:lemma	Kleidung
02728440-n	deu:exe	Wie viel Geld gibst du durchschnittlich im Monat für Kleidung aus?
03419014-n	deu:lemma	Kleidung
03419014-n	deu:exe	Wie viel Geld gibst du durchschnittlich im Monat für Kleidung aus?
15165289-n	deu:lemma	Morgen
15165289-n	deu:exe	Diesen Morgen sind wir in die Kirche gegangen.
15165289-n	deu:lemma	Vormittag
15165289-n	deu:exe	Ich habe fast jeden Vormittag Unterricht.
00109151-r	deu:lemma	da
00109151-r	deu:exe	Da ist meine Brille!
03720163-n	deu:lemma	Landkarte
03720163-n	deu:exe	Sie zeigt mir den Weg auf der Landkarte.
00024996-a	deu:lemma	neu
00024996-a	deu:exe	Oh Nicole, wer soll jetzt bloß unsere neue Mitbewohnerin werden?
01642477-a	deu:lemma	neu
01642477-a	deu:exe	Oh Nicole, wer soll jetzt bloß unsere neue Mitbewohnerin werden?
01641648-a	deu:lemma	neu
01641648-a	deu:exe	Oh Nicole, wer soll jetzt bloß unsere neue Mitbewohnerin werden?
01687167-a	deu:lemma	neu
01687167-a	deu:exe	Oh Nicole, wer soll jetzt bloß unsere neue Mitbewohnerin werden?
02584699-a	deu:lemma	neu
02584699-a	deu:exe	Oh Nicole, wer soll jetzt bloß unsere neue Mitbewohnerin werden?
01686439-a	deu:lemma	neu
01686439-a	deu:exe	Oh Nicole, wer soll jetzt bloß unsere neue Mitbewohnerin werden?
02070491-a	deu:lemma	neu
02070491-a	deu:exe	Oh Nicole, wer soll jetzt bloß unsere neue Mitbewohnerin werden?
02013758-a	deu:lemma	neu
02013758-a	deu:exe	Oh Nicole, wer soll jetzt bloß unsere neue Mitbewohnerin werden?
01640850-a	deu:lemma	neu
01640850-a	deu:exe	Oh Nicole, wer soll jetzt bloß unsere neue Mitbewohnerin werden?
00894552-n	deu:lemma	Übung
00894552-n	deu:exe	Übung macht den Meister.
01292683-a	deu:lemma	gefallen
01292683-a	deu:exe	Ich hoffe, er gefällt dir.
01777210-v	deu:lemma	gefallen
01777210-v	deu:exe	Ich hoffe, er gefällt dir.
03038685-n	deu:lemma	Klassenzimmer
03038685-n	deu:exe	Gestern haben wir uns den Film "Das fliegende Klassenzimmer" angesehen.
00296131-r	deu:lemma	wahrscheinlich
00296131-r	deu:exe	Wahrscheinlich regnet es morgen.
00154449-r	deu:lemma	wahrscheinlich
00154449-r	deu:exe	Wahrscheinlich regnet es morgen.
03001627-n	deu:lemma	Stuhl
03001627-n	deu:exe	Er ist vor Aufregung vom Stuhl aufgestanden.
01734929-v	deu:lemma	kopieren
01734929-v	deu:exe	Dann drückst du auf "Start", so wie beim normalen Kopieren.
01914947-v	deu:lemma	rennen
01914947-v	deu:exe	Jeden Morgen steht er um 5 auf und rennt ein paar Stunden im Park herum.
01926311-v	deu:lemma	rennen
01926311-v	deu:exe	Jeden Morgen steht er um 5 auf und rennt ein paar Stunden im Park herum.
02005496-v	deu:lemma	zurückkehren
02005496-v	deu:exe	In naher Zukunft will ich gerne in meine Heimat zurückkehren.
04298308-n	deu:lemma	Treppe
04298308-n	deu:exe	Nehmen Sie den Aufzug oder die Treppe.
00037919-v	deu:lemma	duschen
00037919-v	deu:exe	Als der Wecker klingelte, hatte ich mich schon geduscht und umgezogen.
01532589-v	deu:lemma	putzen
01532589-v	deu:exe	Das Bad und die Toilette sollte man häufig putzen.
01533442-v	deu:lemma	putzen
01533442-v	deu:exe	Das Bad und die Toilette sollte man häufig putzen.
07663592-n	deu:lemma	Rindfleisch
07663592-n	deu:exe	Hindus essen kein Rindfleisch, Moslems kein Schweinefleisch.
08182962-n	deu:lemma	viele Leute
08182962-n	deu:exe	Ich habe auf der Party viele Leute kennen gelernt.
08182379-n	deu:lemma	viele Leute
08182379-n	deu:exe	Ich habe auf der Party viele Leute kennen gelernt.
80000079-n	deu:lemma	letzten Monat
80000079-n	deu:exe	Wie viele Bücher hast du letzten Monat gelesen?
10020890-n	deu:lemma	Arzt
10020890-n	deu:exe	Geh lieber gleich zum Arzt!
10305802-n	deu:lemma	Arzt
10305802-n	deu:exe	Geh lieber gleich zum Arzt!
03710193-n	deu:lemma	Briefkasten
03710193-n	deu:exe	Der Briefkasten steht direkt am Haupteingang vom Hotel.
03989074-n	deu:lemma	Briefkasten
03989074-n	deu:exe	Der Briefkasten steht direkt am Haupteingang vom Hotel.
15136147-n	deu:lemma	Woche
15136147-n	deu:exe	Ich gehe mindesten einmal pro Woche schwimmen.
15169873-n	deu:lemma	Woche
15169873-n	deu:exe	Ich gehe mindesten einmal pro Woche schwimmen.
15211806-n	deu:lemma	Juni
15211806-n	deu:exe	Bis Ende Juni möchte ich gerne noch zwei Kilo abnehmen.
04489008-n	deu:lemma	Hose
04489008-n	deu:exe	Die Hose passt gut.
04230808-n	deu:lemma	Rock
04230808-n	deu:exe	„Diese Bluse passt zu jedem Rock.“
08544813-n	deu:lemma	Land
08544813-n	deu:exe	In diesem Land gibt es viele Arbeitslose.
08490199-n	deu:lemma	Land
08490199-n	deu:exe	In diesem Land gibt es viele Arbeitslose.
00081737-r	deu:lemma	jedes Jahr
00081737-r	deu:exe	Da wohnt nämlich mein Onkel, den besuche ich jedes Jahr.
00018158-v	deu:lemma	aufstehen
00018158-v	deu:exe	Jeden Morgen steht er um 5 auf und rennt ein paar Stunden im Park herum.
05538625-n	deu:lemma	Kopf
05538625-n	deu:exe	Doch mein Kopf schmerzt und ich fühle mich nicht gut.
02418686-v	deu:lemma	spielen
02418686-v	deu:exe	Trotz des Regens spielen die Kinder im Garten.
04965661-n	deu:lemma	gelb
04965661-n	deu:exe	Beim Training trägt sie ein gelbes T-Shirt. 
02561888-a	deu:lemma	eng
02561888-a	deu:exe	Die Schuhe sind mir zu eng.
00476663-a	deu:lemma	eng
00476663-a	deu:exe	Die Schuhe sind mir zu eng.
05137165-n	deu:lemma	Höhe
05137165-n	deu:exe	Dieser Turm hat eine Höhe von über 50 Metern.
05131647-n	deu:lemma	Höhe
05131647-n	deu:exe	Dieser Turm hat eine Höhe von über 50 Metern.
00009966-r	deu:lemma	bitte
00009966-r	deu:exe	Werde doch bitte schnell wieder gesund!
10103485-n	deu:lemma	Ausländer
10103485-n	deu:exe	Er hat eine Ausländerin geheiratet.
02958343-n	deu:lemma	Auto
02958343-n	deu:exe	Seit jenem Unfall fährt er nicht mehr Auto.
03924069-n	deu:lemma	Schallplatte
03924069-n	deu:exe	Er sammelt alte Schallplatten, die er teilweise wieder verkauft.
10332385-n	deu:lemma	Mutter
10332385-n	deu:exe	 „Was schenkst du deiner Mutter?“
02410855-v	deu:lemma	arbeiten
02410855-v	deu:exe	Sagen Sie, woran arbeiten Sie denn eigentlich genau?
07668702-n	deu:lemma	Schweinefleisch
07668702-n	deu:exe	Schweinefleisch enthält vor allem Vitamin B1 und B6.
00081836-n	deu:lemma	Einkauf
00081836-n	deu:exe	Gesundes Essen fängt beim Einkauf an.
04203889-n	deu:lemma	Einkauf
04203889-n	deu:exe	Gesundes Essen fängt beim Einkauf an.
13836136-n	deu:lemma	Westen
13836136-n	deu:exe	Belgien liegt in Westeuropa.
02368336-a	deu:lemma	süß
02368336-a	deu:exe	Das Kind räumt sein Zimmer auf und bekommt dafür was Süßes.
04254777-n	deu:lemma	Strumpf
04254777-n	deu:exe	Das Kind kann die Strümpfe schon selber anziehen.
01845229-v	deu:lemma	reisen
01845229-v	deu:exe	Er erweitert seinen Gesichtskreis durch Reisen.
01846916-v	deu:lemma	reisen
01846916-v	deu:exe	Er erweitert seinen Gesichtskreis durch Reisen.
01845720-v	deu:lemma	reisen
01845720-v	deu:exe	Er erweitert seinen Gesichtskreis durch Reisen.
00061203-r	deu:lemma	hinten
00061203-r	deu:exe	Er steht ganz hinten im Saal.
10112591-n	deu:lemma	Freund
10112591-n	deu:exe	Da kommt eine japanische Freundin zu mir.
08588294-n	deu:lemma	Mitte
08588294-n	deu:exe	Der Marktplatz liegt in der Mitte der Stadt.
08588152-n	deu:lemma	Mitte
08588152-n	deu:exe	Der Marktplatz liegt in der Mitte der Stadt.
77000021-n	deu:lemma	du
77000021-n	deu:exe	Wer ist der Mann, den du anrufen wolltest?
77000021-n	deu:lemma	Sie
77000021-n	deu:exe	Sind Sie für seinen Vorschlag?
02771169-v	deu:lemma	sich aufklären
02771169-v	deu:exe	Der Himmel klärt sich auf.
77000061-a	deu:lemma	dieser
77000061-a	deu:exe	In dieser Zeit wird hart gearbeitet und ordentlich verdient.
80001619-a	deu:lemma	dieser
80001619-a	deu:exe	In dieser Zeit wird hart gearbeitet und ordentlich verdient.
77000075-a	deu:lemma	dieser
77000075-a	deu:exe	In dieser Zeit wird hart gearbeitet und ordentlich verdient.
08649345-n	deu:lemma	neben
08649345-n	deu:exe	Neben dem Haupteingang ist eine Kopierecke, dort ist ein Kartenautomat.
15211484-n	deu:lemma	Mai
15211484-n	deu:exe	Anfang Mai planen wir eine kleine Reise nach Hawaii. 
05563770-n	deu:lemma	Arm
05563770-n	deu:exe	Er hat sich beim Spielen den Arm gebrochen.
15165490-n	deu:lemma	Mittag
15165490-n	deu:exe	Heute Mittag habe ich einen Termin in der Klinik.
04272054-n	deu:lemma	Brille
04272054-n	deu:exe	Ich habe gestern meine Brille verloren.
80000746-n	deu:lemma	chinesisches Zeichen
80000746-n	deu:exe	In diesem Kurs lernen die Teilnehmer chinesische Zeichen lesen und schreiben.
10287213-n	deu:lemma	Mann
10287213-n	deu:exe	Der kranke Mann konnte nichts essen.
09624168-n	deu:lemma	Mann
09624168-n	deu:exe	Der kranke Mann konnte nichts essen.
15164105-n	deu:lemma	Dienstag
15164105-n	deu:exe	Ich habe am Dienstag Nachmittag einen wichtigen Termin.
77000099-n	deu:lemma	alle
77000099-n	deu:exe	Alle Studenten bestehen diese Prüfung.
00479391-v	deu:lemma	löschen
00479391-v	deu:exe	Sie stellt den Wecker und löscht die Kerze.
03238879-n	deu:lemma	Hemd
03238879-n	deu:exe	Das weiße Hemd trägt er ohne Krawatte, dazu Jeans.
02412164-a	deu:lemma	dünn
02412164-a	deu:exe	Ich finde sie zu dünn.
02414188-a	deu:lemma	dünn
02414188-a	deu:exe	Ich finde sie zu dünn.
08489627-n	deu:lemma	dort
08489627-n	deu:exe	Neben dem Haupteingang ist eine Kopierecke, dort ist ein Kartenautomat.
01168468-v	deu:lemma	essen
01168468-v	deu:exe	Hmm... Ich muss vorher aber unbedingt noch was essen.
01166351-v	deu:lemma	essen
01166351-v	deu:exe	Hmm... Ich muss vorher aber unbedingt noch was essen.
01179865-v	deu:lemma	essen
01179865-v	deu:exe	Hmm... Ich muss vorher aber unbedingt noch was essen.
15122231-n	deu:lemma	Zeit
15122231-n	deu:exe	Die Zeit vergeht so schnell.
02818832-n	deu:lemma	Bett
02818832-n	deu:exe	Barbara ist erst um 1 Uhr ins Bett gegangen.
90000503-n	deu:lemma	nächstes Jahr
90000503-n	deu:exe	Das neue Gebäude wird nächstes Jahr fertig.
08168367-n	deu:lemma	Ausland
08168367-n	deu:exe	Mein Mann arbeitet demnächst für zwei Jahre im Ausland.
02560548-a	deu:lemma	weit
02560548-a	deu:exe	Von hier kann man das Meer weit überschauen.
01384212-a	deu:lemma	weit
01384212-a	deu:exe	Von hier kann man das Meer weit überschauen.
00255710-n	deu:lemma	Wäsche
00255710-n	deu:exe	Während sie die Wäsche wäschst, bereitet er das Mittagessen.
07110457-n	deu:lemma	Gespräch
07110457-n	deu:exe	Was muss man beim Gespräch mit den Kunden beachten?
00893243-n	deu:lemma	Gespräch
00893243-n	deu:exe	Was muss man beim Gespräch mit den Kunden beachten?
07221094-n	deu:lemma	Gespräch
07221094-n	deu:exe	Was muss man beim Gespräch mit den Kunden beachten?
07139316-n	deu:lemma	Gespräch
07139316-n	deu:exe	Was muss man beim Gespräch mit den Kunden beachten?
00031798-r	deu:lemma	schon
00031798-r	deu:exe	Hast du schon mal in Asien Urlaub gemacht?
07555863-n	deu:lemma	Essen
07555863-n	deu:exe	Die esse ich sogar am liebsten, was japanisches Essen angeht.
07560652-n	deu:lemma	Essen
07560652-n	deu:exe	Die esse ich sogar am liebsten, was japanisches Essen angeht.
00157412-r	deu:lemma	manchmal
00157412-r	deu:exe	Manchmal hat er sogar keine Zeit zum Schlafen.
00021212-r	deu:lemma	manchmal
00021212-r	deu:exe	Manchmal hat er sogar keine Zeit zum Schlafen.
03740161-n	deu:lemma	Medikament
03740161-n	deu:exe	Er muss die Medikamente täglich einnehmen.
02318272-a	deu:lemma	geradeaus
02318272-a	deu:exe	Gehen Sie hier die Treppe hoch und dann geradeaus.
02310895-a	deu:lemma	geradeaus
02310895-a	deu:exe	Gehen Sie hier die Treppe hoch und dann geradeaus.
02314584-a	deu:lemma	geradeaus
02314584-a	deu:exe	Gehen Sie hier die Treppe hoch und dann geradeaus.
10787470-n	deu:lemma	Frau
10787470-n	deu:exe	Die alte Frau stand an der Ampel und wartete auf Grün. 
10736091-n	deu:lemma	Onkel
10736091-n	deu:exe	Statt meines Vaters kommt mein Onkel.
04404997-n	deu:lemma	Kamera
04404997-n	deu:exe	Ich habe zum Geburtstag von meinem Vater eine Digitalkamera geschenkt bekommen.
02942699-n	deu:lemma	Kamera
02942699-n	deu:exe	Ich habe zum Geburtstag von meinem Vater eine Digitalkamera geschenkt bekommen.
04370048-n	deu:lemma	Pullover
04370048-n	deu:exe	Sie trägt gern eine Jeans und einen Pullover.
02626604-v	deu:lemma	werden
02626604-v	deu:exe	Je älter er wird, desto bescheidener wird er.
02623529-v	deu:lemma	werden
02623529-v	deu:exe	Je älter er wird, desto bescheidener wird er.
04398497-n	deu:lemma	Café
04398497-n	deu:exe	Hmm, gehen wir ins Stadt-Café oder bleiben wir in der Uni?
00081591-r	deu:lemma	jede Woche
00081591-r	deu:exe	Wir schreiben jede Woche einen Vokabeltest.
01535246-v	deu:lemma	waschen
01535246-v	deu:exe	Wie oft wäscht du dein Auto?
00606093-v	deu:lemma	üben
00606093-v	deu:exe	Sie übt jeden Tag drei Stunden Piano.
01723224-v	deu:lemma	üben
01723224-v	deu:exe	Sie übt jeden Tag drei Stunden Piano.
15156187-n	deu:lemma	gestern
15156187-n	deu:exe	Seit gestern tut mir der Hals ziemlich weh.
01919428-a	deu:lemma	ruhig
01919428-a	deu:exe	Stockholm ist eine sehr saubere und ruhige Stadt.
01918984-a	deu:lemma	ruhig
01918984-a	deu:exe	Stockholm ist eine sehr saubere und ruhige Stadt.
04437953-n	deu:lemma	Uhr
04437953-n	deu:exe	Ich habe zu Weihnachten eine Uhr geschenkt bekommen.
03046257-n	deu:lemma	Uhr
03046257-n	deu:exe	Ich habe zu Weihnachten eine Uhr geschenkt bekommen.
04350905-n	deu:lemma	Anzug
04350905-n	deu:exe	Der neue Anzug steht ihm gut.
00409440-a	deu:lemma	dunkel
00409440-a	deu:exe	Ich trinke gerne dunkles Bier.
00842199-a	deu:lemma	stark
00842199-a	deu:exe	Er hat einen starken Willen und setzt seine Meinug durch.
15163979-n	deu:lemma	Montag
15163979-n	deu:exe	Kommen Sie doch einfach am nächsten Montag vorbei.
00059413-r	deu:lemma	oft
00059413-r	deu:exe	Wie oft bist du denn da?
00035058-r	deu:lemma	oft
00035058-r	deu:exe	Wie oft bist du denn da?
05687338-n	deu:lemma	Problem
05687338-n	deu:exe	Er hat Probleme mit seiner Freundin.
06784003-n	deu:lemma	Problem
06784003-n	deu:exe	Er hat Probleme mit seiner Freundin.
03281145-n	deu:lemma	Aufzug
03281145-n	deu:exe	Nehmen Sie den Aufzug oder die Treppe.
05320899-n	deu:lemma	Ohr
05320899-n	deu:exe	Er hat gute Ohren.
00007846-n	deu:lemma	jemand
00007846-n	deu:exe	Es gibt Menschen, denen nie jemand glaubt, obwohl sie die Wahrheit sprechen.
03436182-n	deu:lemma	Radiorekorder
03436182-n	deu:exe	Ich suche einen Radiorekorder mit CD-Spieler.
04284002-n	deu:lemma	Löffel
04284002-n	deu:exe	Sie trinkt Kaffee immer mit zwei Löffel Zucker.
13134947-n	deu:lemma	Obst
13134947-n	deu:exe	Zum Frühstück esse ich meistens nur Obst.
11683989-n	deu:lemma	Obst
11683989-n	deu:exe	Zum Frühstück esse ich meistens nur Obst.
02730813-v	deu:lemma	sagen
02730813-v	deu:exe	Ich konnte mir nicht erlauben, meine Meinung zu sagen.
01009240-v	deu:lemma	sagen
01009240-v	deu:exe	Ich konnte mir nicht erlauben, meine Meinung zu sagen.
00941990-v	deu:lemma	sagen
00941990-v	deu:exe	Ich konnte mir nicht erlauben, meine Meinung zu sagen.
00979870-v	deu:lemma	sagen
00979870-v	deu:exe	Ich konnte mir nicht erlauben, meine Meinung zu sagen.
04507155-n	deu:lemma	Regenschirm
04507155-n	deu:exe	Nimm einen Regenschirm mit! Vielleicht regnet es heute Abend wieder.
02229324-a	deu:lemma	schlecht
02229324-a	deu:exe	Sein Englisch ist schlecht, aber besser als mein Italienisch.
01870636-a	deu:lemma	schlecht
01870636-a	deu:exe	Sein Englisch ist schlecht, aber besser als mein Italienisch.
01128103-a	deu:lemma	schlecht
01128103-a	deu:exe	Sein Englisch ist schlecht, aber besser als mein Italienisch.
02229000-a	deu:lemma	schlecht
02229000-a	deu:exe	Sein Englisch ist schlecht, aber besser als mein Italienisch.
15270431-n	deu:lemma	Zeit
15270431-n	deu:exe	In dieser Zeit wird hart gearbeitet und ordentlich verdient.
15227846-n	deu:lemma	Zeit
15227846-n	deu:exe	In dieser Zeit wird hart gearbeitet und ordentlich verdient.
15269513-n	deu:lemma	Zeit
15269513-n	deu:exe	In dieser Zeit wird hart gearbeitet und ordentlich verdient.
00744916-a	deu:lemma	schwierig
00744916-a	deu:exe	Die Aufgaben, die unser Lehrer uns gibt, sind sehr schwierig.
04401088-n	deu:lemma	Telefon
04401088-n	deu:exe	Ja, tut mir Leid, aber unser Telefon war plötzlich kaputt, ausgerechnet gestern Abend!
06272803-n	deu:lemma	Telefon
06272803-n	deu:exe	Ja, tut mir Leid, aber unser Telefon war plötzlich kaputt, ausgerechnet gestern Abend!
02870092-n	deu:lemma	Buch
02870092-n	deu:exe	Die Mutter sitzt neben dem schlafenden Kind und liest ein Buch.
06410904-n	deu:lemma	Buch
06410904-n	deu:exe	Die Mutter sitzt neben dem schlafenden Kind und liest ein Buch.
09972010-n	deu:lemma	Cousin
09972010-n	deu:exe	Mein Cousin wohnt in Köln.
14974264-n	deu:lemma	Papier
14974264-n	deu:exe	Nehmen Sie ein Blatt Papier zur Hand und schreiben Sie Ihren Namen in die Mitte des Papiers. 
80000677-n	deu:lemma	Papier
80000677-n	deu:exe	Nehmen Sie ein Blatt Papier zur Hand und schreiben Sie Ihren Namen in die Mitte des Papiers. 
06255777-n	deu:lemma	Papier
06255777-n	deu:exe	Nehmen Sie ein Blatt Papier zur Hand und schreiben Sie Ihren Namen in die Mitte des Papiers. 
04960277-n	deu:lemma	schwarz
04960277-n	deu:exe	Hätten Sie den vielleicht auch noch in Schwarz?
02770717-v	deu:lemma	sich bewölken
02770717-v	deu:exe	Heute ist es teilweise bewölkt.
02529945-a	deu:lemma	kühl
02529945-a	deu:exe	Heute ist es windig und ziemlich kühl.
02207206-v	deu:lemma	kaufen
02207206-v	deu:exe	Sie sagte, er kaufe sich ein Auto.
02208265-v	deu:lemma	kaufen
02208265-v	deu:exe	Sie sagte, er kaufe sich ein Auto.
00422620-a	deu:lemma	schmutzig
00422620-a	deu:exe	Weiße Hemden werden schnell schmutzig.
01908889-a	deu:lemma	schmutzig
01908889-a	deu:exe	Weiße Hemden werden schnell schmutzig.
00419289-a	deu:lemma	schmutzig
00419289-a	deu:exe	Weiße Hemden werden schnell schmutzig.
01345109-v	deu:lemma	schließen
01345109-v	deu:exe	Darf ich das Fenster schließen?
01960911-v	deu:lemma	schwimmen
01960911-v	deu:exe	Klar, ich mach' gern Aerobic und ich schwimme auch oft.
00933154-a	deu:lemma	hoch
00933154-a	deu:exe	Sie trägt gerne Schuhe mit hohen Absätzen.
04199027-n	deu:lemma	Schuh
04199027-n	deu:exe	Seine Schuhe sind blank geputzt.
04330340-n	deu:lemma	Ofen
04330340-n	deu:exe	Alle Kinder wärmen sich am Ofen.
07823951-n	deu:lemma	Curry
07823951-n	deu:exe	Dieses Curry enthält zehn verschiedene Gewürze.
05598147-n	deu:lemma	Nase
05598147-n	deu:exe	Er fiel zu Boden und das Blut floss ihm aus der Nase.
05658826-n	deu:lemma	Nase
05658826-n	deu:exe	Er fiel zu Boden und das Blut floss ihm aus der Nase.
06947032-n	deu:lemma	Englisch
06947032-n	deu:exe	Er spricht am besten Englisch von uns.
07575726-n	deu:lemma	Abendessen
07575726-n	deu:exe	Nach dem Abendessen sehe ich einen Film.
03485794-n	deu:lemma	Taschentuch
03485794-n	deu:exe	Er wischt sich mit dem Taschentuch den Schweiß von der Stirn ab.
01198101-v	deu:lemma	rauchen
01198101-v	deu:exe	Ich höre mit dem Rauchen auf.
02741003-v	deu:lemma	hängen
02741003-v	deu:exe	Sie hängt das Foto über den Schreibtisch.
01206474-a	deu:lemma	niedrig
01206474-a	deu:exe	Der Schreibtisch ist zu niedrig für mich.
13832355-n	deu:lemma	Osten
13832355-n	deu:exe	Er kommt aus Ostdeutschland.
11525955-n	deu:lemma	Wind
11525955-n	deu:exe	Das Auto fährt gegen den Wind.
02324182-v	deu:lemma	leihen
02324182-v	deu:exe	Ach, hör mal, kannst du mir vielleicht deine Notizen von der letzten Woche leihen?
01437963-a	deu:lemma	lang
01437963-a	deu:exe	Sie hat lange Haare.
01433493-a	deu:lemma	lang
01433493-a	deu:exe	Sie hat lange Haare.
01444022-a	deu:lemma	lang
01444022-a	deu:exe	Sie hat lange Haare.
80001077-n	deu:lemma	wie viel
80001077-n	deu:exe	Wie viele Bücher darf man auf einmal ausleihen?
80001077-n	deu:lemma	was
80001077-n	deu:exe	Was kostet das denn?
10665698-n	deu:lemma	Schüler
10665698-n	deu:exe	Der Schüler wird ständig gelobt.
10665698-n	deu:lemma	Student
10665698-n	deu:exe	Alle Studenten bestehen diese Prüfung.
10251779-n	deu:lemma	Schüler
10251779-n	deu:exe	Der Schüler wird ständig gelobt.
08615374-n	deu:lemma	Park
08615374-n	deu:exe	Im Park tummeln sich viele Kinder.
77000064-n	deu:lemma	welch
77000064-n	deu:exe	Und welche Preislage sollte es sein?
03290771-n	deu:lemma	Eingang
03290771-n	deu:exe	Das Gebäude hat zwei Eingänge.
03290771-n	deu:lemma	Eingang
03290771-n	deu:exe	Das Gebäude hat zwei Eingänge.
06409752-n	deu:lemma	Aufsatz
06409752-n	deu:exe	Ich muss meinen Aufsatz noch verbessern.
10286084-n	deu:lemma	Geschwister
10286084-n	deu:exe	Ich habe zwei Geschwister, einen Bruder und eine Schwester. Ich bin die älteste.
09876454-n	deu:lemma	Geschwister
09876454-n	deu:exe	Ich habe zwei Geschwister, einen Bruder und eine Schwester. Ich bin die älteste.
80001731-n	deu:lemma	ausländischer Student
80001731-n	deu:exe	Er ist ein ausländischer Student aus der Türkei.
77000031-n	deu:lemma	sie
77000031-n	deu:exe	Ich hoffe, sie werden bald wieder gesund.
00934199-a	deu:lemma	billig
00934199-a	deu:exe	Wir suchen ein billiges Hotel oder eine Jugendherberge.
00935103-a	deu:lemma	billig
00935103-a	deu:exe	Wir suchen ein billiges Hotel oder eine Jugendherberge.
02747802-n	deu:lemma	Aschenbecher
02747802-n	deu:exe	Sie hat den Aschenbecher ausgeleert.
15213115-n	deu:lemma	Oktober
15213115-n	deu:exe	Das Wintersemester beginnt am 1. Oktober.
15203791-n	deu:lemma	Jahr
15203791-n	deu:exe	Deutsch in zwei Jahren perfekt zu lernen
03619890-n	deu:lemma	Küche
03619890-n	deu:exe	Aus der Küche riecht es gut. 
00273734-v	deu:lemma	lehren
00273734-v	deu:exe	Er hat mich sehr viel gelehrt.
00829107-v	deu:lemma	lehren
00829107-v	deu:exe	Er hat mich sehr viel gelehrt.
00963570-v	deu:lemma	sprechen
00963570-v	deu:exe	Es gibt Menschen, denen nie jemand glaubt, obwohl sie die Wahrheit sprechen.
00815686-v	deu:lemma	antworten
00815686-v	deu:exe	Antworte bitte sofort!
00635523-v	deu:lemma	antworten
00635523-v	deu:exe	Antworte bitte sofort!
03417345-n	deu:lemma	Garten
03417345-n	deu:exe	Trotz des Regens spielen die Kinder im Garten.
03417749-n	deu:lemma	Garten
03417749-n	deu:exe	Trotz des Regens spielen die Kinder im Garten.
01775164-v	deu:lemma	Lieblings...
01775164-v	deu:exe	"Was ist dein Lieblingssport?" ― "Mein Lieblingssport ist Fußball."
01828736-v	deu:lemma	Lieblings...
01828736-v	deu:exe	"Was ist dein Lieblingssport?" ― "Mein Lieblingssport ist Fußball."
06418901-n	deu:lemma	Wörterbuch
06418901-n	deu:exe	Hast du vielleicht ein japanisch-deutsches Wörterbuch?
15164570-n	deu:lemma	Samstag
15164570-n	deu:exe	Das schaffst du schon noch bis Samstag.
00284798-n	deu:lemma	Spaziergang
00284798-n	deu:exe	Trotz des Regens machen sie einen Spaziergang.
00284101-n	deu:lemma	Spaziergang
00284101-n	deu:exe	Trotz des Regens machen sie einen Spaziergang.
01712704-v	deu:lemma	tun
01712704-v	deu:exe	Das ist das Beste, was ich tun kann.
08277393-n	deu:lemma	Schule
08277393-n	deu:exe	Unsere Schule liegt gegenüber dem Friedhof.
08276720-n	deu:lemma	Schule
08276720-n	deu:exe	Unsere Schule liegt gegenüber dem Friedhof.
00161630-r	deu:lemma	langsam
00161630-r	deu:exe	Darf ich Sie bitten, etwas langsamer zu sprechen?
90000506-n	deu:lemma	letzte Woche
90000506-n	deu:exe	Wir haben uns doch letzte Woche erst gesehen, bei Claudia.
03057021-n	deu:lemma	Jacke
03057021-n	deu:exe	Kannst du diesen Fleck aus der Jacke entfernen?
03057021-n	deu:lemma	Mantel
03057021-n	deu:exe	Der Mantel muss zum Reinigen gegeben werden.
03589791-n	deu:lemma	Jacke
03589791-n	deu:exe	Kannst du diesen Fleck aus der Jacke entfernen?
06929279-n	deu:lemma	Japanisch
06929279-n	deu:exe	Du kannst doch Japanisch, oder?
03303965-n	deu:lemma	Ausgang
03303965-n	deu:exe	Ich warte am Ausgang auf dich.
10142391-n	deu:lemma	Großvater
10142391-n	deu:exe	Ich war fünf Jahre alt, als mein Großvater starb. Ich vermisse ihn sehr.
07934530-n	deu:lemma	Tee
07934530-n	deu:exe	Ein Freund hat mir gestern chinesischen Tee geschenkt.
07933274-n	deu:lemma	Tee
07933274-n	deu:exe	Ein Freund hat mir gestern chinesischen Tee geschenkt.
07933274-n	deu:lemma	Tee
07933274-n	deu:exe	Ah nee, ich trinke am liebsten schwarzen Tee.
07989373-n	deu:lemma	Ehepaar
07989373-n	deu:exe	Das Ehepaar Meyer hat drei Kinder.
10146559-n	deu:lemma	Gemüsehändler
10146559-n	deu:exe	Meistens kaufen wir beim Gemüsehändler um die Ecke.
03457686-n	deu:lemma	Gemüsehändler
03457686-n	deu:exe	Meistens kaufen wir beim Gemüsehändler um die Ecke.
03147509-n	deu:lemma	Tasse
03147509-n	deu:exe	Hm... trink doch mal 'ne Tasse Tee mit Honig vorm Schlafen.
03972524-n	deu:lemma	Tasche
03972524-n	deu:exe	Er hat das Handy in die Tasche gesteckt.
04968895-n	deu:lemma	blau
04968895-n	deu:exe	Das Mädchen trägt ein blaues Kleid.
01555416-a	deu:lemma	wenig
01555416-a	deu:exe	Er hat weniger Haar als du.
01552885-a	deu:lemma	wenig
01552885-a	deu:exe	Er hat weniger Haar als du.
00017865-v	deu:lemma	schlafen
00017865-v	deu:exe	Das Kind schläft immer schnell ein.
00450147-a	deu:lemma	nah
00450147-a	deu:exe	Der nächste Bahnhof ist 10 km entfernt.
00444519-a	deu:lemma	nah
00444519-a	deu:exe	Der nächste Bahnhof ist 10 km entfernt.
00445169-a	deu:lemma	nah
00445169-a	deu:exe	Der nächste Bahnhof ist 10 km entfernt.
00584367-n	deu:lemma	Arbeit
00584367-n	deu:exe	In drei Stunden bin ich mit der Arbeit fertig.
07574602-n	deu:lemma	Frühstück
07574602-n	deu:exe	Zum Frühstück gab es belegte Brote und gekochte Eier.
08078020-n	deu:lemma	Familie
08078020-n	deu:exe	Jede Familie hat ihre eigenen Regeln.
10236304-n	deu:lemma	Familie
10236304-n	deu:exe	Jede Familie hat ihre eigenen Regeln.
07970406-n	deu:lemma	Familie
07970406-n	deu:exe	Jede Familie hat ihre eigenen Regeln.
07970406-n	deu:lemma	Familie
07970406-n	deu:exe	Jede Familie hat ihre eigenen Regeln.
09918248-n	deu:lemma	Kind
09918248-n	deu:exe	Manche Kinder gehen zu einer Nachhilfeschule.
12212361-n	deu:lemma	Gemüse
12212361-n	deu:exe	Dass frische Früchte und Gemüse gesund sind, weiß eigentlich jeder.
07707451-n	deu:lemma	Gemüse
07707451-n	deu:exe	Dass frische Früchte und Gemüse gesund sind, weiß eigentlich jeder.
03365991-n	deu:lemma	Stock
03365991-n	deu:exe	Nehmen Sie den Aufzug oder die Treppe.
00976508-a	deu:lemma	schnell
00976508-a	deu:exe	Sie spricht zwar immer ziemlich schnell, nee, aber sie ist wirklich okay.
00981818-a	deu:lemma	schnell
00981818-a	deu:exe	Sie spricht zwar immer ziemlich schnell, nee, aber sie ist wirklich okay.
00979862-a	deu:lemma	schnell
00979862-a	deu:exe	Sie spricht zwar immer ziemlich schnell, nee, aber sie ist wirklich okay.
07644382-n	deu:lemma	Huhn
07644382-n	deu:exe	Für ihren Sohn hat sie ein gebratenes Huhn gekauft.
07644967-n	deu:lemma	Huhn
07644967-n	deu:exe	Für ihren Sohn hat sie ein gebratenes Huhn gekauft.
07813107-n	deu:lemma	Salz
07813107-n	deu:exe	Zu viel Salz kann den Blutdruck erhöhen.
07825972-n	deu:lemma	Sojasoße
07825972-n	deu:exe	Die Sojasoße stammt ursprünglich aus China.
02005948-v	deu:lemma	ankommen
02005948-v	deu:exe	Ich bin gestern Abend hier angekommen.
02930766-n	deu:lemma	Taxi
02930766-n	deu:exe	Ich musste ein Taxi nehmen, weil der letzte Bus schon abgefahren war.
04371225-n	deu:lemma	Schwimmbad
04371225-n	deu:exe	Am Wochenende gehe ich gerne ins Schwimmbad.
00604617-a	deu:lemma	praktisch
00604617-a	deu:exe	Das Handy ist wirklich praktisch.
15237250-n	deu:lemma	Sommer
15237250-n	deu:exe	In Japan ist es im Sommer sehr schwül.
03757138-n	deu:lemma	U-Bahn
03757138-n	deu:exe	Wo ist die nächste U-Bahn-Station?
04349306-n	deu:lemma	U-Bahn
04349306-n	deu:exe	Wo ist die nächste U-Bahn-Station?
77000090-n	deu:lemma	wie
77000090-n	deu:exe	Wie geht es Ihnen?
80001331-x	deu:lemma	wie
80001331-x	deu:exe	Wie geht es Ihnen?
77000104-n	deu:lemma	wann
77000104-n	deu:exe	Hey, Anna, wann fängt dein nächstes Seminar an?
04105893-n	deu:lemma	Apartment
04105893-n	deu:exe	Das Apartment liegt direkt am Meer.
06415419-n	deu:lemma	Heft
06415419-n	deu:exe	Sie haben die Antwort in ihr Heft geschrieben.
01376705-a	deu:lemma	berühmt
01376705-a	deu:exe	Sie ist eine berühmte Künstlerin.
01375831-a	deu:lemma	berühmt
01375831-a	deu:exe	Sie ist eine berühmte Künstlerin.
00953216-v	deu:lemma	erzählen
00953216-v	deu:exe	Meine Mutter hat mir das Märchen oft erzählt, als ich klein war.
00962447-v	deu:lemma	erzählen
00962447-v	deu:exe	Meine Mutter hat mir das Märchen oft erzählt, als ich klein war.
02935891-n	deu:lemma	Mensa
02935891-n	deu:exe	Die Studenten essen in der Mensa.
01984902-v	deu:lemma	sich setzen
01984902-v	deu:exe	... Hier, bitte, setzen Sie sich.
00120223-r	deu:lemma	während
00120223-r	deu:exe	Während sie die Wäsche wäschst, bereitet er das Mittagessen.
00120095-r	deu:lemma	während
00120095-r	deu:exe	Während sie die Wäsche wäschst, bereitet er das Mittagessen.
02386612-a	deu:lemma	klein
02386612-a	deu:exe	Mein Zimmer ist kleiner als sein Zimmer.
02386612-a	deu:lemma	kurz
02386612-a	deu:exe	Sie will heute ihre langen Haare kurz schneiden lassen.
03025755-n	deu:lemma	Stäbchen
03025755-n	deu:exe	Kannst du eigentlich mit Stäbchen essen?
15166191-n	deu:lemma	Nachmittag
15166191-n	deu:exe	Würden Sie bitte das Material für die Sitzung am Nachmittag vorbereiten?
80000080-n	deu:lemma	diesen Monat
80000080-n	deu:exe	Meine Nichte wird diesen Monat fünf Jahre alt.
06624161-n	deu:lemma	Brief
06624161-n	deu:exe	Er bekommt von dem Japaner einen Brief.
01909812-v	deu:lemma	biegen
01909812-v	deu:exe	Sie bogen sich alle vor Lachen.
07929519-n	deu:lemma	Kaffee
07929519-n	deu:exe	Magst du eigentlich lieber Kaffee oder Tee?
01729431-v	deu:lemma	singen
01729431-v	deu:exe	Auf der Party wurde gelacht und gesungen.
11501381-n	deu:lemma	Regen
11501381-n	deu:exe	Trotz des Regens machen sie einen Spaziergang.
07749582-n	deu:lemma	Zitrone
07749582-n	deu:exe	Ich trinke sehr gerne Tee mit Zitrone.
90000511-n	deu:lemma	vorgestern
90000511-n	deu:exe	Seine Frau liegt seit vorgestern im Krankenhaus.
00118032-r	deu:lemma	dann
00118032-r	deu:exe	Bis dann.
00118032-r	deu:lemma	also
00118032-r	deu:exe	Also, wenn du willst, kannst du bei uns essen.
04468005-n	deu:lemma	Zug
04468005-n	deu:exe	Der Zug hatte 20 Minuten Verspätung.
77000002-n	deu:lemma	wir
77000002-n	deu:exe	Wollen wir am Wochenende in die Berge fahren?
15206296-n	deu:lemma	Monat
15206296-n	deu:exe	In diesem Sommer werde ich für zwei Monate im New Yorker Büro arbeiten.
02834778-n	deu:lemma	Fahrrad
02834778-n	deu:exe	Das Fahrrad ist schon repariert.
06597466-n	deu:lemma	Zeitschrift
06597466-n	deu:exe	Die Zeitschrift wird von vielen Studenten gelesen.
06595351-n	deu:lemma	Zeitschrift
06595351-n	deu:exe	Die Zeitschrift wird von vielen Studenten gelesen.
03704210-n	deu:lemma	Zeitschrift
03704210-n	deu:exe	Die Zeitschrift wird von vielen Studenten gelesen.
08238463-n	deu:lemma	Klasse
08238463-n	deu:exe	Franz ist der größte Schüler in der Klasse.
00050454-v	deu:lemma	ausziehen
00050454-v	deu:exe	Zieh dir die Schuhe aus!
02649830-v	deu:lemma	wohnen
02649830-v	deu:exe	Meine Tante wohnt in München.
15155891-n	deu:lemma	morgen
15155891-n	deu:exe	Ich hoffe, dass wir morgen schönes Wetter haben.
04208936-n	deu:lemma	Dusche
04208936-n	deu:exe	Möchten Sie ein Zimmer mit Bad oder Dusche?
15213774-n	deu:lemma	Dezember
15213774-n	deu:exe	Auf jeden Dezember folgt wieder ein Mai.
00625119-v	deu:lemma	lesen
00625119-v	deu:exe	Es ist nicht möglich, dieses dicke Buch in drei Tagen zu lesen.
02774152-n	deu:lemma	Tasche
02774152-n	deu:exe	Sie nimmt ein Buch aus der Tasche.
02773037-n	deu:lemma	Tasche
02773037-n	deu:exe	Sie nimmt ein Buch aus der Tasche.
13250542-n	deu:lemma	Geld
13250542-n	deu:exe	Wenn ich genug Geld hätte, würde ich nicht mehr arbeiten.
13384557-n	deu:lemma	Geld
13384557-n	deu:exe	Wenn ich genug Geld hätte, würde ich nicht mehr arbeiten.
05600637-n	deu:lemma	Gesicht
05600637-n	deu:exe	Ihr Gesicht strahlte vor Freude.
07597365-n	deu:lemma	Bonbon
07597365-n	deu:exe	"Mama, krieg ich noch ein leckeres Bonbon?"
00024356-r	deu:lemma	nein
00024356-r	deu:exe	„Nein, ich habe es noch nicht gelesen.“
03176763-n	deu:lemma	Kaufhaus
03176763-n	deu:exe	Dem Bahnhof gegenüber ist ein Kaufhaus.
01725051-v	deu:lemma	spielen
01725051-v	deu:exe	Mein Sohn kann Geige spielen.
03388183-n	deu:lemma	Füllfederhalter
03388183-n	deu:exe	Ich habe von meinem Vater einen Füllfederhalter geschenkt bekommen.
77000089-a	deu:lemma	solch
77000089-a	deu:exe	Mit solchen Leuten wollen wir nicht mehr zusammenarbeiten.
15164354-n	deu:lemma	Donnerstag
15164354-n	deu:exe	Am Donnerstag letzter Woche hab ich ein Gespräch mit ihm gehabt. 
00056916-r	deu:lemma	bitte
00056916-r	deu:exe	Werde doch bitte schnell wieder gesund!
00816481-a	deu:lemma	spät
00816481-a	deu:exe	„Wie spät ist es jetzt?“ „Es ist 8.20 Uhr.“
01901186-a	deu:lemma	spät
01901186-a	deu:exe	„Wie spät ist es jetzt?“ „Es ist 8.20 Uhr.“
04956594-n	deu:lemma	Farbe
04956594-n	deu:exe	Aber ... die Farbe gefällt mir nicht so.
04674968-n	deu:lemma	Farbe
04674968-n	deu:exe	Aber ... die Farbe gefällt mir nicht so.
07109730-n	deu:lemma	Sprache
07109730-n	deu:exe	Wer keine Fremdsprache kennt, kennt seine Muttersprache nicht. (Johann Wolfgang Geothe)
06282651-n	deu:lemma	Sprache
06282651-n	deu:exe	Wer keine Fremdsprache kennt, kennt seine Muttersprache nicht. (Johann Wolfgang Geothe)
00121135-r	deu:lemma	so
00121135-r	deu:exe	Ich verstehe nicht, warum du so lachst.
04962784-n	deu:lemma	rot
04962784-n	deu:exe	Darf ich den roten Mantel mal probieren?
03871083-n	deu:lemma	Paket
03871083-n	deu:exe	Wenn das Paket doch endlich käme!
02774630-n	deu:lemma	Paket
02774630-n	deu:exe	Wenn das Paket doch endlich käme!
07891726-n	deu:lemma	Wein
07891726-n	deu:exe	Ich trinke lieber Wein als Bier.
07884567-n	deu:lemma	Wein
07884567-n	deu:exe	Ich trinke lieber Wein als Bier.
07891433-n	deu:lemma	Wein
07891433-n	deu:exe	Ich trinke lieber Wein als Bier.
15164463-n	deu:lemma	Freitag
15164463-n	deu:exe	Nächste Woche Freitag fahr' ich für zwei Wochen in Urlaub.
03581125-n	deu:lemma	Kreuzung
03581125-n	deu:exe	An der Kreuzung steht die Polizei.
02410393-a	deu:lemma	dick
02410393-a	deu:exe	Sie hat dick Butter aufs Brot gestrichen.
02410393-a	deu:lemma	dick
02410393-a	deu:exe	Sie hat dick Butter aufs Brot gestrichen.
02415390-a	deu:lemma	dick
02415390-a	deu:exe	Sie hat dick Butter aufs Brot gestrichen.
02756821-v	deu:lemma	regnen
02756821-v	deu:exe	Ich fahre mit dem Bus zur Uni, wenn es stark regnet.
02529264-a	deu:lemma	warm
02529264-a	deu:exe	Ich möchte etwas Warmes trinken.
01546111-v	deu:lemma	aufstehen
01546111-v	deu:exe	Er ist vor Aufregung vom Stuhl aufgestanden.
10142747-n	deu:lemma	Großmutter
10142747-n	deu:exe	Ich bin in Wien bei meiner Großmutter aufgewachsen.
07679356-n	deu:lemma	Brot
07679356-n	deu:exe	Dieses Brot wird zum Frühstück frisch gebacken und noch warm serviert.
03259505-n	deu:lemma	Haus
03259505-n	deu:exe	Das alte Haus wurde abgerissen.
03544360-n	deu:lemma	Haus
03544360-n	deu:exe	Das alte Haus wurde abgerissen.
03544360-n	deu:lemma	Wohnung
03544360-n	deu:exe	Wir haben eine möblierte Wohnung gemietet.
08559508-n	deu:lemma	Haus
08559508-n	deu:exe	Das alte Haus wurde abgerissen.
08559508-n	deu:lemma	Wohnung
08559508-n	deu:exe	Wir haben eine möblierte Wohnung gemietet.
15210486-n	deu:lemma	Februar
15210486-n	deu:exe	Im letzten Februar hat meine Schwester einen Amerikaner geheiratet.
15167349-n	deu:lemma	Nacht
15167349-n	deu:exe	Es wurde bis in die Nacht hinein gefeiert.
15155747-n	deu:lemma	Nacht
15155747-n	deu:exe	Es wurde bis in die Nacht hinein gefeiert.
15167027-n	deu:lemma	Nacht
15167027-n	deu:exe	Es wurde bis in die Nacht hinein gefeiert.
15167027-n	deu:lemma	gestern Abend
15167027-n	deu:exe	Ja, tut mir Leid, aber unser Telefon war plötzlich kaputt, ausgerechnet gestern Abend!
15167474-n	deu:lemma	Nacht
15167474-n	deu:exe	Es wurde bis in die Nacht hinein gefeiert.
03438257-n	deu:lemma	Glas
03438257-n	deu:exe	Das Glas fällt auf den Boden und zerbricht.
08613593-n	deu:lemma	draußen
08613593-n	deu:exe	Draußen ist es sehr kalt.
03338821-n	deu:lemma	Film
03338821-n	deu:exe	Ich möchte diesen Film entwickeln lassen.
06613686-n	deu:lemma	Film
06613686-n	deu:exe	Ich möchte diesen Film entwickeln lassen.
06613686-n	deu:lemma	Film
06613686-n	deu:exe	Der Film beginnt um acht Uhr. Davor kommt nur Werbung.
06262567-n	deu:lemma	Film
06262567-n	deu:exe	Ich möchte diesen Film entwickeln lassen.
04096066-n	deu:lemma	Straße
04096066-n	deu:exe	Gestern habe ich deine Schwester auf der Straße getroffen.
15212739-n	deu:lemma	September
15212739-n	deu:exe	Hier ist es im September immer noch schwül.
77000079-a	deu:lemma	der
77000079-a	deu:exe	Der Unfall war viel schlimmer, als ich es mir vorgetellt hatte.
14524198-n	deu:lemma	wolkig
14524198-n	deu:exe	Berlin meldet heiter bis wölkig bei 27 Grad.
13828795-n	deu:lemma	Länge
13828795-n	deu:exe	Die Länge des Rheins beträgt 1320 km.
00543233-n	deu:lemma	Musik
00543233-n	deu:exe	Er will in Paris Musik studieren.
05718556-n	deu:lemma	Musik
05718556-n	deu:exe	Er will in Paris Musik studieren.
05718935-n	deu:lemma	Musik
05718935-n	deu:exe	Er will in Paris Musik studieren.
07020895-n	deu:lemma	Musik
07020895-n	deu:exe	Er will in Paris Musik studieren.
00409709-r	deu:lemma	Nähe
00409709-r	deu:exe	Entschuldigung, gibt es hier in der Nähe einen Kopierer?
08641113-n	deu:lemma	Nähe
08641113-n	deu:exe	Entschuldigung, gibt es hier in der Nähe einen Kopierer?
03112099-n	deu:lemma	Flur
03112099-n	deu:exe	Sie wohnen auf dem gleichen Flur.
03661043-n	deu:lemma	Bibliothek
03661043-n	deu:exe	Dann brauche ich mal Ihren Bibliotheksausweis.
07840804-n	deu:lemma	Ei
07840804-n	deu:exe	Viele essen gerne ein gekochtes Ei zum Frühstück.
90000502-n	deu:lemma	dieses Jahr
90000502-n	deu:exe	„Ja, wir kriegen dieses Jahr auch keine neuen Kalender mehr rein.“
03908204-n	deu:lemma	Bleistift
03908204-n	deu:exe	Das Kind zeichnet mit dem Bleistift die Bilder.
14796748-n	deu:lemma	Bleistift
14796748-n	deu:exe	Das Kind zeichnet mit dem Bleistift die Bilder.
05282433-n	deu:lemma	Zahn
05282433-n	deu:exe	Das Kind putzt sich die Zähne.
05282746-n	deu:lemma	Zahn
05282746-n	deu:exe	Das Kind putzt sich die Zähne.
01649720-a	deu:lemma	jung
01649720-a	deu:exe	Meine Großeltern haben sehr jung geheiratet.
01646941-a	deu:lemma	jung
01646941-a	deu:exe	Meine Großeltern haben sehr jung geheiratet.
00514884-a	deu:lemma	ganz
00514884-a	deu:exe	Aber du, ... warum redest du eigentlich die ganze Zeit über japanisches Essen?
00988232-a	deu:lemma	dünn
00988232-a	deu:exe	Ich finde sie zu dünn.
01029368-v	deu:lemma	heißen
01029368-v	deu:exe	Übrigens, ich heiße Silke.
77000084-n	deu:lemma	wo
77000084-n	deu:exe	Wo ist denn noch mal die Kunsthalle?
00220082-a	deu:lemma	schön
00220082-a	deu:exe	Wow, das Bild ist aber schön!
01586342-a	deu:lemma	schön
01586342-a	deu:exe	Wow, das Bild ist aber schön!
01586342-a	deu:lemma	gut
01586342-a	deu:exe	Welche Bücher sind denn da gut?
01346003-v	deu:lemma	öffnen
01346003-v	deu:exe	Das Geschäft ist von 10 bis 20 Uhr geöffnet.
09853467-n	deu:lemma	Bruder
09853467-n	deu:exe	Ich kenne deinen Bruder.
09853467-n	deu:lemma	Bruder
09853467-n	deu:exe	Ich kenne deinen Bruder.
03102654-n	deu:lemma	Kühlschrank
03102654-n	deu:exe	Auf dem Kühlschrank steht die Mikrowelle.
03273913-n	deu:lemma	Kühlschrank
03273913-n	deu:exe	Auf dem Kühlschrank steht die Mikrowelle.
07845335-n	deu:lemma	Milch
07845335-n	deu:exe	Das Kind trinkt täglich ca. ein Liter Milch.
07844042-n	deu:lemma	Milch
07844042-n	deu:exe	Das Kind trinkt täglich ca. ein Liter Milch.
10780632-n	deu:lemma	Frau
10780632-n	deu:exe	Martin sagte, seine Frau komme morgen nach Japan.
10780632-n	deu:lemma	Frau
10780632-n	deu:exe	Martin sagte, seine Frau komme morgen nach Japan.
08625462-n	deu:lemma	links
08625462-n	deu:exe	Biegen Sie hier nach links ab.
90000508-n	deu:lemma	nächste Woche
90000508-n	deu:exe	Schreiben wir eigentlich nächste Woche wieder einen Vokabeltest?
01848718-v	deu:lemma	gehen
01848718-v	deu:exe	Wir müssen schon gehen, damit wir den Zug nicht verpassen.
06518719-n	deu:lemma	Fahrkarte
06518719-n	deu:exe	Eine Hin- und Rückfahrkarte kostet 35 Euro.
01470670-v	deu:lemma	treffen
01470670-v	deu:exe	Gestern habe ich deine Schwester auf der Straße getroffen.
02428924-v	deu:lemma	treffen
02428924-v	deu:exe	Gestern habe ich deine Schwester auf der Straße getroffen.
10285313-n	deu:lemma	Junge
10285313-n	deu:exe	Der Junge legt den Fußball unter den Tisch.
03542333-n	deu:lemma	Hotel
03542333-n	deu:exe	Das Hotel ist gleich beim Bahnhof.
02913152-n	deu:lemma	Gebäude
02913152-n	deu:exe	Das neue Gebäude wird nächstes Jahr fertig.
07649854-n	deu:lemma	Fleisch
07649854-n	deu:exe	Mein Sohn isst sehr gerne Fleisch.
09397391-n	deu:lemma	Teich
09397391-n	deu:exe	Sie haben ein großes Haus mit Garten. Im Garten gibt es auch einen Teich.
07935152-n	deu:lemma	Tee
07935152-n	deu:exe	Ah nee, ich trinke am liebsten schwarzen Tee.
03082979-n	deu:lemma	Computer
03082979-n	deu:exe	Also ... wenn du mal mit deinem Computer Probleme hast, helfe ich dir gerne!
00312553-n	deu:lemma	Reise
00312553-n	deu:exe	Wenn er Zeit hätte, würde er eine Reise durch Deutschland machen.
04043733-n	deu:lemma	Radio
04043733-n	deu:exe	Er schaltet das Radio ein, um die Nachrichten zu hören.
01442186-a	deu:lemma	kurz
01442186-a	deu:exe	Sie will heute ihre langen Haare kurz schneiden lassen.
01436003-a	deu:lemma	kurz
01436003-a	deu:exe	Sie will heute ihre langen Haare kurz schneiden lassen.
01442826-a	deu:lemma	kurz
01442826-a	deu:exe	Sie will heute ihre langen Haare kurz schneiden lassen.
14513694-n	deu:lemma	Familie
14513694-n	deu:exe	Jede Familie hat ihre eigenen Regeln.
02808440-n	deu:lemma	Bad
02808440-n	deu:exe	Er ist gerade im Bad.
02807731-n	deu:lemma	Bad
02807731-n	deu:exe	Er ist gerade im Bad.
15274074-n	deu:lemma	Ferien
15274074-n	deu:exe	Schöne Ferien!
15183428-n	deu:lemma	Ferien
15183428-n	deu:exe	Schöne Ferien!
15137890-n	deu:lemma	Ferien
15137890-n	deu:exe	Schöne Ferien!
00027918-r	deu:lemma	noch
00027918-r	deu:exe	Erinnerst du dich noch an deinen Kindergarten?
00031304-r	deu:lemma	noch
00031304-r	deu:exe	Erinnerst du dich noch an deinen Kindergarten?
03925226-n	deu:lemma	Foto
03925226-n	deu:exe	Das Foto hängt über dem Schreibtisch.
03931044-n	deu:lemma	Foto
03931044-n	deu:exe	Das Foto hängt über dem Schreibtisch.
04248607-n	deu:lemma	Foto
04248607-n	deu:exe	Das Foto hängt über dem Schreibtisch.
15164233-n	deu:lemma	Mittwoch
15164233-n	deu:exe	Heute ist doch erst Mittwoch!
11524662-n	deu:lemma	Wetter
11524662-n	deu:exe	Heute war das Wetter wirklich schön!
07193184-n	deu:lemma	Frage
07193184-n	deu:exe	Ich hab' mal eine Frage.
07196682-n	deu:lemma	Frage
07196682-n	deu:exe	Ich hab' mal eine Frage.
05797597-n	deu:lemma	Frage
05797597-n	deu:exe	Ich hab' mal eine Frage.
07193596-n	deu:lemma	Frage
07193596-n	deu:exe	Ich hab' mal eine Frage.
01904930-v	deu:lemma	laufen
01904930-v	deu:exe	Um fit zu bleiben, läuft er jeden Tag eine Stunde.
03383948-n	deu:lemma	Gabel
03383948-n	deu:exe	Hmm, nee, ich nehm' lieber 'ne Gabel...
08286569-n	deu:lemma	Universität
08286569-n	deu:exe	Ich studiere seit zwei Jahren an der Universität in Tokio.
08286163-n	deu:lemma	Universität
08286163-n	deu:exe	Ich studiere seit zwei Jahren an der Universität in Tokio.
08278169-n	deu:lemma	Universität
08278169-n	deu:exe	Ich studiere seit zwei Jahren an der Universität in Tokio.
01000214-v	deu:lemma	schreiben
01000214-v	deu:exe	Jetzt wollte ich Sie bitten, ob Sie mir das vielleicht schreiben könnten.
02471690-v	deu:lemma	schreiben
02471690-v	deu:exe	Jetzt wollte ich Sie bitten, ob Sie mir das vielleicht schreiben könnten.
01020356-v	deu:lemma	schreiben
01020356-v	deu:exe	Jetzt wollte ich Sie bitten, ob Sie mir das vielleicht schreiben könnten.
01691057-v	deu:lemma	schreiben
01691057-v	deu:exe	Jetzt wollte ich Sie bitten, ob Sie mir das vielleicht schreiben könnten.
01698271-v	deu:lemma	schreiben
01698271-v	deu:exe	Jetzt wollte ich Sie bitten, ob Sie mir das vielleicht schreiben könnten.
01020934-v	deu:lemma	schreiben
01020934-v	deu:exe	Jetzt wollte ich Sie bitten, ob Sie mir das vielleicht schreiben könnten.
00993014-v	deu:lemma	schreiben
00993014-v	deu:exe	Jetzt wollte ich Sie bitten, ob Sie mir das vielleicht schreiben könnten.
03822171-n	deu:lemma	Zeitung
03822171-n	deu:exe	In der Zeitung steht, dass die Bankräuber festgenommen worden sind.
06267145-n	deu:lemma	Zeitung
06267145-n	deu:exe	In der Zeitung steht, dass die Bankräuber festgenommen worden sind.
14961722-n	deu:lemma	Zeitung
14961722-n	deu:exe	In der Zeitung steht, dass die Bankräuber festgenommen worden sind.
07197021-n	deu:lemma	Prüfung
07197021-n	deu:exe	Die Prüfung zu bestehen, ist jetzt das wichtigste.
00158309-r	deu:lemma	eben
00158309-r	deu:exe	Ich wollte ihn eben anrufen, als er eintrat.
00002621-r	deu:lemma	eben
00002621-r	deu:exe	Ich wollte ihn eben anrufen, als er eintrat.
00002950-r	deu:lemma	eben
00002950-r	deu:exe	Ich wollte ihn eben anrufen, als er eintrat.
13714184-n	deu:lemma	Grad
13714184-n	deu:exe	Inzwischen hatte er 40 Grad Fieber.
00119568-n	deu:lemma	fliegen
00119568-n	deu:exe	Ende März fliege ich nach Deutschland.
08145553-n	deu:lemma	Post
08145553-n	deu:exe	Ich gehe zur Post und dann zum Kaufhaus.
15237044-n	deu:lemma	Frühling
15237044-n	deu:exe	Wenn die Kirschen blühen, kommt der Frühling.
01270199-v	deu:lemma	waschen
01270199-v	deu:exe	Wie oft wäscht du dein Auto?
06505517-n	deu:lemma	Kopie
06505517-n	deu:exe	Bitte senden Sie eine Kopie Ihres Ausweises an uns.
15166462-n	deu:lemma	Abend
15166462-n	deu:exe	Dann wünsche ich dir noch einen schönen Abend!
15166462-n	deu:lemma	gestern Abend
15166462-n	deu:exe	Ja, tut mir Leid, aber unser Telefon war plötzlich kaputt, ausgerechnet gestern Abend!
01343918-a	deu:lemma	interessant
01343918-a	deu:exe	Ach, das ist ja interessant.
01344344-a	deu:lemma	interessant
01344344-a	deu:exe	Ach, das ist ja interessant.
01344344-a	deu:lemma	lustig
01344344-a	deu:exe	Er ist immer so lustig und macht viele Witze.
01265308-a	deu:lemma	interessant
01265308-a	deu:exe	Ach, das ist ja interessant.
01344485-a	deu:lemma	interessant
01344485-a	deu:exe	Ach, das ist ja interessant.
00067045-r	deu:lemma	vorn
00067045-r	deu:exe	Gleich da vorn ist ein schönes Café.
00067265-r	deu:lemma	vorn
00067265-r	deu:exe	Gleich da vorn ist ein schönes Café.
90000515-n	deu:lemma	übermorgen
90000515-n	deu:exe	Oh Mann, ich hab' immer noch kein Geschenk für meine Schwester, und die hat schon übermorgen Geburtstag.
01296462-v	deu:lemma	befestigen
01296462-v	deu:exe	Die Lampe kann sowohl an der Wand als auch an der Decke befestigt werden.
01801029-a	deu:lemma	lustig
01801029-a	deu:exe	Er ist immer so lustig und macht viele Witze.
77000095-n	deu:lemma	wer
77000095-n	deu:exe	Wer nicht arbeitet, soll auch nicht essen.
90000500-n	deu:lemma	vorletztes Jahr
90000500-n	deu:exe	Ich war letztes Jahr in Italien und vorletztes Jahr in Frankreich, beide im August.
03221720-n	deu:lemma	Tür
03221720-n	deu:exe	Sie ist weggegangen, ohne die Tür zuzumachen.
00050681-r	deu:lemma	kein
00050681-r	deu:exe	Ja, du weißt, dass ich kein Handy habe.
00024587-r	deu:lemma	kein
00024587-r	deu:exe	Ja, du weißt, dass ich kein Handy habe.
77000012-n	deu:lemma	ich
77000012-n	deu:exe	Ich wohne bei meinem Onkel.
77000015-n	deu:lemma	ich
77000015-n	deu:exe	Ich wohne bei meinem Onkel.
01344963-a	deu:lemma	langweilig
01344963-a	deu:exe	Der Film ist langweilig.
01170052-v	deu:lemma	trinken
01170052-v	deu:exe	Es ist besser, mit Freunden Bier zu trinken, als allein zu Hause zu sitzen.
03282295-n	deu:lemma	Botschaft
03282295-n	deu:exe	Wo liegt die deutsche Botschaft in Japan?
14145501-n	deu:lemma	Erkältung
14145501-n	deu:exe	Ich habe vor zwei Wochen eine schlimme Erkältung bekommen.
06796119-n	deu:lemma	Briefmarke
06796119-n	deu:exe	Sie klebte die Briefmarke auf den Brief.
07775375-n	deu:lemma	Fisch
07775375-n	deu:exe	Ich esse lieber Fisch als Fleisch.
02512053-n	deu:lemma	Fisch
02512053-n	deu:exe	Ich esse lieber Fisch als Fleisch.
01586866-a	deu:lemma	gut
01586866-a	deu:exe	Welche Bücher sind denn da gut?
01048762-a	deu:lemma	gut
01048762-a	deu:exe	Welche Bücher sind denn da gut?
00067638-a	deu:lemma	gut
00067638-a	deu:exe	Welche Bücher sind denn da gut?
01993408-a	deu:lemma	gut
01993408-a	deu:exe	Welche Bücher sind denn da gut?
01171213-a	deu:lemma	gut
01171213-a	deu:exe	Welche Bücher sind denn da gut?
01800349-a	deu:lemma	gut
01800349-a	deu:exe	Welche Bücher sind denn da gut?
01123148-a	deu:lemma	gut
01123148-a	deu:exe	Welche Bücher sind denn da gut?
00064787-a	deu:lemma	gut
00064787-a	deu:exe	Welche Bücher sind denn da gut?
00850183-a	deu:lemma	gut
00850183-a	deu:exe	Welche Bücher sind denn da gut?
01129977-a	deu:lemma	gut
01129977-a	deu:exe	Welche Bücher sind denn da gut?
01586752-a	deu:lemma	gut
01586752-a	deu:exe	Welche Bücher sind denn da gut?
04588365-n	deu:lemma	Fenster
04588365-n	deu:exe	Sie steht am Fenster und blickt hinaus.
04587648-n	deu:lemma	Fenster
04587648-n	deu:exe	Sie steht am Fenster und blickt hinaus.
05216365-n	deu:lemma	Körper
05216365-n	deu:exe	Ein gesunder Geist erfordert einen gesunden Körper.
76100002-x	deu:lemma	Blatt
76100002-x	deu:exe	Also, du legst das Blatt hier auf...
04967191-n	deu:lemma	grün
04967191-n	deu:exe	Viele Bäume sind bereits grün und auf den Wiesen blühen Blumen.
80001047-v	deu:lemma	sterben
80001047-v	deu:exe	Ob in Vietnam, in Palestina, in Tschetschenien oder im Irak überall wurde und wird gestorben.
03497657-n	deu:lemma	Hut
03497657-n	deu:exe	Sie sucht den Hut, den sie gestern gekauft hat.
15129927-n	deu:lemma	Uhr
15129927-n	deu:exe	Also ich hab' am Tag vorher bis zwei Uhr nachts gearbeitet und ich konnt' dann einfach nicht mehr...
06359877-n	deu:lemma	Satz
06359877-n	deu:exe	Wir übersetzen den Satz aus dem Deutschen ins Japanische.
00546389-n	deu:lemma	Lied
00546389-n	deu:exe	Das Lied ist auch im Ausland ziemlich bekannt.
07048000-n	deu:lemma	Lied
07048000-n	deu:exe	Das Lied ist auch im Ausland ziemlich bekannt.
01754737-v	deu:lemma	schneiden
01754737-v	deu:exe	Früher hat mir immer meine Mutter die Haare geschnitten.
07447641-n	deu:lemma	Party
07447641-n	deu:exe	Auf der Party wurde gelacht und gesungen.
01842204-v	deu:lemma	ausgehen
01842204-v	deu:exe	Geht ihr heute Abend aus?
04241394-n	deu:lemma	Pantoffel
04241394-n	deu:exe	Am Eingang stehen für die Gäste Pantoffeln bereit.
05301908-n	deu:lemma	Mund
05301908-n	deu:exe	Er stand mit offenem Mund da und dachte an nichts.
02440250-n	deu:lemma	Hand
02440250-n	deu:exe	Sie hat die Hände wie zum Gebet gefaltet.
09823502-n	deu:lemma	Tante
09823502-n	deu:exe	Meine Tante wohnt in München.
10193967-n	deu:lemma	Mann
10193967-n	deu:exe	Mein Mann ist beim Finanzamt beschäftigt.
15213406-n	deu:lemma	November
15213406-n	deu:exe	Im November findet jährlich das Unifest statt. 
06277280-n	deu:lemma	Fernsehen
06277280-n	deu:exe	Er stellt den Fernseher zwischen das Regal und den Schrank.
13831176-n	deu:lemma	Norden
13831176-n	deu:exe	Sapporo liegt in Nordjapan.
06964901-n	deu:lemma	Französisch
06964901-n	deu:exe	Ich habe gehört, dass die Vorlesung auf Französisch ist.
01318741-a	deu:lemma	weh tun
01318741-a	deu:exe	Manchmal tut es noch weh.
01712753-a	deu:lemma	weh tun
01712753-a	deu:exe	Manchmal tut es noch weh.
05395690-n	deu:lemma	Bauch
05395690-n	deu:exe	Der Arzt tastete seinen Bauch ab.
05556943-n	deu:lemma	Bauch
05556943-n	deu:exe	Der Arzt tastete seinen Bauch ab.
00749230-a	deu:lemma	leicht
00749230-a	deu:exe	Es ist sehr leicht, mit dem Rauchen aufzuhören. Ich habe schon zehnmal aufgehört.
14061805-n	deu:lemma	Krankheit
14061805-n	deu:exe	Er leidet an einer Krankheit.
14055408-n	deu:lemma	Krankheit
14055408-n	deu:exe	Er leidet an einer Krankheit.
14473054-n	deu:lemma	Krankheit
14473054-n	deu:exe	Er leidet an einer Krankheit.
10399491-n	deu:lemma	Eltern
10399491-n	deu:exe	Meine Eltern gehen jeden Tag spazieren.
13833375-n	deu:lemma	Süden
13833375-n	deu:exe	Brasilien ist das größte Land in Südamerika.
02472293-n	deu:lemma	Mensch
02472293-n	deu:exe	Wie vielen Menschen wird mit Ihrer Spende geholfen?
15212167-n	deu:lemma	Juli
15212167-n	deu:exe	Anfang Juli fahre ich für 5 Tage nach Frankfurt zu meinen Eltern.
00442917-a	deu:lemma	fern
00442917-a	deu:exe	Er wohnt fern von dieser Stadt.
03398467-n	deu:lemma	vor
03398467-n	deu:exe	Das Mädchen steht vor dem Spiegel.
00964768-a	deu:lemma	schwach
00964768-a	deu:exe	Sie ist schwach und oft krank.
02324397-a	deu:lemma	schwach
02324397-a	deu:exe	Sie ist schwach und oft krank.
00709215-a	deu:lemma	schwach
00709215-a	deu:exe	Sie ist schwach und oft krank.
02040233-a	deu:lemma	schwach
02040233-a	deu:exe	Sie ist schwach und oft krank.
02040049-a	deu:lemma	schwach
02040049-a	deu:exe	Sie ist schwach und oft krank.
00254978-r	deu:lemma	jeden Monat
00254978-r	deu:exe	Meine Großmutter geht jeden Monat einmal zum Arzt.
06605897-n	deu:lemma	Bedeutung
06605897-n	deu:exe	Er erfasste die Bedeutung ihres Wortes nicht.
05919866-n	deu:lemma	Bedeutung
05919866-n	deu:exe	Er erfasste die Bedeutung ihres Wortes nicht.
06601327-n	deu:lemma	Bedeutung
06601327-n	deu:exe	Er erfasste die Bedeutung ihres Wortes nicht.
04059701-n	deu:lemma	hinter
04059701-n	deu:exe	Das Buch liegt hinter dem Regal.
02767665-n	deu:lemma	hinter
02767665-n	deu:exe	Das Buch liegt hinter dem Regal.
03540595-n	deu:lemma	Krankenhaus
03540595-n	deu:exe	Das Krankenhaus liegt fünf Minuten zu Fuß vom Hauptbahnhof.
08054417-n	deu:lemma	Krankenhaus
08054417-n	deu:exe	Das Krankenhaus liegt fünf Minuten zu Fuß vom Hauptbahnhof.
05311054-n	deu:lemma	Auge
05311054-n	deu:exe	Ich habe gute Augen.
05316025-n	deu:lemma	Auge
05316025-n	deu:exe	Ich habe gute Augen.
02871439-n	deu:lemma	Regal
02871439-n	deu:exe	Das Buch liegt hinter dem Regal.
01186408-a	deu:lemma	leicht
01186408-a	deu:exe	Mein Gepäck ist leicht.
04049098-n	deu:lemma	Bahnhof
04049098-n	deu:exe	Oder soll ich dich lieber am Bahnhof abholen?
03030663-n	deu:lemma	Zigarette
03030663-n	deu:exe	Da löschte er die Zigarette.
02230772-v	deu:lemma	geben
02230772-v	deu:exe	Die Aufgaben, die unser Lehrer uns gibt, sind sehr schwierig.
90000504-n	deu:lemma	übernächstes Jahr
90000504-n	deu:exe	Wir planen zur Zeit schon eine Reise für das übernächste Jahr.
00729108-n	deu:lemma	Hausaufgabe
00729108-n	deu:exe	Ich muss die Hausaufgaben fertig machen, bevor Franz kommt.
03815615-n	deu:lemma	Krawatte
03815615-n	deu:exe	Sie trägt oft Krawatten und es sieht auch gut aus.
07596684-n	deu:lemma	Kuchen
07596684-n	deu:exe	Kannst du noch ein Stück Kuchen essen?
05560787-n	deu:lemma	Fuß
05560787-n	deu:exe	Wenn man große Füße hat, ist es schwer gescheite Schuhe zu finden. 
05563266-n	deu:lemma	Fuß
05563266-n	deu:exe	Wenn man große Füße hat, ist es schwer gescheite Schuhe zu finden. 
15211189-n	deu:lemma	April
15211189-n	deu:exe	Anfang April fängt das neue Semester an.
02310007-v	deu:lemma	zurückgeben
02310007-v	deu:exe	Er hat mir versprochen, das Geld heute zurückzugeben.
01308381-v	deu:lemma	zurückgeben
01308381-v	deu:exe	Er hat mir versprochen, das Geld heute zurückzugeben.
80001595-v	deu:lemma	zurückgeben
80001595-v	deu:exe	Er hat mir versprochen, das Geld heute zurückzugeben.
10080869-n	deu:lemma	Vater
10080869-n	deu:exe	Mein Vater kann sehr gut kochen.
02411224-a	deu:lemma	dick
02411224-a	deu:exe	Sie hat dick Butter aufs Brot gestrichen.
04446276-n	deu:lemma	Toilette
04446276-n	deu:exe	Ich muss kurz auf die Toilette.
04555291-n	deu:lemma	Toilette
04555291-n	deu:exe	Ich muss kurz auf die Toilette.
15212455-n	deu:lemma	August
15212455-n	deu:exe	Mitte August haben wir eine Woche Urlaub.
00292937-a	deu:lemma	beschäftigt
00292937-a	deu:exe	Ich bin jetzt beschäftigt.
00273082-a	deu:lemma	dunkel
00273082-a	deu:exe	Das Zimmer ist mir zu dunkel.
03291819-n	deu:lemma	Briefumschlag
03291819-n	deu:exe	Sie holte einen großen Briefumschlag aus ihrem Schreibtisch und schrieb seine Adresse darauf.
09215315-n	deu:lemma	unter
09215315-n	deu:exe	Die Sonne geht bald unter.
80001661-n	deu:lemma	unter
80001661-n	deu:exe	Die Sonne geht bald unter.
00523513-n	deu:lemma	Sport
00523513-n	deu:exe	Ich habe zwei Kilo abgenommen, indem ich jeden Tag Sport gemacht habe.
03179701-n	deu:lemma	Tisch
03179701-n	deu:exe	Um jeden Tisch stehen sechs Stühle.
04202417-n	deu:lemma	Laden
04202417-n	deu:exe	Heute ist der Laden geschlossen.
02016062-v	deu:lemma	aussteigen
02016062-v	deu:exe	Ich muss aussteigen!
15237782-n	deu:lemma	Winter
15237782-n	deu:exe	Dann komm mich doch mal im Winter in St. Anton besuchen!
80001691-n	deu:lemma	über
80001691-n	deu:exe	Das Foto hängt über dem Schreibtisch.
08663354-n	deu:lemma	über
08663354-n	deu:exe	Das Foto hängt über dem Schreibtisch.
07804323-n	deu:lemma	Reis
07804323-n	deu:exe	Während der Reis kocht, bereite ich ein Dessert vor.
15245990-n	deu:lemma	Reis
15245990-n	deu:exe	Während der Reis kocht, bereite ich ein Dessert vor.
90000417-n	deu:lemma	Reis
90000417-n	deu:exe	Während der Reis kocht, bereite ich ein Dessert vor.
07575076-n	deu:lemma	Mittagessen
07575076-n	deu:exe	Während sie die Wäsche wäschst, bereitet er das Mittagessen.
15156001-n	deu:lemma	heute
15156001-n	deu:exe	Heute war das Wetter wirklich schön!
09604981-n	deu:lemma	selber
09604981-n	deu:exe	Könnt ihr das wirklich selber machen?
07557434-n	deu:lemma	Speise
07557434-n	deu:exe	Sie hat für uns so leckere Speisen zubereitet.
02395115-a	deu:lemma	lecker
02395115-a	deu:exe	Die Suppe war wirklich lecker.
02396720-a	deu:lemma	lecker
02396720-a	deu:exe	Die Suppe war wirklich lecker.
