# TUFS Basic French Wordnet	fra http://www.coelang.tufs.ac.jp/mt/fr/	CC BY 4.0
15210045-n	fra:lemma	janvier
15210045-n	fra:exe	En janvier, il neige quelquefois à Tokyo. 
05755883-n	fra:lemma	étude
05755883-n	fra:exe	Vous êtes satisfait de vos études dans cette université ?  -Oui, j'en suis satisfait.
04971928-n	fra:lemma	marron
04971928-n	fra:exe	Les feuilles d'automne sont jaunes, oranges, marron..
15163797-n	fra:lemma	dimanche
15163797-n	fra:exe	 Le dimanche à Paris, les magasins sont fermés, vous voyez ?
15043763-n	fra:lemma	neige
15043763-n	fra:exe	Hier, on circulait mal à cause de la neige.
00251013-n	fra:lemma	ménage
00251013-n	fra:exe	Dans cette salle, le ménage n'a pas été fait.
08058098-n	fra:lemma	firme
08058098-n	fra:exe	Pour les grandes firmes, il n'y a pas de frontières.
01382086-a	fra:lemma	grand
01382086-a	fra:exe	Dis-donc, elle est plus grande que la mienne !
01453084-a	fra:lemma	grand
01453084-a	fra:exe	Dis-donc, elle est plus grande que la mienne !
00527870-a	fra:lemma	grand
00527870-a	fra:exe	Dis-donc, elle est plus grande que la mienne !
01677433-a	fra:lemma	grand
01677433-a	fra:exe	Dis-donc, elle est plus grande que la mienne !
10084295-n	fra:lemma	jeune fille
10084295-n	fra:exe	Elle a seize ans, c'est déjà une jeune fille.
10129825-n	fra:lemma	jeune fille
10129825-n	fra:exe	Elle a seize ans, c'est déjà une jeune fille.
10129825-n	fra:lemma	sœur
10129825-n	fra:exe	J'ai un grand frère et une petite soeur.
00065495-v	fra:lemma	aller bien
00065495-v	fra:exe	Si tout va bien, j'essaierai d'obtenir une bourse de recherches.
80001734-n	fra:lemma	classe
80001734-n	fra:exe	 Le professeur utilise rarement ce livre de classe.
00889472-n	fra:lemma	classe
00889472-n	fra:exe	 Le professeur utilise rarement ce livre de classe.
02608347-v	fra:lemma	commencer
02608347-v	fra:exe	La séance commence à quelle heure déjà ?
07850329-n	fra:lemma	fromage
07850329-n	fra:exe	La France est célèbre pour ses fromages et ses vins.
03623556-n	fra:lemma	couteau
03623556-n	fra:exe	Je n'ai pas de couteau pour couper ma viande.
03624134-n	fra:lemma	couteau
03624134-n	fra:exe	Je n'ai pas de couteau pour couper ma viande.
01776727-v	fra:lemma	détester
01776727-v	fra:exe	Tu aimes les oignons, tandis que moi je déteste ça.
01774136-v	fra:lemma	détester
01774136-v	fra:exe	Tu aimes les oignons, tandis que moi je déteste ça.
02783161-n	fra:lemma	stylo à bille
02783161-n	fra:exe	Passe-moi un stylo à bille, je n'ai rien pour écrire.
02632567-v	fra:lemma	vouloir
02632567-v	fra:exe	Je veux absolument que tu le fasses.
01579608-a	fra:lemma	tout de suite
01579608-a	fra:exe	Je m'en occupe tout de suite.
03427296-n	fra:lemma	porte
04026417-n	fra:lemma	portefeuille
04026417-n	fra:exe	Dans mon portefeuille, il n'y a que 10 euros.
11456462-n	fra:lemma	beau
11456462-n	fra:exe	Il ne fait pas beau.
07848338-n	fra:lemma	beurre
07848338-n	fra:exe	 Dans le Nord, on cuisine au beurre, dans le Sud, on cuisine à l'huile.
90000501-n	fra:lemma	l'année dernière
90000501-n	fra:exe	C'est l'année dernière qu'elle est allée en France.
15210870-n	fra:lemma	mars
15210870-n	fra:exe	Nous sommes le 21 mars.
77000072-n	fra:lemma	ici
77000072-n	fra:exe	Pardon, Monsieur, est-ce qu'il y a un poste de police près d'ici ?
08489497-n	fra:lemma	ici
08489497-n	fra:exe	Pardon, Monsieur, est-ce qu'il y a un poste de police près d'ici ?
03561345-n	fra:lemma	tableau
03561345-n	fra:exe	Le tableau «Les Glaneuses» a été peint par Jean-François Millet.
03234306-n	fra:lemma	tableau
03234306-n	fra:exe	Le tableau «Les Glaneuses» a été peint par Jean-François Millet.
03876519-n	fra:lemma	tableau
03876519-n	fra:exe	Le tableau «Les Glaneuses» a été peint par Jean-François Millet.
07110615-n	fra:lemma	voix
07110615-n	fra:exe	Il parla aux enfants avec une grosse voix.
05202284-n	fra:lemma	voix
05202284-n	fra:exe	Il parla aux enfants avec une grosse voix.
09411430-n	fra:lemma	fleuve
09411430-n	fra:exe	 Je sais nager, mais je ne peux pas nager dans ce fleuve : il y a trop de courant.
15236859-n	fra:lemma	automne
15236859-n	fra:exe	En automne, il fait quel temps à Kyoto ?
02107442-v	fra:lemma	entendre
02107442-v	fra:exe	Hier soir, j'ai entendu un chien aboyer.
02169891-v	fra:lemma	entendre
02169891-v	fra:exe	Hier soir, j'ai entendu un chien aboyer.
02242464-v	fra:lemma	vendre
02242464-v	fra:exe	Ce livre se vend très bien.
00271022-a	fra:lemma	clair
00271022-a	fra:exe	En Provence, le ciel est très clair.
00396523-a	fra:lemma	clair
00396523-a	fra:exe	En Provence, le ciel est très clair.
00269989-a	fra:lemma	clair
00269989-a	fra:exe	En Provence, le ciel est très clair.
00278551-a	fra:lemma	clair
00278551-a	fra:exe	En Provence, le ciel est très clair.
02924116-n	fra:lemma	autobus
02924116-n	fra:exe	Je prends l'autobus tous les matins pour aller au travail.
01614426-v	fra:lemma	coller
01614426-v	fra:exe	Collez un timbre sur l'enveloppe.
80001230-x	fra:lemma	oui
80001230-x	fra:exe	Oui, nous partons dans deux minutes.
01184932-a	fra:lemma	lourd
01184932-a	fra:exe	Ce colis-ci est aussi lourd que celui-là.
07881800-n	fra:lemma	boisson
07881800-n	fra:exe	Et comme boisson ?
01119192-a	fra:lemma	bien
01119192-a	fra:exe	Je parle français moins bien qu'anglais. 
02226162-a	fra:lemma	bien
02226162-a	fra:exe	Je parle français moins bien qu'anglais. 
01838916-a	fra:lemma	bien
01838916-a	fra:exe	Je parle français moins bien qu'anglais. 
03467517-n	fra:lemma	guitare
03467517-n	fra:exe	Tu joues de la guitare ?
01553629-a	fra:lemma	un grand nombre de
01553629-a	fra:exe	Il n'a pas plu depuis des mois et un grand nombre de gens sont déjà morts de soif.
01551633-a	fra:lemma	un grand nombre de
01551633-a	fra:exe	Il n'a pas plu depuis des mois et un grand nombre de gens sont déjà morts de soif.
01552419-a	fra:lemma	un grand nombre de
01552419-a	fra:exe	Il n'a pas plu depuis des mois et un grand nombre de gens sont déjà morts de soif.
00127137-a	fra:lemma	ancien
00127137-a	fra:exe	une ancienne adresse ←→ un château ancien
01638438-a	fra:lemma	ancien
01638438-a	fra:exe	une ancienne adresse ←→ un château ancien
01729384-a	fra:lemma	ancien
01729384-a	fra:exe	une ancienne adresse ←→ un château ancien
10694258-n	fra:lemma	enseignant
10694258-n	fra:exe	Martine veut deveniｒ enseignante.
07859284-n	fra:lemma	sucre
07859284-n	fra:exe	Le sucre lui est interdit.
09605289-n	fra:lemma	adulte
09605289-n	fra:exe	Vous ne pouvez pas entrer, ce film est réservé aux plus de dix-huit ans.
04081281-n	fra:lemma	restaurant
04081281-n	fra:exe	 Vous êtes déjà allé dans un grand restaurant ?
04081281-n	fra:lemma	salle à manger
04081281-n	fra:exe	La salle à manger est à côté de la salle de bain.
10448983-n	fra:lemma	policier
10448983-n	fra:exe	Une policière qui parle français ?
10448983-n	fra:lemma	agent
10448983-n	fra:exe	L'agent de police laisse passer les voitures.
90000507-n	fra:lemma	cette semaine
90000507-n	fra:exe	Je n'ai pas de temps cette semaine.
02686568-n	fra:lemma	avion
02686568-n	fra:exe	L'avion décollera à seize heures.
02691156-n	fra:lemma	avion
02691156-n	fra:exe	L'avion décollera à seize heures.
08420278-n	fra:lemma	banque
08420278-n	fra:exe	Je dois passer à la banque parce que je n'ai plus d'argent.
02787772-n	fra:lemma	banque
02787772-n	fra:exe	Je dois passer à la banque parce que je n'ai plus d'argent.
02018049-v	fra:lemma	monter
02324026-v	fra:lemma	emprunter
02324026-v	fra:exe	Je ne sais plus à qui j'ai emprunté ce livre.
01447257-v	fra:lemma	pousser
01447257-v	fra:exe	Poussez sur ce bouton pour démarrer.
02398378-a	fra:lemma	épicé
02398378-a	fra:exe	La cuisine indienne est très épicée.
02397732-a	fra:lemma	épicé
02397732-a	fra:exe	La cuisine indienne est très épicée.
06628228-n	fra:lemma	carte postale
06628228-n	fra:exe	Envoie-nous au moins une carte postale pendant les vacances.
06627938-n	fra:lemma	carte postale
06627938-n	fra:exe	Envoie-nous au moins une carte postale pendant les vacances.
03959485-n	fra:lemma	plat
03959485-n	fra:exe	Et comme plat principal ?
00393105-a	fra:lemma	blanc
00393105-a	fra:exe	On boit du vin blanc en mangeant du poisson.
08625073-n	fra:lemma	droit
08625073-n	fra:exe	Tu regarderas à droite et à gauche avant de traverser.
03051540-n	fra:lemma	vêtement
03051540-n	fra:exe	 L'odeur de tabac tient longtemps sur les vêtements.
02728440-n	fra:lemma	vêtement
02728440-n	fra:exe	 L'odeur de tabac tient longtemps sur les vêtements.
02728440-n	fra:lemma	vêtement
03419014-n	fra:lemma	vêtement
03419014-n	fra:exe	 L'odeur de tabac tient longtemps sur les vêtements.
15165289-n	fra:lemma	matin
15165289-n	fra:exe	Amélie se lève très tôt tous les matins.
15165289-n	fra:lemma	matinée
15165289-n	fra:exe	Je voudrais prendre un rendez-vous dans la matinée.
00109151-r	fra:lemma	là
00109151-r	fra:exe	Ils sont marrants, ces gens-là !
03720163-n	fra:lemma	plan
03720163-n	fra:exe	Vous avez un plan de Paris ? - Oui, Madame. Voilà.
00024996-a	fra:lemma	neuf
00024996-a	fra:exe	Vous voulez acheter une voiture neuve ou d'occasion ?
01642477-a	fra:lemma	neuf
01642477-a	fra:exe	Vous voulez acheter une voiture neuve ou d'occasion ?
01641648-a	fra:lemma	neuf
01641648-a	fra:exe	Vous voulez acheter une voiture neuve ou d'occasion ?
01687167-a	fra:lemma	neuf
01687167-a	fra:exe	Vous voulez acheter une voiture neuve ou d'occasion ?
02584699-a	fra:lemma	neuf
02584699-a	fra:exe	Vous voulez acheter une voiture neuve ou d'occasion ?
01686439-a	fra:lemma	neuf
01686439-a	fra:exe	Vous voulez acheter une voiture neuve ou d'occasion ?
02070491-a	fra:lemma	neuf
02070491-a	fra:exe	Vous voulez acheter une voiture neuve ou d'occasion ?
02013758-a	fra:lemma	neuf
02013758-a	fra:exe	Vous voulez acheter une voiture neuve ou d'occasion ?
01640850-a	fra:lemma	neuf
01640850-a	fra:exe	Vous voulez acheter une voiture neuve ou d'occasion ?
00894552-n	fra:lemma	exercice
00894552-n	fra:exe	Tu as fini ton exercice de français ?
01292683-a	fra:lemma	plaire
01292683-a	fra:exe	Ce qui me plaît le plus, dans le sport, c'est le football.
01777210-v	fra:lemma	plaire
01777210-v	fra:exe	Ce qui me plaît le plus, dans le sport, c'est le football.
03038685-n	fra:lemma	classe
00296131-r	fra:lemma	peut-être
00296131-r	fra:exe	 Tu préférerais peut-être quelque chose de plus épicé ?
00154449-r	fra:lemma	peut-être
00154449-r	fra:exe	 Tu préférerais peut-être quelque chose de plus épicé ?
03001627-n	fra:lemma	fauteuil
03001627-n	fra:exe	Ce fauteuil n'est pas très confortable.
01914947-v	fra:lemma	courir
01914947-v	fra:exe	Ma fille court beaucoup plus vite que moi.
01926311-v	fra:lemma	courir
01926311-v	fra:exe	Ma fille court beaucoup plus vite que moi.
02005496-v	fra:lemma	rentrer
02005496-v	fra:exe	Il n'a pas bu. Ainsi il a pu conduire pour rentrer chez lui.
04379243-n	fra:lemma	table
04379243-n	fra:exe	Passez-moi le poivre qui est sur la table.
04298308-n	fra:lemma	escalier
04298308-n	fra:exe	Vous montez l'escalier jusqu'au deuxième étage, et c'est la deuxième porte à droite.
00037919-v	fra:lemma	prendre
00037919-v	fra:exe	 Oui, mais juste pour prendre l'air...
01532589-v	fra:lemma	nettoyer
01532589-v	fra:exe	Avant un entretien d'embauche, nettoyez bien vos ongles. 
01533442-v	fra:lemma	nettoyer
01533442-v	fra:exe	Avant un entretien d'embauche, nettoyez bien vos ongles. 
07663592-n	fra:lemma	bœuf
07663592-n	fra:exe	bœuf → bœufs
08182962-n	fra:lemma	un grand nombre de
08182962-n	fra:exe	Dans le monde, un grand nombre de gens parlent le français.
08182379-n	fra:lemma	un grand nombre de
08182379-n	fra:exe	Dans le monde, un grand nombre de gens parlent le français.
80000079-n	fra:lemma	le mois dernier
80000079-n	fra:exe	J'ai vu Valérie le mois dernier.
10020890-n	fra:lemma	docteur
10020890-n	fra:exe	En effet, ça a été très efficace, Docteur !
10305802-n	fra:lemma	docteur
10305802-n	fra:exe	En effet, ça a été très efficace, Docteur !
03710193-n	fra:lemma	boîte à lettre
03710193-n	fra:exe	J'ai oublié de mettre la clef dans la boîte à lettre.
03989074-n	fra:lemma	boîte à lettre
03989074-n	fra:exe	J'ai oublié de mettre la clef dans la boîte à lettre.
15136147-n	fra:lemma	semaine
15169873-n	fra:lemma	semaine
15211806-n	fra:lemma	juin
15211806-n	fra:exe	La saison des pluies commence en juin
04489008-n	fra:lemma	pantalon
04489008-n	fra:exe	 Je voudrais échanger ce pantalon, s'il vous plaît. Il est trop petit.
04230808-n	fra:lemma	jupe
04230808-n	fra:exe	C'est combien, cette jupe?
08544813-n	fra:lemma	pays
08544813-n	fra:exe	un pays très chaud
08490199-n	fra:lemma	pays
08490199-n	fra:exe	un pays très chaud
00081737-r	fra:lemma	chaque année
00081737-r	fra:exe	Elle va en France chaque année.
05538625-n	fra:lemma	tête
05538625-n	fra:exe	Mais, pourquoi tu me prends la tête comme ça ?
02418686-v	fra:lemma	jouer
02418686-v	fra:exe	Les échecs japonais ? Oui, je connais. Je sais jouer.
04965661-n	fra:lemma	jaune
04965661-n	fra:exe	Si tu mélanges du jaune et du bleu, tu as du vert.
02561888-a	fra:lemma	étroit
02561888-a	fra:exe	Je crois que j'ai acheté des chaussures trop étroites.
00476663-a	fra:lemma	étroit
00476663-a	fra:exe	Je crois que j'ai acheté des chaussures trop étroites.
00009966-r	fra:lemma	s'il vous plaît
00009966-r	fra:exe	Tu peux répéter, s'il te plaît ?
00009966-r	fra:lemma	je vous en prie
00009966-r	fra:exe	Mais je vous en prie !
10103485-n	fra:lemma	étranger
10103485-n	fra:exe	étranger → étrangère
02958343-n	fra:lemma	voiture
02958343-n	fra:exe	Vous pouvez me prêter votre voiture? La mienne est en panne.
03924069-n	fra:lemma	disque
03924069-n	fra:exe	Je viens de m'acheter un CD de musique classique.
10332385-n	fra:lemma	mère
10332385-n	fra:exe	 Elle a été une bonne mère et une bonne épouse.
10332385-n	fra:lemma	mère
10332385-n	fra:exe	Je suis la mère de Monique.
02410855-v	fra:lemma	travailler
02410855-v	fra:exe	Tu travailles le samedi? -Mais non, je ne travaille jamais le samedi.
07668702-n	fra:lemma	porc
07668702-n	fra:exe	Une tranche de rôti de porc, s'il vous plaît.
00081836-n	fra:lemma	achat
00081836-n	fra:exe	Attends-moi un moment, j'ai un petit achat à faire.
04203889-n	fra:lemma	achat
04203889-n	fra:exe	Attends-moi un moment, j'ai un petit achat à faire.
13836136-n	fra:lemma	ouest
13836136-n	fra:exe	La France est à l'ouest de l'Allemagne.
02368336-a	fra:lemma	doux
02368336-a	fra:exe	Cette musique est très douce.
04254777-n	fra:lemma	chaussette
04254777-n	fra:exe	J'ai perdu une paire de chaussettes.
01845229-v	fra:lemma	voyager
01845229-v	fra:exe	Tu voyageras comment, une fois sur place ?
01846916-v	fra:lemma	voyager
01846916-v	fra:exe	Tu voyageras comment, une fois sur place ?
01845720-v	fra:lemma	voyager
01845720-v	fra:exe	Tu voyageras comment, une fois sur place ?
00061203-r	fra:lemma	après
00061203-r	fra:exe	Après mon examen, je partirai en voyage.
10112591-n	fra:lemma	copain
10112591-n	fra:exe	 Il a fini de manger, quand son copain est venu le voir.
08588294-n	fra:lemma	dedans
08588294-n	fra:exe	Comment on va entrer dedans ? 
08588152-n	fra:lemma	dedans
08588152-n	fra:exe	Comment on va entrer dedans ? 
77000021-n	fra:lemma	tu
77000021-n	fra:exe	 Toi aussi, tu aimes le tennis?
77000021-n	fra:lemma	vous
77000021-n	fra:exe	 Vous avez parfaitement raison.
02771169-v	fra:lemma	il fait beau
02771169-v	fra:exe	Il ne fait pas beau.
77000061-a	fra:lemma	ce ...-ci
77000061-a	fra:exe	À cette heure-ci ?　C'est bizarre!
80001619-a	fra:lemma	ce ...-ci
80001619-a	fra:exe	À cette heure-ci ?　C'est bizarre!
77000075-a	fra:lemma	ce ...-ci
77000075-a	fra:exe	À cette heure-ci ?　C'est bizarre!
04018667-n	fra:lemma	toilettes
04018667-n	fra:exe	Où sont les toilettes s'il vous plaît ?
08649345-n	fra:lemma	largeur
08649345-n	fra:exe	L’allée principale, conduisant à la maison, a une largeur de 150 cm.
08649345-n	fra:lemma	près de
08649345-n	fra:lemma	côté
08649345-n	fra:exe	Ce que nous pouvons vous proposer, c'est un grand appartement. Juste à côté du parc.
05136150-n	fra:lemma	largeur
05136150-n	fra:exe	L’allée principale, conduisant à la maison, a une largeur de 150 cm.
15211484-n	fra:lemma	mai
15211484-n	fra:exe	Le 1er mai, c'est la fête du Travail.
05563770-n	fra:lemma	bras
05563770-n	fra:exe	Il a mal aux bras.
15165490-n	fra:lemma	midi
15165490-n	fra:exe	Il est midi, on va aller déjeuner.
04272054-n	fra:lemma	lunettes
04272054-n	fra:exe	Vous préférez mettre des lunettes ou des lentilles ?
80000746-n	fra:lemma	charactère chinois
80000746-n	fra:exe	Comment s'écrit votre prénom en caractères chinois?
10287213-n	fra:lemma	homme
10287213-n	fra:exe	un homme
09624168-n	fra:lemma	homme
09624168-n	fra:exe	un homme
15164105-n	fra:lemma	mardi
15164105-n	fra:exe	Dites à Mireille qu'elle aille le voir mardi prochain.
77000099-n	fra:lemma	tout le monde
77000099-n	fra:exe	Cette actrice est connue de tout le monde.
00479391-v	fra:lemma	effacer
00479391-v	fra:exe	Efface ces mots.
03238879-n	fra:lemma	chemise
02412164-a	fra:lemma	mince
02414188-a	fra:lemma	mince
08489627-n	fra:lemma	là-bas
08489627-n	fra:exe	Vous voyez la maison là-bas?
01168468-v	fra:lemma	manger
01168468-v	fra:exe	Vous avez déjà mangé du tôfu ? -Oui, j'en ai déjà mangé.
01166351-v	fra:lemma	manger
01166351-v	fra:exe	Vous avez déjà mangé du tôfu ? -Oui, j'en ai déjà mangé.
01179865-v	fra:lemma	manger
01179865-v	fra:exe	Vous avez déjà mangé du tôfu ? -Oui, j'en ai déjà mangé.
15122231-n	fra:lemma	quand
15122231-n	fra:exe	Quand vous m'avez téléphoné, j'étais sorti.
02818832-n	fra:lemma	lit
02818832-n	fra:exe	Au lit.
90000503-n	fra:lemma	l'année prochaine
90000503-n	fra:exe	Je ne serai plus en France l'année prochaine.
08168367-n	fra:lemma	étranger
08168367-n	fra:exe	 J'ai vu par hasard l'équipe nationale de foot qui revenait de l'une tournée à l'étranger.
02560548-a	fra:lemma	large
02560548-a	fra:exe	Les Champs-Elysées sont une avenue très large.
01384212-a	fra:lemma	large
01384212-a	fra:exe	Les Champs-Elysées sont une avenue très large.
01031256-v	fra:lemma	sortir
01031256-v	fra:exe	 Elle a sorti un petit carnet de son sac.
01995211-v	fra:lemma	sortir
01995211-v	fra:exe	 Elle a sorti un petit carnet de son sac.
00255710-n	fra:lemma	lessive
00255710-n	fra:exe	La lessive est une tâche ménagère importante.
07110457-n	fra:lemma	histoire
07110457-n	fra:exe	J'ai son mari en histoire de l'art.
00893243-n	fra:lemma	histoire
00893243-n	fra:exe	J'ai son mari en histoire de l'art.
07221094-n	fra:lemma	histoire
07221094-n	fra:exe	J'ai son mari en histoire de l'art.
07139316-n	fra:lemma	histoire
07139316-n	fra:exe	J'ai son mari en histoire de l'art.
00031798-r	fra:lemma	déjà
00031798-r	fra:exe	 Vous êtes déjà allé dans un grand restaurant ?
07555863-n	fra:lemma	aliment
07555863-n	fra:exe	Le médecin lui a interdit certains aliments.
07560652-n	fra:lemma	aliment
07560652-n	fra:exe	Le médecin lui a interdit certains aliments.
00157412-r	fra:lemma	quelquefois
00157412-r	fra:exe	En janvier, il neige quelquefois à Tokyo. 
00021212-r	fra:lemma	quelquefois
00021212-r	fra:exe	En janvier, il neige quelquefois à Tokyo. 
03740161-n	fra:lemma	médicament
03740161-n	fra:exe	Je vais acheter des médicaments.
02318272-a	fra:lemma	droite
02318272-a	fra:exe	La route est toute droite.
02310895-a	fra:lemma	droite
02310895-a	fra:exe	La route est toute droite.
02314584-a	fra:lemma	droite
02314584-a	fra:exe	La route est toute droite.
10787470-n	fra:lemma	femme
10787470-n	fra:exe	La femme porte un panlaton rouge.
10736091-n	fra:lemma	oncle
10736091-n	fra:exe	oncle → tante
04404997-n	fra:lemma	appareil
04404997-n	fra:exe	C'est dommage, j'ai oublié mon appareil photo !
02942699-n	fra:lemma	appareil
02942699-n	fra:exe	C'est dommage, j'ai oublié mon appareil photo !
04370048-n	fra:lemma	pull-over
04370048-n	fra:exe	Je prends ce pull-over.
02626604-v	fra:lemma	devenir
02626604-v	fra:exe	Dis-moi, qu'est-ce que tu deviens depuis tout ce temps ?
02623529-v	fra:lemma	devenir
02623529-v	fra:exe	Dis-moi, qu'est-ce que tu deviens depuis tout ce temps ?
04398497-n	fra:lemma	café
04398497-n	fra:exe	Tiens, là, c'est mon café préféré.
00081591-r	fra:lemma	chaque semaine
00081591-r	fra:exe	Cette revue paraît chaque semaine.
01535246-v	fra:lemma	laver
01535246-v	fra:exe	Il faut laver votre chien chaque mois.
01535246-v	fra:lemma	faire la lessive
01535246-v	fra:exe	Mon père ne fait jamais la lessive.
00036362-v	fra:lemma	laver
00036362-v	fra:exe	Il faut laver votre chien chaque mois.
01536168-v	fra:lemma	laver
01536168-v	fra:exe	Il faut laver votre chien chaque mois.
00606093-v	fra:lemma	faire des exercices
00606093-v	fra:exe	Tu as fait des exercices de français ?
01723224-v	fra:lemma	faire des exercices
01723224-v	fra:exe	Tu as fait des exercices de français ?
15156187-n	fra:lemma	hier
15156187-n	fra:exe	 - Elle est venue chez toi hier? - Non, elle est partie pour les États-Unis depuis une semaine. 
01919428-a	fra:lemma	tranquille
01919428-a	fra:exe	Je voudrais passer des vacances tranquilles.
01918984-a	fra:lemma	tranquille
01918984-a	fra:exe	Je voudrais passer des vacances tranquilles.
04437953-n	fra:lemma	horloge
04437953-n	fra:exe	Il paraît que les horloges de gare avancent de cinq minutes.
03046257-n	fra:lemma	horloge
03046257-n	fra:exe	Il paraît que les horloges de gare avancent de cinq minutes.
04350905-n	fra:lemma	complet
04350905-n	fra:exe	Ce complet te va bien.
00409440-a	fra:lemma	foncé
00409440-a	fra:exe	Aux enterrements, on porte des vêtements de couleur foncée.
00842199-a	fra:lemma	fort
00842199-a	fra:exe	Parlez plus fort pour qu'on puisse vous entendre.
15163979-n	fra:lemma	lundi
15163979-n	fra:exe	Nous sommes lundi. あるいは C'est jeudi.
00059413-r	fra:lemma	souvent
00059413-r	fra:exe	 Elle est souvent malade en voiture.
00035058-r	fra:lemma	souvent
00035058-r	fra:exe	 Elle est souvent malade en voiture.
05687338-n	fra:lemma	question
05687338-n	fra:exe	 Non, pas question. 
06784003-n	fra:lemma	question
06784003-n	fra:exe	 Non, pas question. 
03281145-n	fra:lemma	ascenseur
03281145-n	fra:exe	Cet ascenseur est en panne toutes les semaines !
05320899-n	fra:lemma	oreille
05320899-n	fra:exe	Elle a de petites oreilles vraiment charmantes.
00007846-n	fra:lemma	quelqu'un
00007846-n	fra:exe	Vous êtes vraiment quelqu'un de très motivé.
03436182-n	fra:lemma	radiocassette
03436182-n	fra:exe	Aujourd'hui, la radiocassette est remplacé par le lecteur de CD.
13134947-n	fra:lemma	fruit
13134947-n	fra:exe	La pomme est le fruit que je préfère.
11683989-n	fra:lemma	fruit
11683989-n	fra:exe	La pomme est le fruit que je préfère.
02730813-v	fra:lemma	entendre
02730813-v	fra:exe	 Qu'est-ce que vous entendez par là ?
01009240-v	fra:lemma	entendre
01009240-v	fra:exe	 Qu'est-ce que vous entendez par là ?
00941990-v	fra:lemma	entendre
00941990-v	fra:exe	 Qu'est-ce que vous entendez par là ?
00979870-v	fra:lemma	entendre
00979870-v	fra:exe	 Qu'est-ce que vous entendez par là ?
09854218-n	fra:lemma	sœur
09854218-n	fra:exe	Vous êtes la sœur de Jeanne?
04507155-n	fra:lemma	parapluie
04507155-n	fra:exe	Zut ! Il va pleuvoir et j'ai oublié de prendre mon parapluie.
02229324-a	fra:lemma	mal
02229324-a	fra:exe	J'aurai donc mal compris.
01870636-a	fra:lemma	mal
01870636-a	fra:exe	J'aurai donc mal compris.
01128103-a	fra:lemma	mal
01128103-a	fra:exe	J'aurai donc mal compris.
02229000-a	fra:lemma	mal
02229000-a	fra:exe	J'aurai donc mal compris.
15270431-n	fra:lemma	heure
15270431-n	fra:exe	Il est parti il y a une heure.
15227846-n	fra:lemma	heure
15227846-n	fra:exe	Il est parti il y a une heure.
15269513-n	fra:lemma	heure
15269513-n	fra:exe	Il est parti il y a une heure.
00744916-a	fra:lemma	difficile
00744916-a	fra:exe	C'est une question très difficile.
04401088-n	fra:lemma	téléphone
04401088-n	fra:exe	Patrick, on te demande au téléphone.
06272803-n	fra:lemma	téléphone
06272803-n	fra:exe	Patrick, on te demande au téléphone.
02870092-n	fra:lemma	livre
02870092-n	fra:exe	Ce livre n'était pas très intéressant, mais je l'ai quand même lu.
06410904-n	fra:lemma	livre
06410904-n	fra:exe	Ce livre n'était pas très intéressant, mais je l'ai quand même lu.
09972010-n	fra:lemma	cousin
09972010-n	fra:exe	cousin → cousine
14974264-n	fra:lemma	papier
14974264-n	fra:exe	C'est des papiers qu'il faut signer.
80000677-n	fra:lemma	papier
80000677-n	fra:exe	C'est des papiers qu'il faut signer.
06255777-n	fra:lemma	papier
06255777-n	fra:exe	C'est des papiers qu'il faut signer.
04960277-n	fra:lemma	noir
04960277-n	fra:exe	un pantalon noir → des pantalons noirs
02770717-v	fra:lemma	se couvrir
02770717-v	fra:exe	Le ciel se couvre, prenez un parapluie.
02529945-a	fra:lemma	frais
02529945-a	fra:exe	frais → fraîche
02207206-v	fra:lemma	faire des courses
02207206-v	fra:exe	J'ai vu tes parents faire leurs courses à Carrefour. 
02208265-v	fra:lemma	faire des courses
02208265-v	fra:exe	J'ai vu tes parents faire leurs courses à Carrefour. 
00422620-a	fra:lemma	sale
00422620-a	fra:exe	Tu as le visage sale, va te laver.
01908889-a	fra:lemma	sale
01908889-a	fra:exe	Tu as le visage sale, va te laver.
00419289-a	fra:lemma	sale
00419289-a	fra:exe	Tu as le visage sale, va te laver.
01345109-v	fra:lemma	fermer
01345109-v	fra:exe	Fermez la fenêtre, car il y a trop de poussières.
01960911-v	fra:lemma	nager
01960911-v	fra:exe	Elle sait nager.
00933154-a	fra:lemma	haut
00933154-a	fra:exe	Je voudrais acheter des chaussures à talons hauts.
04199027-n	fra:lemma	chaussure
04199027-n	fra:exe	Je voudrais acheter des chaussures à talons hauts.
04330340-n	fra:lemma	chauffage
04330340-n	fra:exe	Dans notre immeuble, le chauffage est arrêté au mois d'avril.
07823951-n	fra:lemma	curry
07823951-n	fra:exe	A midi, j'ai mangé du riz au curry.
05598147-n	fra:lemma	nez
05598147-n	fra:exe	Le nez de Cléopâtre est très célèbre.
05658826-n	fra:lemma	nez
05658826-n	fra:exe	Le nez de Cléopâtre est très célèbre.
06947032-n	fra:lemma	anglais
06947032-n	fra:exe	 Je parle couramment l'anglais, et un peu le japonais.
07575726-n	fra:lemma	dîner
07575726-n	fra:exe	Si on se promenait après le dîner ?
07575726-n	fra:lemma	dîner
03485794-n	fra:lemma	mouchoir
03485794-n	fra:exe	Les mouchoirs en papier, c'est très pratique.
01198101-v	fra:lemma	respirer
01198101-v	fra:exe	Si vous êtes nerveux, respirez profondément.
02741003-v	fra:lemma	mettre
01206474-a	fra:lemma	bas
01206474-a	fra:exe	Dans cette société, les salaires sont très bas.
13832355-n	fra:lemma	est
13832355-n	fra:exe	Le soleil se lève à l'est.
11525955-n	fra:lemma	vent
11525955-n	fra:exe	Le vent fait avancer le voilier.
02324182-v	fra:lemma	louer
02324182-v	fra:exe	Bonjour. Nous cherchons un appartement meublé à louer
01437963-a	fra:lemma	long
01437963-a	fra:exe	 C'est parce que je ne savais pas que ce serait si long.
01433493-a	fra:lemma	long
01433493-a	fra:exe	 C'est parce que je ne savais pas que ce serait si long.
01444022-a	fra:lemma	long
01444022-a	fra:exe	 C'est parce que je ne savais pas que ce serait si long.
80001077-n	fra:lemma	combien
80001077-n	fra:exe	 Vous restez ici pour combien de jours ?
80001077-n	fra:lemma	combien
80001077-n	fra:exe	Bon, je la prends aussi. Ça fait combien?
10665698-n	fra:lemma	étudiant
10665698-n	fra:exe	Le professeur fait faire des exposés aux étudiants.
10665698-n	fra:lemma	étudiant
10665698-n	fra:exe	Oui, mais il faut être très jeune, ou étudiant...
10251779-n	fra:lemma	étudiant
10251779-n	fra:exe	Le professeur fait faire des exposés aux étudiants.
08615374-n	fra:lemma	jardin
77000064-n	fra:lemma	lequel
77000064-n	fra:exe	Lequel te semble le mieux, le voyage gastronomique en Suisse, ou le voyage culturel en Belgique ?
03290771-n	fra:lemma	entrée
03290771-n	fra:exe	Au Japon, on se déchausse dans l'entrée.
03290771-n	fra:lemma	entrée
03290771-n	fra:exe	L'entrée du cinéma se trouve au troisième étage.
06409752-n	fra:lemma	thème
06409752-n	fra:exe	Le thème est plus difficile que la version.
10286084-n	fra:lemma	frère
09876454-n	fra:lemma	frère
80001731-n	fra:lemma	étudiant étranger
80001731-n	fra:exe	Voici la résidence pour les étudiants étrangers.
77000031-n	fra:lemma	elles
77000031-n	fra:exe	Elles sont Américaines.
00934199-a	fra:lemma	bon marché
00934199-a	fra:exe	Il y a même un billet spécial vacances, très, très bon marché.
00935103-a	fra:lemma	bon marché
00935103-a	fra:exe	Il y a même un billet spécial vacances, très, très bon marché.
02747802-n	fra:lemma	cendrier
02747802-n	fra:exe	Vous fumez ? Je vous donne un cendrier.
15213115-n	fra:lemma	octobre
15213115-n	fra:exe	En octobre, c'est la saison des feuilles mortes.
15203791-n	fra:lemma	année
15203791-n	fra:exe	Voilà, je viens de m'inscrire en première année de français...
03619890-n	fra:lemma	cuisine
03619890-n	fra:exe	Avoir une grande cuisine, c'est pratique pour toute la famille.
00273734-v	fra:lemma	enseigner
00273734-v	fra:exe	On voudrait trouver un professeur d'anglais qui puisse enseigner aussi le français.
00829107-v	fra:lemma	enseigner
00829107-v	fra:exe	On voudrait trouver un professeur d'anglais qui puisse enseigner aussi le français.
00963570-v	fra:lemma	parler
00963570-v	fra:exe	 Je voudrais parler à Antoine, s'il vous plaît.
00815686-v	fra:lemma	répondre
00815686-v	fra:exe	Pour répondre à un courriel, il suffit de cliquer le bouton "répondre".
00635523-v	fra:lemma	répondre
00635523-v	fra:exe	Pour répondre à un courriel, il suffit de cliquer le bouton "répondre".
03417345-n	fra:lemma	jardin
03417345-n	fra:exe	 On mangeait tous les jours les légumes du jardin.
03417749-n	fra:lemma	jardin
03417749-n	fra:exe	 On mangeait tous les jours les légumes du jardin.
01775164-v	fra:lemma	adorer
01775164-v	fra:exe	 Je l'aime beaucoup.
01828736-v	fra:lemma	adorer
01828736-v	fra:exe	 Je l'aime beaucoup.
06418901-n	fra:lemma	dictionnaire
06418901-n	fra:exe	Tu as un dictionnaire ?
15164570-n	fra:lemma	samedi
15164570-n	fra:exe	Tu travailles le samedi? -Mais non, je ne travaille jamais le samedi.
00284798-n	fra:lemma	se promener
00284798-n	fra:exe	Vous me permettez aussi de me promener un peu ?
00284101-n	fra:lemma	se promener
00284101-n	fra:exe	Vous me permettez aussi de me promener un peu ?
01712704-v	fra:lemma	faire
01712704-v	fra:exe	Je fais de la physique à Jussieu.
08277393-n	fra:lemma	école
08277393-n	fra:exe	 Quand il était petit, il allait à la plage tous les jours après l'école.
08276720-n	fra:lemma	école
08276720-n	fra:exe	 Quand il était petit, il allait à la plage tous les jours après l'école.
00161630-r	fra:lemma	lentement
00161630-r	fra:exe	Mangez lentement pour vivre longtemps.\n
90000506-n	fra:lemma	la semaine dernière
90000506-n	fra:exe	J'ai vu Valérie la semaine dernière.
03057021-n	fra:lemma	veste
03057021-n	fra:exe	La veste va très bien à Nicolas.
03057021-n	fra:lemma	manteau
03057021-n	fra:exe	Il vous va très bien, ce manteau.
03589791-n	fra:lemma	veste
03589791-n	fra:exe	La veste va très bien à Nicolas.
06929279-n	fra:lemma	japonais
06929279-n	fra:exe	Vous parlez beaucoup de langues? -Non, je ne parle que le japonais.
03303965-n	fra:lemma	sortie
03303965-n	fra:exe	Je t'attendrai à la sortie.
10142391-n	fra:lemma	grand-père
10142391-n	fra:exe	 Son grand-père serait Elvis Presley.
07934530-n	fra:lemma	thé
07934530-n	fra:exe	J'aime le thé.
07933274-n	fra:lemma	thé
07933274-n	fra:exe	J'aime le thé.
07933274-n	fra:lemma	thé
07989373-n	fra:lemma	couple
07989373-n	fra:exe	Ma fille élève un couple de tortues vertes.
10146559-n	fra:lemma	marchand de légumes
10146559-n	fra:exe	Je ne vais pas chez le marchand de légumes.
03457686-n	fra:lemma	marchand de légumes
03457686-n	fra:exe	Je ne vais pas chez le marchand de légumes.
03147509-n	fra:lemma	coupe
03147509-n	fra:exe	Buvons une coupe de champagne pour fêter ça.
03972524-n	fra:lemma	poche
03972524-n	fra:exe	Quand il marche, il a toujours les mains dans les poches.
04968895-n	fra:lemma	bleu
04968895-n	fra:exe	La mer est bleue.
01555416-a	fra:lemma	peu nombreux
01555416-a	fra:exe	Les femmes ministres sont encore peu nombreuses.
01552885-a	fra:lemma	peu nombreux
01552885-a	fra:exe	Les femmes ministres sont encore peu nombreuses.
00017865-v	fra:lemma	se coucher
00017865-v	fra:exe	Il est minuit, je vais me coucher.
00450147-a	fra:lemma	proche
00450147-a	fra:exe	Les vacances sont proches.
00444519-a	fra:lemma	proche
00444519-a	fra:exe	Les vacances sont proches.
00445169-a	fra:lemma	proche
00445169-a	fra:exe	Les vacances sont proches.
00584367-n	fra:lemma	travail
00584367-n	fra:exe	À une condition : on en rediscute dès que ton travail sera fini.
07574602-n	fra:lemma	petit-déjeuner
07574602-n	fra:exe	Au petit-déjeuner, beaucoup de Français boivent du café au lait.
08078020-n	fra:lemma	famille
08078020-n	fra:exe	Parlez-vous beaucoup avec votre famille et avec vos amis ?
10236304-n	fra:lemma	famille
10236304-n	fra:exe	Parlez-vous beaucoup avec votre famille et avec vos amis ?
07970406-n	fra:lemma	famille
07970406-n	fra:exe	Parlez-vous beaucoup avec votre famille et avec vos amis ?
07970406-n	fra:lemma	famille
04197391-n	fra:lemma	chemise
04197391-n	fra:exe	Beaucoup d'employés de bureau portent une chemise blanche.
09918248-n	fra:lemma	enfant
09918248-n	fra:exe	Vous avez des enfants? - Non, je n'ai pas d'enfants.
12212361-n	fra:lemma	légume
12212361-n	fra:exe	Le marchand de légumes est en face de la poissonnerie.
07707451-n	fra:lemma	légume
07707451-n	fra:exe	Le marchand de légumes est en face de la poissonnerie.
03365991-n	fra:lemma	étage
03365991-n	fra:exe	Ce sont de petits immeubles de cinq étages.
00976508-a	fra:lemma	rapide
00976508-a	fra:exe	Elle est aussi sans doute plus solide, plus rapide...
00981818-a	fra:lemma	rapide
00981818-a	fra:exe	Elle est aussi sans doute plus solide, plus rapide...
00979862-a	fra:lemma	rapide
00979862-a	fra:exe	Elle est aussi sans doute plus solide, plus rapide...
01367431-a	fra:lemma	animé
01367431-a	fra:exe	Dans la journée, les rues sont très animées.
07644382-n	fra:lemma	poulet
07644382-n	fra:exe	Les enfants adorent le poulet.
07644967-n	fra:lemma	poulet
07644967-n	fra:exe	Les enfants adorent le poulet.
07813107-n	fra:lemma	sel
07813107-n	fra:exe	As-tu mis du sel ?
07825972-n	fra:lemma	sauce de soja
07825972-n	fra:exe	Tu peux me passer la sauce de soja ?
02005948-v	fra:lemma	arriver
02005948-v	fra:exe	Et David, il doit arriver à quelle heure ?
02930766-n	fra:lemma	taxi
02930766-n	fra:exe	Le taxi a refusé de la prendre. - Pourquoi? - Parce qu'elle avait un chien.
04371225-n	fra:lemma	piscine
04371225-n	fra:exe	Tous les dimanches, nous allons à la piscine.
00604617-a	fra:lemma	commode
00604617-a	fra:exe	Ce sac est vraiment commode pour faire des courses.
15237250-n	fra:lemma	été
15237250-n	fra:exe	10. Comme c'est l'été, il fait très humide.
03757138-n	fra:lemma	métro
03757138-n	fra:exe	En sortant du métro, j'ai rencontré Monique.
04349306-n	fra:lemma	métro
04349306-n	fra:exe	En sortant du métro, j'ai rencontré Monique.
77000090-n	fra:lemma	comment
77000090-n	fra:exe	Comment allez-vous?  - Je vais bien, merci. Et vous?
80001331-x	fra:lemma	comment
80001331-x	fra:exe	Comment allez-vous?  - Je vais bien, merci. Et vous?
77000104-n	fra:lemma	quand
77000104-n	fra:exe	Quand allez-vous au Japon?
04105893-n	fra:lemma	salle
04105893-n	fra:exe	Il y a vingt-cinq étudiants dans la salle.
06415419-n	fra:lemma	cahier
06415419-n	fra:exe	Ces cahiers coûtent trois euros chacun.
01376705-a	fra:lemma	connu
01376705-a	fra:exe	C'est un acteur très connu que j'ai vu hier.
01375831-a	fra:lemma	connu
01375831-a	fra:exe	C'est un acteur très connu que j'ai vu hier.
00953216-v	fra:lemma	raconter
00953216-v	fra:exe	Ce que j'ai vu alors, je vous le raconterai un peu plus tard.
00962447-v	fra:lemma	raconter
00962447-v	fra:exe	Ce que j'ai vu alors, je vous le raconterai un peu plus tard.
02935891-n	fra:lemma	salle à manger
02935891-n	fra:exe	La salle à manger est à côté de la salle de bain.
01984902-v	fra:lemma	s'asseoir
01984902-v	fra:exe	Ne restez pas debout, asseyez-vous.
00120223-r	fra:lemma	en＋現在分詞( -ant)
00120223-r	fra:exe	 En enlevant le couvercle.
00120095-r	fra:lemma	en＋現在分詞( -ant)
00120095-r	fra:exe	 En enlevant le couvercle.
02386612-a	fra:lemma	petit
02386612-a	fra:exe	 J'organise une petite soirée chez moi.
02386612-a	fra:lemma	court
02386612-a	fra:exe	Tu as les cheveux courts maintenant ?
02345713-a	fra:lemma	ils
02345713-a	fra:exe	 Ils ont roulé de Tokyo à Nara.
00478311-a	fra:lemma	ils
00478311-a	fra:exe	 Ils ont roulé de Tokyo à Nara.
01174222-a	fra:lemma	ils
01174222-a	fra:exe	 Ils ont roulé de Tokyo à Nara.
03025755-n	fra:lemma	baguettes
03025755-n	fra:exe	Les Japonais mangent avec des baguettes.
15166191-n	fra:lemma	après-midi
15166191-n	fra:exe	Mais, tu sais bien qu'il y a la finale à la télé cet après-midi.
80000080-n	fra:lemma	ce mois
80000080-n	fra:exe	Je suis occupé ce mois-ci.
06624161-n	fra:lemma	lettre
06624161-n	fra:exe	Avez-vous écrit une lettre à Christian? - Oui, je lui ai déjà écrit.
01909812-v	fra:lemma	tourner
01909812-v	fra:exe	Au premier feu rouge, vous tournerez à gauche.
07929519-n	fra:lemma	café
07929519-n	fra:exe	J'aime le café.
01729431-v	fra:lemma	chanter
01729431-v	fra:exe	 Dans la forêt, les oiseaux chantaient.
11501381-n	fra:lemma	pluie
11501381-n	fra:exe	La saison des pluies commence en juin.
07749582-n	fra:lemma	citron
07749582-n	fra:exe	Dans toutes les pâtisseries, on trouve des tartes au citron.
90000511-n	fra:lemma	avant-hier
90000511-n	fra:exe	Nous sommes partis avant-hier.
00118032-r	fra:lemma	alors
00118032-r	fra:exe	Un tartare végétarien alors.
00118032-r	fra:lemma	alors
00118032-r	fra:exe	 Ou alors, les vendre en pharmacie.
04468005-n	fra:lemma	train
04468005-n	fra:exe	 Rien ne t'oblige à voyager en train rapide.
77000002-n	fra:lemma	on
77000002-n	fra:exe	Mais, on rentre pour le match !
15206296-n	fra:lemma	un mois
15206296-n	fra:exe	Ça fait un mois que je ne l'ai pas vu.
02834778-n	fra:lemma	bicyclette
02834778-n	fra:exe	Elle sait monter à bicyclette ?
06597466-n	fra:lemma	revue
06597466-n	fra:exe	Cette revue paraît toutes les semaines.
06595351-n	fra:lemma	revue
06595351-n	fra:exe	Cette revue paraît toutes les semaines.
03704210-n	fra:lemma	revue
03704210-n	fra:exe	Cette revue paraît toutes les semaines.
08238463-n	fra:lemma	classe
08238463-n	fra:exe	 Elle voyage en première classe : elle doit être très riche.
00050454-v	fra:lemma	enlever
00050454-v	fra:exe	 En enlevant le couvercle.
02649830-v	fra:lemma	habiter
02649830-v	fra:exe	Vous habitez à Lyon? -Non, je n'habite plus à Lyon.
15155891-n	fra:lemma	demain
15155891-n	fra:exe	Il est malade, il ne pourra donc pas venir demain.
04208936-n	fra:lemma	douche
04208936-n	fra:exe	 - Tu as besoin de la salle de bains ? - Non, ça va : j'ai déjà pris ma douche.
15213774-n	fra:lemma	décembre
15213774-n	fra:exe	La fin du mois de décembre est une période de fêtes dans beaucoup de pays.
00625119-v	fra:lemma	lire
00625119-v	fra:exe	lire→lu
02774152-n	fra:lemma	valise
02774152-n	fra:exe	Tu mets toutes tes affaires dans cette petite valise?
02773037-n	fra:lemma	valise
02773037-n	fra:exe	Tu mets toutes tes affaires dans cette petite valise?
13250542-n	fra:lemma	argent
13250542-n	fra:exe	Et pour l'argent, qu'est-ce que vous me conseillez ?
13384557-n	fra:lemma	argent
13384557-n	fra:exe	Et pour l'argent, qu'est-ce que vous me conseillez ?
05600637-n	fra:lemma	figure
05600637-n	fra:exe	Le nez est au milieu de la figure.
07597365-n	fra:lemma	bonbon
07597365-n	fra:exe	Ne mange pas trop de bonbons !
00024356-r	fra:lemma	non
00024356-r	fra:exe	 Non, je ne vois pas...
03176763-n	fra:lemma	grand magasin
03176763-n	fra:exe	On trouve tout, dans les grands magasins.
01725051-v	fra:lemma	jouer
01725051-v	fra:exe	Il a entendu son amie jouer du piano.
03388183-n	fra:lemma	stylo
77000089-a	fra:lemma	tel
77000089-a	fra:exe	de tels livres
15164354-n	fra:lemma	jeudi
15164354-n	fra:exe	Nous sommes lundi. あるいは C'est jeudi.
00056916-r	fra:lemma	je vous en prie
00056916-r	fra:exe	Mais je vous en prie !
00816481-a	fra:lemma	lent
00816481-a	fra:exe	Le paresseux est un animal très lent.
01901186-a	fra:lemma	lent
01901186-a	fra:exe	Le paresseux est un animal très lent.
04956594-n	fra:lemma	couleur
04956594-n	fra:exe	un plan de Paris détaillé en couleur
04674968-n	fra:lemma	couleur
04674968-n	fra:exe	un plan de Paris détaillé en couleur
07109730-n	fra:lemma	parole
07109730-n	fra:exe	 Un ami tient toujours parole.
06282651-n	fra:lemma	parole
06282651-n	fra:exe	 Un ami tient toujours parole.
00121135-r	fra:lemma	oui
00121135-r	fra:exe	Oui, c'est le plus pratique.
04962784-n	fra:lemma	rouge
04962784-n	fra:exe	Le feu va passer au rouge.
03871083-n	fra:lemma	bagage
03871083-n	fra:exe	Je n'ai qu'un petit bagage à main.
02774630-n	fra:lemma	bagage
02774630-n	fra:exe	Je n'ai qu'un petit bagage à main.
07891726-n	fra:lemma	vin
07891726-n	fra:exe	Voulez-vous du vin ou de la bière?
07884567-n	fra:lemma	vin
07884567-n	fra:exe	Voulez-vous du vin ou de la bière?
07891433-n	fra:lemma	vin
07891433-n	fra:exe	Voulez-vous du vin ou de la bière?
15164463-n	fra:lemma	vendredi
15164463-n	fra:exe	Excusez-moi, je suis prise. Le vendredi, je dois aller à mon cours de natation.
03581125-n	fra:lemma	carrefour
03581125-n	fra:exe	Il y aurait encore eu un accident à ce carrefour.
02410393-a	fra:lemma	épais
02410393-a	fra:exe	Le brouillard était si épais qu'on ne voyait plus la montagne.
02410393-a	fra:lemma	gros
02410393-a	fra:exe	Monsieur, vous pourriez écrire plus gros, s'il vous plaît ?
02415390-a	fra:lemma	épais
02415390-a	fra:exe	Le brouillard était si épais qu'on ne voyait plus la montagne.
02756821-v	fra:lemma	neiger
02756821-v	fra:exe	Il neige.
02529264-a	fra:lemma	tiède
02529264-a	fra:exe	Le foie gras tiède, c'est excellent.
01546111-v	fra:lemma	être debout
01546111-v	fra:exe	Ne restez pas debout, asseyez-vous.
10142747-n	fra:lemma	grand-mère
10142747-n	fra:exe	Je n'ai plus qu'une grand-mère, la mère de ma mère, mais j'ai encore mes deux grands-pères.
07679356-n	fra:lemma	pain
07679356-n	fra:exe	Vous allez acheter du pain?
03259505-n	fra:lemma	maison
03259505-n	fra:exe	Cette maison, ça a été construit il y a un an.
03544360-n	fra:lemma	maison
03544360-n	fra:exe	Cette maison, ça a été construit il y a un an.
03544360-n	fra:lemma	maison
03544360-n	fra:exe	 On sent de bonnes odeurs de cuisine dans toute la maison.
08559508-n	fra:lemma	maison
08559508-n	fra:exe	Cette maison, ça a été construit il y a un an.
08559508-n	fra:lemma	maison
08559508-n	fra:exe	 On sent de bonnes odeurs de cuisine dans toute la maison.
15210486-n	fra:lemma	février
15210486-n	fra:exe	Il neige souvent en février.
15167349-n	fra:lemma	nuit
15167349-n	fra:exe	Dormez-vous suffisamment la nuit ?
15155747-n	fra:lemma	nuit
15155747-n	fra:exe	Dormez-vous suffisamment la nuit ?
15167027-n	fra:lemma	nuit
15167027-n	fra:exe	Dormez-vous suffisamment la nuit ?
15167027-n	fra:lemma	hier soir
15167027-n	fra:exe	Écoutez, je voulais vraiment vous remercier pour hier soir.
15167474-n	fra:lemma	nuit
15167474-n	fra:exe	Dormez-vous suffisamment la nuit ?
03438257-n	fra:lemma	verre
03438257-n	fra:exe	Euh...je pourrais peut-être prendre un verre de vin ?
08613593-n	fra:lemma	dehors
08613593-n	fra:exe	Mais, nous sommes dehors, dans la rue !
03338821-n	fra:lemma	pellicule
03338821-n	fra:exe	C'est une pellicule couleur ou noir et blanc?
06613686-n	fra:lemma	pellicule
06613686-n	fra:exe	C'est une pellicule couleur ou noir et blanc?
06613686-n	fra:lemma	film
06613686-n	fra:exe	Il faut que vous voyiez ce film.
06262567-n	fra:lemma	pellicule
06262567-n	fra:exe	C'est une pellicule couleur ou noir et blanc?
04096066-n	fra:lemma	chemin
04096066-n	fra:exe	 Vous pouvez m'indiquer le chemin pour y aller ?
15212739-n	fra:lemma	septembre
15212739-n	fra:exe	Pour le cours intensif de français, il faut s'inscrire avant le 30 septembre.
77000079-a	fra:lemma	ce ...-là
77000079-a	fra:exe	Nous sommes occupés ces jours-là.
14524198-n	fra:lemma	être couvert
14524198-n	fra:exe	Le temps est couvert, il risque de pleuvoir.
00543233-n	fra:lemma	musique
00543233-n	fra:exe	J'aime la musique.
05718556-n	fra:lemma	musique
05718556-n	fra:exe	J'aime la musique.
05718935-n	fra:lemma	musique
05718935-n	fra:exe	J'aime la musique.
07020895-n	fra:lemma	musique
07020895-n	fra:exe	J'aime la musique.
00409709-r	fra:lemma	près de
00409709-r	fra:exe	Pardon, Monsieur, est-ce qu'il y a un poste de police près d'ici ?
08641113-n	fra:lemma	près de
08641113-n	fra:exe	Pardon, Monsieur, est-ce qu'il y a un poste de police près d'ici ?
03112099-n	fra:lemma	couloir
03112099-n	fra:exe	Vous prenez le premier couloir à gauche.
03661043-n	fra:lemma	bibliothèque
03661043-n	fra:exe	La bibliothèque est fermée le dimanche.
07840804-n	fra:lemma	œuf
07840804-n	fra:exe	œuf → œufs
90000502-n	fra:lemma	cette année
90000502-n	fra:exe	Il pleut beaucoup cette année.
03908204-n	fra:lemma	crayon
03908204-n	fra:exe	Passe-moi un crayon, je n'ai rien pour écrire.
14796748-n	fra:lemma	crayon
14796748-n	fra:exe	Passe-moi un crayon, je n'ai rien pour écrire.
05282433-n	fra:lemma	dent
05282433-n	fra:exe	Elle a mal aux dents.
05282746-n	fra:lemma	dent
05282746-n	fra:exe	Elle a mal aux dents.
01649720-a	fra:lemma	jeune
01649720-a	fra:exe	Je connais la jeune fille dont le père est médecin.
01646941-a	fra:lemma	jeune
01646941-a	fra:exe	Je connais la jeune fille dont le père est médecin.
00514884-a	fra:lemma	tout
00514884-a	fra:exe	Elle aime tellement le jazz qu'elle en écoute toute la journée.
00988232-a	fra:lemma	mince
00988232-a	fra:exe	Christine reste mince tout en adorant les desserts.
01029368-v	fra:lemma	s'appeler
01029368-v	fra:exe	Vous vous appelez comment ?
77000084-n	fra:lemma	où
77000084-n	fra:exe	Où me conseillez-vous d'aller ?
00220082-a	fra:lemma	joli
00220082-a	fra:exe	Quelles jolies fleurs ! ― Ce sont celles qu'elle m'a achetées hier.
01586342-a	fra:lemma	joli
01586342-a	fra:exe	Quelles jolies fleurs ! ― Ce sont celles qu'elle m'a achetées hier.
01586342-a	fra:lemma	bon
01586342-a	fra:exe	Il donne toujours de bons conseils.
01346003-v	fra:lemma	tirer
01346003-v	fra:exe	Tirez les rideaux s'il vous plaît.
09853467-n	fra:lemma	frère
09853467-n	fra:exe	Vous avez des frères?
09853467-n	fra:lemma	frère
09853467-n	fra:exe	Vous avez des frères et des sœurs ?
03102654-n	fra:lemma	frigo
03102654-n	fra:exe	Mélanie n'a pas encore de frigo.
03273913-n	fra:lemma	frigo
03273913-n	fra:exe	Mélanie n'a pas encore de frigo.
02399595-a	fra:lemma	mauvais
02399595-a	fra:exe	Dans ce restaurant, tout est mauvais.
01716971-a	fra:lemma	mauvais
01716971-a	fra:exe	Dans ce restaurant, tout est mauvais.
07845335-n	fra:lemma	lait
07845335-n	fra:exe	D'abord, tu choisis un camembert " au lait cru ".
07844042-n	fra:lemma	lait
07844042-n	fra:exe	D'abord, tu choisis un camembert " au lait cru ".
10780632-n	fra:lemma	madame
10780632-n	fra:exe	Alors Madame, qu'est-ce qui vous ferait plaisir ?
10780632-n	fra:lemma	femme
10780632-n	fra:exe	Ma femme se lève aussi tôt que moi.
08625462-n	fra:lemma	gauche
08625462-n	fra:exe	Prenez la deuxième à gauche, et vous y serez.
90000508-n	fra:lemma	la semaine prochaine
90000508-n	fra:exe	Il y a des devoirs pour la semaine prochaine ?
01848718-v	fra:lemma	aller
01848718-v	fra:exe	En fait, je pense y aller en voyage organisé.
06518719-n	fra:lemma	billet
06518719-n	fra:exe	Il y a même un billet spécial vacances, très, très bon marché.
01470670-v	fra:lemma	rencontrer
01470670-v	fra:exe	Ils se rencontrent souvent par hasard au centre-ville.
02428924-v	fra:lemma	rencontrer
02428924-v	fra:exe	Ils se rencontrent souvent par hasard au centre-ville.
10285313-n	fra:lemma	garçon
10285313-n	fra:exe	un petit garçon → une petite fille
03542333-n	fra:lemma	hôtel
03542333-n	fra:exe	l'hôtel
02913152-n	fra:lemma	bâtiment
02913152-n	fra:exe	Quelle est la longueur de ce bâtiment?
07649854-n	fra:lemma	viande
07649854-n	fra:exe	Vivre 100 ans sans manger de viande ?
09397391-n	fra:lemma	étang
09397391-n	fra:exe	Il aime pêcher au bord de l'étang.
07935152-n	fra:lemma	thé
03082979-n	fra:lemma	ordinateur
03082979-n	fra:exe	Comment faire pour écrire avec les accents sur l'ordinateur ?
00312553-n	fra:lemma	voyage
00312553-n	fra:exe	Le voyage a été agréable, bien qu'il ne fasse pas beau.
04043733-n	fra:lemma	radio
04043733-n	fra:exe	En prenant le petit déjeuner, François et Marianne écoutent les informations à la radio.
01442186-a	fra:lemma	court
01442186-a	fra:exe	Tu as les cheveux courts maintenant ?
01436003-a	fra:lemma	court
01436003-a	fra:exe	Tu as les cheveux courts maintenant ?
01442826-a	fra:lemma	court
01442826-a	fra:exe	Tu as les cheveux courts maintenant ?
14513694-n	fra:lemma	famille
02808440-n	fra:lemma	bain
02808440-n	fra:exe	 Quand tu as téléphoné hier soir, j'étais dans mon bain. 
02807731-n	fra:lemma	bain
02807731-n	fra:exe	 Quand tu as téléphoné hier soir, j'étais dans mon bain. 
15274074-n	fra:lemma	repos
15274074-n	fra:exe	Tu aurais besoin d'un peu de repos.
15183428-n	fra:lemma	repos
15183428-n	fra:exe	Tu aurais besoin d'un peu de repos.
15137890-n	fra:lemma	repos
15137890-n	fra:exe	Tu aurais besoin d'un peu de repos.
00027918-r	fra:lemma	encore
00027918-r	fra:exe	 Le facteur n'est pas encore passé.
00031304-r	fra:lemma	encore
00031304-r	fra:exe	 Le facteur n'est pas encore passé.
03925226-n	fra:lemma	photo
03925226-n	fra:exe	Tu as une photo ?
03931044-n	fra:lemma	photo
03931044-n	fra:exe	Tu as une photo ?
04248607-n	fra:lemma	photo
04248607-n	fra:exe	Tu as une photo ?
15164233-n	fra:lemma	mercredi
15164233-n	fra:exe	C'est mercredi que vous devez venir chez moi.
11524662-n	fra:lemma	faire
11524662-n	fra:exe	Qu'il fait froid !
07193184-n	fra:lemma	question
07193184-n	fra:exe	Tu as des questions sur le Japon ?
07196682-n	fra:lemma	question
07196682-n	fra:exe	Tu as des questions sur le Japon ?
05797597-n	fra:lemma	question
05797597-n	fra:exe	Tu as des questions sur le Japon ?
07193596-n	fra:lemma	question
07193596-n	fra:exe	Tu as des questions sur le Japon ?
01904930-v	fra:lemma	marcher
01904930-v	fra:exe	 Ce qui me plaît, c'est de marcher dans la nature, de respirer le bon air...
03383948-n	fra:lemma	fourchette
03383948-n	fra:exe	La fourchette se met à gauche de l'assiette.
08286569-n	fra:lemma	université
08286569-n	fra:exe	Je vais à l'université.
08286163-n	fra:lemma	université
08286163-n	fra:exe	Je vais à l'université.
08278169-n	fra:lemma	université
08278169-n	fra:exe	Je vais à l'université.
01000214-v	fra:lemma	écrire
01000214-v	fra:exe	 C'est écrit " le tabac tue ", maintenant, sur les paquets ?
02471690-v	fra:lemma	écrire
02471690-v	fra:exe	 C'est écrit " le tabac tue ", maintenant, sur les paquets ?
01020356-v	fra:lemma	écrire
01020356-v	fra:exe	 C'est écrit " le tabac tue ", maintenant, sur les paquets ?
01691057-v	fra:lemma	écrire
01691057-v	fra:exe	 C'est écrit " le tabac tue ", maintenant, sur les paquets ?
01698271-v	fra:lemma	écrire
01698271-v	fra:exe	 C'est écrit " le tabac tue ", maintenant, sur les paquets ?
01020934-v	fra:lemma	écrire
01020934-v	fra:exe	 C'est écrit " le tabac tue ", maintenant, sur les paquets ?
00993014-v	fra:lemma	écrire
00993014-v	fra:exe	 C'est écrit " le tabac tue ", maintenant, sur les paquets ?
03822171-n	fra:lemma	journal
03822171-n	fra:exe	journal → journaux
06267145-n	fra:lemma	journal
06267145-n	fra:exe	journal → journaux
14961722-n	fra:lemma	journal
14961722-n	fra:exe	journal → journaux
07197021-n	fra:lemma	examen
07197021-n	fra:exe	Et que comptez-vous faire, si vous réussissez cet examen ?
00158309-r	fra:lemma	juste
00158309-r	fra:exe	 Le bus vient juste de partir.
00002621-r	fra:lemma	juste
00002621-r	fra:exe	 Le bus vient juste de partir.
00002950-r	fra:lemma	juste
00002950-r	fra:exe	 Le bus vient juste de partir.
13714184-n	fra:lemma	degré
13714184-n	fra:exe	Le climatiseur se met en marche automatiquement à partir de 30 degrés.
00119568-n	fra:lemma	voler
00119568-n	fra:exe	Les oiseaux volent.
08145553-n	fra:lemma	poste
08145553-n	fra:exe	Il y a un bureau de poste près d'ici?
15237044-n	fra:lemma	printemps
15237044-n	fra:exe	Le printemps à New York, c'est toujours comme ça?
01270199-v	fra:lemma	faire la lessive
01270199-v	fra:exe	Mon père ne fait jamais la lessive.
15166462-n	fra:lemma	soirée
15166462-n	fra:exe	 Bonne soirée à toi aussi, et tu fais la bise à tout le monde !
15166462-n	fra:lemma	hier soir
15166462-n	fra:exe	Écoutez, je voulais vraiment vous remercier pour hier soir.
01343918-a	fra:lemma	drôle
01343918-a	fra:exe	Il raconte toujours des histoires très drôles.
01344344-a	fra:lemma	drôle
01344344-a	fra:exe	Il raconte toujours des histoires très drôles.
01344344-a	fra:lemma	joyeux
01344344-a	fra:exe	Joyeux Noël !
01265308-a	fra:lemma	drôle
01265308-a	fra:exe	Il raconte toujours des histoires très drôles.
01344485-a	fra:lemma	drôle
01344485-a	fra:exe	Il raconte toujours des histoires très drôles.
00067045-r	fra:lemma	à l'avance
00067045-r	fra:exe	Si vous avez besoin de moi, prévenez-moi à l'avance.
00067265-r	fra:lemma	à l'avance
00067265-r	fra:exe	Si vous avez besoin de moi, prévenez-moi à l'avance.
90000515-n	fra:lemma	après-demain
90000515-n	fra:exe	On rentrera après-demain.
01296462-v	fra:lemma	allumer
01296462-v	fra:exe	Il fait trop sombre ici, tu devrais allumer la lumière.
01801029-a	fra:lemma	joyeux
01801029-a	fra:exe	Joyeux Noël !
03906997-n	fra:lemma	stylo
03906997-n	fra:exe	Passe-moi un stylo, je n'ai rien pour écrire.
77000095-n	fra:lemma	qui
77000095-n	fra:lemma	personne
77000095-n	fra:exe	Personne ne sait la vérité.
90000500-n	fra:lemma	il y a deux ans
90000500-n	fra:exe	Nous avons acheté cet appartement il y a deux ans.
03221720-n	fra:lemma	porte
03221720-n	fra:exe	 On frappe à la porte.
03221720-n	fra:lemma	porte
00050681-r	fra:lemma	il n'y a pas
00050681-r	fra:exe	Il n'y a pas de bureau de poste dans cette ville.
00024587-r	fra:lemma	il n'y a pas
00024587-r	fra:exe	Il n'y a pas de bureau de poste dans cette ville.
77000012-n	fra:lemma	moi
77000015-n	fra:lemma	moi
01344963-a	fra:lemma	ennuyeux
01344963-a	fra:exe	J'ai trouvé ce film complètement ennuyeux.
01170052-v	fra:lemma	boire
01170052-v	fra:exe	Vous avez 20 ans, alors vous pouvez boire du vin.
03282295-n	fra:lemma	ambassade
03282295-n	fra:exe	L'ambassade du Japon en France est près du parc Monceau.
14145501-n	fra:lemma	rhume
14145501-n	fra:exe	On attrappe des rhumes en hiver.
06796119-n	fra:lemma	timbre
06796119-n	fra:exe	Collez un timbre sur l'enveloppe.
07775375-n	fra:lemma	poisson
07775375-n	fra:exe	Madame, voulez-vous de la viande ou du poisson?
02512053-n	fra:lemma	poisson
02512053-n	fra:exe	Madame, voulez-vous de la viande ou du poisson?
01586866-a	fra:lemma	bon
01586866-a	fra:exe	Il donne toujours de bons conseils.
01048762-a	fra:lemma	bon
01048762-a	fra:exe	Il donne toujours de bons conseils.
00067638-a	fra:lemma	bon
00067638-a	fra:exe	Il donne toujours de bons conseils.
01993408-a	fra:lemma	bon
01993408-a	fra:exe	Il donne toujours de bons conseils.
01171213-a	fra:lemma	bon
01171213-a	fra:exe	Il donne toujours de bons conseils.
01800349-a	fra:lemma	bon
01800349-a	fra:exe	Il donne toujours de bons conseils.
01123148-a	fra:lemma	bon
01123148-a	fra:exe	Il donne toujours de bons conseils.
00064787-a	fra:lemma	bon
00064787-a	fra:exe	Il donne toujours de bons conseils.
00850183-a	fra:lemma	bon
00850183-a	fra:exe	Il donne toujours de bons conseils.
01129977-a	fra:lemma	bon
01129977-a	fra:exe	Il donne toujours de bons conseils.
01586752-a	fra:lemma	bon
01586752-a	fra:exe	Il donne toujours de bons conseils.
04588365-n	fra:lemma	fenêtre
04588365-n	fra:exe	À cause du vent, la fenêtre s'est fermée toute seule.
04587648-n	fra:lemma	fenêtre
04587648-n	fra:exe	À cause du vent, la fenêtre s'est fermée toute seule.
05216365-n	fra:lemma	corps
05216365-n	fra:exe	Comme le pauvre enfant avait très froid, il tremblait de tout son corps.
76100002-x	fra:lemma	exemplaire
76100002-x	fra:exe	Achetez ce livre en dix exemplaires.
04967191-n	fra:lemma	vert
04967191-n	fra:exe	 Aucun problème ! ...haricots verts pas trop cuits.
80001047-v	fra:lemma	mourir
80001047-v	fra:exe	Il n'a pas plu depuis des mois et un grand nombre de gens sont déjà morts de soif
03497657-n	fra:lemma	chapeau
03497657-n	fra:exe	 Ce chapeau me plaît beaucoup.
15129927-n	fra:lemma	heure
15129927-n	fra:exe	Vous avez l'heure, s'il vous plaît?
06359877-n	fra:lemma	phrase
06359877-n	fra:exe	Quelle est la signification de cette phrase ?
00546389-n	fra:lemma	chanson
00546389-n	fra:exe	Et vous ne voulez pas que je vous chante une chanson avec ça ?
07048000-n	fra:lemma	chanson
07048000-n	fra:exe	Et vous ne voulez pas que je vous chante une chanson avec ça ?
01754737-v	fra:lemma	couper
01754737-v	fra:exe	Tu peux couper le pain ?
07447641-n	fra:lemma	soirée
07447641-n	fra:exe	 J'organise une petite soirée chez moi.
01842204-v	fra:lemma	partir
01842204-v	fra:exe	Il est parti il y a deux semaines.
04241394-n	fra:lemma	pantoufle
04241394-n	fra:exe	Mettez des pantoufles.
05301908-n	fra:lemma	bouche
05301908-n	fra:exe	Va t'essuyer la bouche, tu es plein de chocolat !
02440250-n	fra:lemma	main
02440250-n	fra:exe	Levez la main gauche.
09823502-n	fra:lemma	tante
09823502-n	fra:exe	C'est la boutique de ma tante.
10193967-n	fra:lemma	mari
10193967-n	fra:exe	 Elle a trouvé un mari au Japon.
15213406-n	fra:lemma	novembre
15213406-n	fra:exe	En novembre, les étudiants des universités japonaises organisent de grandes fêtes.
13831176-n	fra:lemma	nord
13831176-n	fra:exe	 Dans le Nord, on cuisine au beurre, dans le Sud, on cuisine à l'huile.
06964901-n	fra:lemma	français
06964901-n	fra:exe	Depuis tout à l'heure, pourquoi tu me parles en français ?
01318741-a	fra:lemma	avoir mal
01318741-a	fra:exe	Elle a mal à la tête aujourd'hui.
01712753-a	fra:lemma	avoir mal
01712753-a	fra:exe	Elle a mal à la tête aujourd'hui.
05395690-n	fra:lemma	ventre
05395690-n	fra:exe	J'ai mal au ventre.
05556943-n	fra:lemma	ventre
05556943-n	fra:exe	J'ai mal au ventre.
02324478-v	fra:lemma	ajouter
02324478-v	fra:exe	Il a ajouté qu'il rentrait en France.
00640828-v	fra:lemma	ajouter
00640828-v	fra:exe	Il a ajouté qu'il rentrait en France.
00182406-v	fra:lemma	ajouter
00182406-v	fra:exe	Il a ajouté qu'il rentrait en France.
00749230-a	fra:lemma	facile
00749230-a	fra:exe	Tu vas voir, c'est très facile.
14061805-n	fra:lemma	maladie
14061805-n	fra:exe	Les maladies sont plus nombreuses en hiver
14055408-n	fra:lemma	maladie
14055408-n	fra:exe	Les maladies sont plus nombreuses en hiver
14473054-n	fra:lemma	maladie
14473054-n	fra:exe	Les maladies sont plus nombreuses en hiver
10399491-n	fra:lemma	parents
10399491-n	fra:exe	Tu connais les parents de Frédéric ?
13833375-n	fra:lemma	sud
13833375-n	fra:exe	Il voyage en Italie du Sud.
02472293-n	fra:lemma	on
02472293-n	fra:exe	Patrick, on te demande au téléphone.
15212167-n	fra:lemma	juillet
15212167-n	fra:exe	Tu vas partir en juillet ou en aoûｔ？
00442917-a	fra:lemma	loin
00442917-a	fra:exe	 En effet, c'est très loin d'ici.
01421622-v	fra:lemma	introduire
01421622-v	fra:exe	Pour ouvrir une huître, on introduit un couteau dans la coquille.
03398467-n	fra:lemma	devant
03398467-n	fra:exe	 Vous voyez la statue de chien devant la gare de Shibuya ?
00964768-a	fra:lemma	faible
00964768-a	fra:exe	Philippe vient d'être opéré, il est encore trop faible pour manger.
02324397-a	fra:lemma	faible
02324397-a	fra:exe	Philippe vient d'être opéré, il est encore trop faible pour manger.
00709215-a	fra:lemma	faible
00709215-a	fra:exe	Philippe vient d'être opéré, il est encore trop faible pour manger.
02040233-a	fra:lemma	faible
02040233-a	fra:exe	Philippe vient d'être opéré, il est encore trop faible pour manger.
02040049-a	fra:lemma	faible
02040049-a	fra:exe	Philippe vient d'être opéré, il est encore trop faible pour manger.
00254978-r	fra:lemma	chaque mois
00254978-r	fra:exe	Je vois mon médecin chaque mois.
77000091-n	fra:lemma	quel
77000091-n	fra:exe	Vous venez de quelle région ?
06605897-n	fra:lemma	signification
06605897-n	fra:exe	Je ne comprends pas bien la signification de cette phrase.
05919866-n	fra:lemma	signification
05919866-n	fra:exe	Je ne comprends pas bien la signification de cette phrase.
06601327-n	fra:lemma	signification
06601327-n	fra:exe	Je ne comprends pas bien la signification de cette phrase.
04059701-n	fra:lemma	derrière
04059701-n	fra:exe	La mairie est juste derrière l'église.
02767665-n	fra:lemma	derrière
02767665-n	fra:exe	La mairie est juste derrière l'église.
03540595-n	fra:lemma	hôpital
03540595-n	fra:exe	Ce n'est pas un hôpital.
08054417-n	fra:lemma	hôpital
08054417-n	fra:exe	Ce n'est pas un hôpital.
05311054-n	fra:lemma	œil
05311054-n	fra:exe	 Les yeux me piquent.
05316025-n	fra:lemma	œil
05316025-n	fra:exe	 Les yeux me piquent.
02871439-n	fra:lemma	bibliothèque
02871439-n	fra:exe	J'ai lu tous les livres qui sont dans ma bibliothèque.
01186408-a	fra:lemma	léger
01186408-a	fra:exe	Bien sûr que ce sac est léger, il n'y a rien dedans.
04049098-n	fra:lemma	station
04049098-n	fra:exe	Descendez une station avant le terminus.
03030663-n	fra:lemma	cigarette
03030663-n	fra:exe	 Moi, je pense qu'on devrait interdire les cigarettes, tout simplement.
02230772-v	fra:lemma	passer
02230772-v	fra:exe	Passez-moi le poivre qui est sur la table.
90000504-n	fra:lemma	dans deux ans
90000504-n	fra:exe	Je travaillerai dans deux ans.
00729108-n	fra:lemma	devoirs
00729108-n	fra:exe	Tu as des devoirs pour la semaine prochaine ?
03815615-n	fra:lemma	cravate
03815615-n	fra:exe	Ces cravates lui ont beaucoup plu.
07596684-n	fra:lemma	gâteau
07596684-n	fra:exe	Je peux faire un gâteau, ou apporter quelque chose de salé...
05560787-n	fra:lemma	jambe
05560787-n	fra:exe	Pierre s'est cassé la jambe en jouant au foot.
05563266-n	fra:lemma	jambe
05563266-n	fra:exe	Pierre s'est cassé la jambe en jouant au foot.
15211189-n	fra:lemma	avril
15211189-n	fra:exe	un poisson d'avril
02310007-v	fra:lemma	rendre
02310007-v	fra:exe	Jacques m'a promis de me rendre mon CD quand il aurait fini de le copier.
01308381-v	fra:lemma	rendre
01308381-v	fra:exe	Jacques m'a promis de me rendre mon CD quand il aurait fini de le copier.
80001595-v	fra:lemma	rendre
80001595-v	fra:exe	Jacques m'a promis de me rendre mon CD quand il aurait fini de le copier.
10080869-n	fra:lemma	père
10080869-n	fra:exe	Je suis désolé que votre père soit malade.
10080869-n	fra:lemma	père
10080869-n	fra:exe	 Cette habitude me vient de mon père.
02411224-a	fra:lemma	gros
02411224-a	fra:exe	Monsieur, vous pourriez écrire plus gros, s'il vous plaît ?
04446276-n	fra:lemma	toilettes
04555291-n	fra:lemma	toilettes
15212455-n	fra:lemma	août
15212455-n	fra:exe	Tu vas partir en juillet ou en août ?
00292937-a	fra:lemma	occupé
00292937-a	fra:exe	Parce que j'étais très occupé, j'avais une réunion très tard...
00273082-a	fra:lemma	obscur
00273082-a	fra:exe	Il fait très obscur dans cette maison, il n'y a presque jamais de soleil.
03291819-n	fra:lemma	enveloppe
03291819-n	fra:exe	Collez un timbre sur l'enveloppe.
80001545-n	fra:lemma	côté
80001545-n	fra:exe	Ce que nous pouvons vous proposer, c'est un grand appartement. Juste à côté du parc.
09215315-n	fra:lemma	au-dessous
09215315-n	fra:exe	La famille de l'étage au-dessous a déménagé.
80001661-n	fra:lemma	au-dessous
80001661-n	fra:exe	La famille de l'étage au-dessous a déménagé.
00523513-n	fra:lemma	sport
00523513-n	fra:exe	Elle est arrivée dans une voiture de sport.
03179701-n	fra:lemma	bureau
03179701-n	fra:exe	Il y a un bureau de poste près d'ici?
04202417-n	fra:lemma	boutique
04202417-n	fra:exe	C'est la boutique de ma tante.
02016062-v	fra:lemma	descendre
02016062-v	fra:exe	Tu descends!
15237782-n	fra:lemma	hiver
15237782-n	fra:exe	L'hiver à Paris, quel temps fait-il ?
80001691-n	fra:lemma	au-dessus
80001691-n	fra:exe	La lune est au-dessus du lac.
08663354-n	fra:lemma	au-dessus
08663354-n	fra:exe	La lune est au-dessus du lac.
07804323-n	fra:lemma	repas
07804323-n	fra:exe	 Trois repas par jour, ça suffit.
15245990-n	fra:lemma	repas
15245990-n	fra:exe	 Trois repas par jour, ça suffit.
90000417-n	fra:lemma	repas
90000417-n	fra:exe	 Trois repas par jour, ça suffit.
07575076-n	fra:lemma	déjeuner
07575076-n	fra:exe	Il est midi, on va aller déjeuner.
15156001-n	fra:lemma	aujourd'hui
15156001-n	fra:exe	Alors, est-ce que je pourrai prendre un bain aujourd'hui ?
09604981-n	fra:lemma	soi
09604981-n	fra:exe	Personne ne reste chez soi quand il fait beau.
07557434-n	fra:lemma	plat
07557434-n	fra:exe	J'avais pensé que tu aimerais ce plat.
02395115-a	fra:lemma	excellent
02395115-a	fra:exe	Cette boulangerie vend un pain excellent.
02396720-a	fra:lemma	excellent
02396720-a	fra:exe	Cette boulangerie vend un pain excellent.
