# TUFS Basic Spanish Wordnet	spa	http://www.coelang.tufs.ac.jp/mt/es/	CC BY 4.0
15210045-n	spa:lemma	enero
15210045-n	spa:exe	El dulce típico de enero es el roscón de reyes.
05755883-n	spa:lemma	estudio
05755883-n	spa:exe	Reportajes, biografías, estudios...
04971928-n	spa:lemma	marrón
04971928-n	spa:exe	Mi madre siempre se viste de color marrón.
15163797-n	spa:lemma	domingo
15163797-n	spa:exe	Pero voy a jugar en un partido de tenis el próximo domingo.
15043763-n	spa:lemma	nieve
15043763-n	spa:exe	El tejado estaba cubierto de nieve.
00251013-n	spa:lemma	limpieza
00251013-n	spa:exe	Hoy viene la señora de la limpieza a casa.
08058098-n	spa:lemma	empresa
08058098-n	spa:exe	Quiero colocarme en una empresa buena.
01382086-a	spa:lemma	grande
01382086-a	spa:exe	Pero Asia es muy grande.
01453084-a	spa:lemma	grande
01453084-a	spa:exe	Pero Asia es muy grande.
00527870-a	spa:lemma	grande
00527870-a	spa:exe	Pero Asia es muy grande.
01677433-a	spa:lemma	grande
01677433-a	spa:exe	Pero Asia es muy grande.
10084295-n	spa:lemma	chica
10084295-n	spa:exe	Hay más chicas que chicos en esta clase.
10129825-n	spa:lemma	chica
10129825-n	spa:exe	Hay más chicas que chicos en esta clase.
10129825-n	spa:lemma	hermana
10129825-n	spa:exe	Para visitar a una hermana que trabaja en París.
00065495-v	spa:lemma	bien
00065495-v	spa:exe	¿Y ya estás bien?
80001734-n	spa:lemma	clase
80001734-n	spa:exe	Entonces se lo devuelvo en la próxima clase.
00889472-n	spa:lemma	clase
00889472-n	spa:exe	Entonces se lo devuelvo en la próxima clase.
02608347-v	spa:lemma	empezar
02608347-v	spa:exe	Te lo empiezo a contar de nuevo. Escucha atentamente.
07850329-n	spa:lemma	queso
07850329-n	spa:exe	Le recomiendo éste de jamón y queso.
03623556-n	spa:lemma	cuchillo
03623556-n	spa:exe	Este cuchillo tiene buen filo.
03624134-n	spa:lemma	cuchillo
03624134-n	spa:exe	Este cuchillo tiene buen filo.
01776727-v	spa:lemma	no gustar
01776727-v	spa:exe	Es que a mí no me gusta la ficción.
01774136-v	spa:lemma	no gustar
01774136-v	spa:exe	Es que a mí no me gusta la ficción.
02783161-n	spa:lemma	bolígrafo
02632567-v	spa:lemma	querer
02632567-v	spa:exe	Ah... Pero quiero tomar un café solo luego.
01579608-a	spa:lemma	enseguida
01579608-a	spa:exe	Enseguida se cansa.
03427296-n	spa:lemma	puerta
03427296-n	spa:exe	Y usted pase por esta puerta.
04026417-n	spa:lemma	cartera
04026417-n	spa:exe	Le robaron la cartera sin que se diera cuenta.
11456462-n	spa:lemma	buen tiempo
11456462-n	spa:exe	Mañana si hacec buen tiempo, lavo la ropa.
07848338-n	spa:lemma	mantequilla
07848338-n	spa:exe	Desayuno tostadas con mantequilla.
90000501-n	spa:lemma	el año pasado
90000501-n	spa:exe	No lo veo desde el año pasado.
15210870-n	spa:lemma	marzo
15210870-n	spa:exe	Marzo ventoso, abril lluvioso, sacan a mayo florido y hermoso.
77000072-n	spa:lemma	aquí
77000072-n	spa:exe	Aquí lo tengo.
08489497-n	spa:lemma	aquí
08489497-n	spa:exe	Aquí lo tengo.
03561345-n	spa:lemma	pintura
03561345-n	spa:exe	Tiene en su casa pinturas de gran calidad.
03234306-n	spa:lemma	pintura
03234306-n	spa:exe	Tiene en su casa pinturas de gran calidad.
03876519-n	spa:lemma	pintura
03876519-n	spa:exe	Tiene en su casa pinturas de gran calidad.
07110615-n	spa:lemma	voz
07110615-n	spa:exe	El poeta leyó en voz alta su poema.
05202284-n	spa:lemma	voz
05202284-n	spa:exe	El poeta leyó en voz alta su poema.
09411430-n	spa:lemma	río
09411430-n	spa:exe	El río Manzanares pasa por Madrid.
15236859-n	spa:lemma	otoño
15236859-n	spa:exe	El otoño es una estación que me gusta mucho.
02107442-v	spa:lemma	preguntar
02107442-v	spa:exe	Cuando me lo preguntaron yo no estaba segura de que pudiéramos ir.
02169891-v	spa:lemma	preguntar
02169891-v	spa:exe	Cuando me lo preguntaron yo no estaba segura de que pudiéramos ir.
02242464-v	spa:lemma	vender
02242464-v	spa:exe	En los estancos se venden sellos.
00271022-a	spa:lemma	claro
00271022-a	spa:exe	Como esta camiseta es muy clara, se mancha fácilmente.
00396523-a	spa:lemma	claro
00396523-a	spa:exe	Como esta camiseta es muy clara, se mancha fácilmente.
00269989-a	spa:lemma	claro
00269989-a	spa:exe	Como esta camiseta es muy clara, se mancha fácilmente.
00278551-a	spa:lemma	claro
00278551-a	spa:exe	Como esta camiseta es muy clara, se mancha fácilmente.
02924116-n	spa:lemma	autobús
02924116-n	spa:exe	Aquí viene el autobús.
01614426-v	spa:lemma	pegar
01614426-v	spa:exe	Pega el sello en el sobre.
80001230-x	spa:lemma	sí
80001230-x	spa:exe	Sí, por supuesto.
01184932-a	spa:lemma	pesado
01184932-a	spa:exe	Este paquete es muy pesado.
07881800-n	spa:lemma	bebida
07881800-n	spa:exe	Quiero una bebida fría.
01119192-a	spa:lemma	bien
01119192-a	spa:exe	Nadie puede hablar bien un idioma sin estudiar.
02226162-a	spa:lemma	bien
02226162-a	spa:exe	Nadie puede hablar bien un idioma sin estudiar.
01838916-a	spa:lemma	bien
01838916-a	spa:exe	Nadie puede hablar bien un idioma sin estudiar.
03467517-n	spa:lemma	guitarra
03467517-n	spa:exe	Aprendí a tocar la guitarra cuando era niño.
03613294-n	spa:lemma	llave
03613294-n	spa:exe	Se me ha perdido la llave.
01553629-a	spa:lemma	mucho
01553629-a	spa:exe	Parece que tiene muchos ejemplos.
01551633-a	spa:lemma	mucho
01551633-a	spa:exe	Parece que tiene muchos ejemplos.
01552419-a	spa:lemma	mucho
01552419-a	spa:exe	Parece que tiene muchos ejemplos.
00127137-a	spa:lemma	viejo
00127137-a	spa:exe	Este edificio es bastante viejo.
01638438-a	spa:lemma	viejo
01638438-a	spa:exe	Este edificio es bastante viejo.
01729384-a	spa:lemma	viejo
01729384-a	spa:exe	Este edificio es bastante viejo.
10694258-n	spa:lemma	profesor
10694258-n	spa:exe	Perdone, profesor.
07859284-n	spa:lemma	azúcar
07859284-n	spa:exe	¡Y no tiene azúcar!
09605289-n	spa:lemma	adulto
09605289-n	spa:exe	Ya es adulto. Debería comportarse mejor.
04081281-n	spa:lemma	restaurante
04081281-n	spa:exe	En aquel restaurante preparan buen cocido.
04081281-n	spa:lemma	comedor
04081281-n	spa:exe	No me gusta nada la comida del comedor del trabajo.
10448983-n	spa:lemma	policía
10448983-n	spa:exe	Javier es inteligente.
10448983-n	spa:lemma	policía
10448983-n	spa:exe	¿Es Pedro policía?  - Sí, y Laura también.
90000507-n	spa:lemma	esta semana
90000507-n	spa:exe	Puede que el petróleo suba mucho esta semana.
02686568-n	spa:lemma	avión
02686568-n	spa:exe	Será mejor que vayamos en avión.
02691156-n	spa:lemma	avión
02691156-n	spa:exe	Será mejor que vayamos en avión.
08420278-n	spa:lemma	banco
08420278-n	spa:exe	¿Y hay algún banco por aquí?
02787772-n	spa:lemma	banco
02787772-n	spa:exe	¿Y hay algún banco por aquí?
02018049-v	spa:lemma	subir
02018049-v	spa:exe	Al subir al coche los niños se durmieron en seguida.
01447257-v	spa:lemma	empujar
01447257-v	spa:exe	Empuja fuerte la puerta.
02398378-a	spa:lemma	picante
02398378-a	spa:exe	La comida mexicana es muy picante.
02397732-a	spa:lemma	picante
02397732-a	spa:exe	La comida mexicana es muy picante.
06628228-n	spa:lemma	postal
06628228-n	spa:exe	Tu postal del viaje me ha encantado.
06627938-n	spa:lemma	postal
06627938-n	spa:exe	Tu postal del viaje me ha encantado.
03959485-n	spa:lemma	plato
03959485-n	spa:exe	No ha roto un plato en su vida. 
00393105-a	spa:lemma	blanco
00393105-a	spa:exe	Prefiero el coche de color blanco.
08625073-n	spa:lemma	derecha
08625073-n	spa:exe	Tome la primera a la derecha y luego siga todo recto.
03051540-n	spa:lemma	ropa
03051540-n	spa:exe	Mañana si hacec buen tiempo, lavo la ropa.
02728440-n	spa:lemma	ropa
02728440-n	spa:exe	Mañana si hacec buen tiempo, lavo la ropa.
02728440-n	spa:lemma	ropa
03419014-n	spa:lemma	ropa
03419014-n	spa:exe	Mañana si hacec buen tiempo, lavo la ropa.
15165289-n	spa:lemma	mañana
15165289-n	spa:exe	Llega a las 9.00 de la mañana.
15165289-n	spa:lemma	mañana
15165289-n	spa:exe	Llega a las 9.00 de la mañana.
00109151-r	spa:lemma	ahí
00109151-r	spa:exe	¿Cómo puedo ir hasta ahí? - Puedes coger el metro y bajar en la estación de Shinjuku.
03720163-n	spa:lemma	mapa
03720163-n	spa:exe	Vamos a mirar en el mapa donde estamos.
00024996-a	spa:lemma	nuevo
00024996-a	spa:exe	¿Qué es eso? — ¿Esto? Es un nuevo CD de Paco de Lucía.
01642477-a	spa:lemma	nuevo
01642477-a	spa:exe	¿Qué es eso? — ¿Esto? Es un nuevo CD de Paco de Lucía.
01641648-a	spa:lemma	nuevo
01641648-a	spa:exe	¿Qué es eso? — ¿Esto? Es un nuevo CD de Paco de Lucía.
01687167-a	spa:lemma	nuevo
01687167-a	spa:exe	¿Qué es eso? — ¿Esto? Es un nuevo CD de Paco de Lucía.
02584699-a	spa:lemma	nuevo
02584699-a	spa:exe	¿Qué es eso? — ¿Esto? Es un nuevo CD de Paco de Lucía.
01686439-a	spa:lemma	nuevo
01686439-a	spa:exe	¿Qué es eso? — ¿Esto? Es un nuevo CD de Paco de Lucía.
02070491-a	spa:lemma	nuevo
02070491-a	spa:exe	¿Qué es eso? — ¿Esto? Es un nuevo CD de Paco de Lucía.
02013758-a	spa:lemma	nuevo
02013758-a	spa:exe	¿Qué es eso? — ¿Esto? Es un nuevo CD de Paco de Lucía.
01640850-a	spa:lemma	nuevo
01640850-a	spa:exe	¿Qué es eso? — ¿Esto? Es un nuevo CD de Paco de Lucía.
00894552-n	spa:lemma	ejercicio
00894552-n	spa:exe	No entiendo este ejercicio de matemáticas.
01292683-a	spa:lemma	gustar
01292683-a	spa:exe	¿Te gusta el fútbol?
01777210-v	spa:lemma	gustar
01777210-v	spa:exe	¿Te gusta el fútbol?
03038685-n	spa:lemma	aula
03038685-n	spa:exe	¿Sabes dónde está el aula 8?
00296131-r	spa:lemma	quizá
00296131-r	spa:exe	Quizá venga más tarde.
00154449-r	spa:lemma	quizá
00154449-r	spa:exe	Quizá venga más tarde.
03001627-n	spa:lemma	silla
03001627-n	spa:exe	Esta silla es incómoda, pero ésa es muy cómoda.
01734929-v	spa:lemma	fotocopiar
01914947-v	spa:lemma	correr
01914947-v	spa:exe	El tiempo corre.
01926311-v	spa:lemma	correr
01926311-v	spa:exe	El tiempo corre.
02005496-v	spa:lemma	volver
02005496-v	spa:exe	Hacía tres años que estudiaba español en México cuando tuvo que volver a Japón.
04379243-n	spa:lemma	mesa
04379243-n	spa:exe	¿Qué hay sobre la mesa? — Hay un florero.
04298308-n	spa:lemma	escalera
04298308-n	spa:exe	Mejor que subamos por la escalera.
00037919-v	spa:lemma	ducharse
00037919-v	spa:exe	Me voy a duchar. 
01532589-v	spa:lemma	limpiar
01532589-v	spa:exe	¿Qué estáis haciendo? — Estamos limpiando la casa.
01533442-v	spa:lemma	limpiar
01533442-v	spa:exe	¿Qué estáis haciendo? — Estamos limpiando la casa.
07663592-n	spa:lemma	ternera
07663592-n	spa:exe	La ternera está un poco cara en esta tienda.
08182962-n	spa:lemma	muchos
08182962-n	spa:exe	Mejor que no vayamos muchos.
08182379-n	spa:lemma	muchos
08182379-n	spa:exe	Mejor que no vayamos muchos.
80000079-n	spa:lemma	el mes pasado
80000079-n	spa:exe	El mes pasado no llovió lo suficiente.
10020890-n	spa:lemma	médico
10020890-n	spa:exe	Es mejor que vayas al médico.
10305802-n	spa:lemma	médico
10305802-n	spa:exe	Es mejor que vayas al médico.
03710193-n	spa:lemma	buzón
03710193-n	spa:exe	Echan mucha propaganda en los buzones.
03989074-n	spa:lemma	buzón
03989074-n	spa:exe	Echan mucha propaganda en los buzones.
15136147-n	spa:lemma	semana
15136147-n	spa:exe	Lo siento pero no puede hacer deporte una semana.
15169873-n	spa:lemma	semana
15169873-n	spa:exe	Lo siento pero no puede hacer deporte una semana.
15211806-n	spa:lemma	junio
15211806-n	spa:exe	En Japón llueve mucho en junio.
04489008-n	spa:lemma	pantalón
04489008-n	spa:exe	¡Niño, que te manchas el pantalón!
04230808-n	spa:lemma	falda
04230808-n	spa:exe	Voy a probarme esta falda.
08544813-n	spa:lemma	país
08544813-n	spa:exe	¿Qué países quieres visitar en primer lugar? 
08490199-n	spa:lemma	país
08490199-n	spa:exe	¿Qué países quieres visitar en primer lugar? 
00081737-r	spa:lemma	todos los años
00081737-r	spa:exe	Todos los años llueve por estas fechas.
00018158-v	spa:lemma	levantarse
00018158-v	spa:exe	¡Levántate! 
05538625-n	spa:lemma	cabeza
05538625-n	spa:exe	Además, me duele mucho la cabeza.
02418686-v	spa:lemma	jugar
02418686-v	spa:exe	Pero voy a jugar en un partido de tenis el próximo domingo.
04965661-n	spa:lemma	amarillo
04965661-n	spa:exe	No me gusta ese coche de color amarillo.
02561888-a	spa:lemma	estrecho
02561888-a	spa:exe	Esa calle es muy estrecha.
00476663-a	spa:lemma	estrecho
00476663-a	spa:exe	Esa calle es muy estrecha.
05137165-n	spa:lemma	altura
05137165-n	spa:exe	Nos encontramos a 1000 metros de altura. 
05131647-n	spa:lemma	altura
05131647-n	spa:exe	Nos encontramos a 1000 metros de altura. 
00009966-r	spa:lemma	por favor
00009966-r	spa:exe	Más despacio, por favor.
00009966-r	spa:lemma	adelante
00009966-r	spa:exe	(toc toc) - Sí adelante.
10103485-n	spa:lemma	extranjero
10103485-n	spa:exe	En mi clase, hay 3 estudiantes extranjeros.
02958343-n	spa:lemma	coche
02958343-n	spa:exe	¿Cómo es el coche?
03924069-n	spa:lemma	disco de vinilo
03924069-n	spa:exe	Colecciono discos de vinilo.
10332385-n	spa:lemma	madre
10332385-n	spa:exe	La comida de mi madre es la mejor.
10332385-n	spa:lemma	madre
10332385-n	spa:exe	Esta tarde vamos a ver una obra de teatro en la que sale la madre de Ana.
02410855-v	spa:lemma	trabajar
02410855-v	spa:exe	Es que trabajo de profesor en una academia.
07668702-n	spa:lemma	carne de cerdo
07668702-n	spa:exe	Necesito carne de cerdo para cocinar este plato.
00081836-n	spa:lemma	compra
00081836-n	spa:exe	Este sábado quiero ir a hacer la compra de la semana. 
04203889-n	spa:lemma	compra
04203889-n	spa:exe	Este sábado quiero ir a hacer la compra de la semana. 
13836136-n	spa:lemma	oeste
13836136-n	spa:exe	Lloverá al oeste de la Península. 
02368336-a	spa:lemma	dulce
02368336-a	spa:exe	Este pastel es demasiado dulce.
04254777-n	spa:lemma	calcetín
04254777-n	spa:exe	Este calcetín tiene agujeros.
01845229-v	spa:lemma	viajar
01845229-v	spa:exe	¿Te gusta viajar?
01846916-v	spa:lemma	viajar
01846916-v	spa:exe	¿Te gusta viajar?
01845720-v	spa:lemma	viajar
01845720-v	spa:exe	¿Te gusta viajar?
00061203-r	spa:lemma	atrás
00061203-r	spa:exe	Camina hacia atrás.
10112591-n	spa:lemma	amigo
10112591-n	spa:exe	Nosotros somos buenos amigos.\n
08588294-n	spa:lemma	dentro
08588294-n	spa:exe	Mira dentro del cajón.
08588152-n	spa:lemma	dentro
08588152-n	spa:exe	Mira dentro del cajón.
77000021-n	spa:lemma	tú
77000021-n	spa:exe	¿Y tú, qué haces?
77000021-n	spa:lemma	usted
77000021-n	spa:exe	¿Podría ir a su despacho para hablar con usted?
02771169-v	spa:lemma	hacer buen tiempo
02771169-v	spa:exe	Entonces, si hace buen tiempo, quedamos en la estación a las nueve.
77000061-a	spa:lemma	este
77000061-a	spa:exe	Esta mañana he ido al dentista.
80001619-a	spa:lemma	este
80001619-a	spa:exe	Esta mañana he ido al dentista.
77000075-a	spa:lemma	este
77000075-a	spa:exe	Esta mañana he ido al dentista.
04018667-n	spa:lemma	baño
04018667-n	spa:exe	La casa tiene dos cuartos de baño.
08649345-n	spa:lemma	lado
08649345-n	spa:exe	Hay un puente al lado de la casa.
08649345-n	spa:lemma	lado
08649345-n	spa:exe	Sí, hay uno al lado del hotel.
08649345-n	spa:lemma	al lado de
08649345-n	spa:exe	Sí, hay uno al lado del hotel.
05136150-n	spa:lemma	lado
05136150-n	spa:exe	Hay un puente al lado de la casa.
15211484-n	spa:lemma	mayo
15211484-n	spa:exe	¿A cuántos estamos? — Estamos a 3 de mayo.
05563770-n	spa:lemma	brazo
05563770-n	spa:exe	¡Qué golpe me he dado en el brazo!
15165490-n	spa:lemma	mediodía
15165490-n	spa:exe	¿Qué te parece si nos vemos el viernes a mediodía?
04272054-n	spa:lemma	gafa
04272054-n	spa:exe	Necesito ponerme gafas.
80000746-n	spa:lemma	kanji
80000746-n	spa:exe	Conozco algunos kanjis.
10287213-n	spa:lemma	hombre
10287213-n	spa:exe	¡Qué hombre más pesado!
09624168-n	spa:lemma	hombre
09624168-n	spa:exe	¡Qué hombre más pesado!
15164105-n	spa:lemma	martes
15164105-n	spa:exe	¿Te viene bien que quedemos este martes?
77000099-n	spa:lemma	todo el mundo
77000099-n	spa:exe	Todo el mundo está de vacaciones en Semana Santa.
00479391-v	spa:lemma	borrar
00479391-v	spa:exe	¿Me puedes prestar la goma de borrar?
03238879-n	spa:lemma	camisa
03238879-n	spa:exe	Me quiero comprar una camisa nueva para el verano.
02412164-a	spa:lemma	fino
02412164-a	spa:exe	No partas el melón tan fino. 
02414188-a	spa:lemma	fino
02414188-a	spa:exe	No partas el melón tan fino. 
08489627-n	spa:lemma	allí
08489627-n	spa:exe	El número 6 va allí, por eso ...
01168468-v	spa:lemma	comer
01168468-v	spa:exe	En esta empresa a uno le pagan bien si trabaja mucho.
01166351-v	spa:lemma	comer
01166351-v	spa:exe	En esta empresa a uno le pagan bien si trabaja mucho.
01179865-v	spa:lemma	comer
01179865-v	spa:exe	En esta empresa a uno le pagan bien si trabaja mucho.
15122231-n	spa:lemma	tiempo
15122231-n	spa:exe	Y no tengo tiempo para ir a clase.
02818832-n	spa:lemma	cama
02818832-n	spa:exe	El niño se cayó de la cama. 
90000503-n	spa:lemma	el año que viene
90000503-n	spa:exe	Al año que viene empiezo el doctorado.
08168367-n	spa:lemma	extranjero
08168367-n	spa:exe	Me voy al extranjero.
02560548-a	spa:lemma	amplio
02560548-a	spa:exe	¿Sabes cómo se sacan fotocopias ampliadas?
01384212-a	spa:lemma	amplio
01384212-a	spa:exe	¿Sabes cómo se sacan fotocopias ampliadas?
01031256-v	spa:lemma	enviar
01031256-v	spa:exe	Cuando tenga un sobre enviaré el documento. 
01995211-v	spa:lemma	enviar
01995211-v	spa:exe	Cuando tenga un sobre enviaré el documento. 
00255710-n	spa:lemma	lavado
00255710-n	spa:exe	El laｖado de coche cuesta 4 euros.
07110457-n	spa:lemma	historia
07110457-n	spa:exe	Siempre la misma historia. ¿Por qué no inventas una excusa mejor?
00893243-n	spa:lemma	historia
00893243-n	spa:exe	Siempre la misma historia. ¿Por qué no inventas una excusa mejor?
07221094-n	spa:lemma	historia
07221094-n	spa:exe	Siempre la misma historia. ¿Por qué no inventas una excusa mejor?
07139316-n	spa:lemma	historia
07139316-n	spa:exe	Siempre la misma historia. ¿Por qué no inventas una excusa mejor?
00031798-r	spa:lemma	ya
00031798-r	spa:exe	Lo siento pero ya se ha acabado.
07555863-n	spa:lemma	comida
07555863-n	spa:exe	La comida de mi madre es la mejor.
07560652-n	spa:lemma	comida
07560652-n	spa:exe	La comida de mi madre es la mejor.
00157412-r	spa:lemma	a veces
00157412-r	spa:exe	A veces me pregunto por qué esto es así.
00021212-r	spa:lemma	a veces
00021212-r	spa:exe	A veces me pregunto por qué esto es así.
03740161-n	spa:lemma	medicina
03740161-n	spa:exe	Tome esta medicina, le curará.
10787470-n	spa:lemma	mujer
10787470-n	spa:exe	La mujer que está ahí sentada tiene un jersey muy bonito.
10736091-n	spa:lemma	tío
10736091-n	spa:exe	Mi tío vive al lado nuestro.
04404997-n	spa:lemma	cámara
04404997-n	spa:exe	Para mi cumpleaños quiero una cámara de fotos.
02942699-n	spa:lemma	cámara
02942699-n	spa:exe	Para mi cumpleaños quiero una cámara de fotos.
04370048-n	spa:lemma	jersey
04370048-n	spa:exe	En invierno me pongo dos jerseys cuando voy a la sierra.
02626604-v	spa:lemma	hacerse
02626604-v	spa:exe	Se ha hecho cristiano.
02623529-v	spa:lemma	hacerse
02623529-v	spa:exe	Se ha hecho cristiano.
04398497-n	spa:lemma	cafetería
04398497-n	spa:exe	Nos vemos en la cafetería de la esquina.
00081591-r	spa:lemma	todas las semanas
00081591-r	spa:exe	Le escribo todas las semanas.
01535246-v	spa:lemma	lavar
01535246-v	spa:exe	No me lavé las manos antes de comer.
01535246-v	spa:lemma	lavar
01535246-v	spa:exe	Mañana si hace buen tiempo, lavaré la ropa.
00036362-v	spa:lemma	lavar
00036362-v	spa:exe	No me lavé las manos antes de comer.
01536168-v	spa:lemma	lavar
01536168-v	spa:exe	No me lavé las manos antes de comer.
00606093-v	spa:lemma	hacer ejercicio
00606093-v	spa:exe	Hacer ejercicio todos los días te ayuda mantenerte en forma.
01723224-v	spa:lemma	hacer ejercicio
01723224-v	spa:exe	Hacer ejercicio todos los días te ayuda mantenerte en forma.
15156187-n	spa:lemma	ayer
15156187-n	spa:exe	Si hubiera hecho buen tiempo ayer, te habría llevado al zoo.
01919428-a	spa:lemma	tranquilo
01919428-a	spa:exe	De niño, vivía en un pueblo muy tranquilo.
01918984-a	spa:lemma	tranquilo
01918984-a	spa:exe	De niño, vivía en un pueblo muy tranquilo.
04437953-n	spa:lemma	reloj
04437953-n	spa:exe	Este reloj va atrasado.
03046257-n	spa:lemma	reloj
03046257-n	spa:exe	Este reloj va atrasado.
04350905-n	spa:lemma	traje
04350905-n	spa:exe	Para mi trabajo me visto de traje.
00409440-a	spa:lemma	oscuro
00409440-a	spa:exe	Prefiero un jersey más oscuro.
00842199-a	spa:lemma	fuerte
00842199-a	spa:exe	Por favor, no me la toque tan fuerte.
15163979-n	spa:lemma	lunes
15163979-n	spa:exe	Adiós, hasta el lunes.
00059413-r	spa:lemma	frecuente
00059413-r	spa:exe	Debéis aprender estos verbos irregulares, porque son muy frecuentes.
00035058-r	spa:lemma	frecuente
00035058-r	spa:exe	Debéis aprender estos verbos irregulares, porque son muy frecuentes.
05687338-n	spa:lemma	pregunta
05687338-n	spa:exe	No he entendido la tercera pregunta.
06784003-n	spa:lemma	pregunta
06784003-n	spa:exe	No he entendido la tercera pregunta.
03281145-n	spa:lemma	ascensor
03281145-n	spa:exe	Se estropeó el ascensor y nos quedamos encerrados.
05320899-n	spa:lemma	oreja
05320899-n	spa:exe	Lleva tres pendientes en la oreja.
00007846-n	spa:lemma	alguien
00007846-n	spa:exe	¿Hay alguien que haya estado en Quito?
03436182-n	spa:lemma	cadena de música
03436182-n	spa:exe	¿Qué te han regalado por tu cumpleaños? - Una cadena de música.
04284002-n	spa:lemma	cuchara
04284002-n	spa:exe	Por favor, ¿me acerca una cuchara para la sopa?
13134947-n	spa:lemma	fruta
13134947-n	spa:exe	En verano tomo mucha fruta.
11683989-n	spa:lemma	fruta
11683989-n	spa:exe	En verano tomo mucha fruta.
02730813-v	spa:lemma	decir
02730813-v	spa:exe	No me digas.
01009240-v	spa:lemma	decir
01009240-v	spa:exe	No me digas.
00941990-v	spa:lemma	decir
00941990-v	spa:exe	No me digas.
00979870-v	spa:lemma	decir
00979870-v	spa:exe	No me digas.
09854218-n	spa:lemma	hermana
09854218-n	spa:exe	Y ésta es mi hermana Juana.
04507155-n	spa:lemma	paraguas
04507155-n	spa:exe	Voy a coger el paraguas. Está lloviendo mucho.
02229324-a	spa:lemma	mal
02229324-a	spa:exe	¿Juegan ustedes al tenis? — Sí, aunque jugamos mal, nos divierte mucho jugar al tenis.
01870636-a	spa:lemma	mal
01870636-a	spa:exe	¿Juegan ustedes al tenis? — Sí, aunque jugamos mal, nos divierte mucho jugar al tenis.
01128103-a	spa:lemma	mal
01128103-a	spa:exe	¿Juegan ustedes al tenis? — Sí, aunque jugamos mal, nos divierte mucho jugar al tenis.
02229000-a	spa:lemma	mal
02229000-a	spa:exe	¿Juegan ustedes al tenis? — Sí, aunque jugamos mal, nos divierte mucho jugar al tenis.
15270431-n	spa:lemma	hora
15270431-n	spa:exe	Debes salir más temprano para evitar las horas punta.
15227846-n	spa:lemma	hora
15227846-n	spa:exe	Debes salir más temprano para evitar las horas punta.
15269513-n	spa:lemma	hora
15269513-n	spa:exe	Debes salir más temprano para evitar las horas punta.
00744916-a	spa:lemma	difícil
00744916-a	spa:exe	Aprender japonés será difícil, ¿verdad? - No, no es tan difícil.
04401088-n	spa:lemma	teléfono
04401088-n	spa:exe	¿Cuál es su número de teléfono?
06272803-n	spa:lemma	teléfono
06272803-n	spa:exe	¿Cuál es su número de teléfono?
02870092-n	spa:lemma	libro
02870092-n	spa:exe	¿Entonces qué clase de libros te gusta?
06410904-n	spa:lemma	libro
06410904-n	spa:exe	¿Entonces qué clase de libros te gusta?
09972010-n	spa:lemma	primo
09972010-n	spa:exe	Voy a casa de mi primo a comer.
14974264-n	spa:lemma	papel
14974264-n	spa:exe	¿Y para cambiar el tamaño del papel?
80000677-n	spa:lemma	papel
80000677-n	spa:exe	¿Y para cambiar el tamaño del papel?
06255777-n	spa:lemma	papel
06255777-n	spa:exe	¿Y para cambiar el tamaño del papel?
04960277-n	spa:lemma	negro
04960277-n	spa:exe	Delante del coche negro tengo el mío.\n
02770717-v	spa:lemma	nublarse
02770717-v	spa:exe	El cielo estaba despejado pero de repente se nubló y empezó a llover.
02529945-a	spa:lemma	fresco
02529945-a	spa:exe	En casa hace mucho calor, vamos a salir a tomar el fresco.
02207206-v	spa:lemma	comprar
02207206-v	spa:exe	Quisiera comprar la camisa del Real Madrid.
02208265-v	spa:lemma	comprar
02208265-v	spa:exe	Quisiera comprar la camisa del Real Madrid.
00422620-a	spa:lemma	sucio
00422620-a	spa:exe	La habitación está muy sucia.
01908889-a	spa:lemma	sucio
01908889-a	spa:exe	La habitación está muy sucia.
00419289-a	spa:lemma	sucio
00419289-a	spa:exe	La habitación está muy sucia.
01345109-v	spa:lemma	cerrar
01345109-v	spa:exe	Cerrad la puerta.
01960911-v	spa:lemma	nadar
01960911-v	spa:exe	A mis hijos les gusta nadar en el río.
00933154-a	spa:lemma	caro
00933154-a	spa:exe	Quería algo menos caro.
04199027-n	spa:lemma	zapato
04199027-n	spa:exe	Me queda un poco justo el zapato.
04330340-n	spa:lemma	estufa
04330340-n	spa:exe	He comprado una estufa para el invierno.
07823951-n	spa:lemma	curry
07823951-n	spa:exe	En este restaurante hindú sirven un curry muy rico.
05598147-n	spa:lemma	nariz
05598147-n	spa:exe	Me pica la nariz.
05658826-n	spa:lemma	nariz
05658826-n	spa:exe	Me pica la nariz.
06947032-n	spa:lemma	inglés
06947032-n	spa:exe	Probablemente, el ladrón entraría por la ventana de la cocina y saldría por la puerta.
07575726-n	spa:lemma	cena
07575726-n	spa:exe	Mamá, ¿estás preparando la cena? — Sí, la estoy preparando.
07575726-n	spa:lemma	cena
07575726-n	spa:exe	Mamá, ¿estás preparando la cena? — Sí, la estoy preparando.
03485794-n	spa:lemma	pañuelo
03485794-n	spa:exe	Señora, se le ha caído el pañuelo.
01198101-v	spa:lemma	respirar
01198101-v	spa:exe	No puedo respirar del trabajo que tengo.
02741003-v	spa:lemma	ponerse
02741003-v	spa:exe	Necesito ponerme gafas.
01206474-a	spa:lemma	bajo
01206474-a	spa:exe	Se compró un coche a bajo precio.
13832355-n	spa:lemma	este
13832355-n	spa:exe	Al este de Madrid está Guadalajara.
11525955-n	spa:lemma	viento
11525955-n	spa:exe	Hace viento. Vamos a volar la cometa.
02324182-v	spa:lemma	dejar
02324182-v	spa:exe	¿Puedes dejarme tus apuntes para fotocopiarlos?
01437963-a	spa:lemma	largo
01437963-a	spa:exe	No me gustan los chicos que tienen pelo largo.
01433493-a	spa:lemma	largo
01433493-a	spa:exe	No me gustan los chicos que tienen pelo largo.
01444022-a	spa:lemma	largo
01444022-a	spa:exe	No me gustan los chicos que tienen pelo largo.
80001077-n	spa:lemma	cuántos
80001077-n	spa:exe	¿Cuántos gramos le pongo？
80001077-n	spa:lemma	cuánto
80001077-n	spa:exe	¿Cuántos gramos le pongo？
10665698-n	spa:lemma	alumno
10665698-n	spa:exe	Las clases han aburrido a los alumnos.　
10665698-n	spa:lemma	estudiante
10665698-n	spa:exe	Cuando era estudiante, me levantaba muy tarde.
10251779-n	spa:lemma	alumno
10251779-n	spa:exe	Las clases han aburrido a los alumnos.　
08615374-n	spa:lemma	parque
08615374-n	spa:exe	Hay mucha gente que pasea por el parque.
77000064-n	spa:lemma	cuál
77000064-n	spa:exe	¿Cuál es su talla?
03290771-n	spa:lemma	entrada
03290771-n	spa:exe	¿Dónde está la entrada del aparcamiento?
03290771-n	spa:lemma	entrada
03290771-n	spa:exe	¿Dónde está la entrada del aparcamiento?
06409752-n	spa:lemma	redacción
06409752-n	spa:exe	Tengo algunas dudas sobre la redacción.
10286084-n	spa:lemma	hermano
10286084-n	spa:exe	¿Cuántas horas duermes generalmente? —Generalmente duermo cinco o seis horas.
09876454-n	spa:lemma	hermano
09876454-n	spa:exe	¿Cuántas horas duermes generalmente? —Generalmente duermo cinco o seis horas.
80001731-n	spa:lemma	estudiante extranjero
80001731-n	spa:exe	En mi clase, hay 3 estudiantes extranjeros.
77000031-n	spa:lemma	ella
77000031-n	spa:exe	¿No te dije que volvieras a hablar con ella?
00934199-a	spa:lemma	barato
00934199-a	spa:exe	Éste es más barato que el de bellota: está a 15 el kilo.
00935103-a	spa:lemma	barato
00935103-a	spa:exe	Éste es más barato que el de bellota: está a 15 el kilo.
02747802-n	spa:lemma	cenicero
02747802-n	spa:exe	En este bar no hay ceniceros porque está prohibido fumar.
15213115-n	spa:lemma	octubre
15213115-n	spa:exe	En octubre nació mi sobrinito.
15203791-n	spa:lemma	año
15203791-n	spa:exe	Esta foto la tomé hace dos años.
03619890-n	spa:lemma	cocina
03619890-n	spa:exe	La cocina japonesa es deliciosa.
00273734-v	spa:lemma	enseñar
00273734-v	spa:exe	¿Me puedes enseñar español?
00829107-v	spa:lemma	enseñar
00829107-v	spa:exe	¿Me puedes enseñar español?
00963570-v	spa:lemma	hablar
00963570-v	spa:exe	Julia siempre habla de sí misma.
00815686-v	spa:lemma	contestar
00815686-v	spa:exe	Lo importante es contestarles cuanto antes.
00635523-v	spa:lemma	contestar
00635523-v	spa:exe	Lo importante es contestarles cuanto antes.
03417345-n	spa:lemma	jardín
03417345-n	spa:exe	Tengo un rosal en el jardín.
03417749-n	spa:lemma	jardín
03417749-n	spa:exe	Tengo un rosal en el jardín.
01775164-v	spa:lemma	encantar
01775164-v	spa:exe	Me encanta.
01828736-v	spa:lemma	encantar
01828736-v	spa:exe	Me encanta.
06418901-n	spa:lemma	diccionario
06418901-n	spa:exe	¿Podría recomendarme algún diccionario francés-español?
15164570-n	spa:lemma	sábado
15164570-n	spa:exe	¿Qué tal la fiesta del sábado?
00284798-n	spa:lemma	paseo
00284798-n	spa:exe	Vamos a dar un paseo hasta el Retiro.
00284101-n	spa:lemma	paseo
00284101-n	spa:exe	Vamos a dar un paseo hasta el Retiro.
01712704-v	spa:lemma	hacer
01712704-v	spa:exe	Comen mucho arroz en Japón.
08277393-n	spa:lemma	colegio
08277393-n	spa:exe	Voy al colegio a las 7:30.
08276720-n	spa:lemma	colegio
08276720-n	spa:exe	Voy al colegio a las 7:30.
00161630-r	spa:lemma	despacio
00161630-r	spa:exe	Más despacio, por favor.
90000506-n	spa:lemma	la semana pasada
90000506-n	spa:exe	La semana pasada hubo dos terremotos.
03057021-n	spa:lemma	chaqueta
03057021-n	spa:exe	Al trabajo voy con chaqueta y corbata.
03057021-n	spa:lemma	abrigo
03057021-n	spa:exe	Como hace mucho frío me pongo el abrigo para salir.
03589791-n	spa:lemma	chaqueta
03589791-n	spa:exe	Al trabajo voy con chaqueta y corbata.
06929279-n	spa:lemma	japonés
06929279-n	spa:exe	En japonés hay dos alfabetos silábicos: el hiragana y el katakana.
03303965-n	spa:lemma	salida
03303965-n	spa:exe	Esto no tiene salida.
10142391-n	spa:lemma	abuelo
10142391-n	spa:exe	Al abuelo le gustaba que le acompañáramos a pasear.
07934530-n	spa:lemma	té
07934530-n	spa:exe	Té con leche
07933274-n	spa:lemma	té
07933274-n	spa:exe	Té con leche
07933274-n	spa:lemma	té
07933274-n	spa:exe	Té verde
07989373-n	spa:lemma	matrimonio
07989373-n	spa:exe	Mis padres llevan 25 años de matrimonio.
10146559-n	spa:lemma	frutería
10146559-n	spa:exe	Voy a comprar unas manzanas a la frutería de la esquina.
03457686-n	spa:lemma	frutería
03457686-n	spa:exe	Voy a comprar unas manzanas a la frutería de la esquina.
03147509-n	spa:lemma	taza
03147509-n	spa:exe	Acércame la taza de leche.
03972524-n	spa:lemma	bolsillo
03972524-n	spa:exe	¿Dónde está el billete? - Te he visto guardarlo en el bolsillo del abrigo.
04968895-n	spa:lemma	azul
04968895-n	spa:exe	¿Me prestas tu falda azul?
01555416-a	spa:lemma	un poco
01555416-a	spa:exe	Creo que para ti es un poco corta.
01552885-a	spa:lemma	un poco
01552885-a	spa:exe	Creo que para ti es un poco corta.
00017865-v	spa:lemma	acostarse
00017865-v	spa:exe	Generalmente me levanto a las siete y media, y me acuesto a las once.
00450147-a	spa:lemma	cerca
00450147-a	spa:exe	Está muy cerca.
00444519-a	spa:lemma	cerca
00444519-a	spa:exe	Está muy cerca.
00445169-a	spa:lemma	cerca
00445169-a	spa:exe	Está muy cerca.
00584367-n	spa:lemma	trabajo
00584367-n	spa:exe	¿Cómo vas con el trabajo escrito?
07574602-n	spa:lemma	desayuno
07574602-n	spa:exe	Yo siempre desayuno viendo la televisión.
08078020-n	spa:lemma	familia
08078020-n	spa:exe	¿Ésta es tu familia?
10236304-n	spa:lemma	familia
10236304-n	spa:exe	¿Ésta es tu familia?
07970406-n	spa:lemma	familia
07970406-n	spa:exe	¿Ésta es tu familia?
07970406-n	spa:lemma	hogar
07970406-n	spa:exe	Quiero un hogar confortable.
04197391-n	spa:lemma	camiseta
04197391-n	spa:exe	¿Por qué te quitas la camiseta? -Porque tengo calor.
09918248-n	spa:lemma	niño
09918248-n	spa:exe	En esta empresa a uno le pagan bien si trabaja mucho.
12212361-n	spa:lemma	verdura
12212361-n	spa:exe	No me gustan nada las verduras.
07707451-n	spa:lemma	verdura
07707451-n	spa:exe	No me gustan nada las verduras.
03365991-n	spa:lemma	piso
03365991-n	spa:exe	Está en el segundo piso del edificio C.
00976508-a	spa:lemma	rápido
00976508-a	spa:exe	Juan corre más rápido que Julia.
00981818-a	spa:lemma	rápido
00981818-a	spa:exe	Juan corre más rápido que Julia.
00979862-a	spa:lemma	rápido
00979862-a	spa:exe	Juan corre más rápido que Julia.
01367431-a	spa:lemma	alegre
01367431-a	spa:exe	Estás muy alegre ¿no?
07644382-n	spa:lemma	pollo
07644382-n	spa:exe	Voy a comprar pollo asado.
07644967-n	spa:lemma	pollo
07644967-n	spa:exe	Voy a comprar pollo asado.
07813107-n	spa:lemma	sal
07813107-n	spa:exe	¿Has echado sal al guiso?
07825972-n	spa:lemma	salsa de soja
07825972-n	spa:exe	El pescado a la plancha queda bien con salsa de soja.
02005948-v	spa:lemma	llegar
02005948-v	spa:exe	¿Sabes qué día llega Juana?
02930766-n	spa:lemma	taxi
02930766-n	spa:exe	Por aquí pasan muchos taxis.
04371225-n	spa:lemma	piscina
04371225-n	spa:exe	En la piscina había muchos niños.
00604617-a	spa:lemma	útil
00604617-a	spa:exe	¿Ves útil tener tantos trastos desordenados? 
15237250-n	spa:lemma	verano
15237250-n	spa:exe	¿Qué vas a hacer este verano?
03757138-n	spa:lemma	metro
03757138-n	spa:exe	¿Cómo puedo ir hasta ahí? - Puedes coger el metro y bajar en la estación de Shinjuku.
04349306-n	spa:lemma	metro
04349306-n	spa:exe	¿Cómo puedo ir hasta ahí? - Puedes coger el metro y bajar en la estación de Shinjuku.
77000104-n	spa:lemma	cuándo
77000104-n	spa:exe	¿Cuándo le conviene que vaya?
04105893-n	spa:lemma	piso
04105893-n	spa:exe	Los pisos están carísimos.
06415419-n	spa:lemma	cuaderno
06415419-n	spa:exe	Hago los deberes en el cuaderno.
01376705-a	spa:lemma	famoso
01376705-a	spa:exe	Es un grupo muy famoso. 
01375831-a	spa:lemma	famoso
01375831-a	spa:exe	Es un grupo muy famoso. 
00953216-v	spa:lemma	contar
00953216-v	spa:exe	Te lo empiezo a contar de nuevo. Escucha atentamente.
00962447-v	spa:lemma	contar
00962447-v	spa:exe	Te lo empiezo a contar de nuevo. Escucha atentamente.
02935891-n	spa:lemma	comedor
02935891-n	spa:exe	No me gusta nada la comida del comedor del trabajo.
01984902-v	spa:lemma	sentarse
01984902-v	spa:exe	¡Siéntate!
02386612-a	spa:lemma	pequeño
02386612-a	spa:exe	Sírveme en un plato pequeño. 
02386612-a	spa:lemma	corto
02386612-a	spa:exe	Vamos por el camino más corto.
02345713-a	spa:lemma	malo
02345713-a	spa:exe	¡Qué mala suerte!
00478311-a	spa:lemma	malo
00478311-a	spa:exe	¡Qué mala suerte!
01174222-a	spa:lemma	malo
01174222-a	spa:exe	¡Qué mala suerte!
03025755-n	spa:lemma	palillo
03025755-n	spa:exe	Necesito un palillo para pinchar las aceitunas. 
15166191-n	spa:lemma	tarde
15166191-n	spa:exe	¿Te importa que vaya a verte esta tarde?
80000080-n	spa:lemma	este mes
80000080-n	spa:exe	Este mes se me está haciendo muy largo.
06624161-n	spa:lemma	carta
06624161-n	spa:exe	¿Ha estado usted alguna vez en Barcelona?
01909812-v	spa:lemma	girar
01909812-v	spa:exe	Giras a la derecha, y encontrarás la señal.
07929519-n	spa:lemma	café
07929519-n	spa:exe	¿Un café solo?
01729431-v	spa:lemma	cantar
01729431-v	spa:exe	El AVE te lleva a Sevilla en dos horas y media.
11501381-n	spa:lemma	lluvia
11501381-n	spa:exe	El niño se cayó de la cama. (cfr. La lluvia cayó con fuerza.)
07749582-n	spa:lemma	limón
07749582-n	spa:exe	Té con limón, por favor.
90000511-n	spa:lemma	anteayer
90000511-n	spa:exe	Anteayer estuve en casa sin salir.
00118032-r	spa:lemma	hasta luego
00118032-r	spa:exe	Hasta luego.
00118032-r	spa:lemma	entonces
00118032-r	spa:exe	Entonces se lo devuelvo en la próxima clase.
04468005-n	spa:lemma	tren
04468005-n	spa:exe	Si vives en el extranjero, debes aprender las costumbres del país.
77000002-n	spa:lemma	nosotros
77000002-n	spa:exe	Nosotros somos buenos amigos.\n
15206296-n	spa:lemma	un mes
15206296-n	spa:exe	Bueno, es que estuve un mes en Niza.
02834778-n	spa:lemma	bicicleta
02834778-n	spa:exe	El niño está aprendiendo a montar en bicicleta.
06597466-n	spa:lemma	revista
06597466-n	spa:exe	Hay unas revistas sobre el estante.
06595351-n	spa:lemma	revista
06595351-n	spa:exe	Hay unas revistas sobre el estante.
03704210-n	spa:lemma	revista
03704210-n	spa:exe	Hay unas revistas sobre el estante.
08238463-n	spa:lemma	clase
08238463-n	spa:exe	Antes respetábamos más a los ancianos.
00050454-v	spa:lemma	quitarse
00050454-v	spa:exe	Me lo quito.
02649830-v	spa:lemma	vivir
02649830-v	spa:exe	De niño, vivía en un pueblo muy tranquilo.
15155891-n	spa:lemma	mañana
15155891-n	spa:exe	Tal vez llueva mañana.
04208936-n	spa:lemma	ducha
04208936-n	spa:exe	No tardes mucho en la ducha.
15213774-n	spa:lemma	diciembre
15213774-n	spa:exe	En diciembre celebramos la Navidad con la falimia.
00625119-v	spa:lemma	leer
00625119-v	spa:exe	El abuelo se sentó en el sofá y se puso a leer el periódico.
02774152-n	spa:lemma	bolso
02774152-n	spa:exe	Este bolso es de tela, y ése es de piel.
02773037-n	spa:lemma	bolso
02773037-n	spa:exe	Este bolso es de tela, y ése es de piel.
13250542-n	spa:lemma	dinero
13250542-n	spa:exe	Aunque me sobra tiempo me falta dinero.
13384557-n	spa:lemma	dinero
13384557-n	spa:exe	Aunque me sobra tiempo me falta dinero.
05600637-n	spa:lemma	cara
05600637-n	spa:exe	Tiene una cara preciosa.
07597365-n	spa:lemma	caramelo
07597365-n	spa:exe	Voy a tomar un caramelo. 
00024356-r	spa:lemma	no
00024356-r	spa:exe	¿Has dicho algo? — No, no he dicho nada.
03176763-n	spa:lemma	grandes almacenes
03176763-n	spa:exe	En estos grandes almacenes venden aires acondicionados muy baratos.
01725051-v	spa:lemma	tocar
01725051-v	spa:exe	Aprendí a tocar la guitarra cuando era niño.
03388183-n	spa:lemma	pluma estilográfica
03388183-n	spa:exe	Llevo utilizando esta pluma estilográfica más de 10 años.
77000089-a	spa:lemma	tal
77000089-a	spa:exe	Así le dijo tal cual, sin explicarle más.
15164354-n	spa:lemma	jueves
15164354-n	spa:exe	El jueves voy a estudiar a la biblioteca.
00056916-r	spa:lemma	adelante
00056916-r	spa:exe	(toc toc) - Sí adelante.
00816481-a	spa:lemma	tarde
00816481-a	spa:exe	¡Carlos, llegas media hora tarde!
01901186-a	spa:lemma	tarde
01901186-a	spa:exe	¡Carlos, llegas media hora tarde!
04956594-n	spa:lemma	color
04956594-n	spa:exe	¿No te gusta el color?
04674968-n	spa:lemma	color
04674968-n	spa:exe	¿No te gusta el color?
07109730-n	spa:lemma	idioma
07109730-n	spa:exe	Nadie puede hablar bien un idioma sin estudiar.
06282651-n	spa:lemma	idioma
06282651-n	spa:exe	Nadie puede hablar bien un idioma sin estudiar.
00121135-r	spa:lemma	así
00121135-r	spa:exe	A veces me pregunto por qué esto es así.
04962784-n	spa:lemma	rojo
04962784-n	spa:exe	Ahora no podemos pasar porque el semáforo está en rojo.
03871083-n	spa:lemma	paquete
03871083-n	spa:exe	Este paquete es muy pesado.
02774630-n	spa:lemma	paquete
02774630-n	spa:exe	Este paquete es muy pesado.
07891726-n	spa:lemma	vino
07891726-n	spa:exe	¿Te gusta el vino? — Sí, me gusta mucho.
07884567-n	spa:lemma	vino
07884567-n	spa:exe	¿Te gusta el vino? — Sí, me gusta mucho.
07891433-n	spa:lemma	vino
07891433-n	spa:exe	¿Te gusta el vino? — Sí, me gusta mucho.
15164463-n	spa:lemma	viernes
15164463-n	spa:exe	¿Qué te parece si nos vemos el viernes a mediodía?
03581125-n	spa:lemma	cruce
03581125-n	spa:exe	El cruce de esta carretera es peligroso.
02410393-a	spa:lemma	grueso
02410393-a	spa:exe	No cortes el jamón en lonchas tan gruesas.
02410393-a	spa:lemma	gordo
02410393-a	spa:exe	Jaime es el más gordo de los hermanos.
02415390-a	spa:lemma	grueso
02415390-a	spa:exe	No cortes el jamón en lonchas tan gruesas.
02756821-v	spa:lemma	llover
02756821-v	spa:exe	Tal vez llueva mañana.
02529264-a	spa:lemma	hacer calor
02529264-a	spa:exe	Este verano ha hecho un calor insoportable.
01546111-v	spa:lemma	levantarse
01546111-v	spa:exe	¡Levántate!
10142747-n	spa:lemma	abuela
10142747-n	spa:exe	Mi abuela se ha ido a dar un paseo.
07679356-n	spa:lemma	pan
07679356-n	spa:exe	Este pan está muy duro.
03259505-n	spa:lemma	casa
03259505-n	spa:exe	¿A qué hora llegaste a casa el otro día? — Llegué a eso de las doce.
03544360-n	spa:lemma	casa
03544360-n	spa:exe	¿A qué hora llegaste a casa el otro día? — Llegué a eso de las doce.
03544360-n	spa:lemma	casa
03544360-n	spa:exe	Tengo otro igual en casa.
08559508-n	spa:lemma	casa
08559508-n	spa:exe	¿A qué hora llegaste a casa el otro día? — Llegué a eso de las doce.
08559508-n	spa:lemma	casa
08559508-n	spa:exe	Tengo otro igual en casa.
15210486-n	spa:lemma	febrero
15210486-n	spa:exe	Febrero es el mes más frío.
15167349-n	spa:lemma	noche
15167349-n	spa:exe	Ya es de noche.
15155747-n	spa:lemma	noche
15155747-n	spa:exe	Ya es de noche.
15167027-n	spa:lemma	noche
15167027-n	spa:exe	Ya es de noche.
15167027-n	spa:lemma	anoche
15167027-n	spa:exe	Si papá hubiera vuelto pronto anoche, habríamos cenado juntos.
15167474-n	spa:lemma	noche
15167474-n	spa:exe	Ya es de noche.
03438257-n	spa:lemma	copa
03438257-n	spa:exe	Te invito a una copa.
08613593-n	spa:lemma	fuera
08613593-n	spa:exe	Saca la bebida fuera del frigorífico.
03338821-n	spa:lemma	carrete
03338821-n	spa:exe	¿Dónde se pueden comprar carretes?
06613686-n	spa:lemma	carrete
06613686-n	spa:exe	¿Dónde se pueden comprar carretes?
06613686-n	spa:lemma	cine
06613686-n	spa:exe	Me gusta mucho ir al cine.
06262567-n	spa:lemma	carrete
06262567-n	spa:exe	¿Dónde se pueden comprar carretes?
04096066-n	spa:lemma	calle
04096066-n	spa:exe	Esa calle es muy estrecha.
15212739-n	spa:lemma	septiembre
15212739-n	spa:exe	En septiembre tengo que hacer la preinscripción de la autoescuela.
77000079-a	spa:lemma	ese; esa; esos; esas
77000079-a	spa:lemma	ese; esa; esos; esas
77000079-a	spa:lemma	ese; esa; esos; esas
77000079-a	spa:lemma	ese; esa; esos; esas
77000079-a	spa:exe	¿Te interesa la cultura de esos países?
14524198-n	spa:lemma	nublado
14524198-n	spa:exe	Hoy está nublado.
13828795-n	spa:lemma	largo
13828795-n	spa:exe	Este pasillo tiene 25 metros de largo.
00543233-n	spa:lemma	música
00543233-n	spa:exe	No me gusta mucho esta música.
05718556-n	spa:lemma	música
05718556-n	spa:exe	No me gusta mucho esta música.
05718935-n	spa:lemma	música
05718935-n	spa:exe	No me gusta mucho esta música.
07020895-n	spa:lemma	música
07020895-n	spa:exe	No me gusta mucho esta música.
00409709-r	spa:lemma	cerca
00409709-r	spa:exe	Está muy cerca.
08641113-n	spa:lemma	cerca
08641113-n	spa:exe	Está muy cerca.
03112099-n	spa:lemma	pasillo
03112099-n	spa:exe	El pasillo estaba oscuro.
03661043-n	spa:lemma	biblioteca
03661043-n	spa:exe	Ayer estuve estudiando en la biblioteca todo el día.
07840804-n	spa:lemma	huevo
07840804-n	spa:exe	Huevo duro.
90000502-n	spa:lemma	este año
90000502-n	spa:exe	Este año ha nevado mucho.
03908204-n	spa:lemma	lápiz
03908204-n	spa:exe	Los niños escriben con lápiz.
14796748-n	spa:lemma	lápiz
14796748-n	spa:exe	Los niños escriben con lápiz.
05282433-n	spa:lemma	diente
05282433-n	spa:exe	Si comes mucho dulce se te pican los dientes.
05282746-n	spa:lemma	diente
05282746-n	spa:exe	Si comes mucho dulce se te pican los dientes.
01649720-a	spa:lemma	joven
01649720-a	spa:exe	Siendo joven, tiene canas.
01646941-a	spa:lemma	joven
01646941-a	spa:exe	Siendo joven, tiene canas.
00514884-a	spa:lemma	todo el ...
00514884-a	spa:exe	Tómate todo el tiempo que quieras, no hay prisa.
00988232-a	spa:lemma	fino
00988232-a	spa:exe	Mejor que utilices un hilo más fino para esta tela.
01029368-v	spa:lemma	llamarse
01029368-v	spa:exe	¿Y cómo se llama el hotel?
77000084-n	spa:lemma	dónde
77000084-n	spa:exe	¿A dónde vas?
00220082-a	spa:lemma	bonito
00220082-a	spa:exe	Pero ¡qué bonito es este paisaje! ¿no?
01586342-a	spa:lemma	bonito
01586342-a	spa:exe	Pero ¡qué bonito es este paisaje! ¿no?
01586342-a	spa:lemma	bien
01586342-a	spa:exe	¡Qué bien!
01346003-v	spa:lemma	abrir
01346003-v	spa:exe	La puerta se abre y se cierra sola.
09853467-n	spa:lemma	hermano
09853467-n	spa:exe	Mi hermano mayor es profesor de música.
09853467-n	spa:lemma	hermano
09853467-n	spa:exe	CLEARED
03102654-n	spa:lemma	nevera
03102654-n	spa:exe	En la nevera hay agua y hielo.
03273913-n	spa:lemma	nevera
03273913-n	spa:exe	En la nevera hay agua y hielo.
02399595-a	spa:lemma	no estar rico
02399595-a	spa:exe	Este pastel no parece que esté muy rico. 
01716971-a	spa:lemma	no estar rico
01716971-a	spa:exe	Este pastel no parece que esté muy rico. 
07845335-n	spa:lemma	leche
07845335-n	spa:exe	Todavía queda un poquito de leche.
07844042-n	spa:lemma	leche
07844042-n	spa:exe	Todavía queda un poquito de leche.
10780632-n	spa:lemma	mujer
10780632-n	spa:exe	Su mujer es muy amable.
10780632-n	spa:lemma	mujer
10780632-n	spa:exe	Ésta es mi mujer y éstos son mis padres.
08625462-n	spa:lemma	izquierda
08625462-n	spa:exe	¿Dónde está el hospital? - Vas por esta calle, y lo encontrarás a tu izquierda.
90000508-n	spa:lemma	la semana que viene
90000508-n	spa:exe	Hasta la semana que viene.
01848718-v	spa:lemma	ir
01848718-v	spa:exe	¿A dónde vas?
06518719-n	spa:lemma	billete
06518719-n	spa:exe	¿Cuánto cuesta el billete?
01470670-v	spa:lemma	ver
01470670-v	spa:exe	¿Te importa que vaya a verte esta tarde?
02428924-v	spa:lemma	ver
02428924-v	spa:exe	¿Te importa que vaya a verte esta tarde?
10285313-n	spa:lemma	chico
10285313-n	spa:exe	Chicos, no saquéis fotos en el museo, ¿vale?
03542333-n	spa:lemma	hotel
03542333-n	spa:exe	¿Hay algún hotel por aquí cerca?
02913152-n	spa:lemma	edificio
02913152-n	spa:exe	¿Cuál es el edificio C?
07649854-n	spa:lemma	carne
07649854-n	spa:exe	¿Cómo quiere usted la carne, muy hecha o poco hecha? —Normal.
09397391-n	spa:lemma	estanque
09397391-n	spa:exe	En el estanque había muchos peces.
07935152-n	spa:lemma	té
07935152-n	spa:exe	Té verde
03082979-n	spa:lemma	ordenador
03082979-n	spa:exe	Tengo que pasar el trabajo a ordenador.
00312553-n	spa:lemma	viaje
00312553-n	spa:exe	Este viaje me hace mucha ilusión.
04043733-n	spa:lemma	radio
04043733-n	spa:exe	Escucho la radio por las mañanas.
01442186-a	spa:lemma	corto
01442186-a	spa:exe	Vamos por el camino más corto.
01436003-a	spa:lemma	corto
01436003-a	spa:exe	Vamos por el camino más corto.
01442826-a	spa:lemma	corto
01442826-a	spa:exe	Vamos por el camino más corto.
14513694-n	spa:lemma	hogar
14513694-n	spa:exe	Quiero un hogar confortable.
15274074-n	spa:lemma	vacación
15274074-n	spa:exe	¿Por qué no te alojas en mi casa mientras estés de vacaciones?
15183428-n	spa:lemma	vacación
15183428-n	spa:exe	¿Por qué no te alojas en mi casa mientras estés de vacaciones?
15137890-n	spa:lemma	vacación
15137890-n	spa:exe	¿Por qué no te alojas en mi casa mientras estés de vacaciones?
00027918-r	spa:lemma	todavía
00027918-r	spa:exe	Todavía queda un poquito de leche.
00031304-r	spa:lemma	todavía
00031304-r	spa:exe	Todavía queda un poquito de leche.
03925226-n	spa:lemma	foto
03925226-n	spa:exe	Esta foto la tomé hace dos años.
03931044-n	spa:lemma	foto
03931044-n	spa:exe	Esta foto la tomé hace dos años.
04248607-n	spa:lemma	foto
04248607-n	spa:exe	Esta foto la tomé hace dos años.
15164233-n	spa:lemma	miércoles
15164233-n	spa:exe	Los miércoles tengo clase de piano.
11524662-n	spa:lemma	tiempo
11524662-n	spa:exe	Y si hace mal tiempo, ven a mi casa a las once.
07193184-n	spa:lemma	pregunta
07193184-n	spa:exe	¿Hay alguna pregunta?
07196682-n	spa:lemma	pregunta
07196682-n	spa:exe	¿Hay alguna pregunta?
05797597-n	spa:lemma	pregunta
05797597-n	spa:exe	¿Hay alguna pregunta?
07193596-n	spa:lemma	pregunta
07193596-n	spa:exe	¿Hay alguna pregunta?
01904930-v	spa:lemma	caminar
01904930-v	spa:exe	Yo camino 10 km todos los días.
03383948-n	spa:lemma	tenedor
03383948-n	spa:exe	Coge bien el tenedor.
08286569-n	spa:lemma	universidad
08286569-n	spa:exe	Estudia en la universidad.
08286163-n	spa:lemma	universidad
08286163-n	spa:exe	Estudia en la universidad.
08278169-n	spa:lemma	universidad
08278169-n	spa:exe	Estudia en la universidad.
01000214-v	spa:lemma	escribir
01000214-v	spa:exe	El katakana se utiliza para escribir extranjerismos.
02471690-v	spa:lemma	escribir
02471690-v	spa:exe	El katakana se utiliza para escribir extranjerismos.
01020356-v	spa:lemma	escribir
01020356-v	spa:exe	El katakana se utiliza para escribir extranjerismos.
01691057-v	spa:lemma	escribir
01691057-v	spa:exe	El katakana se utiliza para escribir extranjerismos.
01698271-v	spa:lemma	escribir
01698271-v	spa:exe	El katakana se utiliza para escribir extranjerismos.
01020934-v	spa:lemma	escribir
01020934-v	spa:exe	El katakana se utiliza para escribir extranjerismos.
00993014-v	spa:lemma	escribir
00993014-v	spa:exe	El katakana se utiliza para escribir extranjerismos.
03822171-n	spa:lemma	periódico
03822171-n	spa:exe	El abuelo se sentó en el sofá y se puso a leer el periódico.
06267145-n	spa:lemma	periódico
06267145-n	spa:exe	El abuelo se sentó en el sofá y se puso a leer el periódico.
14961722-n	spa:lemma	periódico
14961722-n	spa:exe	El abuelo se sentó en el sofá y se puso a leer el periódico.
07197021-n	spa:lemma	examen
07197021-n	spa:exe	Tengo que prepararme para el examen de mañana.
00158309-r	spa:lemma	justo
00158309-r	spa:exe	Me queda un poco justo el zapato.
00002621-r	spa:lemma	justo
00002621-r	spa:exe	Me queda un poco justo el zapato.
00002950-r	spa:lemma	justo
00002950-r	spa:exe	Me queda un poco justo el zapato.
13714184-n	spa:lemma	grado
13714184-n	spa:exe	Por lo menos tengo 38 grados de fiebre.
00119568-n	spa:lemma	volar
00119568-n	spa:exe	Hace viento. Vamos a volar la cometa.
08145553-n	spa:lemma	correo
08145553-n	spa:exe	Tengo que pasar por correos a recoger el paquete que me envió mi novio.
15237044-n	spa:lemma	primavera
15237044-n	spa:exe	Ya se terminaron las vacaciones de primavera.
01270199-v	spa:lemma	lavar
01270199-v	spa:exe	Mañana si hace buen tiempo, lavaré la ropa.
06505517-n	spa:lemma	fotocopiar
06505517-n	spa:exe	¿Puedes dejarme tus apuntes para fotocopiarlos?
15166462-n	spa:lemma	atardecer
15166462-n	spa:exe	Visitamos el pueblo en el atardecer.
15166462-n	spa:lemma	anoche
15166462-n	spa:exe	Si papá hubiera vuelto pronto anoche, habríamos cenado juntos.
01343918-a	spa:lemma	interesante
01343918-a	spa:exe	Me resultó bastante interesante el museo.
01344344-a	spa:lemma	interesante
01344344-a	spa:exe	Me resultó bastante interesante el museo.
01344344-a	spa:lemma	divertido
01344344-a	spa:exe	Este libro es muy divertido.
01265308-a	spa:lemma	interesante
01265308-a	spa:exe	Me resultó bastante interesante el museo.
01344485-a	spa:lemma	interesante
01344485-a	spa:exe	Me resultó bastante interesante el museo.
00067045-r	spa:lemma	adelante
00067045-r	spa:exe	De ahora en adelante me he propuesto hacer dieta.
00067265-r	spa:lemma	adelante
00067265-r	spa:exe	De ahora en adelante me he propuesto hacer dieta.
90000515-n	spa:lemma	pasado mañana
90000515-n	spa:exe	A ver si quedamos pasado mañana.
01296462-v	spa:lemma	pegar
01296462-v	spa:exe	Voy a pegar la foto en el álbum.
01801029-a	spa:lemma	divertido
01801029-a	spa:exe	Este libro es muy divertido.
03906997-n	spa:lemma	bolígrafo
03906997-n	spa:exe	Me gusta cómo pinta este bolígrafo.
77000095-n	spa:lemma	quién
77000095-n	spa:exe	Ve a ver quién es.
77000095-n	spa:lemma	quién
77000095-n	spa:exe	Ve a ver quién es.
90000500-n	spa:lemma	hace dos años
90000500-n	spa:exe	Esta foto la tomé hace dos años.
03221720-n	spa:lemma	puerta
03221720-n	spa:exe	Cerrad la puerta.
03221720-n	spa:lemma	puerta
03221720-n	spa:exe	Cerrad la puerta.
00050681-r	spa:lemma	no hay
00050681-r	spa:exe	No hay de qué.
00024587-r	spa:lemma	no hay
00024587-r	spa:exe	No hay de qué.
77000012-n	spa:lemma	yo
77000012-n	spa:exe	Yo habitualmente voy al campo.
77000015-n	spa:lemma	yo
77000015-n	spa:exe	Yo habitualmente voy al campo.
01344963-a	spa:lemma	aburrido
01344963-a	spa:exe	Las clases han aburrido a los alumnos.　
01170052-v	spa:lemma	beber
01170052-v	spa:exe	En verano es bueno beber mucha agua.
03282295-n	spa:lemma	embajada
03282295-n	spa:exe	Tengo que ir a la Embajada de España para sacar el visado. 
14145501-n	spa:lemma	resfriado
14145501-n	spa:exe	Está muy resfriado.
06796119-n	spa:lemma	sello
06796119-n	spa:exe	En los estancos se venden sellos.
07775375-n	spa:lemma	pescado
07775375-n	spa:exe	Aunque es japonés, no le gusta el pescado crudo.
02512053-n	spa:lemma	pescado
02512053-n	spa:exe	Aunque es japonés, no le gusta el pescado crudo.
01586866-a	spa:lemma	bien
01586866-a	spa:exe	¡Qué bien!
01048762-a	spa:lemma	bien
01048762-a	spa:exe	¡Qué bien!
00067638-a	spa:lemma	bien
00067638-a	spa:exe	¡Qué bien!
01993408-a	spa:lemma	bien
01993408-a	spa:exe	¡Qué bien!
01171213-a	spa:lemma	bien
01171213-a	spa:exe	¡Qué bien!
01800349-a	spa:lemma	bien
01800349-a	spa:exe	¡Qué bien!
01123148-a	spa:lemma	bien
01123148-a	spa:exe	¡Qué bien!
00064787-a	spa:lemma	bien
00064787-a	spa:exe	¡Qué bien!
00850183-a	spa:lemma	bien
00850183-a	spa:exe	¡Qué bien!
01129977-a	spa:lemma	bien
01129977-a	spa:exe	¡Qué bien!
01586752-a	spa:lemma	bien
01586752-a	spa:exe	¡Qué bien!
04588365-n	spa:lemma	ventana
04588365-n	spa:exe	Pedro cerró las ventanas para que no entrasen bichos.
04587648-n	spa:lemma	ventana
04587648-n	spa:exe	Pedro cerró las ventanas para que no entrasen bichos.
05216365-n	spa:lemma	cuerpo
05216365-n	spa:exe	Me duele todo el cuerpo porque tengo agujetas.
04967191-n	spa:lemma	verde
04967191-n	spa:exe	¡Qué bonito está el campo verde!
80001047-v	spa:lemma	morir
80001047-v	spa:exe	Ya sabía que vendrías a pedirme ayuda.
03497657-n	spa:lemma	sombrero
03497657-n	spa:exe	Ese sombrero es muy elegante.
15129927-n	spa:lemma	hora
15129927-n	spa:exe	¿A qué hora sales de casa? — Salgo a las siete.
06359877-n	spa:lemma	frase
06359877-n	spa:exe	La frase no está bien construida.
00546389-n	spa:lemma	canción
00546389-n	spa:exe	El AVE te lleva a Sevilla en dos horas y media.
07048000-n	spa:lemma	canción
07048000-n	spa:exe	El AVE te lleva a Sevilla en dos horas y media.
01754737-v	spa:lemma	cortar
01754737-v	spa:exe	 ¿Cuándo te cortaste el pelo?
07447641-n	spa:lemma	fiesta
07447641-n	spa:exe	¿Qué tal la fiesta del sábado?
01842204-v	spa:lemma	salir
01842204-v	spa:exe	La verdad, no me apeteció salir porque estaba enferma.
04241394-n	spa:lemma	zapatilla
04241394-n	spa:exe	En casa es más cómodo andar con zapatillas.
05301908-n	spa:lemma	boca
05301908-n	spa:exe	Abre la boca.
02440250-n	spa:lemma	mano
02440250-n	spa:exe	No me lavé las manos antes de comer.
09823502-n	spa:lemma	tía
09823502-n	spa:exe	La tía de mi amiga es dentista.
10193967-n	spa:lemma	marido
10193967-n	spa:exe	Mi marido y yo somos felices.
15213406-n	spa:lemma	noviembre
15213406-n	spa:exe	En noviembre si hay algún puente, podemos ir de viaje a Asturias.
06277280-n	spa:lemma	televisión
06277280-n	spa:exe	¿Te importa que baje un poco el volumen de la televisión?—No, no, claro.
13831176-n	spa:lemma	norte
13831176-n	spa:exe	¿Dónde vivís?— Vivimos en la ciudad de Saitama, al norte de Tokio.
01318741-a	spa:lemma	doler
01318741-a	spa:exe	Me duelen los dientes. - Tienes que ir al dentista.
01712753-a	spa:lemma	doler
01712753-a	spa:exe	Me duelen los dientes. - Tienes que ir al dentista.
05395690-n	spa:lemma	tripa
05395690-n	spa:exe	Tengo la tripa llena. He comido mucho.
05556943-n	spa:lemma	tripa
05556943-n	spa:exe	Tengo la tripa llena. He comido mucho.
02324478-v	spa:lemma	añadir
02324478-v	spa:exe	Añade una cucharada más de azúcar.
00640828-v	spa:lemma	añadir
00640828-v	spa:exe	Añade una cucharada más de azúcar.
00182406-v	spa:lemma	añadir
00182406-v	spa:exe	Añade una cucharada más de azúcar.
00749230-a	spa:lemma	fácil
00749230-a	spa:exe	Como esta camiseta es muy clara, se mancha fácilmente.
14061805-n	spa:lemma	enfermo
14061805-n	spa:exe	Hace dos meses que estoy enfermo. 
14055408-n	spa:lemma	enfermo
14055408-n	spa:exe	Hace dos meses que estoy enfermo. 
14473054-n	spa:lemma	enfermo
14473054-n	spa:exe	Hace dos meses que estoy enfermo. 
10399491-n	spa:lemma	padres
10399491-n	spa:exe	Voy a ir a Madrid a ver a mis padres.
13833375-n	spa:lemma	sur
13833375-n	spa:exe	Estación Sur... mejor que vaya a pie.
02472293-n	spa:lemma	hombre
02472293-n	spa:exe	Todos tus colegas hablan bien de ti.
15212167-n	spa:lemma	julio
15212167-n	spa:exe	En julio empieza a hacer calor de verdad.
00442917-a	spa:lemma	lejos
00442917-a	spa:exe	Pero están muy lejos, ¿no?
01421622-v	spa:lemma	servir
01421622-v	spa:exe	Sirve la sopa en cuencos.
03398467-n	spa:lemma	delante
03398467-n	spa:exe	Delante de mí había un perro que me quería morder.
00964768-a	spa:lemma	débil
00964768-a	spa:exe	Se sentía débil después de la operación. 
02324397-a	spa:lemma	débil
02324397-a	spa:exe	Se sentía débil después de la operación. 
00709215-a	spa:lemma	débil
00709215-a	spa:exe	Se sentía débil después de la operación. 
02040233-a	spa:lemma	débil
02040233-a	spa:exe	Se sentía débil después de la operación. 
02040049-a	spa:lemma	débil
02040049-a	spa:exe	Se sentía débil después de la operación. 
00254978-r	spa:lemma	todos los meses
00254978-r	spa:exe	Todos los meses Luisa escribe cartas a sus padres.　→　Todos los meses Luisa les escribe cartas.
77000091-n	spa:lemma	cómo
77000091-n	spa:exe	¿Cómo son Isabel y Fernando? — Son amables, pero un poco egoístas.
06605897-n	spa:lemma	significado
06605897-n	spa:exe	No entiendo el significado de esta palabra. 
05919866-n	spa:lemma	significado
05919866-n	spa:exe	No entiendo el significado de esta palabra. 
06601327-n	spa:lemma	significado
06601327-n	spa:exe	No entiendo el significado de esta palabra. 
04059701-n	spa:lemma	atrás
04059701-n	spa:exe	Córtame el pelo por atrás.
02767665-n	spa:lemma	atrás
02767665-n	spa:exe	Córtame el pelo por atrás.
03540595-n	spa:lemma	hospital
03540595-n	spa:exe	Visité a mi amigo que está ingresado en el hospital.
08054417-n	spa:lemma	hospital
08054417-n	spa:exe	Visité a mi amigo que está ingresado en el hospital.
05311054-n	spa:lemma	ojo
05311054-n	spa:exe	¡Qué ojos tan bonitos!
05316025-n	spa:lemma	ojo
05316025-n	spa:exe	¡Qué ojos tan bonitos!
02871439-n	spa:lemma	estante
02871439-n	spa:exe	Hay unas revistas sobre el estante.
01186408-a	spa:lemma	ligero
01186408-a	spa:exe	Vamos a paso ligero. Si no, no llegaremos a tiempo.
04049098-n	spa:lemma	estación
04049098-n	spa:exe	Y... después del Museo, voy a ir a la estación Sur.
03030663-n	spa:lemma	cigarrillo
03030663-n	spa:exe	Perdona, ¿tienes un cigarrillo?
02230772-v	spa:lemma	pasar
02230772-v	spa:exe	Pásame la salsa, por favor.
90000504-n	spa:lemma	dentro de dos años
90000504-n	spa:exe	Nos casamos dentro de dos años.
00729108-n	spa:lemma	deber
00729108-n	spa:exe	Hago los deberes en el cuaderno.
03815615-n	spa:lemma	corbata
03815615-n	spa:exe	Me llevo esta corbata.
07596684-n	spa:lemma	dulce
07596684-n	spa:exe	Si comes mucho dulce se te pican los dientes.
05560787-n	spa:lemma	pie
05560787-n	spa:exe	Mi primo tiene los pies muy grandes.
05563266-n	spa:lemma	pie
05563266-n	spa:exe	Mi primo tiene los pies muy grandes.
15211189-n	spa:lemma	abril
15211189-n	spa:exe	Marzo ventoso, abril lluvioso, sacan a mayo florido y hermoso.
02310007-v	spa:lemma	devolver
02310007-v	spa:exe	¿Cuándo se lo devuelvo?
01308381-v	spa:lemma	devolver
01308381-v	spa:exe	¿Cuándo se lo devuelvo?
80001595-v	spa:lemma	devolver
80001595-v	spa:exe	¿Cuándo se lo devuelvo?
10080869-n	spa:lemma	padre
10080869-n	spa:exe	El padre de Víctor es ingeniero.
10080869-n	spa:lemma	padre
10080869-n	spa:exe	Mi padre no me permite que llegue a casa después de las diez.
02411224-a	spa:lemma	gordo
02411224-a	spa:exe	Jaime es el más gordo de los hermanos.
04446276-n	spa:lemma	servicio
04446276-n	spa:exe	¿Donde está el servicio? - Está al fondo a la derecha.
04555291-n	spa:lemma	servicio
04555291-n	spa:exe	¿Donde está el servicio? - Está al fondo a la derecha.
15212455-n	spa:lemma	agosto
15212455-n	spa:exe	Este mes de agosto me quiero ir de vacaciones.
00292937-a	spa:lemma	ocupado
00292937-a	spa:exe	Últimamente estoy muy ocupado.
00273082-a	spa:lemma	oscuro
00273082-a	spa:exe	El pasillo estaba oscuro.
03291819-n	spa:lemma	sobre
03291819-n	spa:exe	Cuando tenga un sobre enviaré el documento. 
80001545-n	spa:lemma	al lado de
80001545-n	spa:exe	Sí, hay uno al lado del hotel.
09215315-n	spa:lemma	abajo
09215315-n	spa:exe	Mira abajo de la almohada, ahí está el regalo.
80001661-n	spa:lemma	abajo
80001661-n	spa:exe	Mira abajo de la almohada, ahí está el regalo.
00523513-n	spa:lemma	deporte
00523513-n	spa:exe	Lo siento pero no puede hacer deporte una semana.
03179701-n	spa:lemma	escritorio
03179701-n	spa:exe	Lo tengo en mi escritorio. 
04202417-n	spa:lemma	tienda
04202417-n	spa:exe	En esa tienda venden cosas típicas de España.
02016062-v	spa:lemma	bajar
02016062-v	spa:exe	Baja la persiana, por favor.
15237782-n	spa:lemma	invierno
15237782-n	spa:exe	El invierno en Ávila es bastante frío.
80001691-n	spa:lemma	arriba
80001691-n	spa:exe	Sube arriba con la escalera.
08663354-n	spa:lemma	arriba
08663354-n	spa:exe	Sube arriba con la escalera.
07804323-n	spa:lemma	comida
07804323-n	spa:exe	Tres veces al día, después de las comidas.
15245990-n	spa:lemma	comida
15245990-n	spa:exe	Tres veces al día, después de las comidas.
90000417-n	spa:lemma	comida
90000417-n	spa:exe	Tres veces al día, después de las comidas.
07575076-n	spa:lemma	comida
07575076-n	spa:exe	No me gusta nada la comida del comedor del trabajo.
15156001-n	spa:lemma	hoy
15156001-n	spa:exe	¿Estás sola hoy?
09604981-n	spa:lemma	sí mismo
09604981-n	spa:exe	Julia siempre habla de sí misma.
07557434-n	spa:lemma	plato
07557434-n	spa:exe	De primer plato quiero sopa, y de segundo, un filete, por favor.
02395115-a	spa:lemma	bueno
02395115-a	spa:exe	¿Está buena la sopa? — Sí, está muy rica.
02396720-a	spa:lemma	bueno
02396720-a	spa:exe	¿Está buena la sopa? — Sí, está muy rica.
