# TUFS Basic Malay Wordnet	zsm http://www.coelang.tufs.ac.jp/mt/ms/	CC BY 4.0
05755883-n	zsm:lemma	belajar
05755883-n	zsm:exe	Saya tidak berapa suka belajar.
04971928-n	zsm:lemma	warna coklat
04971928-n	zsm:exe	Warna rambut Cik Kimura adalah warna coklat.
15163797-n	zsm:lemma	hari Ahad
15163797-n	zsm:exe	Pada hari Ahad saya bermain tenis.
15043763-n	zsm:lemma	salji
15043763-n	zsm:exe	Saya tidak keluar pada hari ada salji.
00251013-n	zsm:lemma	membersihkan
00251013-n	zsm:exe	Saya nak membersihkan rumah selepas balik.
08058098-n	zsm:lemma	syarikat
08058098-n	zsm:exe	Encik Hayashi bekerja di syarikat komputer. 
01382086-a	zsm:lemma	besar
01382086-a	zsm:exe	Anjing di rumah saya besar.
01453084-a	zsm:lemma	besar
01453084-a	zsm:exe	Anjing di rumah saya besar.
00527870-a	zsm:lemma	besar
00527870-a	zsm:exe	Anjing di rumah saya besar.
01677433-a	zsm:lemma	besar
01677433-a	zsm:exe	Anjing di rumah saya besar.
10129825-n	zsm:lemma	kakak
10129825-n	zsm:exe	Kakak Cik Kimura seorang yang sangat cantik.
00065495-v	zsm:lemma	sihat; ceria
00065495-v	zsm:lemma	sihat; ceria
00065495-v	zsm:exe	Encik Yamada seorang yang sangat ceria.
80001734-n	zsm:lemma	kelas
80001734-n	zsm:exe	Kelas cikgu itu menarik.
00889472-n	zsm:lemma	kelas
00889472-n	zsm:exe	Kelas cikgu itu menarik.
02608347-v	zsm:lemma	bermula (brk:mula)
02608347-v	zsm:exe	Universiti akan bermula dari bulan April.
03623556-n	zsm:lemma	pisau
03623556-n	zsm:exe	Tidak boleh guna pisau kerana berbahaya.
03624134-n	zsm:lemma	pisau
03624134-n	zsm:exe	Tidak boleh guna pisau kerana berbahaya.
01776727-v	zsm:lemma	tidak suka
01776727-v	zsm:exe	Saya tidak suka kerja pembersihan dan mencuci pakaian.
01774136-v	zsm:lemma	tidak suka
01774136-v	zsm:exe	Saya tidak suka kerja pembersihan dan mencuci pakaian.
02783161-n	zsm:lemma	pén mata bulat
02783161-n	zsm:exe	Sesiapa yang tidak bawa pen mata bulat, boleh menggunakan pensel.
02632567-v	zsm:lemma	nak
02632567-v	zsm:exe	Saya nak kamus bahasa Jepun.
01579608-a	zsm:lemma	terus; sekejap lagi
01579608-a	zsm:lemma	terus; sekejap lagi
01579608-a	zsm:exe	Saya akan terus mula bekerja setelah tamat pengajian di universiti.
03427296-n	zsm:lemma	pintu pagar
03427296-n	zsm:exe	Ada kucing di depan pintu pagar rumah.
04026417-n	zsm:lemma	dompét
04026417-n	zsm:exe	Semalam saya beli dompet yang baru.
11456462-n	zsm:lemma	cerah
11456462-n	zsm:exe	Kalau cerah esok, mari kita bermain tenis. 
90000501-n	zsm:lemma	tahun lepas
90000501-n	zsm:exe	Tahun ini lebih panas daripada tahun lepas. 
77000072-n	zsm:lemma	sini; ini
77000072-n	zsm:lemma	sini; ini
77000072-n	zsm:exe	Ini Encik Kobayashi. 
08489497-n	zsm:lemma	sini; ini
08489497-n	zsm:lemma	sini; ini
08489497-n	zsm:exe	Ini Encik Kobayashi. 
03561345-n	zsm:lemma	lukisan; melukis
03561345-n	zsm:lemma	lukisan; melukis
03561345-n	zsm:exe	Warna lukisan ini cantik.
03234306-n	zsm:lemma	lukisan; melukis
03234306-n	zsm:lemma	lukisan; melukis
03234306-n	zsm:exe	Warna lukisan ini cantik.
03876519-n	zsm:lemma	lukisan; melukis
03876519-n	zsm:lemma	lukisan; melukis
03876519-n	zsm:exe	Warna lukisan ini cantik.
07110615-n	zsm:lemma	suara
07110615-n	zsm:exe	Kita bercakap dengan suara perlahan kerana sudah pukul dua belas malam.
05202284-n	zsm:lemma	suara
05202284-n	zsm:exe	Kita bercakap dengan suara perlahan kerana sudah pukul dua belas malam.
09411430-n	zsm:lemma	sungai
09411430-n	zsm:exe	Rumah saya terletak di sebalik sungai sana.
15236859-n	zsm:lemma	musim luruh
15236859-n	zsm:exe	Saya lebih suka musim luruh daripada musim bunga.
02242464-v	zsm:lemma	menjual (brk:jual)
02242464-v	zsm:exe	Kedai itu menjual kuih-muih yang sedap.
00271022-a	zsm:lemma	terang
00271022-a	zsm:exe	Bilik darjah ini terang dan cantik.
00396523-a	zsm:lemma	terang
00396523-a	zsm:exe	Bilik darjah ini terang dan cantik.
00269989-a	zsm:lemma	terang
00269989-a	zsm:exe	Bilik darjah ini terang dan cantik.
00278551-a	zsm:lemma	terang
00278551-a	zsm:exe	Bilik darjah ini terang dan cantik.
02924116-n	zsm:lemma	bas
02924116-n	zsm:exe	Saya pergi ke sekolah dengan bas.
01614426-v	zsm:lemma	menampal (brk:tampal)
01614426-v	zsm:exe	Saya menampal setem pada sampul surat.
80001230-x	zsm:lemma	ya
80001230-x	zsm:exe	Ya, saya suka. 
01184932-a	zsm:lemma	berat
01184932-a	zsm:exe	Kotak yang berat dibawa oleh lelaki.
07881800-n	zsm:lemma	minuman
07881800-n	zsm:exe	Saya akan beli minuman dan bawa ketika pergi ke sana pada minggu depan.
01119192-a	zsm:lemma	pandai
01119192-a	zsm:exe	Saya belajar dengan adik lelaki saya sebab dia pandai bermain bola sepak.
02226162-a	zsm:lemma	pandai
02226162-a	zsm:exe	Saya belajar dengan adik lelaki saya sebab dia pandai bermain bola sepak.
01838916-a	zsm:lemma	pandai
01838916-a	zsm:exe	Saya belajar dengan adik lelaki saya sebab dia pandai bermain bola sepak.
03467517-n	zsm:lemma	gitar
03467517-n	zsm:exe	Encik Matsui boleh bermain gitar.
03613294-n	zsm:lemma	kunci
03613294-n	zsm:exe	Ini kunci rumah saya.
01553629-a	zsm:lemma	ramai
01553629-a	zsm:exe	Sekolah ini mempunyai ramai pelajar antarabangsa.
01551633-a	zsm:lemma	ramai
01551633-a	zsm:exe	Sekolah ini mempunyai ramai pelajar antarabangsa.
01552419-a	zsm:lemma	ramai
01552419-a	zsm:exe	Sekolah ini mempunyai ramai pelajar antarabangsa.
00127137-a	zsm:lemma	lama
00127137-a	zsm:exe	Kasut ini sudah lama.
01638438-a	zsm:lemma	lama
01638438-a	zsm:exe	Kasut ini sudah lama.
01729384-a	zsm:lemma	lama
01729384-a	zsm:exe	Kasut ini sudah lama.
10694258-n	zsm:lemma	guru; cikgu
10694258-n	zsm:lemma	guru; cikgu
10694258-n	zsm:exe	Ayah saya guru.
07859284-n	zsm:lemma	gula
07859284-n	zsm:exe	Saya memasukkan gula dan minum kopi.
09605289-n	zsm:lemma	déwasa
09605289-n	zsm:exe	Arak boleh diminum setelah menjadi dewasa.
04081281-n	zsm:lemma	réstoran
04081281-n	zsm:exe	Sebuah restoran baru dibuka berhampiran stesen.
04081281-n	zsm:lemma	kantin
04081281-n	zsm:exe	Saya bangun pada pukul tujuh pagi, makan sarapan di kantin dan berlatih dari pukul lapan. 
10448983-n	zsm:lemma	anggota polis
10448983-n	zsm:exe	Ada ramai anggota polis di persimpangan.
10448983-n	zsm:lemma	pegawai polis
10448983-n	zsm:exe	Pegawai polis memberitahu saya jalan ke stesen.
90000507-n	zsm:lemma	minggu ini
90000507-n	zsm:exe	Kelas bahasa Jepun tidak ada pada minggu ini.
02686568-n	zsm:lemma	kapal terbang
02686568-n	zsm:exe	Saya sering berulang-alik di antara Tokyo dan Osaka dengan kapal terbang. 
02691156-n	zsm:lemma	kapal terbang
02691156-n	zsm:exe	Saya sering berulang-alik di antara Tokyo dan Osaka dengan kapal terbang. 
08420278-n	zsm:lemma	bank
08420278-n	zsm:exe	Bank buka dari pukul sembilan pagi hingga tiga petang.
02787772-n	zsm:lemma	bank
02787772-n	zsm:exe	Bank buka dari pukul sembilan pagi hingga tiga petang.
02018049-v	zsm:lemma	naik
02018049-v	zsm:exe	Saya tidak berjalan kaki ke sekolah tetapi naik bas.
02324026-v	zsm:lemma	meminjam (brk:pinjam)
02324026-v	zsm:exe	Saya meminjam buku daripada perpustakaan dan telah membacanya.
01447257-v	zsm:lemma	tekan
01447257-v	zsm:exe	Kalau tekan sini, kopi akan keluar.
02398378-a	zsm:lemma	pedas
02398378-a	zsm:exe	Kari ini sangat pedas.
02397732-a	zsm:lemma	pedas
02397732-a	zsm:exe	Kari ini sangat pedas.
06628228-n	zsm:lemma	poskad
06628228-n	zsm:exe	Saya hantar poskad kepada Encik Matsui.
06627938-n	zsm:lemma	poskad
06627938-n	zsm:exe	Saya hantar poskad kepada Encik Matsui.
03959485-n	zsm:lemma	pinggan
03959485-n	zsm:exe	Saya akan guna pinggan baru.
00393105-a	zsm:lemma	putih
00393105-a	zsm:exe	Kereta Encik Tanaka putih dan besar.
08625073-n	zsm:lemma	kanan
08625073-n	zsm:exe	Encik Yamada ada di sebelah kanan Encik Tanaka. 
02728440-n	zsm:lemma	pakaian Barat
02728440-n	zsm:exe	Saya beli pakaian Barat yang baru di pusat membeli-belah.
15165289-n	zsm:lemma	pagi
15165289-n	zsm:exe	Hari ini ada kelas dari pagi sampai petang. 
15165289-n	zsm:lemma	pagi
15165289-n	zsm:exe	Esok saya akan ada di sekolah pada sebelah pagi.
00109151-r	zsm:lemma	sana; itu
00109151-r	zsm:lemma	sana; itu
00109151-r	zsm:exe	Jangan pergi ke sana kerana berbahaya.
03720163-n	zsm:lemma	peta
03720163-n	zsm:exe	Saya tengok peta kerana saya tidak tahu jalan.
00024996-a	zsm:lemma	baru
00024996-a	zsm:exe	Saya dengar dari guru bahawa ada pelajar baru akan datang pada bulan depan.
01642477-a	zsm:lemma	baru
01642477-a	zsm:exe	Saya dengar dari guru bahawa ada pelajar baru akan datang pada bulan depan.
01641648-a	zsm:lemma	baru
01641648-a	zsm:exe	Saya dengar dari guru bahawa ada pelajar baru akan datang pada bulan depan.
01687167-a	zsm:lemma	baru
01687167-a	zsm:exe	Saya dengar dari guru bahawa ada pelajar baru akan datang pada bulan depan.
02584699-a	zsm:lemma	baru
02584699-a	zsm:exe	Saya dengar dari guru bahawa ada pelajar baru akan datang pada bulan depan.
01686439-a	zsm:lemma	baru
01686439-a	zsm:exe	Saya dengar dari guru bahawa ada pelajar baru akan datang pada bulan depan.
02070491-a	zsm:lemma	baru
02070491-a	zsm:exe	Saya dengar dari guru bahawa ada pelajar baru akan datang pada bulan depan.
02013758-a	zsm:lemma	baru
02013758-a	zsm:exe	Saya dengar dari guru bahawa ada pelajar baru akan datang pada bulan depan.
01640850-a	zsm:lemma	baru
01640850-a	zsm:exe	Saya dengar dari guru bahawa ada pelajar baru akan datang pada bulan depan.
00894552-n	zsm:lemma	latihan; berlatih
00894552-n	zsm:lemma	latihan; berlatih
00894552-n	zsm:exe	Saya berlatih bermain tenis setiap hari selepas habis sekolah.
01292683-a	zsm:lemma	suka
01292683-a	zsm:exe	Makanan yang saya suka adalah kari. 
01777210-v	zsm:lemma	suka
01777210-v	zsm:exe	Makanan yang saya suka adalah kari. 
03038685-n	zsm:lemma	bilik darjah
03038685-n	zsm:exe	Saya nak keluar dari bilik darjah. 
03001627-n	zsm:lemma	kerusi
03001627-n	zsm:exe	Saya bercerita sambil duduk di kerusi.
01734929-v	zsm:lemma	membuat (brk:buat)
01734929-v	zsm:exe	Saya membuat salinan buku di perpustakaan.
01914947-v	zsm:lemma	berlari (brk:lari)
01914947-v	zsm:exe	Saya lihat Encik Tanaka berlari.
01926311-v	zsm:lemma	berlari (brk:lari)
01926311-v	zsm:exe	Saya lihat Encik Tanaka berlari.
02005496-v	zsm:lemma	balik
02005496-v	zsm:exe	Sudah masanya saya balik ke rumah hari ini.
04379243-n	zsm:lemma	méja
04379243-n	zsm:exe	Ada pasu bunga di atas meja.
04298308-n	zsm:lemma	tangga
04298308-n	zsm:exe	Saya tidak naik lif tetapi saya guna tangga.
00037919-v	zsm:lemma	mandi
00037919-v	zsm:exe	Setiap malam, saya tidur selepas mandi. 
01532589-v	zsm:lemma	membersihkan
01532589-v	zsm:exe	Selepas balik, saya nak membersihkan rumah.
01533442-v	zsm:lemma	membersihkan
01533442-v	zsm:exe	Selepas balik, saya nak membersihkan rumah.
07663592-n	zsm:lemma	daging lembu
07663592-n	zsm:exe	Daging lembu adalah paling mahal di antara semua jenis daging.
08182962-n	zsm:lemma	ramai
08182962-n	zsm:exe	Ramai orang sedang berenang di laut.
08182379-n	zsm:lemma	ramai
08182379-n	zsm:exe	Ramai orang sedang berenang di laut.
80000079-n	zsm:lemma	bulan lepas
80000079-n	zsm:exe	Baru sahaja saya memotong rambut bulan lepas tetapi rambut sudah panjang.
10020890-n	zsm:lemma	doktor
10020890-n	zsm:exe	Ayah Encik Yamada seorang doktor.
10305802-n	zsm:lemma	doktor
10305802-n	zsm:exe	Ayah Encik Yamada seorang doktor.
03710193-n	zsm:lemma	peti surat
03710193-n	zsm:exe	Peti surat ada di depan pejapat pos dan dekat stesen.
03989074-n	zsm:lemma	peti surat
03989074-n	zsm:exe	Peti surat ada di depan pejapat pos dan dekat stesen.
04489008-n	zsm:lemma	seluar
04489008-n	zsm:exe	Saya tidak boleh memakai seluar ini kerana saiznya kecil.
04230808-n	zsm:lemma	skirt
04230808-n	zsm:exe	Cik Kobayashi lebih suka seluar daripada skirt.
08544813-n	zsm:lemma	negara
08544813-n	zsm:exe	Jepun adalah negara yang sempit.
08490199-n	zsm:lemma	negara
08490199-n	zsm:exe	Jepun adalah negara yang sempit.
00081737-r	zsm:lemma	setiap tahun
00081737-r	zsm:exe	Setiap tahun saya memberikan ibu hadiah hari jadi.
05538625-n	zsm:lemma	otak; kepala
05538625-n	zsm:lemma	otak; kepala
05538625-n	zsm:exe	Hari ini saya tidur awal kerana kepala saya sakit.
02418686-v	zsm:lemma	bermain
02418686-v	zsm:exe	Minggu depan saya akan pergi ke Tokyo bersama kawan dan bermain di sana.
04965661-n	zsm:lemma	kuning
04965661-n	zsm:exe	Saya menerima sapu tangan berwarna kuning semasa hari jadi.
02561888-a	zsm:lemma	sempit
02561888-a	zsm:exe	Jalan di bandar ini sempit.
00476663-a	zsm:lemma	sempit
00476663-a	zsm:exe	Jalan di bandar ini sempit.
00009966-r	zsm:lemma	silakan; tolong
00009966-r	zsm:lemma	silakan; tolong
00009966-r	zsm:exe	Benda ini barang biasa saja, tetapi silakan. 
10103485-n	zsm:lemma	warga asing
10103485-n	zsm:exe	Bercakap dengan warga asing sangat seronok
02958343-n	zsm:lemma	keréta
02958343-n	zsm:exe	Kereta buatan Jepun dijual di luar negara.
10332385-n	zsm:lemma	ibu
10332385-n	zsm:exe	Saya memberi hadiah hari jadi kepada ibu saya. 
10332385-n	zsm:lemma	emak
10332385-n	zsm:exe	Emak Encik Yamada sangat pandai memasak.
02410855-v	zsm:lemma	bekerja
02410855-v	zsm:exe	Saya akan bekerja selama lapan jam setiap hari.
07668702-n	zsm:lemma	daging babi
07668702-n	zsm:exe	Saya tidak boleh makan daging babi.
00081836-n	zsm:lemma	membeli-belah
00081836-n	zsm:exe	Saya pergi membeli-belah dengan kawan-kawan saya pada hari cuti.
04203889-n	zsm:lemma	membeli-belah
04203889-n	zsm:exe	Saya pergi membeli-belah dengan kawan-kawan saya pada hari cuti.
13836136-n	zsm:lemma	barat
13836136-n	zsm:exe	Kalau pergi ke arah barat sedikit dari sini, ada laut.
02368336-a	zsm:lemma	manis
02368336-a	zsm:exe	Kuih ini manis.
04254777-n	zsm:lemma	stoking
04254777-n	zsm:exe	Stoking ini tahan lama dan murah. 
01845229-v	zsm:lemma	melancong
01845229-v	zsm:exe	Saya fikir ingin melancong ke luar negara tahun depan.
01846916-v	zsm:lemma	melancong
01846916-v	zsm:exe	Saya fikir ingin melancong ke luar negara tahun depan.
01845720-v	zsm:lemma	melancong
01845720-v	zsm:exe	Saya fikir ingin melancong ke luar negara tahun depan.
10112591-n	zsm:lemma	kawan
10112591-n	zsm:exe	Esok saya akan pergi menonton filem dengan kawan saya. 
08588294-n	zsm:lemma	dalam
08588294-n	zsm:exe	Ada anjing kecil di dalam kotak. 
08588152-n	zsm:lemma	dalam
08588152-n	zsm:exe	Ada anjing kecil di dalam kotak. 
77000021-n	zsm:lemma	awak
77000021-n	zsm:exe	Apakah pekerjaan awak?
02771169-v	zsm:lemma	cerah
02771169-v	zsm:exe	Esok kalau cerah, mari kita bermain tenis. 
77000061-a	zsm:lemma	ini
77000061-a	zsm:exe	Bangunan ini lama dan terkenal. 
80001619-a	zsm:lemma	ini
80001619-a	zsm:exe	Bangunan ini lama dan terkenal. 
77000075-a	zsm:lemma	ini
77000075-a	zsm:exe	Bangunan ini lama dan terkenal. 
04018667-n	zsm:lemma	tandas
04018667-n	zsm:exe	Tandas ada di tingkat dua.
08649345-n	zsm:lemma	sebelah; panjang
08649345-n	zsm:lemma	sebelah; panjang
08649345-n	zsm:exe	Salon kecantikan ada di sebelah stesen. 
08649345-n	zsm:lemma	dekat
08649345-n	zsm:exe	Beg yang terletak dekat dengan saya sudah diberikan kepada Encik Matsui.
08649345-n	zsm:lemma	sebelah
08649345-n	zsm:exe	Kedai kopi itu ada di sebelah kedai buku.
05136150-n	zsm:lemma	sebelah; panjang
05136150-n	zsm:lemma	sebelah; panjang
05136150-n	zsm:exe	Salon kecantikan ada di sebelah stesen. 
15165490-n	zsm:lemma	tengah hari
15165490-n	zsm:exe	Saya pergi ke kedai kopi bersama Encik Kimura pada waktu tengah hari semalam.
04272054-n	zsm:lemma	cermin mata
04272054-n	zsm:exe	Orang yang pakai cermin mata itu Encik Matsui.
80000746-n	zsm:lemma	kanji
80000746-n	zsm:exe	Walaupun saya belajar bahasa Jepun setiap hari, saya masih tidak boleh hafal kanji. 
10287213-n	zsm:lemma	lelaki
10287213-n	zsm:exe	Lekaki itu tinggi dan berkaki panjang.
09624168-n	zsm:lemma	lelaki
09624168-n	zsm:exe	Lekaki itu tinggi dan berkaki panjang.
15164105-n	zsm:lemma	hari Selasa
15164105-n	zsm:exe	Awak mesti memulangkan buku sampai hari Selasa.
77000099-n	zsm:lemma	semua
77000099-n	zsm:exe	Kita semua menyanyi lagu bersama-sama.
00479391-v	zsm:lemma	memadamkan (brk:padam)
00479391-v	zsm:exe	Apabila keluar, saya terlupa untuk memadamkan lampu.
08489627-n	zsm:lemma	sana
08489627-n	zsm:exe	Kantin terletak di dalam bangunan sana.
01168468-v	zsm:lemma	makan
01168468-v	zsm:exe	Selepas habis makan, saya menggosok gigi. 
01166351-v	zsm:lemma	makan
01166351-v	zsm:exe	Selepas habis makan, saya menggosok gigi. 
01179865-v	zsm:lemma	makan
01179865-v	zsm:exe	Selepas habis makan, saya menggosok gigi. 
02818832-n	zsm:lemma	katil
02818832-n	zsm:exe	Saya sentiasa tidur di atas katil.
90000503-n	zsm:lemma	tahun depan
90000503-n	zsm:exe	Mulai tahun depan, abang saya akan bekerja di bank. 
08168367-n	zsm:lemma	luar negara
08168367-n	zsm:exe	Kita bawa pasport apabila ingin ke luar negara.
02560548-a	zsm:lemma	luas
02560548-a	zsm:exe	Bilik saya tidak begitu luas.
01384212-a	zsm:lemma	luas
01384212-a	zsm:exe	Bilik saya tidak begitu luas.
01031256-v	zsm:lemma	hantar; memberi (brk:beri)
01031256-v	zsm:lemma	hantar; memberi (brk:beri)
01031256-v	zsm:exe	Cikgu memberi soalan.
01995211-v	zsm:lemma	hantar; memberi (brk:beri)
01995211-v	zsm:lemma	hantar; memberi (brk:beri)
01995211-v	zsm:exe	Cikgu memberi soalan.
00255710-n	zsm:lemma	mencuci pakaian
00255710-n	zsm:exe	Esok pagi saya mesti mencuci pakaian saya.
07110457-n	zsm:lemma	cerita; bercerita
07110457-n	zsm:lemma	cerita; bercerita
07110457-n	zsm:exe	Encik Matsui sedang bercerita dengan Encik Kobayashi.
00893243-n	zsm:lemma	cerita; bercerita
00893243-n	zsm:lemma	cerita; bercerita
00893243-n	zsm:exe	Encik Matsui sedang bercerita dengan Encik Kobayashi.
07221094-n	zsm:lemma	cerita; bercerita
07221094-n	zsm:lemma	cerita; bercerita
07221094-n	zsm:exe	Encik Matsui sedang bercerita dengan Encik Kobayashi.
07139316-n	zsm:lemma	cerita; bercerita
07139316-n	zsm:lemma	cerita; bercerita
07139316-n	zsm:exe	Encik Matsui sedang bercerita dengan Encik Kobayashi.
00031798-r	zsm:lemma	sudah
00031798-r	zsm:exe	Saya sudah makan tengah hari di kantin. 
07555863-n	zsm:lemma	makanan
07555863-n	zsm:exe	Makanan Jepun sedap tetapi mahal.
07560652-n	zsm:lemma	makanan
07560652-n	zsm:exe	Makanan Jepun sedap tetapi mahal.
00157412-r	zsm:lemma	kadang-kadang
00157412-r	zsm:exe	Saya kadang-kadang membeli barang di gerai sayur ini. 
00021212-r	zsm:lemma	kadang-kadang
00021212-r	zsm:exe	Saya kadang-kadang membeli barang di gerai sayur ini. 
03740161-n	zsm:lemma	ubat
03740161-n	zsm:exe	Saya terkena selesema, jadi saya makan ubat.
02318272-a	zsm:lemma	lurus; terus
02318272-a	zsm:lemma	lurus; terus
02318272-a	zsm:exe	Para pelajar beratur secara lurus di koridor.
02310895-a	zsm:lemma	lurus; terus
02310895-a	zsm:lemma	lurus; terus
02310895-a	zsm:exe	Para pelajar beratur secara lurus di koridor.
02314584-a	zsm:lemma	lurus; terus
02314584-a	zsm:lemma	lurus; terus
02314584-a	zsm:exe	Para pelajar beratur secara lurus di koridor.
10787470-n	zsm:lemma	perempuan
10787470-n	zsm:exe	Perempuan yang cantik itu adalah Cik Kimura.
04404997-n	zsm:lemma	kaméra
04404997-n	zsm:exe	Kamera ini mahal tetapi berguna.
02942699-n	zsm:lemma	kaméra
02942699-n	zsm:exe	Kamera ini mahal tetapi berguna.
04370048-n	zsm:lemma	baju sejuk
04370048-n	zsm:exe	Saya menanggalkan baju sejuk kerana panas.
02626604-v	zsm:lemma	menjadi (brk:jadi)
02626604-v	zsm:exe	Apabila musim panas datang, akan menjadi panas.
02623529-v	zsm:lemma	menjadi (brk:jadi)
02623529-v	zsm:exe	Apabila musim panas datang, akan menjadi panas.
04398497-n	zsm:lemma	kedai kopi
04398497-n	zsm:exe	Selepas habis sekolah, saya dan kawan minum teh di kedai kopi.
00081591-r	zsm:lemma	setiap minggu
00081591-r	zsm:exe	Setiap hari Sabtu, saya berlatih bola sepak.
01535246-v	zsm:lemma	membasuh (brk:basuh)
01535246-v	zsm:exe	Saya membasuh badan di bilik mandi.
01535246-v	zsm:lemma	mencuci pakaian
01535246-v	zsm:exe	Esok pagi saya mesti mencuci pakaian saya.
00036362-v	zsm:lemma	membasuh (brk:basuh)
00036362-v	zsm:exe	Saya membasuh badan di bilik mandi.
01536168-v	zsm:lemma	membasuh (brk:basuh)
01536168-v	zsm:exe	Saya membasuh badan di bilik mandi.
00606093-v	zsm:lemma	berlatih
00606093-v	zsm:exe	Kalau banyak berlatih, awak akan pandai bahasa Jepun.
01723224-v	zsm:lemma	berlatih
01723224-v	zsm:exe	Kalau banyak berlatih, awak akan pandai bahasa Jepun.
15156187-n	zsm:lemma	semalam
15156187-n	zsm:exe	Semalam, saya hantar surat kepada ibu saya.
01919428-a	zsm:lemma	senyap
01919428-a	zsm:exe	Encik Matsui tinggal di bandar yang kawasannya senyap.
01918984-a	zsm:lemma	senyap
01918984-a	zsm:exe	Encik Matsui tinggal di bandar yang kawasannya senyap.
04437953-n	zsm:lemma	jam
04437953-n	zsm:exe	Jam ini mesti mahal harganya.
03046257-n	zsm:lemma	jam
03046257-n	zsm:exe	Jam ini mesti mahal harganya.
00842199-a	zsm:lemma	kuat
00842199-a	zsm:exe	Brazil adalah sebuah negara yang sangat kuat dalam bola sepak.
15163979-n	zsm:lemma	hari Isnin
15163979-n	zsm:exe	Saya akan ke sekolah mulai pagi pada hari Isnin.
00059413-r	zsm:lemma	sering; selalu
00059413-r	zsm:lemma	sering; selalu
00059413-r	zsm:exe	Saya selalu pergi ke kedai kopi itu dengan Encik Kobayashi. 
00035058-r	zsm:lemma	sering; selalu
00035058-r	zsm:lemma	sering; selalu
00035058-r	zsm:exe	Saya selalu pergi ke kedai kopi itu dengan Encik Kobayashi. 
05687338-n	zsm:lemma	soalan
05687338-n	zsm:exe	Soalan ada ditulis pada muka surat lima belas. 
06784003-n	zsm:lemma	soalan
06784003-n	zsm:exe	Soalan ada ditulis pada muka surat lima belas. 
03281145-n	zsm:lemma	lif
03281145-n	zsm:exe	Ada lif di sana. 
05320899-n	zsm:lemma	telinga
05320899-n	zsm:exe	Anjing itu telinganya besar.
00007846-n	zsm:lemma	sesiapa
00007846-n	zsm:exe	Ada sesiapa yang mempunyai pen mata bulat saya?
03436182-n	zsm:lemma	pemain radio kasét
03436182-n	zsm:exe	Kita boleh dengar lagu dan juga radio menggunakan pemain radio kaset.
04284002-n	zsm:lemma	sudu
04284002-n	zsm:exe	Letakkan gula dalam kopi dengan sudu.
13134947-n	zsm:lemma	buah
13134947-n	zsm:exe	Setiap pagi saya makan sayur dan buah. 
11683989-n	zsm:lemma	buah
11683989-n	zsm:exe	Setiap pagi saya makan sayur dan buah. 
02730813-v	zsm:lemma	cakap
02730813-v	zsm:exe	Saya akan cakap tentang perkara tersebut kepada guru. 
01009240-v	zsm:lemma	cakap
01009240-v	zsm:exe	Saya akan cakap tentang perkara tersebut kepada guru. 
00941990-v	zsm:lemma	cakap
00941990-v	zsm:exe	Saya akan cakap tentang perkara tersebut kepada guru. 
00979870-v	zsm:lemma	cakap
00979870-v	zsm:exe	Saya akan cakap tentang perkara tersebut kepada guru. 
09854218-n	zsm:lemma	kakak
09854218-n	zsm:exe	Sekarang kakak saya tinggal sendirian di Tokyo.
04507155-n	zsm:lemma	payung
04507155-n	zsm:exe	Saya tertinggal payung di dalam kereta api.
02229324-a	zsm:lemma	tidak pandai
02229324-a	zsm:exe	Oleh sebab saya tidak pandai menyanyi, saya akan berlatih.
01870636-a	zsm:lemma	tidak pandai
01870636-a	zsm:exe	Oleh sebab saya tidak pandai menyanyi, saya akan berlatih.
01128103-a	zsm:lemma	tidak pandai
01128103-a	zsm:exe	Oleh sebab saya tidak pandai menyanyi, saya akan berlatih.
02229000-a	zsm:lemma	tidak pandai
02229000-a	zsm:exe	Oleh sebab saya tidak pandai menyanyi, saya akan berlatih.
15270431-n	zsm:lemma	jam
15270431-n	zsm:exe	Saya tidur selama lapan jam semalam.
15227846-n	zsm:lemma	jam
15227846-n	zsm:exe	Saya tidur selama lapan jam semalam.
15269513-n	zsm:lemma	jam
15269513-n	zsm:exe	Saya tidur selama lapan jam semalam.
00744916-a	zsm:lemma	susah
00744916-a	zsm:exe	Buku ini susah kerana ada banyak tulisan kanji.
04401088-n	zsm:lemma	téléfon; menéléfon
04401088-n	zsm:lemma	téléfon; menéléfon
04401088-n	zsm:exe	Saya akan menelefon Encik Lee esok.
06272803-n	zsm:lemma	téléfon; menéléfon
06272803-n	zsm:lemma	téléfon; menéléfon
06272803-n	zsm:exe	Saya akan menelefon Encik Lee esok.
02870092-n	zsm:lemma	buku
02870092-n	zsm:exe	Saya menerima buku daripada ayah saya.
06410904-n	zsm:lemma	buku
06410904-n	zsm:exe	Saya menerima buku daripada ayah saya.
14974264-n	zsm:lemma	kertas
14974264-n	zsm:exe	Saya menulis jawapan kepada soalan pada kertas ini.
80000677-n	zsm:lemma	kertas
80000677-n	zsm:exe	Saya menulis jawapan kepada soalan pada kertas ini.
06255777-n	zsm:lemma	kertas
06255777-n	zsm:exe	Saya menulis jawapan kepada soalan pada kertas ini.
04960277-n	zsm:lemma	hitam
04960277-n	zsm:exe	Semasa saya pergi ke syarikat, saya memakai sut berwarna hitam.
02770717-v	zsm:lemma	mendung
02770717-v	zsm:exe	Langit menjadi sedikit mendung
02529945-a	zsm:lemma	sejuk
02529945-a	zsm:exe	Musim luruh sejuk.\n
02207206-v	zsm:lemma	beli
02207206-v	zsm:exe	Saya sudah beli majalah di kedai buku.
02208265-v	zsm:lemma	beli
02208265-v	zsm:exe	Saya sudah beli majalah di kedai buku.
00422620-a	zsm:lemma	kotor
00422620-a	zsm:exe	Saya bersihkan bilik kerana kotor.
01908889-a	zsm:lemma	kotor
01908889-a	zsm:exe	Saya bersihkan bilik kerana kotor.
00419289-a	zsm:lemma	kotor
00419289-a	zsm:exe	Saya bersihkan bilik kerana kotor.
01345109-v	zsm:lemma	tutup
01345109-v	zsm:exe	Tingkap tutup.
01960911-v	zsm:lemma	berenang
01960911-v	zsm:exe	Saya berenang walaupun sejuk.
00933154-a	zsm:lemma	tinggi
00933154-a	zsm:exe	Encik Yamada paling tinggi di dalam kelas.
04199027-n	zsm:lemma	kasut
04199027-n	zsm:exe	Kami tanggalkan kasut di pintu masuk rumah. 
04330340-n	zsm:lemma	pemanas
04330340-n	zsm:exe	Saya tutup pemanas sebelum tidur.
07823951-n	zsm:lemma	kari
07823951-n	zsm:exe	Untuk makan malam hari ini, saya rasa nak masak kari .
06947032-n	zsm:lemma	bahasa Inggeris
06947032-n	zsm:exe	Saya belajar bahasa Inggeris dengan menggunakan kamus. 
07575726-n	zsm:lemma	makan malam
07575726-n	zsm:exe	Hari ini saya akan makan malam bersama kawan.
07575726-n	zsm:lemma	makan malam
07575726-n	zsm:exe	Hari ini saya makan malam bersama kawan saya.
03485794-n	zsm:lemma	sapu tangan
03485794-n	zsm:exe	Saya membawa sapu tangan semasa keluar dari rumah.
01198101-v	zsm:lemma	menghisap (brk:hisap)
01198101-v	zsm:exe	Saya menghisap rokok.
02741003-v	zsm:lemma	mamakai
02741003-v	zsm:exe	Oleh sebab mata tidak bagus saya memakai cermin mata.
01206474-a	zsm:lemma	rendah
01206474-a	zsm:exe	Gunung ini rendah.
13832355-n	zsm:lemma	timur
13832355-n	zsm:exe	Di bahagian timur bandar ini semuanya hutan.
11525955-n	zsm:lemma	angin
11525955-n	zsm:exe	Kita tidak boleh bermain tenis pada hari angin bertiup kuat.
02324182-v	zsm:lemma	meminjamkan
02324182-v	zsm:exe	Kimura meminjamkan buku kepada saya.
01437963-a	zsm:lemma	panjang
01437963-a	zsm:exe	Adik perempuan saya pendek dan rambutnya panjang. 
01433493-a	zsm:lemma	panjang
01433493-a	zsm:exe	Adik perempuan saya pendek dan rambutnya panjang. 
01444022-a	zsm:lemma	panjang
01444022-a	zsm:exe	Adik perempuan saya pendek dan rambutnya panjang. 
80001077-n	zsm:lemma	berapa
80001077-n	zsm:exe	Awak beli berapa keping roti?
80001077-n	zsm:lemma	berapa
80001077-n	zsm:exe	Berapakah harganya? 
10665698-n	zsm:lemma	pelajar
10665698-n	zsm:exe	Semasa kelas, guru bertanyakan soalan kepada pelajar.
10665698-n	zsm:lemma	pelajar
10665698-n	zsm:exe	Saya seorang pelajar tetapi abang saya pula pekerja syarikat. 
10251779-n	zsm:lemma	pelajar
10251779-n	zsm:exe	Semasa kelas, guru bertanyakan soalan kepada pelajar.
08615374-n	zsm:lemma	taman
08615374-n	zsm:exe	Ada pokok di taman. 
77000064-n	zsm:lemma	yang mana
77000064-n	zsm:exe	Encik Hayashi orang yang mana?
03290771-n	zsm:lemma	pintu masuk rumah
03290771-n	zsm:exe	Ada pasu bunga diletakkan di pintu masuk rumah.
03290771-n	zsm:lemma	pintu masuk
03290771-n	zsm:exe	Saya menunjukkan tiket di pintu masuk stesen.
10286084-n	zsm:lemma	adik-beradik
10286084-n	zsm:exe	Saya ada tiga adik-beradik.
09876454-n	zsm:lemma	adik-beradik
09876454-n	zsm:exe	Saya ada tiga adik-beradik.
80001731-n	zsm:lemma	pelajar antarabangsa
80001731-n	zsm:exe	Orang itu adalah pelajar antarabangsa sekolah ini.
00934199-a	zsm:lemma	murah
00934199-a	zsm:exe	Saya akan beli jika harganya murah.
00935103-a	zsm:lemma	murah
00935103-a	zsm:exe	Saya akan beli jika harganya murah.
02747802-n	zsm:lemma	tempat abu rokok
02747802-n	zsm:exe	Ada tempat abu rokok di atas meja.
15203791-n	zsm:lemma	tahun
15203791-n	zsm:exe	Saya berkahwin dengan isteri saya pada lima tahun yang lalu.
03619890-n	zsm:lemma	dapur
03619890-n	zsm:exe	Dapur di rumah baru luas, jadi sangat senang diguna.
00273734-v	zsm:lemma	mengajar (brk:ajar)
00273734-v	zsm:exe	Saya mengajar bahasa Jepun kepada orang asing
00829107-v	zsm:lemma	mengajar (brk:ajar)
00829107-v	zsm:exe	Saya mengajar bahasa Jepun kepada orang asing
00963570-v	zsm:lemma	bercakap (brk:cakap)
00963570-v	zsm:exe	Saya susah untuk bercakap dalam bahasa inggeris.
00815686-v	zsm:lemma	menjawab(jawab)
00815686-v	zsm:exe	Saya tidak dapat menjawab soalan kerana ianya susah.
00635523-v	zsm:lemma	menjawab(jawab)
00635523-v	zsm:exe	Saya tidak dapat menjawab soalan kerana ianya susah.
03417345-n	zsm:lemma	halaman rumah
03417345-n	zsm:exe	Tiada kereta di halaman rumah. Rasanya ibu saya sudah keluar.
03417749-n	zsm:lemma	halaman rumah
03417749-n	zsm:exe	Tiada kereta di halaman rumah. Rasanya ibu saya sudah keluar.
01775164-v	zsm:lemma	sangat suka
01775164-v	zsm:exe	Saya sangat suka binatang.
01828736-v	zsm:lemma	sangat suka
01828736-v	zsm:exe	Saya sangat suka binatang.
06418901-n	zsm:lemma	kamus
06418901-n	zsm:exe	Sambil melihat kamus, saya belajar bahasa Jepun.
15164570-n	zsm:lemma	hari Sabtu
15164570-n	zsm:exe	Saya akan makan malam di rumah Encik Hayashi pada hari Sabtu ini. 
00284798-n	zsm:lemma	berjalan-jalan
00284798-n	zsm:exe	Saya pergi berjalan-jalan setiap pagi.
00284101-n	zsm:lemma	berjalan-jalan
00284101-n	zsm:exe	Saya pergi berjalan-jalan setiap pagi.
01712704-v	zsm:lemma	membuat (brk:buat)
01712704-v	zsm:exe	Saya akan membuat kerja itu sendiri. 
08277393-n	zsm:lemma	sekolah
08277393-n	zsm:exe	Saya tidak pergi ke sekolah. 
08276720-n	zsm:lemma	sekolah
08276720-n	zsm:exe	Saya tidak pergi ke sekolah. 
00161630-r	zsm:lemma	perlahan-lahan
00161630-r	zsm:exe	Oleh sebab kaki sakit, saya jalan perlahan-lahan.
90000506-n	zsm:lemma	minggu lepas
90000506-n	zsm:exe	Hari jadi ibu pada minggu lepas.
03057021-n	zsm:lemma	kot
03057021-n	zsm:exe	Saya keluar dengan bawa kot.
03057021-n	zsm:lemma	kot
03057021-n	zsm:exe	Oleh sebab sejuk di luar, saya memakai kot dan pergi ke syarikat.
03589791-n	zsm:lemma	kot
03589791-n	zsm:exe	Saya keluar dengan bawa kot.
06929279-n	zsm:lemma	bahasa Jepun
06929279-n	zsm:exe	Encik Lee menulis surat dalam bahasa Jepun. 
03303965-n	zsm:lemma	pintu keluar
03303965-n	zsm:exe	Kalau keluar dari pintu keluar ini, paling dekat dengan perpustakaan. 
10142391-n	zsm:lemma	datuk
10142391-n	zsm:exe	Saya menunjukkan jalan kepada datuk.
07934530-n	zsm:lemma	téｈ
07934530-n	zsm:exe	Saya lebih suka teh daripada kopi.
07933274-n	zsm:lemma	téｈ
07933274-n	zsm:exe	Saya lebih suka teh daripada kopi.
07933274-n	zsm:lemma	téh
07933274-n	zsm:exe	Bagaimana dengan teh?
10146559-n	zsm:lemma	gerai sayur
10146559-n	zsm:exe	Saya membeli buah dan sayur di gerai sayur.
03457686-n	zsm:lemma	gerai sayur
03457686-n	zsm:exe	Saya membeli buah dan sayur di gerai sayur.
03147509-n	zsm:lemma	cawan
03147509-n	zsm:exe	Saya dapat cawan yang comel daripada kawan.
03972524-n	zsm:lemma	pokét
03972524-n	zsm:exe	Saya memasukkan duit ke dalam poket.
04968895-n	zsm:lemma	biru
04968895-n	zsm:exe	Warna yang saya suka adalah biru.
01555416-a	zsm:lemma	sedikit
01555416-a	zsm:exe	Pasar raya sana ikannya sedikit.
01552885-a	zsm:lemma	sedikit
01552885-a	zsm:exe	Pasar raya sana ikannya sedikit.
00017865-v	zsm:lemma	tidur
00017865-v	zsm:exe	Oleh sebab semalam penat, saya terus tidur.
00450147-a	zsm:lemma	dekat
00450147-a	zsm:exe	Rumah baru saya sangat selesa kerana dekat dengan stesen.
00444519-a	zsm:lemma	dekat
00444519-a	zsm:exe	Rumah baru saya sangat selesa kerana dekat dengan stesen.
00445169-a	zsm:lemma	dekat
00445169-a	zsm:exe	Rumah baru saya sangat selesa kerana dekat dengan stesen.
00584367-n	zsm:lemma	kerja
00584367-n	zsm:exe	Hari ini hari Ahad tetapi saya ada kerja. 
07574602-n	zsm:lemma	sarapan
07574602-n	zsm:exe	Saya tidak makan sarapan hari ini.
08078020-n	zsm:lemma	keluarga
08078020-n	zsm:exe	Keluarga saya lima orang.
10236304-n	zsm:lemma	keluarga
10236304-n	zsm:exe	Keluarga saya lima orang.
07970406-n	zsm:lemma	keluarga
07970406-n	zsm:exe	Keluarga saya lima orang.
07970406-n	zsm:lemma	rumah
07970406-n	zsm:exe	Makanan ini boleh dibuat di rumah.
04197391-n	zsm:lemma	keméja
04197391-n	zsm:exe	Saya akan pergi beli kemeja.
09918248-n	zsm:lemma	kanak-kanak
09918248-n	zsm:exe	Ada kanak-kanak sedang bermain di taman.
12212361-n	zsm:lemma	sayur
12212361-n	zsm:exe	Potong sayur, kemudian basuh.
07707451-n	zsm:lemma	sayur
07707451-n	zsm:exe	Potong sayur, kemudian basuh.
03365991-n	zsm:lemma	tingkat
03365991-n	zsm:exe	Ada di tingkat tiga bangunan ini. 
00976508-a	zsm:lemma	cepat
00976508-a	zsm:exe	Saya rasa kereta api lebih cepat daripada bas untuk sampai ke sekolah.
00981818-a	zsm:lemma	cepat
00981818-a	zsm:exe	Saya rasa kereta api lebih cepat daripada bas untuk sampai ke sekolah.
00979862-a	zsm:lemma	cepat
00979862-a	zsm:exe	Saya rasa kereta api lebih cepat daripada bas untuk sampai ke sekolah.
01367431-a	zsm:lemma	meriah
01367431-a	zsm:exe	Di sini bandar yang besar dan meriah.
07644382-n	zsm:lemma	daging ayam
07644382-n	zsm:exe	Daging ayam murah tetapi daging lembu lebih sedap.
07644967-n	zsm:lemma	daging ayam
07644967-n	zsm:exe	Daging ayam murah tetapi daging lembu lebih sedap.
07813107-n	zsm:lemma	garam
07813107-n	zsm:exe	Saya ambilkan garam untuk Encik Lee.
07825972-n	zsm:lemma	kicap
07825972-n	zsm:exe	Saya makan sashimi dengan cicah kicap. 
02005948-v	zsm:lemma	tiba
02005948-v	zsm:exe	Bagasi akan tiba esok.
02930766-n	zsm:lemma	téksi
02930766-n	zsm:exe	Saya pulang ke rumah dengan teksi.
04371225-n	zsm:lemma	kolam renang
04371225-n	zsm:exe	Saya sering menonton filem dan pergi ke kolam renang bersama kawan saya.
00604617-a	zsm:lemma	mudah diguna; berguna
00604617-a	zsm:lemma	mudah diguna; berguna
00604617-a	zsm:exe	Kapal terbang laju dan berguna.
15237250-n	zsm:lemma	musim panas
15237250-n	zsm:exe	Semasa musim panas, saya keluar dengan memakai topi setiap hari. 
03757138-n	zsm:lemma	keréta api bawah tanah
03757138-n	zsm:exe	Kereta api bawah tanah murah, laju dan sangat berguna.
04349306-n	zsm:lemma	keréta api bawah tanah
04349306-n	zsm:exe	Kereta api bawah tanah murah, laju dan sangat berguna.
77000090-n	zsm:lemma	bagaimana
77000090-n	zsm:exe	Bagaimana dengan kopi?
80001331-x	zsm:lemma	bagaimana
80001331-x	zsm:exe	Bagaimana dengan kopi?
77000104-n	zsm:lemma	bila
77000104-n	zsm:exe	Itu surat khabar bila?
04105893-n	zsm:lemma	bilik
04105893-n	zsm:exe	Bilik sini sangat senyap. 
06415419-n	zsm:lemma	buku nota
06415419-n	zsm:exe	Di atas meja ada buku dan buku nota. 
01376705-a	zsm:lemma	terkenal
01376705-a	zsm:exe	Di sini adalah tempat sangat terkenal di Jepun.
01375831-a	zsm:lemma	terkenal
01375831-a	zsm:exe	Di sini adalah tempat sangat terkenal di Jepun.
02935891-n	zsm:lemma	kantin
02935891-n	zsm:exe	Saya bangun pada pukul tujuh pagi, makan sarapan di kantin dan berlatih dari pukul lapan. 
01984902-v	zsm:lemma	duduk
01984902-v	zsm:exe	Mari kita duduk di sana dan makan bekal.
00120223-r	zsm:lemma	sambil
00120223-r	zsm:exe	Encik Tanaka boleh menyanyi sambil bermain gitar.
00120095-r	zsm:lemma	sambil
00120095-r	zsm:exe	Encik Tanaka boleh menyanyi sambil bermain gitar.
02386612-a	zsm:lemma	kecil
02386612-a	zsm:exe	Haiwan yang kecil sangat comel.
02386612-a	zsm:lemma	singkat
02386612-a	zsm:exe	Satu hari itu sangat singkat.
02345713-a	zsm:lemma	tidak baik
02345713-a	zsm:exe	Makanan ini tidak baik untuk badan kita. 
00478311-a	zsm:lemma	tidak baik
00478311-a	zsm:exe	Makanan ini tidak baik untuk badan kita. 
01174222-a	zsm:lemma	tidak baik
01174222-a	zsm:exe	Makanan ini tidak baik untuk badan kita. 
03025755-n	zsm:lemma	penyepit
03025755-n	zsm:exe	Orang Jepun makan nasi menggunakan penyepit. 
15166191-n	zsm:lemma	petang; malam
15166191-n	zsm:lemma	petang; malam
15166191-n	zsm:exe	Apa kata kita bermain tenis pada petang hari Sabtu? 
80000080-n	zsm:lemma	bulan ini
80000080-n	zsm:exe	Pasar raya itu tutup pada setiap hari Rabu bulan ini. 
06624161-n	zsm:lemma	surat
06624161-n	zsm:exe	Saya akan hantar surat kepada Encik Tanaka.
01909812-v	zsm:lemma	berliku-liku; bélok
01909812-v	zsm:lemma	berliku-liku; bélok
01909812-v	zsm:exe	Jika belok ke kiri di bangunan itu, di situ ada hospital.
07929519-n	zsm:lemma	kopi
07929519-n	zsm:exe	Saya minum kopi setiap pagi.
01729431-v	zsm:lemma	menyanyi (brk:nyanyi)
01729431-v	zsm:exe	Saya selalu menyanyi lagu ini di karaoke.
11501381-n	zsm:lemma	hujan
11501381-n	zsm:exe	Saya tidak akan keluar pada hari cuti sekiranya hujan.
90000511-n	zsm:lemma	dua hari lepas
90000511-n	zsm:exe	Salji turun kerana cuaca sejuk dua hari lepas.
00118032-r	zsm:lemma	kalau begitu; baiklah
00118032-r	zsm:lemma	kalau begitu; baiklah
00118032-r	zsm:exe	Kalau begitu, saya minta tolong awak.
00118032-r	zsm:lemma	kalau begitu
00118032-r	zsm:exe	Kalau begitu, saya nak pergi ke hospital dengan menaiki bas. 
04468005-n	zsm:lemma	keréta api
04468005-n	zsm:exe	Kereta api terhenti kerana datangnya taufan besar.
02834778-n	zsm:lemma	basikal
02834778-n	zsm:exe	Saya akan pergi menaiki basikal walaupun hujan.
06597466-n	zsm:lemma	majalah
06597466-n	zsm:exe	Majalah ini menarik.
06595351-n	zsm:lemma	majalah
06595351-n	zsm:exe	Majalah ini menarik.
03704210-n	zsm:lemma	majalah
03704210-n	zsm:exe	Majalah ini menarik.
08238463-n	zsm:lemma	sekelas
08238463-n	zsm:exe	Kami sekelas pergi jalan-jalan.
00050454-v	zsm:lemma	menanggalkan (brk:tanggal)
00050454-v	zsm:exe	Saya menanggalkan baju kerana ingin mandi.
02649830-v	zsm:lemma	tinggal
02649830-v	zsm:exe	Saya tinggal di flat yang cantik dan senyap.
15155891-n	zsm:lemma	ésok
15155891-n	zsm:exe	Saya akan belajar kanji setiap hari mulai esok. 
04208936-n	zsm:lemma	mandi
04208936-n	zsm:exe	Oleh sebab panas, saya balik ke rumah dan mandi.
00625119-v	zsm:lemma	baca
00625119-v	zsm:exe	Saya baca buku.
02774152-n	zsm:lemma	bég
02774152-n	zsm:exe	Beg ini mahal.
02773037-n	zsm:lemma	bég
02773037-n	zsm:exe	Beg ini mahal.
13250542-n	zsm:lemma	wang
13250542-n	zsm:exe	Saya tidak ada wang. 
13384557-n	zsm:lemma	wang
13384557-n	zsm:exe	Saya tidak ada wang. 
05600637-n	zsm:lemma	muka
05600637-n	zsm:exe	Saya bangun pagi dan membasuh muka. 
00024356-r	zsm:lemma	tidak
00024356-r	zsm:exe	Tidak, saya tidak pergi. 
03176763-n	zsm:lemma	pusat membeli-belah
03176763-n	zsm:exe	Saya membeli barang di pusat membeli-belah dan pasar raya.
01725051-v	zsm:lemma	bermain (brk:main)
01725051-v	zsm:exe	Saya akan bermain piano pada konsert bulan depan.
77000089-a	zsm:lemma	seperti ini
77000089-a	zsm:exe	Saya mahukan topi seperti ini.
15164354-n	zsm:lemma	hari Khamis
15164354-n	zsm:exe	Saya akan ke bank untuk memindahkan wang petang hari Khamis ini.
00056916-r	zsm:lemma	silakan; tolong
00056916-r	zsm:lemma	silakan; tolong
00056916-r	zsm:exe	Benda ini barang biasa saja, tetapi silakan. 
00816481-a	zsm:lemma	léwat
00816481-a	zsm:exe	Saya balik ke rumah kerana sudah lewat.
01901186-a	zsm:lemma	léwat
01901186-a	zsm:exe	Saya balik ke rumah kerana sudah lewat.
04956594-n	zsm:lemma	warna
04956594-n	zsm:exe	Warna ini sangat cantik.
04674968-n	zsm:lemma	warna
04674968-n	zsm:exe	Warna ini sangat cantik.
07109730-n	zsm:lemma	perkataan
07109730-n	zsm:exe	Apabila ada makna perkataan yang tidak jelas, saya menggunakan kamus. 
06282651-n	zsm:lemma	perkataan
06282651-n	zsm:exe	Apabila ada makna perkataan yang tidak jelas, saya menggunakan kamus. 
00121135-r	zsm:lemma	begitu
00121135-r	zsm:exe	Ya, begitu. 
04962784-n	zsm:lemma	mérah
04962784-n	zsm:exe	Saya lebih suka warna biru daripada warna merah.
03871083-n	zsm:lemma	bagasi
03871083-n	zsm:exe	Biar saya tolong bawa bagasi itu.
02774630-n	zsm:lemma	bagasi
02774630-n	zsm:exe	Biar saya tolong bawa bagasi itu.
07891726-n	zsm:lemma	arak
07891726-n	zsm:exe	Saya tidak minum banyak arak.
07884567-n	zsm:lemma	arak
07884567-n	zsm:exe	Saya tidak minum banyak arak.
07891433-n	zsm:lemma	arak
07891433-n	zsm:exe	Saya tidak minum banyak arak.
15164463-n	zsm:lemma	hari Jumaat
15164463-n	zsm:exe	Saya selalu bermain dengan kawan-kawan saya pada hari Jumaat kerana hari kemudiannya cuti. 
03581125-n	zsm:lemma	persimpangan
03581125-n	zsm:exe	Lintas persimpangan sana, kemudian belok ke kiri.
02410393-a	zsm:lemma	tebal
02410393-a	zsm:exe	Saya makan daging yang tebal.
02410393-a	zsm:lemma	besar
02410393-a	zsm:exe	Ada pokok yang besar di taman.
02415390-a	zsm:lemma	tebal
02415390-a	zsm:exe	Saya makan daging yang tebal.
02529264-a	zsm:lemma	panas
02529264-a	zsm:exe	Cuaca akan mula panas apabila memasuki musim bunga.
01546111-v	zsm:lemma	berdiri
01546111-v	zsm:exe	Sila berdiri.
10142747-n	zsm:lemma	nénék
10142747-n	zsm:exe	Nenek Encik Hayashi memakai cermin mata.
07679356-n	zsm:lemma	roti
07679356-n	zsm:exe	Saya makan roti sahaja.
03259505-n	zsm:lemma	rumah
03259505-n	zsm:exe	Saya akan keluar rumah pada pukul sembilan pagi. 
03544360-n	zsm:lemma	rumah
03544360-n	zsm:exe	Saya akan keluar rumah pada pukul sembilan pagi. 
03544360-n	zsm:lemma	rumah
03544360-n	zsm:exe	Semasa saya sedang makan malam, kawan datang ke rumah.
08559508-n	zsm:lemma	rumah
08559508-n	zsm:exe	Saya akan keluar rumah pada pukul sembilan pagi. 
08559508-n	zsm:lemma	rumah
08559508-n	zsm:exe	Semasa saya sedang makan malam, kawan datang ke rumah.
15167349-n	zsm:lemma	malam
15167349-n	zsm:exe	Pasar raya sana buka pada waktu malam juga.
15155747-n	zsm:lemma	malam
15155747-n	zsm:exe	Pasar raya sana buka pada waktu malam juga.
15167027-n	zsm:lemma	malam
15167027-n	zsm:exe	Pasar raya sana buka pada waktu malam juga.
15167027-n	zsm:lemma	malam tadi
15167027-n	zsm:exe	Malam tadi, saya dan Cik Kimura pergi makan malam.
15167474-n	zsm:lemma	malam
15167474-n	zsm:exe	Pasar raya sana buka pada waktu malam juga.
03438257-n	zsm:lemma	gelas
03438257-n	zsm:exe	Selepas minum, saya basuh gelas sehingga bersih.
08613593-n	zsm:lemma	luar
08613593-n	zsm:exe	Di luar sejuk? 
03338821-n	zsm:lemma	filem
03338821-n	zsm:exe	Saya memasukkan filem ke dalam kamera.
06613686-n	zsm:lemma	filem
06613686-n	zsm:exe	Saya memasukkan filem ke dalam kamera.
06613686-n	zsm:lemma	filem
06613686-n	zsm:exe	Filem yang saya tengok semalam itu sangat menarik. 
06262567-n	zsm:lemma	filem
06262567-n	zsm:exe	Saya memasukkan filem ke dalam kamera.
04096066-n	zsm:lemma	jalan
04096066-n	zsm:exe	Oleh sebab jalan ini sangat sempit, ia berbahaya.
77000079-a	zsm:lemma	itu
77000079-a	zsm:exe	Orang itu ialah Encik Kobayashi.
14524198-n	zsm:lemma	mendung
14524198-n	zsm:exe	Semalam sepanjang hari mendung.
13828795-n	zsm:lemma	lébar; menegak
13828795-n	zsm:lemma	lébar; menegak
13828795-n	zsm:exe	Saya memotong kertas ini secara menegak.
00543233-n	zsm:lemma	muzik
00543233-n	zsm:exe	Saya suka muzik. 
05718556-n	zsm:lemma	muzik
05718556-n	zsm:exe	Saya suka muzik. 
05718935-n	zsm:lemma	muzik
05718935-n	zsm:exe	Saya suka muzik. 
07020895-n	zsm:lemma	muzik
07020895-n	zsm:exe	Saya suka muzik. 
00409709-r	zsm:lemma	dekat
00409709-r	zsm:exe	Sekolah terletak di kawasan dekat dengan rumah.
08641113-n	zsm:lemma	dekat
08641113-n	zsm:exe	Sekolah terletak di kawasan dekat dengan rumah.
03112099-n	zsm:lemma	koridor
03112099-n	zsm:exe	Saya membersihkan bahagian pintu masuk rumah dan juga koridor.
03661043-n	zsm:lemma	perpustakaan
03661043-n	zsm:exe	Saya ingin belajar di perpustakaan tapi tutup. 
07840804-n	zsm:lemma	telur
07840804-n	zsm:exe	Saya makan roti dan telur setiap pagi.
90000502-n	zsm:lemma	tahun ini
90000502-n	zsm:exe	Saya datang ke Jepun pada lima belas hari bulan Mac tahun ini .
03908204-n	zsm:lemma	pénsél
03908204-n	zsm:exe	Encik Matsui meminjamkan pensel kepada saya. 
14796748-n	zsm:lemma	pénsél
14796748-n	zsm:exe	Encik Matsui meminjamkan pensel kepada saya. 
05282433-n	zsm:lemma	gigi
05282433-n	zsm:exe	Saya gosok gigi selepas makan nasi.
05282746-n	zsm:lemma	gigi
05282746-n	zsm:exe	Saya gosok gigi selepas makan nasi.
01649720-a	zsm:lemma	muda
01649720-a	zsm:exe	Orang yang muda dan ceria itu adalah Encik Yamada.
01646941-a	zsm:lemma	muda
01646941-a	zsm:exe	Orang yang muda dan ceria itu adalah Encik Yamada.
00514884-a	zsm:lemma	seluruh; sapanjang
00514884-a	zsm:lemma	seluruh; sapanjang
00514884-a	zsm:exe	Saya ingin melancong ke seluruh Jepun. 
00988232-a	zsm:lemma	kurus
00988232-a	zsm:exe	Oleh sebab saya berlari setiap pagi, saya sudah kurus sedikit.
77000084-n	zsm:lemma	yang mana; mana
77000084-n	zsm:lemma	yang mana; mana
77000084-n	zsm:exe	Encik Yamada ingin makan yang mana?
00220082-a	zsm:lemma	cantik; bersih
00220082-a	zsm:lemma	cantik; bersih
00220082-a	zsm:exe	Warna lukisan ini cantik.
01586342-a	zsm:lemma	cantik; bersih
01586342-a	zsm:lemma	cantik; bersih
01586342-a	zsm:exe	Warna lukisan ini cantik.
01586342-a	zsm:lemma	bagus
01586342-a	zsm:exe	Filem ini tidak berapa bagus.
01346003-v	zsm:lemma	buka
01346003-v	zsm:exe	Oleh sebab panas, saya buka tingkap.
09853467-n	zsm:lemma	abang
09853467-n	zsm:exe	Saya seorang pelajar tetapi abang saya pula pekerja syarikat. 
09853467-n	zsm:lemma	abang
09853467-n	zsm:exe	Abang Encik Lee akan datang bermain di Jepun pada minggu depan.
03102654-n	zsm:lemma	peti sejuk
03102654-n	zsm:exe	Tiada apa-apa di dalam peti sejuk.
03273913-n	zsm:lemma	peti sejuk
03273913-n	zsm:exe	Tiada apa-apa di dalam peti sejuk.
02399595-a	zsm:lemma	tidak sedap
02399595-a	zsm:exe	Kedai itu murah tetapi tidak sedap.
01716971-a	zsm:lemma	tidak sedap
01716971-a	zsm:exe	Kedai itu murah tetapi tidak sedap.
07845335-n	zsm:lemma	susu lembu
07845335-n	zsm:exe	Saya tidak suka susu lembu, jadi saya jarang meminumnya.
07844042-n	zsm:lemma	susu lembu
07844042-n	zsm:exe	Saya tidak suka susu lembu, jadi saya jarang meminumnya.
10780632-n	zsm:lemma	isteri
10780632-n	zsm:exe	Isteri Encik Tanaka adalah seorang pensyarah di universiti.
08625462-n	zsm:lemma	kiri
08625462-n	zsm:exe	Cik Kimura ada di sebelah kiri Encik Tanaka.
90000508-n	zsm:lemma	minggu depan
90000508-n	zsm:exe	Kakak saya akan berkahwin pada minggu depan. 
01848718-v	zsm:lemma	pergi
01848718-v	zsm:exe	Selepas habis sekolah, saya akan pergi ke rumah kawan saya. 
06518719-n	zsm:lemma	tikét
06518719-n	zsm:exe	Kita membeli tiket semasa menaiki kereta api.
01470670-v	zsm:lemma	berjumpa
01470670-v	zsm:exe	Saya akan berjumpa dengan Cik Kimura di stesen malam ini.
02428924-v	zsm:lemma	berjumpa
02428924-v	zsm:exe	Saya akan berjumpa dengan Cik Kimura di stesen malam ini.
10285313-n	zsm:lemma	budak lelaki
10285313-n	zsm:exe	Ada budak lelaki sedang memanjat pokok di sana. 
03542333-n	zsm:lemma	hotél
03542333-n	zsm:exe	Bilik hotel ini sangat cantik. 
02913152-n	zsm:lemma	bangunan
02913152-n	zsm:exe	Dekat kawasan sini, tidak banyak bangunan yang tinggi. 
07649854-n	zsm:lemma	daging
07649854-n	zsm:exe	Saya lebih suka ikan daripada daging.
09397391-n	zsm:lemma	kolam
09397391-n	zsm:exe	Ada kolam yang besar di dalam taman.
07935152-n	zsm:lemma	téh
07935152-n	zsm:exe	Bagaimana dengan teh?
03082979-n	zsm:lemma	komputer
03082979-n	zsm:exe	Sekarang ini saya nak sebuah komputer.
00312553-n	zsm:lemma	melancong; pelancongan
00312553-n	zsm:lemma	melancong; pelancongan
00312553-n	zsm:exe	Saya terfikir nak pergi melancong ke luar negara pada tahun depan.
04043733-n	zsm:lemma	radio
04043733-n	zsm:exe	Saya dengar berita di radio. 
01442186-a	zsm:lemma	singkat
01442186-a	zsm:exe	Satu hari itu sangat singkat.
01436003-a	zsm:lemma	singkat
01436003-a	zsm:exe	Satu hari itu sangat singkat.
01442826-a	zsm:lemma	singkat
01442826-a	zsm:exe	Satu hari itu sangat singkat.
14513694-n	zsm:lemma	rumah
14513694-n	zsm:exe	Makanan ini boleh dibuat di rumah.
15274074-n	zsm:lemma	cuti
15274074-n	zsm:exe	Saya keluar dengan kawan pada hari cuti. 
15183428-n	zsm:lemma	cuti
15183428-n	zsm:exe	Saya keluar dengan kawan pada hari cuti. 
15137890-n	zsm:lemma	cuti
15137890-n	zsm:exe	Saya keluar dengan kawan pada hari cuti. 
00027918-r	zsm:lemma	masih
00027918-r	zsm:exe	Matsui masih belum membuat kerja rumah.
00031304-r	zsm:lemma	masih
00031304-r	zsm:exe	Matsui masih belum membuat kerja rumah.
03925226-n	zsm:lemma	gambar
03925226-n	zsm:exe	Apabila saya datang ke Jepun, saya mengambil gambar di lapangan terbang. 
03931044-n	zsm:lemma	gambar
03931044-n	zsm:exe	Apabila saya datang ke Jepun, saya mengambil gambar di lapangan terbang. 
04248607-n	zsm:lemma	gambar
04248607-n	zsm:exe	Apabila saya datang ke Jepun, saya mengambil gambar di lapangan terbang. 
15164233-n	zsm:lemma	hari Rabu
15164233-n	zsm:exe	Hospital di sana tutup pada setiap hari Rabu dan hari Ahad. 
11524662-n	zsm:lemma	cuaca
11524662-n	zsm:exe	Cuaca hari ini sangat baik.
07193184-n	zsm:lemma	soalan
07193184-n	zsm:exe	Awak mesti membaca soalan dengan baik semasa menulis jawapan.
07196682-n	zsm:lemma	soalan
07196682-n	zsm:exe	Awak mesti membaca soalan dengan baik semasa menulis jawapan.
05797597-n	zsm:lemma	soalan
05797597-n	zsm:exe	Awak mesti membaca soalan dengan baik semasa menulis jawapan.
07193596-n	zsm:lemma	soalan
07193596-n	zsm:exe	Awak mesti membaca soalan dengan baik semasa menulis jawapan.
01904930-v	zsm:lemma	berjalan kaki
01904930-v	zsm:exe	Mari kita berjalan kaki jika dekat.
03383948-n	zsm:lemma	garpu
03383948-n	zsm:exe	Saya menggunakan garpu apabila makan kek.
08286569-n	zsm:lemma	universiti
08286569-n	zsm:exe	Sebenarnya saya ingin belajar di universiti di Tokyo. 
08286163-n	zsm:lemma	universiti
08286163-n	zsm:exe	Sebenarnya saya ingin belajar di universiti di Tokyo. 
08278169-n	zsm:lemma	universiti
08278169-n	zsm:exe	Sebenarnya saya ingin belajar di universiti di Tokyo. 
01000214-v	zsm:lemma	menulis (brk:tulis)
01000214-v	zsm:exe	Saya menulis surat kepada kawan semalam.
02471690-v	zsm:lemma	menulis (brk:tulis)
02471690-v	zsm:exe	Saya menulis surat kepada kawan semalam.
01020356-v	zsm:lemma	menulis (brk:tulis)
01020356-v	zsm:exe	Saya menulis surat kepada kawan semalam.
01691057-v	zsm:lemma	menulis (brk:tulis)
01691057-v	zsm:exe	Saya menulis surat kepada kawan semalam.
01698271-v	zsm:lemma	menulis (brk:tulis)
01698271-v	zsm:exe	Saya menulis surat kepada kawan semalam.
01020934-v	zsm:lemma	menulis (brk:tulis)
01020934-v	zsm:exe	Saya menulis surat kepada kawan semalam.
00993014-v	zsm:lemma	menulis (brk:tulis)
00993014-v	zsm:exe	Saya menulis surat kepada kawan semalam.
03822171-n	zsm:lemma	surat khabar
03822171-n	zsm:exe	Itu surat khabar untuk hari ini.
06267145-n	zsm:lemma	surat khabar
06267145-n	zsm:exe	Itu surat khabar untuk hari ini.
14961722-n	zsm:lemma	surat khabar
14961722-n	zsm:exe	Itu surat khabar untuk hari ini.
07197021-n	zsm:lemma	ujian
07197021-n	zsm:exe	Ada ujian kanji setiap hari di sekolah.
13714184-n	zsm:lemma	darjah
13714184-n	zsm:exe	Saya terkena selesema, jadi suhu badan tiga puluh lapan darjah.
00119568-n	zsm:lemma	terbang
00119568-n	zsm:exe	Ada burung sedang terbang di langit sana. 
08145553-n	zsm:lemma	pejabat pos
08145553-n	zsm:exe	Pejabat pos ada di dekat stesen.
15237044-n	zsm:lemma	musim bunga
15237044-n	zsm:exe	Di Jepun, angin kencang semasa musim bunga. 
01270199-v	zsm:lemma	mencuci pakaian
01270199-v	zsm:exe	Esok pagi saya mesti mencuci pakaian saya.
06505517-n	zsm:lemma	salinan
06505517-n	zsm:exe	Guru menyerahkan salinan surat khabar kepada pelajar-pelajarnya. 
15166462-n	zsm:lemma	petang
15166462-n	zsm:exe	Saya pergi berjalan-jalan ke taman pada waktu petang.
15166462-n	zsm:lemma	malam tadi
15166462-n	zsm:exe	Malam tadi, saya dan Cik Kimura pergi makan malam.
01343918-a	zsm:lemma	kelakar; menarik
01343918-a	zsm:lemma	kelakar; menarik
01343918-a	zsm:exe	Kelas ini sangat menarik.
01344344-a	zsm:lemma	kelakar; menarik
01344344-a	zsm:lemma	kelakar; menarik
01344344-a	zsm:exe	Kelas ini sangat menarik.
01344344-a	zsm:lemma	seronok
01344344-a	zsm:exe	Pembelajaran bahasa Jepun seronok.
01265308-a	zsm:lemma	kelakar; menarik
01265308-a	zsm:lemma	kelakar; menarik
01265308-a	zsm:exe	Kelas ini sangat menarik.
01344485-a	zsm:lemma	kelakar; menarik
01344485-a	zsm:lemma	kelakar; menarik
01344485-a	zsm:exe	Kelas ini sangat menarik.
90000515-n	zsm:lemma	lusa
90000515-n	zsm:exe	Saya ingin pergi berenang di laut pada lusa.
01801029-a	zsm:lemma	seronok
01801029-a	zsm:exe	Pembelajaran bahasa Jepun seronok.
03906997-n	zsm:lemma	pén
03906997-n	zsm:exe	Ini pen saya. 
77000095-n	zsm:lemma	siapa
77000095-n	zsm:exe	Siapakah Encik Kobayashi?
77000095-n	zsm:lemma	siapa
77000095-n	zsm:exe	Esok awak akan berjumpa dengan siapa?
90000500-n	zsm:lemma	dua tahun lepas
90000500-n	zsm:exe	Saya mendaki gunung ini dua tahun lepas.
03221720-n	zsm:lemma	pintu
03221720-n	zsm:exe	Pintu kereta api akan tutup.
03221720-n	zsm:lemma	pintu
03221720-n	zsm:exe	Jangan buka pintu situ. 
77000012-n	zsm:lemma	saya
77000012-n	zsm:exe	Buku itu saya punya. 
77000015-n	zsm:lemma	saya
77000015-n	zsm:exe	Buku itu saya punya. 
01344963-a	zsm:lemma	membosankan
01344963-a	zsm:exe	Buku ini membosankan. 
01170052-v	zsm:lemma	minum; makan
01170052-v	zsm:lemma	minum; makan
01170052-v	zsm:exe	Encik Yamada akan minum air coca-cola.
03282295-n	zsm:lemma	kedutaan
03282295-n	zsm:exe	Kalau pusing ke kanan dekat persimpangan itu, akan ada kedutaan.
06796119-n	zsm:lemma	setém
06796119-n	zsm:exe	Saya membeli sepuluh keping setem dan tiga keping poskad.
07775375-n	zsm:lemma	ikan
07775375-n	zsm:exe	Kawasan yang dekat dengan laut, ikannya sedap.
02512053-n	zsm:lemma	ikan
02512053-n	zsm:exe	Kawasan yang dekat dengan laut, ikannya sedap.
01586866-a	zsm:lemma	bagus
01586866-a	zsm:exe	Filem ini tidak berapa bagus.
01048762-a	zsm:lemma	bagus
01048762-a	zsm:exe	Filem ini tidak berapa bagus.
00067638-a	zsm:lemma	bagus
00067638-a	zsm:exe	Filem ini tidak berapa bagus.
01993408-a	zsm:lemma	bagus
01993408-a	zsm:exe	Filem ini tidak berapa bagus.
01171213-a	zsm:lemma	bagus
01171213-a	zsm:exe	Filem ini tidak berapa bagus.
01800349-a	zsm:lemma	bagus
01800349-a	zsm:exe	Filem ini tidak berapa bagus.
01123148-a	zsm:lemma	bagus
01123148-a	zsm:exe	Filem ini tidak berapa bagus.
00064787-a	zsm:lemma	bagus
00064787-a	zsm:exe	Filem ini tidak berapa bagus.
00850183-a	zsm:lemma	bagus
00850183-a	zsm:exe	Filem ini tidak berapa bagus.
01129977-a	zsm:lemma	bagus
01129977-a	zsm:exe	Filem ini tidak berapa bagus.
01586752-a	zsm:lemma	bagus
01586752-a	zsm:exe	Filem ini tidak berapa bagus.
04588365-n	zsm:lemma	tingkap
04588365-n	zsm:exe	Bilik ini tiada tingkap.
04587648-n	zsm:lemma	tingkap
04587648-n	zsm:exe	Bilik ini tiada tingkap.
05216365-n	zsm:lemma	badan
05216365-n	zsm:exe	Adik lelaki saya mempunyai badan yang kuat.
76100002-x	zsm:lemma	buah
76100002-x	zsm:exe	Di atas meja guru ada dua buah kamus dan sebuah majalah. 
04967191-n	zsm:lemma	hijau
04967191-n	zsm:exe	Encik Yamada memakai tali leher berwarna hijau.
80001047-v	zsm:lemma	mati
80001047-v	zsm:exe	Ramai orang yang mati.
03497657-n	zsm:lemma	topi
03497657-n	zsm:exe	Saya pakai topi apabila keluar pada hari panas.
15129927-n	zsm:lemma	pukul
15129927-n	zsm:exe	Pukul berapa sekarang? 
00546389-n	zsm:lemma	lagu
00546389-n	zsm:exe	Saya paling suka lagu ini. 
07048000-n	zsm:lemma	lagu
07048000-n	zsm:exe	Saya paling suka lagu ini. 
01754737-v	zsm:lemma	menutup (brk:tutup)
01754737-v	zsm:exe	Saya menutup suis komputer.
07447641-n	zsm:lemma	majlis
07447641-n	zsm:exe	Kami akan membuat majlis pada hari jadi Encik Yamada
01842204-v	zsm:lemma	keluar
01842204-v	zsm:exe	Esok malam saya akan keluar kerana ingin berjumpa dengan kawan.
04241394-n	zsm:lemma	selipar
04241394-n	zsm:exe	Saya menanggalkan kasut dan memakai selipar.
05301908-n	zsm:lemma	mulut
05301908-n	zsm:exe	Saya tidak boleh buka mulut kerana gigi sakit.
02440250-n	zsm:lemma	tangan
02440250-n	zsm:exe	Sebelum makan nasi, saya membasuh tangan.
06277280-n	zsm:lemma	TV
06277280-n	zsm:exe	Menonton TV adalah tidak baik untuk mata.
13831176-n	zsm:lemma	utara
13831176-n	zsm:exe	Bahagian utara Jepun akan sangat sejuk apabila datangnya musim sejuk.
01318741-a	zsm:lemma	sakit
01318741-a	zsm:exe	Oleh sebab gigi saya sakit, saya tidak boleh makan apa-apa.
01712753-a	zsm:lemma	sakit
01712753-a	zsm:exe	Oleh sebab gigi saya sakit, saya tidak boleh makan apa-apa.
05395690-n	zsm:lemma	perut
05395690-n	zsm:exe	Oleh sebab perut sakit, saya pergi ke hospital.
05556943-n	zsm:lemma	perut
05556943-n	zsm:exe	Oleh sebab perut sakit, saya pergi ke hospital.
00749230-a	zsm:lemma	mudah
00749230-a	zsm:exe	Ujian semalam mudah.
14061805-n	zsm:lemma	sakit
14061805-n	zsm:exe	Hari ini tiada kelas kerana cikgu sakit.
14055408-n	zsm:lemma	sakit
14055408-n	zsm:exe	Hari ini tiada kelas kerana cikgu sakit.
14473054-n	zsm:lemma	sakit
14473054-n	zsm:exe	Hari ini tiada kelas kerana cikgu sakit.
10399491-n	zsm:lemma	ibu bapa
10399491-n	zsm:exe	Ibu bapa saya ada di luar negara sekarang.
13833375-n	zsm:lemma	selatan
13833375-n	zsm:exe	Bilik saya terang kerana ada di bahagian selatan.
02472293-n	zsm:lemma	orang
02472293-n	zsm:exe	Encik Tanaka seseorang yang ceria.
00442917-a	zsm:lemma	jauh
00442917-a	zsm:exe	Dari stesen ke sekolah jauh, jadi saya naik bas.
01421622-v	zsm:lemma	membuka (brk:buka)
01421622-v	zsm:exe	Saya membuka suis dan memasang lampu.
03398467-n	zsm:lemma	depan
03398467-n	zsm:exe	Cik Matsui duduk di depan saya. 
00964768-a	zsm:lemma	lemah
00964768-a	zsm:exe	Badan saya lemah, jadi saya tidak boleh bersukan.
02324397-a	zsm:lemma	lemah
02324397-a	zsm:exe	Badan saya lemah, jadi saya tidak boleh bersukan.
00709215-a	zsm:lemma	lemah
00709215-a	zsm:exe	Badan saya lemah, jadi saya tidak boleh bersukan.
02040233-a	zsm:lemma	lemah
02040233-a	zsm:exe	Badan saya lemah, jadi saya tidak boleh bersukan.
02040049-a	zsm:lemma	lemah
02040049-a	zsm:exe	Badan saya lemah, jadi saya tidak boleh bersukan.
00254978-r	zsm:lemma	setiap bulan
00254978-r	zsm:exe	Setiap bulan saya deposit wang di bank.
77000091-n	zsm:lemma	yang bagaimana
77000091-n	zsm:exe	Awak ingin berkahwin dengan orang yang bagaimana? 
06605897-n	zsm:lemma	maksud
06605897-n	zsm:exe	Saya mengajar maksud perkataan ini kepada Encik Lee.
05919866-n	zsm:lemma	maksud
05919866-n	zsm:exe	Saya mengajar maksud perkataan ini kepada Encik Lee.
06601327-n	zsm:lemma	maksud
06601327-n	zsm:exe	Saya mengajar maksud perkataan ini kepada Encik Lee.
04059701-n	zsm:lemma	belakang
04059701-n	zsm:exe	Ramai orang berbaris di belakang saya.
02767665-n	zsm:lemma	belakang
02767665-n	zsm:exe	Ramai orang berbaris di belakang saya.
03540595-n	zsm:lemma	hospital
03540595-n	zsm:exe	Jangan gunakan telefon bimbit di hospital. 
08054417-n	zsm:lemma	hospital
08054417-n	zsm:exe	Jangan gunakan telefon bimbit di hospital. 
05311054-n	zsm:lemma	mata; penglihatan
05311054-n	zsm:lemma	mata; penglihatan
05311054-n	zsm:exe	Penglihatan Encik Yamada teruk, jadi beliau memakai cermin mata.
05316025-n	zsm:lemma	mata; penglihatan
05316025-n	zsm:lemma	mata; penglihatan
05316025-n	zsm:exe	Penglihatan Encik Yamada teruk, jadi beliau memakai cermin mata.
02871439-n	zsm:lemma	rak buku
02871439-n	zsm:exe	Ada banyak deretan rak buku di perpustakaan.
01186408-a	zsm:lemma	ringan
01186408-a	zsm:exe	Saya nak kasut yang ringan.
04049098-n	zsm:lemma	stésén
04049098-n	zsm:exe	Esok saya akan berjumpa dengan kawan di stesen dan kami akan pergi menonton konsert bersama-sama.
03030663-n	zsm:lemma	merokok
03030663-n	zsm:exe	Jangan merokok di dalam bilik ini.
02230772-v	zsm:lemma	beri
02230772-v	zsm:exe	Saya beri peta bandar ini kepada Cik Kimura semalam. 
90000504-n	zsm:lemma	dua tahun akan datang
90000504-n	zsm:exe	Saya dengar perpustakaan akan siap di sana dua tahun akan datang.
00729108-n	zsm:lemma	kerja rumah
00729108-n	zsm:exe	Jangan lupa tentang kerja rumah. 
03815615-n	zsm:lemma	tali léhér
03815615-n	zsm:exe	Ini tali leher dari Itali.
07596684-n	zsm:lemma	kuih
07596684-n	zsm:exe	Cik Kimura berikan kuih kepada saya.
05560787-n	zsm:lemma	kaki
05560787-n	zsm:exe	Kaki saya letih kerana banyak berjalan kaki. 
05563266-n	zsm:lemma	kaki
05563266-n	zsm:exe	Kaki saya letih kerana banyak berjalan kaki. 
02310007-v	zsm:lemma	pulangkan
02310007-v	zsm:exe	Bolehkah saya pulangkan semasa waktu rehat tengah hari?
01308381-v	zsm:lemma	pulangkan
01308381-v	zsm:exe	Bolehkah saya pulangkan semasa waktu rehat tengah hari?
80001595-v	zsm:lemma	pulangkan
80001595-v	zsm:exe	Bolehkah saya pulangkan semasa waktu rehat tengah hari?
10080869-n	zsm:lemma	ayah
10080869-n	zsm:exe	Ayah Cik Kimura berusia lima puluh dua tahun.
10080869-n	zsm:lemma	bapa
10080869-n	zsm:exe	Saya menghadiahkan bunga kepada bapa saya. 
02411224-a	zsm:lemma	besar
02411224-a	zsm:exe	Ada pokok yang besar di taman.
04446276-n	zsm:lemma	tandas
04446276-n	zsm:exe	Apabila keluar dari tandas, saya membasuh tangan.
04555291-n	zsm:lemma	tandas
04555291-n	zsm:exe	Apabila keluar dari tandas, saya membasuh tangan.
00292937-a	zsm:lemma	sibuk
00292937-a	zsm:exe	Saya tidak begitu dapat berehat kerana sibuk setiap hari.
00273082-a	zsm:lemma	gelap
00273082-a	zsm:exe	Mata akan menjadi rabun kalau membaca buku di tempat gelap.
03291819-n	zsm:lemma	sampul surat
03291819-n	zsm:exe	Saya menulis nama pada sampul surat.
80001545-n	zsm:lemma	sebelah
80001545-n	zsm:exe	Kedai kopi itu ada di sebelah kedai buku.
09215315-n	zsm:lemma	bawah
09215315-n	zsm:exe	Ada kucing di bawah kerusi. 
80001661-n	zsm:lemma	bawah
80001661-n	zsm:exe	Ada kucing di bawah kerusi. 
00523513-n	zsm:lemma	sukan
00523513-n	zsm:exe	Saya tidak suka bersukan.
03179701-n	zsm:lemma	méja
03179701-n	zsm:exe	Dalam bilik saya ada meja, katil, TV dan lain-lain.
04202417-n	zsm:lemma	kedai
04202417-n	zsm:exe	Ada kedai bagus di depan stesen. 
02016062-v	zsm:lemma	turun
02016062-v	zsm:exe	Kalau nak ke kedutaan, awak turun di stesen seterusnya.
15237782-n	zsm:lemma	musim sejuk
15237782-n	zsm:exe	Oleh sebab musim sejuk sejuk, pemanas dipasang.
80001691-n	zsm:lemma	atas
80001691-n	zsm:exe	Di atas meja guru ada dua buah kamus dan sebuah majalah. 
08663354-n	zsm:lemma	atas
08663354-n	zsm:exe	Di atas meja guru ada dua buah kamus dan sebuah majalah. 
07804323-n	zsm:lemma	nasi
07804323-n	zsm:exe	Malam ini saya akan makan nasi di rumah kawan.
15245990-n	zsm:lemma	nasi
15245990-n	zsm:exe	Malam ini saya akan makan nasi di rumah kawan.
90000417-n	zsm:lemma	nasi
90000417-n	zsm:exe	Malam ini saya akan makan nasi di rumah kawan.
07575076-n	zsm:lemma	makan tengah hari
07575076-n	zsm:exe	Saya selalu makan tengah hari di sini.
15156001-n	zsm:lemma	hari ini
15156001-n	zsm:exe	Saya dan Encik Lee pergi menonton wayang pada hari ini.
09604981-n	zsm:lemma	sendiri; saya
09604981-n	zsm:lemma	sendiri; saya
09604981-n	zsm:exe	Saya akan membuat kerja itu sendiri. 
02395115-a	zsm:lemma	sedap
02395115-a	zsm:exe	Kuih ini sedap.
02396720-a	zsm:lemma	sedap
02396720-a	zsm:exe	Kuih ini sedap.
