# TUFS Basic Burmese Wordnet	mya http://www.coelang.tufs.ac.jp/mt/my/	CC BY 4.0
05755883-n	mya:lemma	စာ; လေ့လာမှု
05755883-n	mya:lemma	စာ; လေ့လာမှု
05755883-n	mya:exe	ရှေ့အပတ်က အလုပ်များလို့ စာမလုပ်နိုင်ဘူး။
04971928-n	mya:lemma	အညိုရောင်; အနီရောင်
04971928-n	mya:lemma	အညိုရောင်; အနီရောင်
04971928-n	mya:exe	မစ္စ ခိမုရ ရဲ့ ဆံပင်က အနီရောင် ပါ။
15163797-n	mya:lemma	တနင်္ဂနွေ; တနင်္ဂနွေနေ့
15163797-n	mya:lemma	တနင်္ဂနွေ; တနင်္ဂနွေနေ့
15163797-n	mya:exe	တနင်္ဂနွေနေ့မှာ တင်းနစ် ကစားတယ်။
15043763-n	mya:lemma	နှင်း
15043763-n	mya:exe	နှင်းကျလည်း ကျောင်းသွားတယ်။
00251013-n	mya:lemma	သန့်ရှင်းရေး
00251013-n	mya:exe	အိမ်ပြန်ရင် သန့်ရှင်းရေးလုပ်မယ်လို့ စိတ်ကူးထားတယ်။
08058098-n	mya:lemma	ကုမ္ပဏီ
08058098-n	mya:exe	မစ္စတာ ဟယရှိ က ကွန်ပျူတာ ကုမ္ပဏီမှာ အလုပ်လုပ်တယ်။
01382086-a	mya:lemma	ကြီးတယ်; အကြီးကြီး
01382086-a	mya:lemma	ကြီးတယ်; အကြီးကြီး
01382086-a	mya:exe	ကျွန်မ(/ကျွန်တော်) အိမ်ကခွေးက ကြီးတယ်။
01453084-a	mya:lemma	ကြီးတယ်; အကြီးကြီး
01453084-a	mya:lemma	ကြီးတယ်; အကြီးကြီး
01453084-a	mya:exe	ကျွန်မ(/ကျွန်တော်) အိမ်ကခွေးက ကြီးတယ်။
00527870-a	mya:lemma	ကြီးတယ်; အကြီးကြီး
00527870-a	mya:lemma	ကြီးတယ်; အကြီးကြီး
00527870-a	mya:exe	ကျွန်မ(/ကျွန်တော်) အိမ်ကခွေးက ကြီးတယ်။
01677433-a	mya:lemma	ကြီးတယ်; အကြီးကြီး
01677433-a	mya:lemma	ကြီးတယ်; အကြီးကြီး
01677433-a	mya:exe	ကျွန်မ(/ကျွန်တော်) အိမ်ကခွေးက ကြီးတယ်။
10129825-n	mya:lemma	(သူတစ်ပါးရဲ့)အစ်မ; (သူတစ်ပါးရဲ့)မမ
10129825-n	mya:lemma	(သူတစ်ပါးရဲ့)အစ်မ; (သူတစ်ပါးရဲ့)မမ
10129825-n	mya:exe	မစ္စတာ ခိမုရရဲ့ အစ်မက အရမ်းချောတဲ့ မိန်းကလေး။
00065495-v	mya:lemma	နေကောင်းတယ်; ကျန်းမာတယ်; တက်ကြွတယ်
00065495-v	mya:lemma	နေကောင်းတယ်; ကျန်းမာတယ်; တက်ကြွတယ်
00065495-v	mya:lemma	နေကောင်းတယ်; ကျန်းမာတယ်; တက်ကြွတယ်
00065495-v	mya:exe	မစ္စတာ ရာမဒ က အလွန် တက်ကြွတဲ့ လူ ဖြစ်တယ်။
80001734-n	mya:lemma	အတန်း
80001734-n	mya:exe	မနက်ဖန် အတန်းမရှိလို့ ကျောင်းမသွားဘူး။
00889472-n	mya:lemma	အတန်း
00889472-n	mya:exe	မနက်ဖန် အတန်းမရှိလို့ ကျောင်းမသွားဘူး။
02608347-v	mya:lemma	စတယ်; စတင်တယ
02608347-v	mya:lemma	စတယ်; စတင်တယ
02608347-v	mya:exe	မနက် ကိုးနာရီကနေ အတန်း စတယ်။
03623556-n	mya:lemma	ဓား
03623556-n	mya:exe	ပြင်သစ်ဟင်းလျာက ဓားနဲ့ခရင်းကို သုံးပြီး စားတယ်။
03624134-n	mya:lemma	ဓား
03624134-n	mya:exe	ပြင်သစ်ဟင်းလျာက ဓားနဲ့ခရင်းကို သုံးပြီး စားတယ်။
01776727-v	mya:lemma	မုန်းတယ်; မကြိုက်ဘူး
01776727-v	mya:lemma	မုန်းတယ်; မကြိုက်ဘူး
01776727-v	mya:exe	ကျွန်မ(/ကျွန်တော်) သန့်ရှင်းရေးတို့ အဝတ်လျှော်တာတို့ကို လုပ်ရတာ မုန်းတယ်(/မကြိုက်ဘူး)။
01774136-v	mya:lemma	မုန်းတယ်; မကြိုက်ဘူး
01774136-v	mya:lemma	မုန်းတယ်; မကြိုက်ဘူး
01774136-v	mya:exe	ကျွန်မ(/ကျွန်တော်) သန့်ရှင်းရေးတို့ အဝတ်လျှော်တာတို့ကို လုပ်ရတာ မုန်းတယ်(/မကြိုက်ဘူး)။
02783161-n	mya:lemma	ဘောပင်
02783161-n	mya:exe	ဘောပင်ပါမလာတဲ့လူတွေ ခဲတံနဲ့(ဆို)လည်း ရတယ်။
02632567-v	mya:lemma	လိုချင်တယ်
02632567-v	mya:exe	ကျွန်မ(/ကျွန်တော်) ဂျပန်စာ အဘိဓာန် လိုချင်တယ်။
01579608-a	mya:lemma	ချက်ချင်း
01579608-a	mya:exe	အမျိုးသမီးက ချက်ချင်း ပြန်လာတယ်။
03427296-n	mya:lemma	တံခါး; မုခ်
03427296-n	mya:lemma	တံခါး; မုခ်
03427296-n	mya:exe	အိမ်က တံခါးရဲ့ ရှေ့မှာ ကြောင်ရှိတယ်။
04026417-n	mya:lemma	ပိုက်ဆံအိတ်
04026417-n	mya:exe	မနေ့က ပိုက်ဆံအိတ် အသစ် ဝယ်လိုက်တယ်။
11456462-n	mya:lemma	နေသာတယ်
11456462-n	mya:exe	တိုကျိုမှာ နေသာတယ်။
90000501-n	mya:lemma	မနှစ်က
90000501-n	mya:exe	မနှစ်ကတည်းက လေ့လာနေတယ်။
77000072-n	mya:lemma	ဒီဘက်; ဒီဘက်
77000072-n	mya:lemma	ဒီဘက်; ဒီဘက်
77000072-n	mya:exe	ဒီဘက်က မစ္စတာ ခိုဘယရှိ ပါ။(သူက  မစ္စတာ ခိုဘယရှိ ပါ။)
08489497-n	mya:lemma	ဒီဘက်; ဒီဘက်
08489497-n	mya:lemma	ဒီဘက်; ဒီဘက်
08489497-n	mya:exe	ဒီဘက်က မစ္စတာ ခိုဘယရှိ ပါ။(သူက  မစ္စတာ ခိုဘယရှိ ပါ။)
03561345-n	mya:lemma	ပန်းချီ; ရုပ်ပုံကားချပ်; ပုံ
03561345-n	mya:lemma	ပန်းချီ; ရုပ်ပုံကားချပ်; ပုံ
03561345-n	mya:lemma	ပန်းချီ; ရုပ်ပုံကားချပ်; ပုံ
03561345-n	mya:exe	ဒီ ပန်းချီက အရောင်လှတယ်။
03234306-n	mya:lemma	ပန်းချီ; ရုပ်ပုံကားချပ်; ပုံ
03234306-n	mya:lemma	ပန်းချီ; ရုပ်ပုံကားချပ်; ပုံ
03234306-n	mya:lemma	ပန်းချီ; ရုပ်ပုံကားချပ်; ပုံ
03234306-n	mya:exe	ဒီ ပန်းချီက အရောင်လှတယ်။
03876519-n	mya:lemma	ပန်းချီ; ရုပ်ပုံကားချပ်; ပုံ
03876519-n	mya:lemma	ပန်းချီ; ရုပ်ပုံကားချပ်; ပုံ
03876519-n	mya:lemma	ပန်းချီ; ရုပ်ပုံကားချပ်; ပုံ
03876519-n	mya:exe	ဒီ ပန်းချီက အရောင်လှတယ်။
07110615-n	mya:lemma	(သက်ရှိသတ္တဝါတွေရဲ့နှုတ်ကထွက်တဲ့)အသံ
07110615-n	mya:exe	မစ္စတာ မဆုအိ က အသံ ကျယ်တယ်။
05202284-n	mya:lemma	(သက်ရှိသတ္တဝါတွေရဲ့နှုတ်ကထွက်တဲ့)အသံ
05202284-n	mya:exe	မစ္စတာ မဆုအိ က အသံ ကျယ်တယ်။
09411430-n	mya:lemma	ချောင်း; မြစ်
09411430-n	mya:lemma	ချောင်း; မြစ်
09411430-n	mya:exe	အိမ်က အဲဒီ ချောင်းရဲ့ တစ်ဖက်မှာ ရှိတယ်။
15236859-n	mya:lemma	ဆောင်းဦး; ဆောင်းဦးရာသီ\
15236859-n	mya:lemma	ဆောင်းဦး; ဆောင်းဦးရာသီ\
15236859-n	mya:exe	နွေရာသီကုန်ရင် ဆောင်းဦးရာသီ လာမယ်။
02242464-v	mya:lemma	ရောင်းတယ်
02242464-v	mya:exe	ဟိုဆိုင်မှာ စားလို့ကောင်းတဲ့ မုန့်တွေ ရောင်းတယ်။
00271022-a	mya:lemma	အလင်းရောင်ကောင်းတယ်; လင်းလင်းထိန်ထိန်ရှိတယ်; မျက်နှာရွှင်တယ်; ဖော်ရွေတယ်
00271022-a	mya:lemma	အလင်းရောင်ကောင်းတယ်; လင်းလင်းထိန်ထိန်ရှိတယ်; မျက်နှာရွှင်တယ်; ဖော်ရွေတယ်
00271022-a	mya:lemma	အလင်းရောင်ကောင်းတယ်; လင်းလင်းထိန်ထိန်ရှိတယ်; မျက်နှာရွှင်တယ်; ဖော်ရွေတယ်
00271022-a	mya:lemma	အလင်းရောင်ကောင်းတယ်; လင်းလင်းထိန်ထိန်ရှိတယ်; မျက်နှာရွှင်တယ်; ဖော်ရွေတယ်
00271022-a	mya:exe	ဒီ စာသင်ခန်းက အလင်းရောင်ကောင်းပြီး သန့်ရှင်းတယ်။
00396523-a	mya:lemma	အလင်းရောင်ကောင်းတယ်; လင်းလင်းထိန်ထိန်ရှိတယ်; မျက်နှာရွှင်တယ်; ဖော်ရွေတယ်
00396523-a	mya:lemma	အလင်းရောင်ကောင်းတယ်; လင်းလင်းထိန်ထိန်ရှိတယ်; မျက်နှာရွှင်တယ်; ဖော်ရွေတယ်
00396523-a	mya:lemma	အလင်းရောင်ကောင်းတယ်; လင်းလင်းထိန်ထိန်ရှိတယ်; မျက်နှာရွှင်တယ်; ဖော်ရွေတယ်
00396523-a	mya:lemma	အလင်းရောင်ကောင်းတယ်; လင်းလင်းထိန်ထိန်ရှိတယ်; မျက်နှာရွှင်တယ်; ဖော်ရွေတယ်
00396523-a	mya:exe	ဒီ စာသင်ခန်းက အလင်းရောင်ကောင်းပြီး သန့်ရှင်းတယ်။
00269989-a	mya:lemma	အလင်းရောင်ကောင်းတယ်; လင်းလင်းထိန်ထိန်ရှိတယ်; မျက်နှာရွှင်တယ်; ဖော်ရွေတယ်
00269989-a	mya:lemma	အလင်းရောင်ကောင်းတယ်; လင်းလင်းထိန်ထိန်ရှိတယ်; မျက်နှာရွှင်တယ်; ဖော်ရွေတယ်
00269989-a	mya:lemma	အလင်းရောင်ကောင်းတယ်; လင်းလင်းထိန်ထိန်ရှိတယ်; မျက်နှာရွှင်တယ်; ဖော်ရွေတယ်
00269989-a	mya:lemma	အလင်းရောင်ကောင်းတယ်; လင်းလင်းထိန်ထိန်ရှိတယ်; မျက်နှာရွှင်တယ်; ဖော်ရွေတယ်
00269989-a	mya:exe	ဒီ စာသင်ခန်းက အလင်းရောင်ကောင်းပြီး သန့်ရှင်းတယ်။
00278551-a	mya:lemma	အလင်းရောင်ကောင်းတယ်; လင်းလင်းထိန်ထိန်ရှိတယ်; မျက်နှာရွှင်တယ်; ဖော်ရွေတယ်
00278551-a	mya:lemma	အလင်းရောင်ကောင်းတယ်; လင်းလင်းထိန်ထိန်ရှိတယ်; မျက်နှာရွှင်တယ်; ဖော်ရွေတယ်
00278551-a	mya:lemma	အလင်းရောင်ကောင်းတယ်; လင်းလင်းထိန်ထိန်ရှိတယ်; မျက်နှာရွှင်တယ်; ဖော်ရွေတယ်
00278551-a	mya:lemma	အလင်းရောင်ကောင်းတယ်; လင်းလင်းထိန်ထိန်ရှိတယ်; မျက်နှာရွှင်တယ်; ဖော်ရွေတယ်
00278551-a	mya:exe	ဒီ စာသင်ခန်းက အလင်းရောင်ကောင်းပြီး သန့်ရှင်းတယ်။
02924116-n	mya:lemma	ဘတ်စ်ကာ
02924116-n	mya:exe	ဘတ်စ်ကားနဲ့ ကျောင်းသွားတယ်။
01614426-v	mya:lemma	ကပ်တယ်
01614426-v	mya:exe	စာအိတ် မှာ တံဆိပ်ခေါင်း ကပ်တယ်။
80001230-x	mya:lemma	အင်း; အေ
80001230-x	mya:lemma	အင်း; အေ
80001230-x	mya:exe	အင်း(/အေး)၊ကြိုက်ပါတယ်။
01184932-a	mya:lemma	လေးတယ်
01184932-a	mya:exe	ဒီ အိတ်က ကြီးပြီး လေးတယ်။
07881800-n	mya:lemma	သောက်စရာ
07881800-n	mya:exe	နောက်အပတ် အဲဒီကိုသွားရင် သောက်စရာတစ်ခုခု ဝယ်သွားမယ်။
01119192-a	mya:lemma	တော်တယ်; ကျွမ်းကျင်တယ်
01119192-a	mya:lemma	တော်တယ်; ကျွမ်းကျင်တယ်
01119192-a	mya:exe	မစ္စတာ မဆုအိ က ဟင်းချက်တော်တယ်။
02226162-a	mya:lemma	တော်တယ်; ကျွမ်းကျင်တယ်
02226162-a	mya:lemma	တော်တယ်; ကျွမ်းကျင်တယ်
02226162-a	mya:exe	မစ္စတာ မဆုအိ က ဟင်းချက်တော်တယ်။
01838916-a	mya:lemma	တော်တယ်; ကျွမ်းကျင်တယ်
01838916-a	mya:lemma	တော်တယ်; ကျွမ်းကျင်တယ်
01838916-a	mya:exe	မစ္စတာ မဆုအိ က ဟင်းချက်တော်တယ်။
03467517-n	mya:lemma	ဂီတာ
03467517-n	mya:exe	မစ္စတာ မဆုအိ က ဂီတာတီးတတ်တယ်။
03613294-n	mya:lemma	သော့; သော့ချောင်း; သော့အိမ်
03613294-n	mya:lemma	သော့; သော့ချောင်း; သော့အိမ်
03613294-n	mya:lemma	သော့; သော့ချောင်း; သော့အိမ်
03613294-n	mya:exe	ဒါ ကျွန်မ(/ကျွန်တော်) အိမ်သော့ ပါ။
01553629-a	mya:lemma	များတယ်; ထူထပ်တယ
01553629-a	mya:lemma	များတယ်; ထူထပ်တယ
01553629-a	mya:exe	ဒီကျောင်းမှာ နိုင်ငံခြားသားကျောင်းသား များတယ်။
01551633-a	mya:lemma	များတယ်; ထူထပ်တယ
01551633-a	mya:lemma	များတယ်; ထူထပ်တယ
01551633-a	mya:exe	ဒီကျောင်းမှာ နိုင်ငံခြားသားကျောင်းသား များတယ်။
01552419-a	mya:lemma	များတယ်; ထူထပ်တယ
01552419-a	mya:lemma	များတယ်; ထူထပ်တယ
01552419-a	mya:exe	ဒီကျောင်းမှာ နိုင်ငံခြားသားကျောင်းသား များတယ်။
00127137-a	mya:lemma	ဟောင်းတယ်; အဟောင်း; ရှေးကျတယ်; ရှေးဟောင်း
00127137-a	mya:lemma	ဟောင်းတယ်; အဟောင်း; ရှေးကျတယ်; ရှေးဟောင်း
00127137-a	mya:lemma	ဟောင်းတယ်; အဟောင်း; ရှေးကျတယ်; ရှေးဟောင်း
00127137-a	mya:lemma	ဟောင်းတယ်; အဟောင်း; ရှေးကျတယ်; ရှေးဟောင်း
00127137-a	mya:exe	ဂျပန် ရှေးဟောင်း ရုပ်ရှင် ဖြစ်ပါတယ်။
01638438-a	mya:lemma	ဟောင်းတယ်; အဟောင်း; ရှေးကျတယ်; ရှေးဟောင်း
01638438-a	mya:lemma	ဟောင်းတယ်; အဟောင်း; ရှေးကျတယ်; ရှေးဟောင်း
01638438-a	mya:lemma	ဟောင်းတယ်; အဟောင်း; ရှေးကျတယ်; ရှေးဟောင်း
01638438-a	mya:lemma	ဟောင်းတယ်; အဟောင်း; ရှေးကျတယ်; ရှေးဟောင်း
01638438-a	mya:exe	ဂျပန် ရှေးဟောင်း ရုပ်ရှင် ဖြစ်ပါတယ်။
01729384-a	mya:lemma	ဟောင်းတယ်; အဟောင်း; ရှေးကျတယ်; ရှေးဟောင်း
01729384-a	mya:lemma	ဟောင်းတယ်; အဟောင်း; ရှေးကျတယ်; ရှေးဟောင်း
01729384-a	mya:lemma	ဟောင်းတယ်; အဟောင်း; ရှေးကျတယ်; ရှေးဟောင်း
01729384-a	mya:lemma	ဟောင်းတယ်; အဟောင်း; ရှေးကျတယ်; ရှေးဟောင်း
01729384-a	mya:exe	ဂျပန် ရှေးဟောင်း ရုပ်ရှင် ဖြစ်ပါတယ်။
10694258-n	mya:lemma	ဆရာ; ဆရာမ; ကျောင်းဆရာ; ဆရာဝန်
10694258-n	mya:lemma	ဆရာ; ဆရာမ; ကျောင်းဆရာ; ဆရာဝန်
10694258-n	mya:lemma	ဆရာ; ဆရာမ; ကျောင်းဆရာ; ဆရာဝန်
10694258-n	mya:lemma	ဆရာ; ဆရာမ; ကျောင်းဆရာ; ဆရာဝန်
10694258-n	mya:exe	မနေ့က ဆရာ နေမကောင်းလို့ အတန်း မရှိဘူး။
07859284-n	mya:lemma	သကြား
07859284-n	mya:exe	ကျွန်မ(/ကျွန်တော်) ကော်ဖီကို သကြားထည့်သောက်တယ်။
09605289-n	mya:lemma	လူကြီး; အရွယ်ရောက်
09605289-n	mya:lemma	လူကြီး; အရွယ်ရောက်
09605289-n	mya:exe	လူကြီး ဖြစ်ရင်(/အရွယ်ရောက်ရင်) အရက် သောက်လို့ ရတယ်။
04081281-n	mya:lemma	စားသောက်ဆိုင်
04081281-n	mya:exe	ဒီနေ့ စားသောက်ဆိုင်မှာ ညစာ စားမယ်။
04081281-n	mya:lemma	စားသောက်ဆိုင်
04081281-n	mya:exe	မနက် ခုနစ်နာရီမှာ အိပ်ရာထတယ်၊ စားသောက်ဆိုင်မှာ မနက်စာ စားတယ်၊ ပြီးတော့ရှစ်နာရီ ကစပြီး လေ့ကျင့်တယ်။
10448983-n	mya:lemma	ရဲ; ရဲဘက်ဆိုင်ရာ
10448983-n	mya:lemma	ရဲ; ရဲဘက်ဆိုင်ရာ
10448983-n	mya:exe	ရဲက ကျွန်မ(/ကျွန်တော်)ကို နာမည်မေးတယ်။
10448983-n	mya:lemma	ရဲ; ရဲသာ
10448983-n	mya:lemma	ရဲ; ရဲသာ
10448983-n	mya:exe	ရဲသား က ကျွန်မ(/ကျွန်တော်)ကို ဘူတာအထိ လမ်းညွှန်ပေးတယ်။
90000507-n	mya:lemma	ဒီအပတ်
90000507-n	mya:exe	ဒီအပတ် ဂျပန်စာအတန်း မရှိဘူး။
02686568-n	mya:lemma	လေယာဉ်; လေယာဉ်ပျ
02686568-n	mya:lemma	လေယာဉ်; လေယာဉ်ပျ
02686568-n	mya:exe	လေယာဉ်ပျံနဲ့ တိုကျိုနဲ့ အိုဆာကာကို သွားလိုက်လာလိုက် လုပ်တယ်။
02691156-n	mya:lemma	လေယာဉ်; လေယာဉ်ပျ
02691156-n	mya:lemma	လေယာဉ်; လေယာဉ်ပျ
02691156-n	mya:exe	လေယာဉ်ပျံနဲ့ တိုကျိုနဲ့ အိုဆာကာကို သွားလိုက်လာလိုက် လုပ်တယ်။
08420278-n	mya:lemma	ဘဏ်
08420278-n	mya:exe	ဘဏ်ဖွင့်ချိန်က မနက် ကိုးနာရီကနေ ညနေ သုံးနာရီ ထိ ပါ။
02787772-n	mya:lemma	ဘဏ်
02787772-n	mya:exe	ဘဏ်ဖွင့်ချိန်က မနက် ကိုးနာရီကနေ ညနေ သုံးနာရီ ထိ ပါ။
02018049-v	mya:lemma	စီးတယ
02018049-v	mya:exe	လေယာဉ်ပျံ စီးမယ်။
02324026-v	mya:lemma	ချေးတယ်; ချေးပေးတယ်; ငှားတယ်; ငှားပေးတယ်
02324026-v	mya:lemma	ချေးတယ်; ချေးပေးတယ်; ငှားတယ်; ငှားပေးတယ်
02324026-v	mya:lemma	ချေးတယ်; ချေးပေးတယ်; ငှားတယ်; ငှားပေးတယ်
02324026-v	mya:lemma	ချေးတယ်; ချေးပေးတယ်; ငှားတယ်; ငှားပေးတယ်
02324026-v	mya:exe	မစ္စတာ ရာမဒဆီက ပိုက်ဆံချေးတယ်။
01447257-v	mya:lemma	နှိပ်တယ်; ဖိတယ
01447257-v	mya:lemma	နှိပ်တယ်; ဖိတယ
01447257-v	mya:exe	ပိုက်ဆံထည့်ပြီး ခလုတ်ကို နှိပ်တယ်။
02398378-a	mya:lemma	စပ်တယ်
02398378-a	mya:exe	ဟင့်အင်း၊မစပ်ပါဘူး။
02397732-a	mya:lemma	စပ်တယ်
02397732-a	mya:exe	ဟင့်အင်း၊မစပ်ပါဘူး။
06628228-n	mya:lemma	ပို့စကတ်
06628228-n	mya:exe	မစ္စတာ မဆုအိ ဆီကို ပို့စကတ် ပို့မယ်။
06627938-n	mya:lemma	ပို့စကတ်
06627938-n	mya:exe	မစ္စတာ မဆုအိ ဆီကို ပို့စကတ် ပို့မယ်။
03959485-n	mya:lemma	ပန်းကန်ပြား
03959485-n	mya:exe	ပန်းကန်ပြားအသစ်ကို သုံးမယ်။
00393105-a	mya:lemma	အဖြူ; အဖြူရောင်
00393105-a	mya:lemma	အဖြူ; အဖြူရောင်
00393105-a	mya:exe	မနေ့က ကုန်တိုက်မှာ အဖြူရောင်ဖိနပ်တစ်ရံ ဝယ်ခဲ့တယ်။
08625073-n	mya:lemma	ညာ; ညာဘက်; (လက်)ယာ; (လက်)ယာဘက်
08625073-n	mya:lemma	ညာ; ညာဘက်; (လက်)ယာ; (လက်)ယာဘက်
08625073-n	mya:lemma	ညာ; ညာဘက်; (လက်)ယာ; (လက်)ယာဘက်
08625073-n	mya:lemma	ညာ; ညာဘက်; (လက်)ယာ; (လက်)ယာဘက်
08625073-n	mya:exe	မစ္စတာ တာနာခါ ရဲ့ ညာဘက်မှာ မစ္စတာ ရာမဒ ရှိတယ်။
02728440-n	mya:lemma	အဝတ်အစား
02728440-n	mya:exe	ကုန်တိုက်မှာ အဝတ်အစား အသစ် ကို ဝယ်တယ်။
15165289-n	mya:lemma	မနက်
15165289-n	mya:exe	အမြဲတမ်း မနက်ရှစ်နာရီရထားကို စီးတယ်။
15165289-n	mya:lemma	အေအမ်; မနက်ပိုင်း; ည၁၂:၀၀မှနေ့လယ်၁၂:၀၀ထိအချိန်အပိုင်းအခြား
15165289-n	mya:lemma	အေအမ်; မနက်ပိုင်း; ည၁၂:၀၀မှနေ့လယ်၁၂:၀၀ထိအချိန်အပိုင်းအခြား
15165289-n	mya:lemma	အေအမ်; မနက်ပိုင်း; ည၁၂:၀၀မှနေ့လယ်၁၂:၀၀ထိအချိန်အပိုင်းအခြား
15165289-n	mya:exe	အခု မနက် ခုနစ်နာရီ ပါ။
00109151-r	mya:lemma	အဲဒီ; အဲဒီနေရာ
00109151-r	mya:lemma	အဲဒီ; အဲဒီနေရာ
00109151-r	mya:exe	အဲဒီဘက်က(/သူက) မစ္စတာ လီ ပါ။
03720163-n	mya:lemma	မြေပုံ
03720163-n	mya:exe	လမ်းမသိလို့ မြေပုံကို ကြည့်တယ်။
00024996-a	mya:lemma	အသစ်
00024996-a	mya:exe	ဆရာ့ဆီက ကြားတာ၊ နောက်လကစပြီးကျောင်းသားသစ် လာမယ်ဆိုပဲ။
01642477-a	mya:lemma	အသစ်
01642477-a	mya:exe	ဆရာ့ဆီက ကြားတာ၊ နောက်လကစပြီးကျောင်းသားသစ် လာမယ်ဆိုပဲ။
01641648-a	mya:lemma	အသစ်
01641648-a	mya:exe	ဆရာ့ဆီက ကြားတာ၊ နောက်လကစပြီးကျောင်းသားသစ် လာမယ်ဆိုပဲ။
01687167-a	mya:lemma	အသစ်
01687167-a	mya:exe	ဆရာ့ဆီက ကြားတာ၊ နောက်လကစပြီးကျောင်းသားသစ် လာမယ်ဆိုပဲ။
02584699-a	mya:lemma	အသစ်
02584699-a	mya:exe	ဆရာ့ဆီက ကြားတာ၊ နောက်လကစပြီးကျောင်းသားသစ် လာမယ်ဆိုပဲ။
01686439-a	mya:lemma	အသစ်
01686439-a	mya:exe	ဆရာ့ဆီက ကြားတာ၊ နောက်လကစပြီးကျောင်းသားသစ် လာမယ်ဆိုပဲ။
02070491-a	mya:lemma	အသစ်
02070491-a	mya:exe	ဆရာ့ဆီက ကြားတာ၊ နောက်လကစပြီးကျောင်းသားသစ် လာမယ်ဆိုပဲ။
02013758-a	mya:lemma	အသစ်
02013758-a	mya:exe	ဆရာ့ဆီက ကြားတာ၊ နောက်လကစပြီးကျောင်းသားသစ် လာမယ်ဆိုပဲ။
01640850-a	mya:lemma	အသစ်
01640850-a	mya:exe	ဆရာ့ဆီက ကြားတာ၊ နောက်လကစပြီးကျောင်းသားသစ် လာမယ်ဆိုပဲ။
00894552-n	mya:lemma	လေ့ကျင့်ခြင်း; လေ့ကျင့်ရေး
00894552-n	mya:lemma	လေ့ကျင့်ခြင်း; လေ့ကျင့်ရေး
00894552-n	mya:exe	တနင်္လာနေ့ ၊ ဗုဒ္ဓဟူးနေ့ နဲ့ သောကြာနေ့တွေ မှာ ဘောလုံး လေ့ကျင့်ရေး(/ဘောလုံး ခြေကျင့်ပွဲ) ရှိတယ်။
01292683-a	mya:lemma	ကြိုက်တယ်; နှစ်သက်တယ်
01292683-a	mya:lemma	ကြိုက်တယ်; နှစ်သက်တယ်
01292683-a	mya:exe	အမေ က ဟင်းချက်ရတာ ကြိုက်တယ်။(အမေ က ဟင်းချက် ဝါသနာပါတယ်။)
01777210-v	mya:lemma	ကြိုက်တယ်; နှစ်သက်တယ်
01777210-v	mya:lemma	ကြိုက်တယ်; နှစ်သက်တယ်
01777210-v	mya:exe	အမေ က ဟင်းချက်ရတာ ကြိုက်တယ်။(အမေ က ဟင်းချက် ဝါသနာပါတယ်။)
03038685-n	mya:lemma	စာသင်ခန်း
03038685-n	mya:exe	စာသင်ခန်းက ထွက်တယ်။
00296131-r	mya:lemma	လိမ့်မယ်; ဖြစ်လိမ့်မယ်
00296131-r	mya:lemma	လိမ့်မယ်; ဖြစ်လိမ့်မယ်
00296131-r	mya:exe	မစ္စတာ ဟယရှိ အဲဒီသတင်းကို သိလိမ့်မယ်။
00154449-r	mya:lemma	လိမ့်မယ်; ဖြစ်လိမ့်မယ်
00154449-r	mya:lemma	လိမ့်မယ်; ဖြစ်လိမ့်မယ်
00154449-r	mya:exe	မစ္စတာ ဟယရှိ အဲဒီသတင်းကို သိလိမ့်မယ်။
03001627-n	mya:lemma	ခုံ; ထိုင်ခုံ; ကုလားထိုင
03001627-n	mya:lemma	ခုံ; ထိုင်ခုံ; ကုလားထိုင
03001627-n	mya:lemma	ခုံ; ထိုင်ခုံ; ကုလားထိုင
03001627-n	mya:exe	ထိုင်ခုံမှာ ထိုင်ပြီး စကားပြောမယ်။
01734929-v	mya:lemma	မိတ္တူကူးတယ်; ကော်ပီကူးတယ်
01734929-v	mya:lemma	မိတ္တူကူးတယ်; ကော်ပီကူးတယ်
01734929-v	mya:exe	ဒါကို မိတ္တူ(/ကော်ပီ) ငါးစောင် ကူးမယ်။
01914947-v	mya:lemma	ပြေးတယ်
01914947-v	mya:exe	မစ္စတာ တာနာခါ ပြေးနေတာကို မြင်လိုက်တယ်။
01926311-v	mya:lemma	ပြေးတယ်
01926311-v	mya:exe	မစ္စတာ တာနာခါ ပြေးနေတာကို မြင်လိုက်တယ်။
02005496-v	mya:lemma	ပြန်တယ်
02005496-v	mya:exe	ဒီနေ့တော့ အိမ်ပြန်မယ်။
04379243-n	mya:lemma	စားပွဲ
04379243-n	mya:exe	စားပွဲပေါ်မှာ ပန်းအိုး ရှိတယ်။
04298308-n	mya:lemma	လှေခါး
04298308-n	mya:exe	ဓာတ်လှေခါး မစီးဘဲ လှေခါး ကို သုံးတယ်။
00037919-v	mya:lemma	(ရေ)ချိုးတယ်; လောင်းတယ်
00037919-v	mya:lemma	(ရေ)ချိုးတယ်; လောင်းတယ်
00037919-v	mya:exe	ညတိုင်း ရေချိုးပြီးမှ အိပ်တယ်။
01532589-v	mya:lemma	သန့်ရှင်းရေးလုပ်တယ်
01532589-v	mya:exe	အိမ်ပြန်ရောက်ရင် သန့်ရှင်းရေးလုပ်မယ်လို့ စိတ်ကူးတယ်။
01533442-v	mya:lemma	သန့်ရှင်းရေးလုပ်တယ်
01533442-v	mya:exe	အိမ်ပြန်ရောက်ရင် သန့်ရှင်းရေးလုပ်မယ်လို့ စိတ်ကူးတယ်။
07663592-n	mya:lemma	အမဲသား
07663592-n	mya:exe	အမဲသား က အသားတွေထဲမှာ ဈေးအကြီးဆုံးပဲ။
08182962-n	mya:lemma	အများကြီး
08182962-n	mya:exe	ပါတီပွဲကို လူတွေ အများကြီး လာကြတယ်။
08182379-n	mya:lemma	အများကြီး
08182379-n	mya:exe	ပါတီပွဲကို လူတွေ အများကြီး လာကြတယ်။
80000079-n	mya:lemma	ရှေ့လ; လာမယ့်လ
80000079-n	mya:lemma	ရှေ့လ; လာမယ့်လ
80000079-n	mya:exe	ရှေ့လက နိုင်ငံခြားကို ခရီးထွက်ခဲ့တယ်။
10020890-n	mya:lemma	ဆရာဝန်
10020890-n	mya:exe	မစ္စတာ ရာမဒ ကတော့၊ သူ့အဖေ က ဆရာဝန်လေ။(မစ္စတာ ရာမဒ ရဲ့ အဖေက ဆရာဝန် ပါ။)
10305802-n	mya:lemma	ဆရာဝန်
10305802-n	mya:exe	မစ္စတာ ရာမဒ ကတော့၊ သူ့အဖေ က ဆရာဝန်လေ။(မစ္စတာ ရာမဒ ရဲ့ အဖေက ဆရာဝန် ပါ။)
03710193-n	mya:lemma	စာတိုက်ပုံး
03710193-n	mya:exe	စာတိုက်ရဲ့ အရှေ့နဲ့ ဘူတာရဲ့ ဘေးတွေမှာ စာတိုက်ပုံး ရှိတယ်။
03989074-n	mya:lemma	စာတိုက်ပုံး
03989074-n	mya:exe	စာတိုက်ရဲ့ အရှေ့နဲ့ ဘူတာရဲ့ ဘေးတွေမှာ စာတိုက်ပုံး ရှိတယ်။
04489008-n	mya:lemma	ဘောင်းဘီ; ဘောင်းဘီရှည်
04489008-n	mya:lemma	ဘောင်းဘီ; ဘောင်းဘီရှည်
04489008-n	mya:exe	ဒီ ဘောင်းဘီက ကျွန်မ(/ကျွန်တော်)နဲ့ သေးနေလို့၊ ဝတ်လို့မရဘူး။
04230808-n	mya:lemma	စကတ်
04230808-n	mya:exe	မစ္စ ခိုဘယရှိက စကတ် ထက် ဘောင်းဘီ ကို ပိုကြိုက်တယ်။
08544813-n	mya:lemma	နိုင်ငံ; အမိနိုင်ငံ
08544813-n	mya:lemma	နိုင်ငံ; အမိနိုင်ငံ
08544813-n	mya:exe	ဂျပန်က ကျဉ်းတဲ့ နိုင်ငံ ဖြစ်တယ်။(ဂျပန်နိုင်ငံက ကျဉ်းတယ်။)
08490199-n	mya:lemma	နိုင်ငံ; အမိနိုင်ငံ
08490199-n	mya:lemma	နိုင်ငံ; အမိနိုင်ငံ
08490199-n	mya:exe	ဂျပန်က ကျဉ်းတဲ့ နိုင်ငံ ဖြစ်တယ်။(ဂျပန်နိုင်ငံက ကျဉ်းတယ်။)
00081737-r	mya:lemma	နှစ်တိုင်း; နှစ်စဉ်
00081737-r	mya:lemma	နှစ်တိုင်း; နှစ်စဉ်
00081737-r	mya:exe	နှစ်တိုင်း မိသားစုနဲ့ ခရီးထွက်တယ်။
05538625-n	mya:lemma	ခေါင်း; ဦးခေါင်း; ဉာဏ်; ဉာဏ်ရည်
05538625-n	mya:lemma	ခေါင်း; ဦးခေါင်း; ဉာဏ်; ဉာဏ်ရည်
05538625-n	mya:lemma	ခေါင်း; ဦးခေါင်း; ဉာဏ်; ဉာဏ်ရည်
05538625-n	mya:lemma	ခေါင်း; ဦးခေါင်း; ဉာဏ်; ဉာဏ်ရည်
05538625-n	mya:exe	မစ္စတာ ခိမုရ က ဉာဏ်အရမ်းကောင်းတယ်။
02418686-v	mya:lemma	ကစားတယ်; လျှောက်လည်တယ
02418686-v	mya:lemma	ကစားတယ်; လျှောက်လည်တယ
02418686-v	mya:exe	မနေ့က တစ်နေ့လုံး စာဖတ်လိုက်လို့ ဒီနေ့တော့ ကစားမယ်။
04965661-n	mya:lemma	အဝါ; အဝါရောင်
04965661-n	mya:lemma	အဝါ; အဝါရောင်
04965661-n	mya:exe	မွေးနေ့မှာ အဝါရောင် လက်ကိုင်ပဝါလေး လက်ဆောင်ရတယ်။
02561888-a	mya:lemma	ကျဉ်းတယ်
02561888-a	mya:exe	ဒီမြို့က လမ်းကျဉ်းတယ်။
00476663-a	mya:lemma	ကျဉ်းတယ်
00476663-a	mya:exe	ဒီမြို့က လမ်းကျဉ်းတယ်။
00009966-r	mya:lemma	ဆောင်ရွက်ပေးပါ; လုပ်ပေးပါ; ဆန္ဒအတိုင်းလုပ်ဆောင်ပါ; လက်ခံပါ; ယူပါ; ဝင်ပါ; သုံးဆောင်ပါ
00009966-r	mya:lemma	ဆောင်ရွက်ပေးပါ; လုပ်ပေးပါ; ဆန္ဒအတိုင်းလုပ်ဆောင်ပါ; လက်ခံပါ; ယူပါ; ဝင်ပါ; သုံးဆောင်ပါ
00009966-r	mya:lemma	ဆောင်ရွက်ပေးပါ; လုပ်ပေးပါ; ဆန္ဒအတိုင်းလုပ်ဆောင်ပါ; လက်ခံပါ; ယူပါ; ဝင်ပါ; သုံးဆောင်ပါ
00009966-r	mya:lemma	ဆောင်ရွက်ပေးပါ; လုပ်ပေးပါ; ဆန္ဒအတိုင်းလုပ်ဆောင်ပါ; လက်ခံပါ; ယူပါ; ဝင်ပါ; သုံးဆောင်ပါ
00009966-r	mya:lemma	ဆောင်ရွက်ပေးပါ; လုပ်ပေးပါ; ဆန္ဒအတိုင်းလုပ်ဆောင်ပါ; လက်ခံပါ; ယူပါ; ဝင်ပါ; သုံးဆောင်ပါ
00009966-r	mya:lemma	ဆောင်ရွက်ပေးပါ; လုပ်ပေးပါ; ဆန္ဒအတိုင်းလုပ်ဆောင်ပါ; လက်ခံပါ; ယူပါ; ဝင်ပါ; သုံးဆောင်ပါ
00009966-r	mya:lemma	ဆောင်ရွက်ပေးပါ; လုပ်ပေးပါ; ဆန္ဒအတိုင်းလုပ်ဆောင်ပါ; လက်ခံပါ; ယူပါ; ဝင်ပါ; သုံးဆောင်ပါ
00009966-r	mya:exe	တန်ဖိုးကြီးတဲ့အရာ မဟုတ်ပေမယ့် လက်ခံပေးပါ(/ယူပါ)။
10103485-n	mya:lemma	နိုင်ငံခြားသား
10103485-n	mya:exe	နိုင်ငံခြားသားနဲ့ စကားပြောရတာ ပျော်ဖို့ကောင်းတယ်။
02958343-n	mya:lemma	ကား; မော်တော်ကား
02958343-n	mya:lemma	ကား; မော်တော်ကား
02958343-n	mya:exe	ဒါ မော်တော်ကား မဂ္ဂဇင်း ပါ။
10332385-n	mya:lemma	အမေ; မေမေ
10332385-n	mya:lemma	အမေ; မေမေ
10332385-n	mya:exe	အမေ့ကို မွေးနေ့ လက်ဆောင် ပေးတယ်။
10332385-n	mya:lemma	(သူတစ်ပါးရဲ့)အမေ; (သူတစ်ပါးရဲ့)မေမေ
10332385-n	mya:lemma	(သူတစ်ပါးရဲ့)အမေ; (သူတစ်ပါးရဲ့)မေမေ
10332385-n	mya:exe	မစ္စတာ ရာမဒ ရဲ့ အမေက ဟင်းချက် အရမ်းတော်တယ်။
02410855-v	mya:lemma	အလုပ်လုပ်တယ်
02410855-v	mya:exe	မစ္စတာ ရာမဒ ကတော့၊ သူ့အဖေ က အရမ်း(/တော်တော်)အလုပ်လုပ်တယ်။(မစ္စတာ ရာမဒ ရဲ့ အဖေက အရမ်း အလုပ်လုပ်တယ်။)
07668702-n	mya:lemma	ဝက်သား
07668702-n	mya:exe	ကျွန်မ(/ကျွန်တော်) ဝက်သား မစားဘူး။
00081836-n	mya:lemma	ဈေးဝယ်ခြင်း
00081836-n	mya:exe	စူပါမားကက်မှာ ညစာအတွက်ဈေးဝယ်ခဲ့တယ်။
04203889-n	mya:lemma	ဈေးဝယ်ခြင်း
04203889-n	mya:exe	စူပါမားကက်မှာ ညစာအတွက်ဈေးဝယ်ခဲ့တယ်။
13836136-n	mya:lemma	အနောက်; အနောက်ဘက်
13836136-n	mya:lemma	အနောက်; အနောက်ဘက်
13836136-n	mya:exe	ဒီကနေ အနောက်ဘက်ကို နည်းနည်း သွားရင် ပင်လယ် ရှိတယ်။
02368336-a	mya:lemma	ချိုတယ
02368336-a	mya:exe	ဒီမုန့် က ချိုတယ်။
04254777-n	mya:lemma	ခြေအိတ်; ခြေစွပ်
04254777-n	mya:lemma	ခြေအိတ်; ခြေစွပ်
04254777-n	mya:exe	ဒီခြေအိတ်က ခိုင်ပြီး ဈေးပေါတယ်။
01845229-v	mya:lemma	ခရီးသွားတယ်
01845229-v	mya:exe	နောင်နှစ်ကျရင် နိုင်ငံခြားခရီးသွားမလို့ စိတ်ကူးနေတယ်။
01846916-v	mya:lemma	ခရီးသွားတယ်
01846916-v	mya:exe	နောင်နှစ်ကျရင် နိုင်ငံခြားခရီးသွားမလို့ စိတ်ကူးနေတယ်။
01845720-v	mya:lemma	ခရီးသွားတယ်
01845720-v	mya:exe	နောင်နှစ်ကျရင် နိုင်ငံခြားခရီးသွားမလို့ စိတ်ကူးနေတယ်။
10112591-n	mya:lemma	သူငယ်ချင်း
10112591-n	mya:exe	သူငယ်ချင်းနဲ့ ဥရောပကို အလည်သွားမလားလို့ စိတ်ကူးနေတယ်။
08588294-n	mya:lemma	ထဲ; အထဲ
08588294-n	mya:lemma	ထဲ; အထဲ
08588294-n	mya:exe	သေတ္တာပုံးထဲမှာ ခွေးသေးသေးလေး ရှိတယ်။
08588152-n	mya:lemma	ထဲ; အထဲ
08588152-n	mya:lemma	ထဲ; အထဲ
08588152-n	mya:exe	သေတ္တာပုံးထဲမှာ ခွေးသေးသေးလေး ရှိတယ်။
77000021-n	mya:lemma	နင်; မင်း; သင်; ခင်ဗျား; ရှင်
77000021-n	mya:lemma	နင်; မင်း; သင်; ခင်ဗျား; ရှင်
77000021-n	mya:lemma	နင်; မင်း; သင်; ခင်ဗျား; ရှင်
77000021-n	mya:lemma	နင်; မင်း; သင်; ခင်ဗျား; ရှင်
77000021-n	mya:lemma	နင်; မင်း; သင်; ခင်ဗျား; ရှင်
77000021-n	mya:exe	နင်(/မင်း/သင်/ခင်ဗျား/ရှင်) ဘာအလုပ်လုပ် သလဲ။
02771169-v	mya:lemma	နေသာတယ်
02771169-v	mya:exe	မနက်ဖန် နေသာရင် တင်းနစ် ကစားကြမယ်။
77000061-a	mya:lemma	ဒ
77000061-a	mya:exe	ဒီ အဆောက်အအုံက ရှေးကျပြီး နာမည်ကြီးတယ်။
80001619-a	mya:lemma	ဒ
80001619-a	mya:exe	ဒီ အဆောက်အအုံက ရှေးကျပြီး နာမည်ကြီးတယ်။
77000075-a	mya:lemma	ဒ
77000075-a	mya:exe	ဒီ အဆောက်အအုံက ရှေးကျပြီး နာမည်ကြီးတယ်။
04018667-n	mya:lemma	သန့်စင်ခန်း; အိမ်သာ
04018667-n	mya:lemma	သန့်စင်ခန်း; အိမ်သာ
04018667-n	mya:exe	သန့်စင်ခန်း က နှစ်ထပ်/(ဒုတိယထပ်)မှာ ရှိတယ်။
08649345-n	mya:lemma	ဘေး; ဘေးနား; အလျား
08649345-n	mya:lemma	ဘေး; ဘေးနား; အလျား
08649345-n	mya:lemma	ဘေး; ဘေးနား; အလျား
08649345-n	mya:exe	ဒီသေတ္တာက အနံ တိုပြီး အလျား ရှည်တယ်။
08649345-n	mya:lemma	ဘေး; နံဘေ
08649345-n	mya:lemma	ဘေး; နံဘေ
08649345-n	mya:exe	မစ္စတာ မဆုအိရဲ့အိမ်က ကျွန်မ(/ကျွန်တော်) အိမ်ရဲ့ဘေးမှာ ရှိတယ်။
08649345-n	mya:lemma	ဘေးနား
08649345-n	mya:exe	အဲဒီ ကော်ဖီဆိုင်က စာအုပ်ဆိုင်ရဲ့ ဘေးနားမှာ ရှိတယ်။
05136150-n	mya:lemma	ဘေး; ဘေးနား; အလျား
05136150-n	mya:lemma	ဘေး; ဘေးနား; အလျား
05136150-n	mya:lemma	ဘေး; ဘေးနား; အလျား
05136150-n	mya:exe	ဒီသေတ္တာက အနံ တိုပြီး အလျား ရှည်တယ်။
15165490-n	mya:lemma	နေ့လယ်; နေ့ခင်း
15165490-n	mya:lemma	နေ့လယ်; နေ့ခင်း
15165490-n	mya:exe	နေ့တိုင်း နေ့လယ်ပိုင်းဆို တစ်နာရီ နားတယ်။
04272054-n	mya:lemma	မျက်မှန်
04272054-n	mya:exe	ဟို မျက်မှန်တပ်ထားတဲ့ လူက မစ္စတာ မဆုအိ ပါ။
80000746-n	mya:lemma	ခန်းဂျီး
80000746-n	mya:exe	ကျွန်မ(/ကျွန်တော်) ခန်းဂျီး ရေးတတ်တယ်။
10287213-n	mya:lemma	ယောက်ျားလေး; ကောင်လေး
10287213-n	mya:lemma	ယောက်ျားလေး; ကောင်လေး
10287213-n	mya:exe	အဲဒီ အမျိုးသားက အရပ် မြင့်ပြီး ခြေထောက်ရှည်တယ်။
09624168-n	mya:lemma	ယောက်ျားလေး; ကောင်လေး
09624168-n	mya:lemma	ယောက်ျားလေး; ကောင်လေး
09624168-n	mya:exe	အဲဒီ အမျိုးသားက အရပ် မြင့်ပြီး ခြေထောက်ရှည်တယ်။
15164105-n	mya:lemma	အင်္ဂါ; အင်္ဂါနေ့
15164105-n	mya:lemma	အင်္ဂါ; အင်္ဂါနေ့
15164105-n	mya:exe	အင်္ဂါနေ့မကျော်ခင်ထိ စာအုပ် ပြန်မအပ်လို့ မဖြစ်ဘူး။ (အင်္ဂါနေ့မတိုင်မီ စာအုပ် ပြန်အပ်ရမယ်။)
77000099-n	mya:lemma	အားလုံး
77000099-n	mya:exe	အားလုံး ဒီတက္ကသိုလ်ကကျောင်းသားတွေပါ။
00479391-v	mya:lemma	ပိတ်တယ်
00479391-v	mya:exe	မအိပ်ခင် မီးပိတ်တယ်။
08489627-n	mya:lemma	ဟိုက; ဟိုဘက်
08489627-n	mya:lemma	ဟိုက; ဟိုဘက်
08489627-n	mya:exe	စားသောက်ဆိုင်က ဟိုက အဆောက်အအုံထဲမှာ ရှိတယ်။
01168468-v	mya:lemma	စားတယ်
01168468-v	mya:exe	ကိတ်မုန့် စားတာ မစ္စတာ ရာမဒ ပါ။\n(ကိတ်မု့န် စားတဲ့လူက မစ္စတာ ရာမဒ ပါ။) 
01166351-v	mya:lemma	စားတယ်
01166351-v	mya:exe	ကိတ်မုန့် စားတာ မစ္စတာ ရာမဒ ပါ။\n(ကိတ်မု့န် စားတဲ့လူက မစ္စတာ ရာမဒ ပါ။) 
01179865-v	mya:lemma	စားတယ်
01179865-v	mya:exe	ကိတ်မုန့် စားတာ မစ္စတာ ရာမဒ ပါ။\n(ကိတ်မု့န် စားတဲ့လူက မစ္စတာ ရာမဒ ပါ။) 
02818832-n	mya:lemma	အိပ်ရာ; ခုတင်
02818832-n	mya:lemma	အိပ်ရာ; ခုတင်
02818832-n	mya:exe	ကျွန်မ(/ကျွန်တော်) အမြဲတမ်း အိပ်ရာ မှာ အိပ်တယ်။
90000503-n	mya:lemma	နောက်နှစ်; လာမယ့်နှစ်
90000503-n	mya:lemma	နောက်နှစ်; လာမယ့်နှစ်
90000503-n	mya:exe	ကျွန်မ(/ကျွန်တော်)အစ်ကို လာမယ့်နှစ် ကစပြီး ဘဏ်မှာ အလုပ်ဝင်မယ်။
08168367-n	mya:lemma	နိုင်ငံခြား; ပြည်ပ
08168367-n	mya:lemma	နိုင်ငံခြား; ပြည်ပ
08168367-n	mya:exe	ဟို တယ်လီဖုန်းနဲ့ နိုင်ငံခြားကို ဖုန်းခေါ်လို့ ရသလား။
02560548-a	mya:lemma	ကျယ်တယ်; ကြီးတယ
02560548-a	mya:lemma	ကျယ်တယ်; ကြီးတယ
02560548-a	mya:exe	ကျွန်မ(/ကျွန်တော်) အခန်းက သိပ် မကျယ်ဘူး။
01384212-a	mya:lemma	ကျယ်တယ်; ကြီးတယ
01384212-a	mya:lemma	ကျယ်တယ်; ကြီးတယ
01384212-a	mya:exe	ကျွန်မ(/ကျွန်တော်) အခန်းက သိပ် မကျယ်ဘူး။
01031256-v	mya:lemma	ထုတ်တယ်; ပို့တယ်
01031256-v	mya:lemma	ထုတ်တယ်; ပို့တယ်
01031256-v	mya:exe	အဖြေ ရေးပြီးတဲ့ စာရွက်ကို တင်(/ထပ်)လိုက်ပါ။
01995211-v	mya:lemma	ထုတ်တယ်; ပို့တယ်
01995211-v	mya:lemma	ထုတ်တယ်; ပို့တယ်
01995211-v	mya:exe	အဖြေ ရေးပြီးတဲ့ စာရွက်ကို တင်(/ထပ်)လိုက်ပါ။
00255710-n	mya:lemma	လျှော်စရာ; လျှော်စရာအဝတ်
00255710-n	mya:lemma	လျှော်စရာ; လျှော်စရာအဝတ်
00255710-n	mya:exe	နက်ဖန်မနက်ကျရင် အဝတ် မလျှော်လို့ မဖြစ်ဘူး။
07110457-n	mya:lemma	စကား
07110457-n	mya:exe	မစ္စတာ မဆုအိ က မစ္စတာ ဟယရှိ နဲ့ စကား ပြောနေတယ်။
00893243-n	mya:lemma	စကား
00893243-n	mya:exe	မစ္စတာ မဆုအိ က မစ္စတာ ဟယရှိ နဲ့ စကား ပြောနေတယ်။
07221094-n	mya:lemma	စကား
07221094-n	mya:exe	မစ္စတာ မဆုအိ က မစ္စတာ ဟယရှိ နဲ့ စကား ပြောနေတယ်။
07139316-n	mya:lemma	စကား
07139316-n	mya:exe	မစ္စတာ မဆုအိ က မစ္စတာ ဟယရှိ နဲ့ စကား ပြောနေတယ်။
00031798-r	mya:lemma	～သွား
00031798-r	mya:exe	ဆေးသောက်လိုက်ရင် ကောင်းသွားမှာပါ။
07555863-n	mya:lemma	အစားအစာ; စားစရာ; အစားအသောက်
07555863-n	mya:lemma	အစားအစာ; စားစရာ; အစားအသောက်
07555863-n	mya:lemma	အစားအစာ; စားစရာ; အစားအသောက်
07555863-n	mya:exe	ဘာ အစားအစာ ကြိုက်သလဲ။
07560652-n	mya:lemma	အစားအစာ; စားစရာ; အစားအသောက်
07560652-n	mya:lemma	အစားအစာ; စားစရာ; အစားအသောက်
07560652-n	mya:lemma	အစားအစာ; စားစရာ; အစားအသောက်
07560652-n	mya:exe	ဘာ အစားအစာ ကြိုက်သလဲ။
00157412-r	mya:lemma	တစ်ခါတလေ; ရံဖန်ရံခါ
00157412-r	mya:lemma	တစ်ခါတလေ; ရံဖန်ရံခါ
00157412-r	mya:exe	မစ္စတာ ခိမုရ က တစ်ခါတလေတော့ ညစာချက်တယ်။
00021212-r	mya:lemma	တစ်ခါတလေ; ရံဖန်ရံခါ
00021212-r	mya:lemma	တစ်ခါတလေ; ရံဖန်ရံခါ
00021212-r	mya:exe	မစ္စတာ ခိမုရ က တစ်ခါတလေတော့ ညစာချက်တယ်။
03740161-n	mya:lemma	ဆေး
03740161-n	mya:exe	အအေးမိသွားလို့ ဆေးသောက်မယ်။
02318272-a	mya:lemma	တန်းတန်း; ဖြောင့်ဖြောင့်; မတ်မတ
02318272-a	mya:lemma	တန်းတန်း; ဖြောင့်ဖြောင့်; မတ်မတ
02318272-a	mya:lemma	တန်းတန်း; ဖြောင့်ဖြောင့်; မတ်မတ
02318272-a	mya:exe	ဘူတာကထွက်ပြီး ဟိုလမ်းကနေ တည့်တည့် သွားပါ။
02310895-a	mya:lemma	တန်းတန်း; ဖြောင့်ဖြောင့်; မတ်မတ
02310895-a	mya:lemma	တန်းတန်း; ဖြောင့်ဖြောင့်; မတ်မတ
02310895-a	mya:lemma	တန်းတန်း; ဖြောင့်ဖြောင့်; မတ်မတ
02310895-a	mya:exe	ဘူတာကထွက်ပြီး ဟိုလမ်းကနေ တည့်တည့် သွားပါ။
02314584-a	mya:lemma	တန်းတန်း; ဖြောင့်ဖြောင့်; မတ်မတ
02314584-a	mya:lemma	တန်းတန်း; ဖြောင့်ဖြောင့်; မတ်မတ
02314584-a	mya:lemma	တန်းတန်း; ဖြောင့်ဖြောင့်; မတ်မတ
02314584-a	mya:exe	ဘူတာကထွက်ပြီး ဟိုလမ်းကနေ တည့်တည့် သွားပါ။
10787470-n	mya:lemma	မိန်းမ; အမျိုးသမီး
10787470-n	mya:lemma	မိန်းမ; အမျိုးသမီး
10787470-n	mya:exe	ဟို အမျိုးသမီးချောလေးက မစ္စ ခိမုရ ပါ။
04404997-n	mya:lemma	ကင်မရာ
04404997-n	mya:exe	ကင်မရာ အသစ် ဝယ်လိုက်တယ်။
02942699-n	mya:lemma	ကင်မရာ
02942699-n	mya:exe	ကင်မရာ အသစ် ဝယ်လိုက်တယ်။
04370048-n	mya:lemma	ဆွယ်တ
04370048-n	mya:exe	ပူလို့ ဆွယ်တာ ချွတ်မယ်။
02626604-v	mya:lemma	ဖြစ်တယ်
02626604-v	mya:exe	နွေရောက်ရင် ပူလာမယ်။
02623529-v	mya:lemma	ဖြစ်တယ်
02623529-v	mya:exe	နွေရောက်ရင် ပူလာမယ်။
04398497-n	mya:lemma	ကော်ဖီဆိုင်
04398497-n	mya:exe	ကျောင်းဆင်းပြီးတော့မှ သူငယ်ချင်းနဲ့ ကော်ဖီဆိုင်မှာ လက်ဖက်ရည် သောက်တယ်။
00081591-r	mya:lemma	အပတ်တိုင်း; အပတ်စဉ်
00081591-r	mya:lemma	အပတ်တိုင်း; အပတ်စဉ်
00081591-r	mya:exe	အပတ်စဉ် စနေနေ့တိုင်း ဘောလုံး လေ့ကျင့်တယ်။
01535246-v	mya:lemma	ဆေးတယ်; သန့်စင်တယ
01535246-v	mya:lemma	ဆေးတယ်; သန့်စင်တယ
01535246-v	mya:exe	ရေချိုးခန်းမှာ ကိုယ်လက် သန့်စင်တယ်။
01535246-v	mya:lemma	အဝတ်လျှော်တယ်
01535246-v	mya:exe	နက်ဖန်မနက်ကျရင် အဝတ် မလျှော်လို့ မဖြစ်ဘူး။
00036362-v	mya:lemma	ဆေးတယ်; သန့်စင်တယ
00036362-v	mya:lemma	ဆေးတယ်; သန့်စင်တယ
00036362-v	mya:exe	ရေချိုးခန်းမှာ ကိုယ်လက် သန့်စင်တယ်။
01536168-v	mya:lemma	ဆေးတယ်; သန့်စင်တယ
01536168-v	mya:lemma	ဆေးတယ်; သန့်စင်တယ
01536168-v	mya:exe	ရေချိုးခန်းမှာ ကိုယ်လက် သန့်စင်တယ်။
00606093-v	mya:lemma	လေ့ကျင့်တယ်
00606093-v	mya:exe	များများ လေ့ကျင့်ရင် ဂျပန်စကား ကျွမ်းလာမယ်။
01723224-v	mya:lemma	လေ့ကျင့်တယ်
01723224-v	mya:exe	များများ လေ့ကျင့်ရင် ဂျပန်စကား ကျွမ်းလာမယ်။
15156187-n	mya:lemma	မနေ့က
15156187-n	mya:exe	မနေ့က အမေ့ဆီ စာ ပို့လိုက်တယ်။
01919428-a	mya:lemma	ဆိတ်ငြိမ်တယ်; တိတ်ဆိတ်တယ်; ငြိမ်နေတယ
01919428-a	mya:lemma	ဆိတ်ငြိမ်တယ်; တိတ်ဆိတ်တယ်; ငြိမ်နေတယ
01919428-a	mya:lemma	ဆိတ်ငြိမ်တယ်; တိတ်ဆိတ်တယ်; ငြိမ်နေတယ
01919428-a	mya:exe	မစ္စတာ ရာမဒ က အမြဲတမ်း တက်ကြွနေပြီး၊ ဒီနေ့တော့ ငြိမ်နေတယ်။
01918984-a	mya:lemma	ဆိတ်ငြိမ်တယ်; တိတ်ဆိတ်တယ်; ငြိမ်နေတယ
01918984-a	mya:lemma	ဆိတ်ငြိမ်တယ်; တိတ်ဆိတ်တယ်; ငြိမ်နေတယ
01918984-a	mya:lemma	ဆိတ်ငြိမ်တယ်; တိတ်ဆိတ်တယ်; ငြိမ်နေတယ
01918984-a	mya:exe	မစ္စတာ ရာမဒ က အမြဲတမ်း တက်ကြွနေပြီး၊ ဒီနေ့တော့ ငြိမ်နေတယ်။
04437953-n	mya:lemma	နာရီ\
04437953-n	mya:exe	ဒီ နာရီ ကျိန်းသေ ဈေးကြီးမှာ သေချာတယ်။
03046257-n	mya:lemma	နာရီ\
03046257-n	mya:exe	ဒီ နာရီ ကျိန်းသေ ဈေးကြီးမှာ သေချာတယ်။
00842199-a	mya:lemma	သန်မာတယ်; အားသာတယ်
00842199-a	mya:lemma	သန်မာတယ်; အားသာတယ်
00842199-a	mya:exe	ဘရာဇီးဟာ ဘောလုံး အရမ်း အားသာတဲ့ နိုင်ငံ ဖြစ်တယ်။
15163979-n	mya:lemma	တနင်္လာ; တနင်္လာနေ့
15163979-n	mya:lemma	တနင်္လာ; တနင်္လာနေ့
15163979-n	mya:exe	တနင်္လာနေ့ဆို မနက်ကတည်းက ကျောင်းသွားတယ်။
00059413-r	mya:lemma	ခဏခဏ; မကြာခဏ; အမြဲတမ်း
00059413-r	mya:lemma	ခဏခဏ; မကြာခဏ; အမြဲတမ်း
00059413-r	mya:lemma	ခဏခဏ; မကြာခဏ; အမြဲတမ်း
00059413-r	mya:exe	မစ္စတာ ခိမုရနဲ့ ဟို(/အဲဒီ) ကော်ဖီဆိုင်ကို ခဏခဏ သွားတယ်။ (မစ္စတာ ခိမုရနဲ့ အမြဲတမ်း ဟို(/အဲဒီ)ကော်ဖီဆိုင် ကို သွားတယ်။)
00035058-r	mya:lemma	ခဏခဏ; မကြာခဏ; အမြဲတမ်း
00035058-r	mya:lemma	ခဏခဏ; မကြာခဏ; အမြဲတမ်း
00035058-r	mya:lemma	ခဏခဏ; မကြာခဏ; အမြဲတမ်း
00035058-r	mya:exe	မစ္စတာ ခိမုရနဲ့ ဟို(/အဲဒီ) ကော်ဖီဆိုင်ကို ခဏခဏ သွားတယ်။ (မစ္စတာ ခိမုရနဲ့ အမြဲတမ်း ဟို(/အဲဒီ)ကော်ဖီဆိုင် ကို သွားတယ်။)
05687338-n	mya:lemma	ပုစ္ဆာ; မေးခွန်း\n; ပြဿနာ
05687338-n	mya:lemma	ပုစ္ဆာ; မေးခွန်း\n; ပြဿနာ
05687338-n	mya:lemma	ပုစ္ဆာ; မေးခွန်း\n; ပြဿနာ
05687338-n	mya:exe	မေးခွန်းက စာမျက်နှာဆယ်ငါးမှာ ရေးထားတယ်။
06784003-n	mya:lemma	ပုစ္ဆာ; မေးခွန်း\n; ပြဿနာ
06784003-n	mya:lemma	ပုစ္ဆာ; မေးခွန်း\n; ပြဿနာ
06784003-n	mya:lemma	ပုစ္ဆာ; မေးခွန်း\n; ပြဿနာ
06784003-n	mya:exe	မေးခွန်းက စာမျက်နှာဆယ်ငါးမှာ ရေးထားတယ်။
03281145-n	mya:lemma	ဓာတ်လှေခါး
03281145-n	mya:exe	ဟိုမှာ ဓာတ်လှေခါး ရှိတယ်။
05320899-n	mya:lemma	နား; နားရွက
05320899-n	mya:lemma	နား; နားရွက
05320899-n	mya:exe	ဟိုခွေးက နားရွက် ကြီးတယ်။(ဟိုခွေးရဲ့ နားရွက်က ကြီးတယ်။)
00007846-n	mya:lemma	တစ်ယောက်ယောက်; ဘယ်သူ
00007846-n	mya:lemma	တစ်ယောက်ယောက်; ဘယ်သူ
00007846-n	mya:exe	တစ်ယောက်ယောက်များ ကျွန်မ(/ကျွန်တော်) ဘောပင် ယူသွားသေး လားမသိဘူး။
03436182-n	mya:lemma	ရေဒီယိုကက်ဆက်
03436182-n	mya:exe	ရေဒီယိုကက်ဆက် က ရေဒီယိုရော သီချင်းရော နားထောင်လို့ ရတယ်။
04284002-n	mya:lemma	ဇွန်း
04284002-n	mya:exe	ဇွန်းနဲ့ ကော်ဖီ ထဲကို သကြား ထည့်တယ်။
13134947-n	mya:lemma	သစ်သီး; သစ်သီး၀လံ
13134947-n	mya:lemma	သစ်သီး; သစ်သီး၀လံ
13134947-n	mya:exe	ကျွန်မ(/ကျွန်တော်) မနက်တိုင်း ဟင်းသီးဟင်းရွက်နဲ့ သစ်သီးကို စားတယ်။
11683989-n	mya:lemma	သစ်သီး; သစ်သီး၀လံ
11683989-n	mya:lemma	သစ်သီး; သစ်သီး၀လံ
11683989-n	mya:exe	ကျွန်မ(/ကျွန်တော်) မနက်တိုင်း ဟင်းသီးဟင်းရွက်နဲ့ သစ်သီးကို စားတယ်။
02730813-v	mya:lemma	ပြောတယ်
02730813-v	mya:exe	မနက်အိပ်ရာထတဲ့ အခါ “အိုဟိုင်းရိုး ဂိုဇိုင်းမတ်” လို့ ပြောတယ်။
01009240-v	mya:lemma	ပြောတယ်
01009240-v	mya:exe	မနက်အိပ်ရာထတဲ့ အခါ “အိုဟိုင်းရိုး ဂိုဇိုင်းမတ်” လို့ ပြောတယ်။
00941990-v	mya:lemma	ပြောတယ်
00941990-v	mya:exe	မနက်အိပ်ရာထတဲ့ အခါ “အိုဟိုင်းရိုး ဂိုဇိုင်းမတ်” လို့ ပြောတယ်။
00979870-v	mya:lemma	ပြောတယ်
00979870-v	mya:exe	မနက်အိပ်ရာထတဲ့ အခါ “အိုဟိုင်းရိုး ဂိုဇိုင်းမတ်” လို့ ပြောတယ်။
09854218-n	mya:lemma	(မိမိရဲ့)အစ်မ; (မိမိရဲ့)မမ
09854218-n	mya:lemma	(မိမိရဲ့)အစ်မ; (မိမိရဲ့)မမ
09854218-n	mya:exe	အခု အစ်မက တိုကျိုမှာ တစ်ယောက်တည်း နေနေတယ်။
04507155-n	mya:lemma	ထီး
04507155-n	mya:exe	ရထားပေါ်မှာ ထီး မေ့ကျန်ခဲ့တယ်။
02229324-a	mya:lemma	ညံ့တယ်
02229324-a	mya:exe	သီချင်း ညံ့လို့ အဆိုလေ့ကျင့်မလားလို့ စဉ်းစားနေတယ်။
01870636-a	mya:lemma	ညံ့တယ်
01870636-a	mya:exe	သီချင်း ညံ့လို့ အဆိုလေ့ကျင့်မလားလို့ စဉ်းစားနေတယ်။
01128103-a	mya:lemma	ညံ့တယ်
01128103-a	mya:exe	သီချင်း ညံ့လို့ အဆိုလေ့ကျင့်မလားလို့ စဉ်းစားနေတယ်။
02229000-a	mya:lemma	ညံ့တယ်
02229000-a	mya:exe	သီချင်း ညံ့လို့ အဆိုလေ့ကျင့်မလားလို့ စဉ်းစားနေတယ်။
15270431-n	mya:lemma	～နာရီကြာ
15270431-n	mya:exe	မနေ့က ရှစ်နာရီကြာ အိပ်တယ်။
15227846-n	mya:lemma	～နာရီကြာ
15227846-n	mya:exe	မနေ့က ရှစ်နာရီကြာ အိပ်တယ်။
15269513-n	mya:lemma	～နာရီကြာ
15269513-n	mya:exe	မနေ့က ရှစ်နာရီကြာ အိပ်တယ်။
00744916-a	mya:lemma	ခက်တယ်
00744916-a	mya:exe	ဒီ စာအုပ်က ခန်းဂျီးတွေ များပြီး ခက်တယ်။
04401088-n	mya:lemma	ဖုန်း; ဖုန်းဆက်ခြင်း
04401088-n	mya:lemma	ဖုန်း; ဖုန်းဆက်ခြင်း
04401088-n	mya:exe	မစ္စတာ ခိမုရ က ဖုန်းငှားပေးထားတယ်။\n(ကျွန်မ(/ကျွန်တော်) မစ္စတာ ခိမုရ ဆီက ဖုန်းငှားထားတယ်။)
06272803-n	mya:lemma	ဖုန်း; ဖုန်းဆက်ခြင်း
06272803-n	mya:lemma	ဖုန်း; ဖုန်းဆက်ခြင်း
06272803-n	mya:exe	မစ္စတာ ခိမုရ က ဖုန်းငှားပေးထားတယ်။\n(ကျွန်မ(/ကျွန်တော်) မစ္စတာ ခိမုရ ဆီက ဖုန်းငှားထားတယ်။)
02870092-n	mya:lemma	စာအုပ်
02870092-n	mya:exe	ကျွန်မ(/ကျွန်တော်) အဖေဆီက စာအုပ် ရခဲ့တယ်။
06410904-n	mya:lemma	စာအုပ်
06410904-n	mya:exe	ကျွန်မ(/ကျွန်တော်) အဖေဆီက စာအုပ် ရခဲ့တယ်။
14974264-n	mya:lemma	စက္ကူ; စာရွက
14974264-n	mya:lemma	စက္ကူ; စာရွက
14974264-n	mya:exe	ဒီ စာရွက်ပေါ်မှာ မေးခွန်းရဲ့ အဖြေကို ရေးမယ်။
80000677-n	mya:lemma	စက္ကူ; စာရွက
80000677-n	mya:lemma	စက္ကူ; စာရွက
80000677-n	mya:exe	ဒီ စာရွက်ပေါ်မှာ မေးခွန်းရဲ့ အဖြေကို ရေးမယ်။
06255777-n	mya:lemma	စက္ကူ; စာရွက
06255777-n	mya:lemma	စက္ကူ; စာရွက
06255777-n	mya:exe	ဒီ စာရွက်ပေါ်မှာ မေးခွန်းရဲ့ အဖြေကို ရေးမယ်။
04960277-n	mya:lemma	အနက်; အနက်ရောင်; အမဲ; အမဲရောင်
04960277-n	mya:lemma	အနက်; အနက်ရောင်; အမဲ; အမဲရောင်
04960277-n	mya:lemma	အနက်; အနက်ရောင်; အမဲ; အမဲရောင်
04960277-n	mya:lemma	အနက်; အနက်ရောင်; အမဲ; အမဲရောင်
04960277-n	mya:exe	ကုမ္ပဏီသွားတဲ့အခါ အနက်ရောင် အနောက်တိုင်းဝတ်စုံကို ဝတ်တယ်။
02770717-v	mya:lemma	မိုးအုံ့တယ်; တိမ်ထူတယ
02770717-v	mya:lemma	မိုးအုံ့တယ်; တိမ်ထူတယ
02770717-v	mya:exe	မနေ့က တောက်လျှောက် မိုးအုံ့တယ်။
02529945-a	mya:lemma	အေးတယ်; အေးမြတယ်
02529945-a	mya:lemma	အေးတယ်; အေးမြတယ်
02529945-a	mya:exe	ဆောင်းဦး က အေးမြတယ်။
02207206-v	mya:lemma	ဝယ်တယ်
02207206-v	mya:exe	 ရှပ်အင်္ကျီ သွားဝယ်မယ်။
02208265-v	mya:lemma	ဝယ်တယ်
02208265-v	mya:exe	 ရှပ်အင်္ကျီ သွားဝယ်မယ်။
00422620-a	mya:lemma	ညစ်ပတ်တယ်
00422620-a	mya:exe	ဒီအနီးတဝိုက်က ပင်လယ် က ညစ်ပတ်တယ်။
01908889-a	mya:lemma	ညစ်ပတ်တယ်
01908889-a	mya:exe	ဒီအနီးတဝိုက်က ပင်လယ် က ညစ်ပတ်တယ်။
00419289-a	mya:lemma	ညစ်ပတ်တယ်
00419289-a	mya:exe	ဒီအနီးတဝိုက်က ပင်လယ် က ညစ်ပတ်တယ်။
01345109-v	mya:lemma	ပိတ်တယ်
01345109-v	mya:exe	ပြတင်းပေါက် ပိတ်ထားတယ်။
01960911-v	mya:lemma	ရေကူးတယ်
01960911-v	mya:exe	ကျွန်မ(/ကျွန်တော်) နွေရာသီပိတ်ရက်မှာ တင်းနစ် ရိုက်လိုက် ရေကူးလိုက် လုပ်တယ်။
00933154-a	mya:lemma	ရှည်တယ်; မြင့်တယ်
00933154-a	mya:lemma	ရှည်တယ်; မြင့်တယ်
00933154-a	mya:exe	ကျွန်မ(/ကျွန်တော်) မြင့်တဲ့ နေရာမှာ နေချင်တယ်။
04199027-n	mya:lemma	ဖိနပ်
04199027-n	mya:exe	ဘယ်လိုဖိနပ်မျိုးကိုဝယ်မလဲ။
04330340-n	mya:lemma	မီးဖို; အနွေးစက်; အပူပေးစက်
04330340-n	mya:lemma	မီးဖို; အနွေးစက်; အပူပေးစက်
04330340-n	mya:lemma	မီးဖို; အနွေးစက်; အပူပေးစက်
04330340-n	mya:exe	အပူပေးစက် ဖွင့်ထားရင် နွေးတယ်။
07823951-n	mya:lemma	ကာရီ; မဆလာဟင်း
07823951-n	mya:lemma	ကာရီ; မဆလာဟင်း
07823951-n	mya:exe	ကာရီ က အန္ဒိယ အစားအစာ ပါ။
06947032-n	mya:lemma	အင်္ဂလိပ်ဘာသာ; အင်္ဂလိပ်စာ; အင်္ဂလိပ်စကား
06947032-n	mya:lemma	အင်္ဂလိပ်ဘာသာ; အင်္ဂလိပ်စာ; အင်္ဂလိပ်စကား
06947032-n	mya:lemma	အင်္ဂလိပ်ဘာသာ; အင်္ဂလိပ်စာ; အင်္ဂလိပ်စကား
06947032-n	mya:exe	အဘိဓာန်သုံးပြီး အင်္ဂလိပ်စာ လေ့လာတယ်။
07575726-n	mya:lemma	ညစာ
07575726-n	mya:exe	ဒီနေ့ ညစာကတော့ ကာရီ ဖြစ်ပါတယ်။
07575726-n	mya:lemma	ညစာ
07575726-n	mya:exe	ဒီနေ့ သူငယ်ချင်းနဲ့  ညစာစားလာတယ်။
03485794-n	mya:lemma	လက်ကိုင်ပဝါ
03485794-n	mya:exe	မနေ့က အတန်းထဲမှာ လက်ကိုင်ပဝါ မေ့ကျန်ခဲ့တယ်။
01198101-v	mya:lemma	(ဆေးလိပ်)သောက်တယ်; (အသက်)ရှူတယ်
01198101-v	mya:lemma	(ဆေးလိပ်)သောက်တယ်; (အသက်)ရှူတယ်
01198101-v	mya:exe	ဆေးလိပ် သောက်တာ ခန္ဓာကိုယ် အတွက် မကောင်းဘူး။(ဆေးလိပ် သောက်ရင် ကျန်းမာရေး ထိခိုက်နိုင်တယ်။)
02741003-v	mya:lemma	တပ်တယ်; ချိတ်တယ
02741003-v	mya:lemma	တပ်တယ်; ချိတ်တယ
02741003-v	mya:exe	မျက်စိ မကောင်းလို့ မျက်မှန်တပ်မယ်။
01206474-a	mya:lemma	ပုတယ်; နိမ့်တယ်
01206474-a	mya:lemma	ပုတယ်; နိမ့်တယ်
01206474-a	mya:exe	ဒီတောင်က နိမ့်တယ်။
13832355-n	mya:lemma	အရှေ့; အရှေ့ဘက်
13832355-n	mya:lemma	အရှေ့; အရှေ့ဘက်
13832355-n	mya:exe	ဒီ မြို့ရဲ့ အရှေ့ဘက်က အားလုံး သစ်တောတွေပါ။
11525955-n	mya:lemma	လေ
11525955-n	mya:exe	ဒီနေ့ လေ မတိုက်ဘူး။
02324182-v	mya:lemma	ချေးတယ်; ချေးပေးတယ်; ငှားတယ်; ငှားပေးတယ်
02324182-v	mya:lemma	ချေးတယ်; ချေးပေးတယ်; ငှားတယ်; ငှားပေးတယ်
02324182-v	mya:lemma	ချေးတယ်; ချေးပေးတယ်; ငှားတယ်; ငှားပေးတယ်
02324182-v	mya:lemma	ချေးတယ်; ချေးပေးတယ်; ငှားတယ်; ငှားပေးတယ်
02324182-v	mya:exe	ကျွန်မ(/ကျွန်တော်) မစ္စတာ ခိုဘယရှိ ကို မှတ်စုစာအုပ် ငှားလိုက်တယ်။
01437963-a	mya:lemma	ရှည်တယ်
01437963-a	mya:exe	ကျွန်မ(/ကျွန်တော်) ညီမ က အရပ်ပုပြီး ဆံပင် ရှည်တယ်။
01433493-a	mya:lemma	ရှည်တယ်
01433493-a	mya:exe	ကျွန်မ(/ကျွန်တော်) ညီမ က အရပ်ပုပြီး ဆံပင် ရှည်တယ်။
01444022-a	mya:lemma	ရှည်တယ်
01444022-a	mya:exe	ကျွန်မ(/ကျွန်တော်) ညီမ က အရပ်ပုပြီး ဆံပင် ရှည်တယ်။
80001077-n	mya:lemma	ဘယ်နှခု
80001077-n	mya:exe	စားပွဲပေါ်မှာ ခွက် ဘယ်နှခွက် ရှိသလဲ။
80001077-n	mya:lemma	ဘယ်လောက်
80001077-n	mya:exe	ဒီဘောပင် ဘယ်လောက်လဲ။
10665698-n	mya:lemma	တပည့်
10665698-n	mya:exe	စာသင်ချိန်အတွင်း ဆရာက တပည့်ကို မေးခွန်းမေးတယ်။
10665698-n	mya:lemma	ကျောင်းသား; ကျောင်းသူ
10665698-n	mya:lemma	ကျောင်းသား; ကျောင်းသူ
10665698-n	mya:exe	ကျွန်မ(/ကျွန်တော်)က ကျောင်းသားပေမယ့် အစ်ကိုက ကုမ္ပဏီ ဝန်ထမ်း ပါ။
10251779-n	mya:lemma	တပည့်
10251779-n	mya:exe	စာသင်ချိန်အတွင်း ဆရာက တပည့်ကို မေးခွန်းမေးတယ်။
08615374-n	mya:lemma	ပန်းခြံ
08615374-n	mya:exe	အိမ်ရဲ့ အရှေ့က ပန်းခြံ ပါ။
77000064-n	mya:lemma	ဘယ်; ဘယ်လို
77000064-n	mya:lemma	ဘယ်; ဘယ်လို
77000064-n	mya:exe	ဘယ်သူက မစ္စတာ ဟယရှိ လဲ။
03290771-n	mya:lemma	အိမ်အဝင်၀
03290771-n	mya:exe	အိမ်အဝင်၀နဲ့ လျှောက်လမ်း တွေကို သန့်ရှင်းရေးလုပ်တယ်။
03290771-n	mya:lemma	ဝင်ပေါက်; အဝင်၀
03290771-n	mya:lemma	ဝင်ပေါက်; အဝင်၀
03290771-n	mya:exe	ဘူတာရဲ့ ဝင်ပေါက် မှာ လက်မှတ် ကို ပြတယ်။
10286084-n	mya:lemma	ညီအစ်ကိုမောင်နှမ
10286084-n	mya:exe	ကျွန်မ(/ကျွန်တော်)မှာ ညီအစ်ကိုမောင်နှမ နှစ်ယောက်ရှိပါတယ်။
09876454-n	mya:lemma	ညီအစ်ကိုမောင်နှမ
09876454-n	mya:exe	ကျွန်မ(/ကျွန်တော်)မှာ ညီအစ်ကိုမောင်နှမ နှစ်ယောက်ရှိပါတယ်။
80001731-n	mya:lemma	နိုင်ငံခြားသား ကျောင်းသား; ပညာတော်သင်ကျောင်းသား
80001731-n	mya:lemma	နိုင်ငံခြားသား ကျောင်းသား; ပညာတော်သင်ကျောင်းသား
80001731-n	mya:exe	နောက်လမှာ တရုတ်ပြည်က ပညာတော်သင်ကျောင်းသား လာမယ်။
00934199-a	mya:lemma	ဈေးသက်သာတယ်; ဈေးပေါတယ်; ဈေးချိုတယ်
00934199-a	mya:lemma	ဈေးသက်သာတယ်; ဈေးပေါတယ်; ဈေးချိုတယ်
00934199-a	mya:lemma	ဈေးသက်သာတယ်; ဈေးပေါတယ်; ဈေးချိုတယ်
00934199-a	mya:exe	ဈေးသက်သာရင် ဝယ်မယ်။
00935103-a	mya:lemma	ဈေးသက်သာတယ်; ဈေးပေါတယ်; ဈေးချိုတယ်
00935103-a	mya:lemma	ဈေးသက်သာတယ်; ဈေးပေါတယ်; ဈေးချိုတယ်
00935103-a	mya:lemma	ဈေးသက်သာတယ်; ဈေးပေါတယ်; ဈေးချိုတယ်
00935103-a	mya:exe	ဈေးသက်သာရင် ဝယ်မယ်။
02747802-n	mya:lemma	ဆေးလိပ်ပြာခွက်
02747802-n	mya:exe	စားပွဲပေါ်မှာ ဆေးလိပ်ပြာခွက် ရှိတယ်။
15203791-n	mya:lemma	～နှစ်
15203791-n	mya:exe	မစ္စတာ လီ က ဂျပန်မှာ သုံးနှစ် နေမယ်လို့ စဉ်းစားထားတယ်။
03619890-n	mya:lemma	မီးဖိုချောင်; မီးဖိုခန်း
03619890-n	mya:lemma	မီးဖိုချောင်; မီးဖိုခန်း
03619890-n	mya:exe	အိမ်သစ်က မီးဖိုချောင်ကျယ်လို့ အရမ်း အဆင်ပြေတယ်။
00273734-v	mya:lemma	သင်တယ်; သင်ပေးတယ်
00273734-v	mya:lemma	သင်တယ်; သင်ပေးတယ်
00273734-v	mya:exe	မစ္စတာ ခိမုရ ကို အင်္ဂလိပ်စာ သင်တယ်။
00829107-v	mya:lemma	သင်တယ်; သင်ပေးတယ်
00829107-v	mya:lemma	သင်တယ်; သင်ပေးတယ်
00829107-v	mya:exe	မစ္စတာ ခိမုရ ကို အင်္ဂလိပ်စာ သင်တယ်။
00963570-v	mya:lemma	စကားပြောတယ
00963570-v	mya:exe	မစ္စတာ မဆုအိက မစ္စတာ ခိုဘယရှိ နဲ့ စကားပြောနေတယ်။
00815686-v	mya:lemma	ဖြေတယ်
00815686-v	mya:exe	မေးခွန်း ခက်လို့ မဖြေနိုင်ဘူး။
00635523-v	mya:lemma	ဖြေတယ်
00635523-v	mya:exe	မေးခွန်း ခက်လို့ မဖြေနိုင်ဘူး။
03417345-n	mya:lemma	ခြံ; ခြံဝန်း
03417345-n	mya:lemma	ခြံ; ခြံဝန်း
03417345-n	mya:exe	ခြံထဲမှာကားမရှိဘူး။ အမေ အပြင်ထွက်သွားတယ်ထင်တယ်။
03417749-n	mya:lemma	ခြံ; ခြံဝန်း
03417749-n	mya:lemma	ခြံ; ခြံဝန်း
03417749-n	mya:exe	ခြံထဲမှာကားမရှိဘူး။ အမေ အပြင်ထွက်သွားတယ်ထင်တယ်။
01775164-v	mya:lemma	အကြိုက်ဆုံး; အရမ်းကြိုက်တယ်
01775164-v	mya:lemma	အကြိုက်ဆုံး; အရမ်းကြိုက်တယ်
01775164-v	mya:exe	ကျွန်မ(/ကျွန်တော်) တိရစ္ဆာန် အရမ်းချစ်တယ်။
01828736-v	mya:lemma	အကြိုက်ဆုံး; အရမ်းကြိုက်တယ်
01828736-v	mya:lemma	အကြိုက်ဆုံး; အရမ်းကြိုက်တယ်
01828736-v	mya:exe	ကျွန်မ(/ကျွန်တော်) တိရစ္ဆာန် အရမ်းချစ်တယ်။
06418901-n	mya:lemma	အဘိဓာန်
06418901-n	mya:exe	ဂျပန်စာ အဘိဓာန်က အဲဒါ ပါ။
15164570-n	mya:lemma	စနေ; စနေနေ
15164570-n	mya:lemma	စနေ; စနေနေ
15164570-n	mya:exe	စနေနေ့ကျရင် မစ္စတာ ဟယရှိ ရဲ့ အိမ်မှာ ညစာစားမယ်။
00284798-n	mya:lemma	လမ်းလျှောက်ခြင်း
00284798-n	mya:exe	ကျွန်မ(/ကျွန်တော်) မနက်တိုင်း လမ်းလျှောက် ထွက်တယ်။
00284101-n	mya:lemma	လမ်းလျှောက်ခြင်း
00284101-n	mya:exe	ကျွန်မ(/ကျွန်တော်) မနက်တိုင်း လမ်းလျှောက် ထွက်တယ်။
01712704-v	mya:lemma	လုပ်တယ်\
01712704-v	mya:exe	အဲဒီအလုပ်ကိုတော့ ကိုယ့်ဟာကိုယ် လုပ်မယ်။
08277393-n	mya:lemma	ကျောင်း
08277393-n	mya:exe	နေ့တိုင်း ကျောင်းသွားတယ်။
08276720-n	mya:lemma	ကျောင်း
08276720-n	mya:exe	နေ့တိုင်း ကျောင်းသွားတယ်။
00161630-r	mya:lemma	ဖြည်းဖြည်း
00161630-r	mya:exe	ဒီထက် ပိုပြီး  ဖြည်းဖြည်းပြောပေးပါ။
90000506-n	mya:lemma	ရှေ့အပတ်; ပြီးခဲ့တဲ့အပတ
90000506-n	mya:lemma	ရှေ့အပတ်; ပြီးခဲ့တဲ့အပတ
90000506-n	mya:exe	ရှေ့အပတ်(/ပြီးခဲ့တဲ့အပတ်)တုန်းက အမေ့မွေးနေ့။
03057021-n	mya:lemma	အပေါ်ထပ်အင်္ကျီ; အနွေးထည်
03057021-n	mya:lemma	အပေါ်ထပ်အင်္ကျီ; အနွေးထည်
03057021-n	mya:exe	အပေါ်ထပ်အင်္ကျီ (/အနွေးထည်) ယူပြီး အပြင်ထွက်တယ်။
03057021-n	mya:lemma	ကုတ်အင်္ကျီ
03057021-n	mya:exe	အပြင်မှာ အေးလို့ ကုမ္ပဏီကို ကုတ်အင်္ကျီ ဝတ်သွားတယ်။
03589791-n	mya:lemma	အပေါ်ထပ်အင်္ကျီ; အနွေးထည်
03589791-n	mya:lemma	အပေါ်ထပ်အင်္ကျီ; အနွေးထည်
03589791-n	mya:exe	အပေါ်ထပ်အင်္ကျီ (/အနွေးထည်) ယူပြီး အပြင်ထွက်တယ်။
06929279-n	mya:lemma	ဂျပန်ဘာသာ; ဂျပန်စာ; ဂျပန်စကာ
06929279-n	mya:lemma	ဂျပန်ဘာသာ; ဂျပန်စာ; ဂျပန်စကာ
06929279-n	mya:lemma	ဂျပန်ဘာသာ; ဂျပန်စာ; ဂျပန်စကာ
06929279-n	mya:exe	ညီမလေးက ဂျပန်စာဆရာမ လုပ်ဖို့ စိတ်ကူးနေတယ်။
03303965-n	mya:lemma	ထွက်ပေါက်
03303965-n	mya:exe	ဒီ ထွက်ပေါက်ကနေ ထွက်ရင် စာကြည့်တိုက် နဲ့ အနီးဆုံးကို ရောက်မယ်။
10142391-n	mya:lemma	(သူတစ်ပါးရဲ့)အဖိုး; (သူတစ်ပါးရဲ့)ဖိုးဖိုး
10142391-n	mya:lemma	(သူတစ်ပါးရဲ့)အဖိုး; (သူတစ်ပါးရဲ့)ဖိုးဖိုး
10142391-n	mya:exe	ကျွန်မ(/ကျွန်တော်) အဖိုးကို လမ်း ညွှန်ပေးလိုက်တယ်။
07934530-n	mya:lemma	လက်ဖက်ရည်
07934530-n	mya:exe	ကျွန်မ(/ကျွန်တော်) ကော်ဖီထက် လက်ဖက်ရည် ကို ပိုကြိုက်တယ်။
07933274-n	mya:lemma	လက်ဖက်ရည်
07933274-n	mya:exe	ကျွန်မ(/ကျွန်တော်) ကော်ဖီထက် လက်ဖက်ရည် ကို ပိုကြိုက်တယ်။
07933274-n	mya:lemma	လက်ဖက်ရည်; ရေနွေးကြမ်း
07933274-n	mya:lemma	လက်ဖက်ရည်; ရေနွေးကြမ်း
07933274-n	mya:exe	လက်ဘက်ရည်တို့ဘာတို့ သောက်ဦးမလား။
10146559-n	mya:lemma	ဟင်းသီးဟင်းရွက်ဆိုင်; ကုန်စိမ်းဆိုင်
10146559-n	mya:lemma	ဟင်းသီးဟင်းရွက်ဆိုင်; ကုန်စိမ်းဆိုင်
10146559-n	mya:exe	စူပါမားကက် ထက်စာရင် ကုန်စိမ်းဆိုင်က ဈေးပေါ(/ဈေးချို)တယ်။
03457686-n	mya:lemma	ဟင်းသီးဟင်းရွက်ဆိုင်; ကုန်စိမ်းဆိုင်
03457686-n	mya:lemma	ဟင်းသီးဟင်းရွက်ဆိုင်; ကုန်စိမ်းဆိုင်
03457686-n	mya:exe	စူပါမားကက် ထက်စာရင် ကုန်စိမ်းဆိုင်က ဈေးပေါ(/ဈေးချို)တယ်။
03147509-n	mya:lemma	ခွက်
03147509-n	mya:exe	သူငယ်ချင်းဆီက ခွက် လှလှလေး ရခဲ့တယ်။
03972524-n	mya:lemma	အိတ်ကပ်
03972524-n	mya:exe	အိတ်ကပ်ထဲ ပိုက်ဆံထည့်တယ်။
04968895-n	mya:lemma	အပြာ; အပြာရောင်
04968895-n	mya:lemma	အပြာ; အပြာရောင်
04968895-n	mya:exe	ကျွန်မ(/ကျွန်တော်) ကြိုက်တဲ့ အရောင်က အပြာ ပါ။
01555416-a	mya:lemma	နည်းတယ်; နည်းနည်း
01555416-a	mya:lemma	နည်းတယ်; နည်းနည်း
01555416-a	mya:exe	အဲဒီ စူပါမားကက်မှာ ငါး နည်းနည်းပဲ ရှိတယ်။(အဲဒီ စူပါမားကက်မှာ ငါး သိပ်မရှိဘူး။)
01552885-a	mya:lemma	နည်းတယ်; နည်းနည်း
01552885-a	mya:lemma	နည်းတယ်; နည်းနည်း
01552885-a	mya:exe	အဲဒီ စူပါမားကက်မှာ ငါး နည်းနည်းပဲ ရှိတယ်။(အဲဒီ စူပါမားကက်မှာ ငါး သိပ်မရှိဘူး။)
00017865-v	mya:lemma	အိပ်တယ်; အိပ်ပျော်တယ
00017865-v	mya:lemma	အိပ်တယ်; အိပ်ပျော်တယ
00017865-v	mya:exe	ဆယ့်တစ်နာရီမှာ အိပ်တယ်။
00450147-a	mya:lemma	နီးတယ်
00450147-a	mya:exe	နီးတယ်ဆိုရင် ခြေလျင်လျှောက်မယ်လေ။
00444519-a	mya:lemma	နီးတယ်
00444519-a	mya:exe	နီးတယ်ဆိုရင် ခြေလျင်လျှောက်မယ်လေ။
00445169-a	mya:lemma	နီးတယ်
00445169-a	mya:exe	နီးတယ်ဆိုရင် ခြေလျင်လျှောက်မယ်လေ။
00584367-n	mya:lemma	အလုပ်
00584367-n	mya:exe	အဲဒီ အလုပ် ကို ကျွန်မ(/ကျွန်တော်) လုပ်ပါ့မယ်။/အဲဒီ အလုပ် ကို ကျွန်မ(/ကျွန်တော်) လုပ်မယ်လေ။
07574602-n	mya:lemma	မနက်စာ
07574602-n	mya:exe	ဒီနေ့ မနက်စာ မစားခဲ့ဘူး။
08078020-n	mya:lemma	မိသားစု
08078020-n	mya:exe	ကျွန်မ(/ကျွန်တော်) မှာ မိသားစု ငါးယောက် ရှိတယ်။
10236304-n	mya:lemma	မိသားစု
10236304-n	mya:exe	ကျွန်မ(/ကျွန်တော်) မှာ မိသားစု ငါးယောက် ရှိတယ်။
07970406-n	mya:lemma	မိသားစု
07970406-n	mya:exe	ကျွန်မ(/ကျွန်တော်) မှာ မိသားစု ငါးယောက် ရှိတယ်။
07970406-n	mya:lemma	အိမ်; အိမ်ထောင်\
07970406-n	mya:lemma	အိမ်; အိမ်ထောင်\
07970406-n	mya:exe	ဒီ ဟင်းက အိမ်မှာ ချက်လို့ရတယ်။
04197391-n	mya:lemma	ရှပ်အင်္ကျီ
04197391-n	mya:exe	 ရှပ်အင်္ကျီ သွားဝယ်မယ်။
09918248-n	mya:lemma	ကလေး
09918248-n	mya:exe	ကလေးလေး ပန်းခြံ မှာ ကစားနေတယ်။
12212361-n	mya:lemma	ဟင်းသီးဟင်းရွက်
12212361-n	mya:exe	ဟင်းရွက်တွေကို လှီးပြီး ဆေးမယ်။
07707451-n	mya:lemma	ဟင်းသီးဟင်းရွက်
07707451-n	mya:exe	ဟင်းရွက်တွေကို လှီးပြီး ဆေးမယ်။
03365991-n	mya:lemma	～ထပ်; ～အထပ်
03365991-n	mya:lemma	～ထပ်; ～အထပ်
03365991-n	mya:exe	တတိယထပ်ကို ဘယ်လိုသွားရမလဲ။
00976508-a	mya:lemma	မြန်တယ
00976508-a	mya:exe	မစ္စတာ မဆုအိ က အပြေးမြန်တယ်။
00981818-a	mya:lemma	မြန်တယ
00981818-a	mya:exe	မစ္စတာ မဆုအိ က အပြေးမြန်တယ်။
00979862-a	mya:lemma	မြန်တယ
00979862-a	mya:exe	မစ္စတာ မဆုအိ က အပြေးမြန်တယ်။
01367431-a	mya:lemma	စည်ကားတယ်
01367431-a	mya:exe	ဘေးနားက စာသင်ခန်းက အရမ်း စည်ကားနေတယ်။
07644382-n	mya:lemma	ကြက်သား
07644382-n	mya:exe	ကြက်သားက ဈေးပေါပေမယ့် အမဲသားက ပို စားလို့ကောင်းတယ်။
07644967-n	mya:lemma	ကြက်သား
07644967-n	mya:exe	ကြက်သားက ဈေးပေါပေမယ့် အမဲသားက ပို စားလို့ကောင်းတယ်။
07813107-n	mya:lemma	ဆား
07813107-n	mya:exe	မစ္စတာလီ ဆီကို ဆား ယူပေးလိုက်တယ်။(မစ္စတာလီဆီကို ဆား လှမ်းပေးလိုက်တယ်။)
07825972-n	mya:lemma	ပဲငံပြာရည်
07825972-n	mya:exe	ဆာရှိမိကို ပဲငံပြာရည် ဆမ်းပြီး စားတယ်။
02005948-v	mya:lemma	ရောက်တယ်; ဆိုက်တယ်
02005948-v	mya:lemma	ရောက်တယ်; ဆိုက်တယ်
02005948-v	mya:exe	ရထားက ဘူတာကို ဆိုက် တယ်။
02930766-n	mya:lemma	တက္ကဆီ; အငှားယာဉ်
02930766-n	mya:lemma	တက္ကဆီ; အငှားယာဉ်
02930766-n	mya:exe	တက္ကဆီနဲ့ အိမ်ပြန်မယ်။
04371225-n	mya:lemma	ရေကူးကန်
04371225-n	mya:exe	ရေကူးကန် မသွားဘူးလား။(ရေကူးကန် သွားရအောင်။)
00604617-a	mya:lemma	အဆင်ပြေတယ်
00604617-a	mya:exe	လေယာဉ်ပျံက မြန်ပြီး အဆင်ပြေတယ်။
15237250-n	mya:lemma	နွေ; နွေအခါ; နွေရာသီ; နွေဥတု
15237250-n	mya:lemma	နွေ; နွေအခါ; နွေရာသီ; နွေဥတု
15237250-n	mya:lemma	နွေ; နွေအခါ; နွေရာသီ; နွေဥတု
15237250-n	mya:lemma	နွေ; နွေအခါ; နွေရာသီ; နွေဥတု
15237250-n	mya:exe	နွေရာသီ(/နွေအခါ)ဆို နေ့တိုင်း ဦးထုပ်ဆောင်းပြီး အပြင်ထွက်တယ်။
03757138-n	mya:lemma	မြေအောက်လိုင်း
03757138-n	mya:exe	မြေအောက်လိုင်းကဈေးပေါပြီး အရမ်း အဆင်ပြေ တယ်။
04349306-n	mya:lemma	မြေအောက်လိုင်း
04349306-n	mya:exe	မြေအောက်လိုင်းကဈေးပေါပြီး အရမ်း အဆင်ပြေ တယ်။
77000090-n	mya:lemma	～ပါဦး။; ～မလား။\
77000090-n	mya:lemma	～ပါဦး။; ～မလား။\
77000090-n	mya:exe	မုန့်တစ်ခုလောက် ယူပါဦး။
80001331-x	mya:lemma	～ပါဦး။; ～မလား။\
80001331-x	mya:lemma	～ပါဦး။; ～မလား။\
80001331-x	mya:exe	မုန့်တစ်ခုလောက် ယူပါဦး။
77000104-n	mya:lemma	ဘယ်တော့ ; ဘယ်တုန်းက ; ဘယ်အချိန
77000104-n	mya:lemma	ဘယ်တော့ ; ဘယ်တုန်းက ; ဘယ်အချိန
77000104-n	mya:lemma	ဘယ်တော့ ; ဘယ်တုန်းက ; ဘယ်အချိန
77000104-n	mya:exe	ဘယ်တုန်းကတည်းက ဂျပန်စာကို လေ့လာနေတာလဲ။
04105893-n	mya:lemma	အခန်း
04105893-n	mya:exe	ဒီအခန်း က အရမ်း တိတ်ဆိတ်တဲ့ အခန်းပါ။ 
06415419-n	mya:lemma	မှတ်စုစာအုပ်; ဗလာစာအုပ်
06415419-n	mya:lemma	မှတ်စုစာအုပ်; ဗလာစာအုပ်
06415419-n	mya:exe	စာရေးခုံ(/စာကြည့်စားပွဲ) ပေါ်မှာ စာအုပ်နဲ့ မှတ်စုစာအုပ် ရှိတယ်။
01376705-a	mya:lemma	နာမည်ကြီးတယ
01376705-a	mya:exe	ဒီ တက္ကသိုလ်က ရှေးကျပြီး နာမည်ကြီးတယ်။
01375831-a	mya:lemma	နာမည်ကြီးတယ
01375831-a	mya:exe	ဒီ တက္ကသိုလ်က ရှေးကျပြီး နာမည်ကြီးတယ်။
02935891-n	mya:lemma	စားသောက်ဆိုင်
02935891-n	mya:exe	မနက် ခုနစ်နာရီမှာ အိပ်ရာထတယ်၊ စားသောက်ဆိုင်မှာ မနက်စာ စားတယ်၊ ပြီးတော့ရှစ်နာရီ ကစပြီး လေ့ကျင့်တယ်။
01984902-v	mya:lemma	ထိုင်တယ်
01984902-v	mya:exe	ဟိုမှာ ထိုင်ပြီး ထမင်းဘူး စားရအောင်။(ထမင်းဘူးတွေ ဟိုနားမှာ ထိုင်စားရအောင်။)
00120223-r	mya:lemma	～ရင်
00120223-r	mya:exe	တီဗွီကြည့်ရင်း ထမင်းစားတယ်။
00120095-r	mya:lemma	～ရင်
00120095-r	mya:exe	တီဗွီကြည့်ရင်း ထမင်းစားတယ်။
02386612-a	mya:lemma	သေးတယ်; အသေး; သေးသေးလေး
02386612-a	mya:lemma	သေးတယ်; အသေး; သေးသေးလေး
02386612-a	mya:lemma	သေးတယ်; အသေး; သေးသေးလေး
02386612-a	mya:exe	ကျွန်မ(/ကျွန်တော်) အိမ်က သေးပြီး ကျဉ်းတယ်။
02386612-a	mya:lemma	တိုတယ်; တိုတို
02386612-a	mya:lemma	တိုတယ်; တိုတို
02386612-a	mya:exe	နေ့တစ်နေ့ဆိုတာ အရမ်း တိုတယ်။
02345713-a	mya:lemma	ဆိုးတယ်; မကောင်းဘူး
02345713-a	mya:lemma	ဆိုးတယ်; မကောင်းဘူး
02345713-a	mya:exe	ဒီနေ့ ရာသီဥတု ဆိုးတယ်(/မကောင်းဘူး)။
00478311-a	mya:lemma	ဆိုးတယ်; မကောင်းဘူး
00478311-a	mya:lemma	ဆိုးတယ်; မကောင်းဘူး
00478311-a	mya:exe	ဒီနေ့ ရာသီဥတု ဆိုးတယ်(/မကောင်းဘူး)။
01174222-a	mya:lemma	ဆိုးတယ်; မကောင်းဘူး
01174222-a	mya:lemma	ဆိုးတယ်; မကောင်းဘူး
01174222-a	mya:exe	ဒီနေ့ ရာသီဥတု ဆိုးတယ်(/မကောင်းဘူး)။
03025755-n	mya:lemma	တူ; စားပွဲတင်တူ
03025755-n	mya:lemma	တူ; စားပွဲတင်တူ
03025755-n	mya:exe	ဂျပန်လူမျိုးတွေက ထမင်းစားတဲ့အခါ တူကို သုံးတယ်။(ဂျပန်လူမျိုးတွေက တူနဲ့ ထမင်းစားတယ်။)
15166191-n	mya:lemma	ပီအမ်; ညနေပိုင်း; နေ့လယ်၁၂:၀၀မှည၁၂:၀၀ထိအချိန်အပိုင်းအခြား
15166191-n	mya:lemma	ပီအမ်; ညနေပိုင်း; နေ့လယ်၁၂:၀၀မှည၁၂:၀၀ထိအချိန်အပိုင်းအခြား
15166191-n	mya:lemma	ပီအမ်; ညနေပိုင်း; နေ့လယ်၁၂:၀၀မှည၁၂:၀၀ထိအချိန်အပိုင်းအခြား
15166191-n	mya:exe	စနေနေ့ ညနေပိုင်း(/နေ့လယ်ပိုင်း/နေ့လယ်ဆယ့်နှစ်နာရီနောက်ပိုင်း)မှာ တင်းနစ် ကစားရအောင်။
80000080-n	mya:lemma	ဒီလ
80000080-n	mya:exe	ဒီလ အလုပ် အရမ်း များတယ်(/ရှုတ်တယ်)။
06624161-n	mya:lemma	စာ; ပေးစာ
06624161-n	mya:lemma	စာ; ပေးစာ
06624161-n	mya:exe	မစ္စတာ တာနာခါ ဆီကို စာ ပို့မယ်။
01909812-v	mya:lemma	ကွေ့တယ်; ကွေ့ကောက်တယ်; ကွေးတယ
01909812-v	mya:lemma	ကွေ့တယ်; ကွေ့ကောက်တယ်; ကွေးတယ
01909812-v	mya:lemma	ကွေ့တယ်; ကွေ့ကောက်တယ်; ကွေးတယ
01909812-v	mya:exe	ဒီလမ်း က ကွေ့ကောက် နေတယ်။
07929519-n	mya:lemma	ကော်ဖီ
07929519-n	mya:exe	ကျွန်မ(/ကျွန်တော်) မနက်တိုင်း ကော်ဖီသောက်တယ်။
01729431-v	mya:lemma	သီချင်းဆိုတယ်
01729431-v	mya:exe	ကာရာအိုကေသွားရင် အမြဲတမ်း ဒီသီချင်းဆိုတယ်။
11501381-n	mya:lemma	မိုး
11501381-n	mya:exe	မနက်ဖန် မိုးရွာမှာမို့ ကျောင်းကို ဘတ်စ်ကား နဲ့ သွားမယ်။
90000511-n	mya:lemma	တနေ့က; တမြန်နေ့က
90000511-n	mya:lemma	တနေ့က; တမြန်နေ့က
90000511-n	mya:exe	တနေ့က အေးလို့ နှင်းတွေကျတယ်။
00118032-r	mya:lemma	ဒါဖြင့်
00118032-r	mya:exe	ဒါဖြင့်၊ အတန်း စမယ်။
00118032-r	mya:lemma	ဒါဖြင့်; ဒါဆိုရင်; ဒါပဲနော်
00118032-r	mya:lemma	ဒါဖြင့်; ဒါဆိုရင်; ဒါပဲနော်
00118032-r	mya:lemma	ဒါဖြင့်; ဒါဆိုရင်; ဒါပဲနော်
00118032-r	mya:exe	ဒါဆိုရင်၊ ဆောင်ရွက်ပေးပါ။
04468005-n	mya:lemma	ရထား
04468005-n	mya:exe	မုန်တိုင်းကြီးဝင်လို့ ရထားတွေရပ်ကုန်တယ်။
02834778-n	mya:lemma	စက်ဘီး
02834778-n	mya:exe	အဲဒီ တက္ကသိုလ်ကို သွားမယ်ဆိုရင် စက်ဘီးက အဆင်ပြေတယ်။
06597466-n	mya:lemma	မဂ္ဂဇင်း
06597466-n	mya:exe	ဒီ မဂ္ဂဇင်းက စိတ်ဝင်စားဖို့(/ဖတ်လို့)ကောင်းတယ်။
06595351-n	mya:lemma	မဂ္ဂဇင်း
06595351-n	mya:exe	ဒီ မဂ္ဂဇင်းက စိတ်ဝင်စားဖို့(/ဖတ်လို့)ကောင်းတယ်။
03704210-n	mya:lemma	မဂ္ဂဇင်း
03704210-n	mya:exe	ဒီ မဂ္ဂဇင်းက စိတ်ဝင်စားဖို့(/ဖတ်လို့)ကောင်းတယ်။
08238463-n	mya:lemma	အတန်း; သင်တန်း
08238463-n	mya:lemma	အတန်း; သင်တန်း
08238463-n	mya:exe	အတန်းကလူတွေနဲ့ ခရီးသွားခဲ့တယ်။
00050454-v	mya:lemma	ချွတ်တယ်
00050454-v	mya:exe	ဂျပန်မှာ အိမ်ထဲကိုဝင်တဲ့အခါ ဖိနပ်ချွတ်တယ်။
02649830-v	mya:lemma	နေတယ်
02649830-v	mya:exe	ကျွန်မ(/ကျွန်တော်)က တိုကျိုမှာ နေပေမယ့် မောင်လေး(/ညီလေး) ကတော့ ကျိုတိုမှာ နေတယ်။
15155891-n	mya:lemma	မနက်ဖန်; နက်ဖန်
15155891-n	mya:lemma	မနက်ဖန်; နက်ဖန်
15155891-n	mya:exe	မနက်ဖန် သံရုံး မသွားလို့မဖြစ်ဘူး။
04208936-n	mya:lemma	ရေချိုးတယ်
04208936-n	mya:exe	ပူလို့ အိမ်ပြန်ပြီး ရေချိုးတယ်။
00625119-v	mya:lemma	ဖတ်တယ်
00625119-v	mya:exe	ဒီ ခန်းဂျီးကို “ရာမ” လို့ ဖတ်တယ်။
02774152-n	mya:lemma	အိတ်; လွယ်အိတ်
02774152-n	mya:lemma	အိတ်; လွယ်အိတ်
02774152-n	mya:exe	အဲဒီ အိတ်ကြီးက ကျွန်မ(/ကျွန်တော်)ဟာပါ။
02773037-n	mya:lemma	အိတ်; လွယ်အိတ်
02773037-n	mya:lemma	အိတ်; လွယ်အိတ်
02773037-n	mya:exe	အဲဒီ အိတ်ကြီးက ကျွန်မ(/ကျွန်တော်)ဟာပါ။
13250542-n	mya:lemma	ပိုက်ဆံ; ငွေ
13250542-n	mya:lemma	ပိုက်ဆံ; ငွေ
13250542-n	mya:exe	ကျွန်မ(/ကျွန်တော်) မောင်လေး(/ညီလေး)ကို ပိုက်ဆံ ချေးလိုက်တယ်။
13384557-n	mya:lemma	ပိုက်ဆံ; ငွေ
13384557-n	mya:lemma	ပိုက်ဆံ; ငွေ
13384557-n	mya:exe	ကျွန်မ(/ကျွန်တော်) မောင်လေး(/ညီလေး)ကို ပိုက်ဆံ ချေးလိုက်တယ်။
05600637-n	mya:lemma	မျက်နှာ
05600637-n	mya:exe	မနက် အိပ်ရာထ ပြီးတော့ မျက်နှာသစ်တယ်။
00024356-r	mya:lemma	ဟင့်အင်း
00024356-r	mya:exe	ဟင့်အင်း၊ မတတ်ဘူး။
03176763-n	mya:lemma	ကုန်တိုက်
03176763-n	mya:exe	ကုန်တိုက် တို့ စူပါမားကက် တို့မှာဈေးဝယ်တယ်။
01725051-v	mya:lemma	(ကြိုးတပ်တူရိယာ)တီးတယ်
01725051-v	mya:exe	မစ္စတာ ဟယရှိရဲ့ အိမ်မှာကြောင်တစ်ကောင်ရှိတယ်။
77000089-a	mya:lemma	ဒီလောက်; ဒီလို
77000089-a	mya:lemma	ဒီလောက်; ဒီလို
77000089-a	mya:exe	ကျွန်မ(/ကျွန်တော်) ဒီလို ဦးထုပ် လိုချင်တယ်။
15164354-n	mya:lemma	ကြာသပတေး; ကြာသပတေးနေ့
15164354-n	mya:lemma	ကြာသပတေး; ကြာသပတေးနေ့
15164354-n	mya:exe	ကြာသပတေးနေ့ နေ့လယ်ပိုင်းကျရင် ဘဏ်မှာ ငွေသွား သွင်းမယ်။
00056916-r	mya:lemma	ဆောင်ရွက်ပေးပါ; လုပ်ပေးပါ; ဆန္ဒအတိုင်းလုပ်ဆောင်ပါ; လက်ခံပါ; ယူပါ; ဝင်ပါ; သုံးဆောင်ပါ
00056916-r	mya:lemma	ဆောင်ရွက်ပေးပါ; လုပ်ပေးပါ; ဆန္ဒအတိုင်းလုပ်ဆောင်ပါ; လက်ခံပါ; ယူပါ; ဝင်ပါ; သုံးဆောင်ပါ
00056916-r	mya:lemma	ဆောင်ရွက်ပေးပါ; လုပ်ပေးပါ; ဆန္ဒအတိုင်းလုပ်ဆောင်ပါ; လက်ခံပါ; ယူပါ; ဝင်ပါ; သုံးဆောင်ပါ
00056916-r	mya:lemma	ဆောင်ရွက်ပေးပါ; လုပ်ပေးပါ; ဆန္ဒအတိုင်းလုပ်ဆောင်ပါ; လက်ခံပါ; ယူပါ; ဝင်ပါ; သုံးဆောင်ပါ
00056916-r	mya:lemma	ဆောင်ရွက်ပေးပါ; လုပ်ပေးပါ; ဆန္ဒအတိုင်းလုပ်ဆောင်ပါ; လက်ခံပါ; ယူပါ; ဝင်ပါ; သုံးဆောင်ပါ
00056916-r	mya:lemma	ဆောင်ရွက်ပေးပါ; လုပ်ပေးပါ; ဆန္ဒအတိုင်းလုပ်ဆောင်ပါ; လက်ခံပါ; ယူပါ; ဝင်ပါ; သုံးဆောင်ပါ
00056916-r	mya:lemma	ဆောင်ရွက်ပေးပါ; လုပ်ပေးပါ; ဆန္ဒအတိုင်းလုပ်ဆောင်ပါ; လက်ခံပါ; ယူပါ; ဝင်ပါ; သုံးဆောင်ပါ
00056916-r	mya:exe	တန်ဖိုးကြီးတဲ့အရာ မဟုတ်ပေမယ့် လက်ခံပေးပါ(/ယူပါ)။
00816481-a	mya:lemma	နှေးတယ်; နောက်ကျတယ်
00816481-a	mya:lemma	နှေးတယ်; နောက်ကျတယ်
00816481-a	mya:exe	မနေ့က ပင်ပန်းသွားလို့ မနက်က နောက်ကျမှ အိပ်ရာထတယ်။
01901186-a	mya:lemma	နှေးတယ်; နောက်ကျတယ်
01901186-a	mya:lemma	နှေးတယ်; နောက်ကျတယ်
01901186-a	mya:exe	မနေ့က ပင်ပန်းသွားလို့ မနက်က နောက်ကျမှ အိပ်ရာထတယ်။
04956594-n	mya:lemma	အရောင်; အရောင်အဆင်
04956594-n	mya:lemma	အရောင်; အရောင်အဆင်
04956594-n	mya:exe	ဒီအရောင်က အရမ်း လှတယ်။
04674968-n	mya:lemma	အရောင်; အရောင်အဆင်
04674968-n	mya:lemma	အရောင်; အရောင်အဆင်
04674968-n	mya:exe	ဒီအရောင်က အရမ်း လှတယ်။
07109730-n	mya:lemma	စကား
07109730-n	mya:exe	စကားရဲ့ အဓိပ္ပာယ် နားမလည်တဲ့အခါ အဘိဓာန် ကို သုံးတယ်။
06282651-n	mya:lemma	စကား
06282651-n	mya:exe	စကားရဲ့ အဓိပ္ပာယ် နားမလည်တဲ့အခါ အဘိဓာန် ကို သုံးတယ်။
00121135-r	mya:lemma	ဟုတ်တယ်
00121135-r	mya:exe	ဟုတ်တယ်။
04962784-n	mya:lemma	အနီ; အနီရောင်
04962784-n	mya:lemma	အနီ; အနီရောင်
04962784-n	mya:exe	ကျွန်မ(/ကျွန်တော်) အနီထက် အပြာကိုပို ကြိုက်တယ်။
03871083-n	mya:lemma	အထုပ်; အထုပ်အပိုး; ဝန်ထုပ်
03871083-n	mya:lemma	အထုပ်; အထုပ်အပိုး; ဝန်ထုပ်
03871083-n	mya:lemma	အထုပ်; အထုပ်အပိုး; ဝန်ထုပ်
03871083-n	mya:exe	အဲဒီ အထုတ်ကို ကျွန်မ(/ကျွန်တော်) သယ်ပေးမယ်။
02774630-n	mya:lemma	အထုပ်; အထုပ်အပိုး; ဝန်ထုပ်
02774630-n	mya:lemma	အထုပ်; အထုပ်အပိုး; ဝန်ထုပ်
02774630-n	mya:lemma	အထုပ်; အထုပ်အပိုး; ဝန်ထုပ်
02774630-n	mya:exe	အဲဒီ အထုတ်ကို ကျွန်မ(/ကျွန်တော်) သယ်ပေးမယ်။
07891726-n	mya:lemma	အရက်
07891726-n	mya:exe	ကျွန်မ(/ကျွန်တော်) အရက် သိပ်မသောက်ဘူး။
07884567-n	mya:lemma	အရက်
07884567-n	mya:exe	ကျွန်မ(/ကျွန်တော်) အရက် သိပ်မသောက်ဘူး။
07891433-n	mya:lemma	အရက်
07891433-n	mya:exe	ကျွန်မ(/ကျွန်တော်) အရက် သိပ်မသောက်ဘူး။
15164463-n	mya:lemma	သောကြာ; သောကြာနေ့
15164463-n	mya:lemma	သောကြာ; သောကြာနေ့
15164463-n	mya:exe	နောက်တစ်နေ့က ပိတ်ရက်မို့လို့ သောကြာနေ့ဆို အမြဲတမ်း သူငယ်ချင်းနဲ့ လျှောက်လည်တယ်။
03581125-n	mya:lemma	လမ်းဆုံ
03581125-n	mya:exe	အဲဒီ လမ်းဆုံကို ဖြတ်ပြီး ဘယ်ဘက် ကို ကွေ့မယ်။
02410393-a	mya:lemma	ထူတယ်
02410393-a	mya:exe	ဒီ မဂ္ဂဇင်းက ထူပြီး လေးတယ်။
02410393-a	mya:lemma	ဝတယ်; တုတ်တယ်
02410393-a	mya:lemma	ဝတယ်; တုတ်တယ်
02410393-a	mya:exe	ပန်းခြံမှာ သစ်ပင် တုတ်တုတ်ကြီးတွေ ရှိတယ်။
02415390-a	mya:lemma	ထူတယ်
02415390-a	mya:exe	ဒီ မဂ္ဂဇင်းက ထူပြီး လေးတယ်။
02529264-a	mya:lemma	နွေးတယ်; နွေးထွေးတယ
02529264-a	mya:lemma	နွေးတယ်; နွေးထွေးတယ
02529264-a	mya:exe	ဒီနေ့ တော်တော် နွေးလို့ လမ်းလျှောက် ထွက်မယ်။
01546111-v	mya:lemma	ရပ်တယ်; မတ်တပ်ရပ်တယ
01546111-v	mya:lemma	ရပ်တယ်; မတ်တပ်ရပ်တယ
01546111-v	mya:exe	မတ်တပ်ရပ်(/မတ်တပ်ထ) ပါ။
10142747-n	mya:lemma	(သူတစ်ပါးရဲ့)အဖွား; (သူတစ်ပါးရဲ့)ဖွားဖွား
10142747-n	mya:lemma	(သူတစ်ပါးရဲ့)အဖွား; (သူတစ်ပါးရဲ့)ဖွားဖွား
10142747-n	mya:exe	မစ္စတာ ဟယရှိရဲ့ အဖွားက မျက်မှန်တပ်ထားတယ်။
07679356-n	mya:lemma	ပေါင်မုန့်
07679356-n	mya:exe	ပေါင်မုန့် တို့ ကြက်ဥ တို့ စားတယ်။
03259505-n	mya:lemma	အိမ်
03259505-n	mya:exe	ဘေးအိမ်က ခွေးက အကောင်မကြီးဘူး။
03544360-n	mya:lemma	အိမ်
03544360-n	mya:exe	ဘေးအိမ်က ခွေးက အကောင်မကြီးဘူး။
03544360-n	mya:lemma	အိမ်
03544360-n	mya:exe	ကျွန်မ(/ကျွန်တော်) ညစာစားနေတုန်း သူငယ်ချင်းက အိမ်ကို ရောက်လာတယ်။
08559508-n	mya:lemma	အိမ်
08559508-n	mya:exe	ဘေးအိမ်က ခွေးက အကောင်မကြီးဘူး။
08559508-n	mya:lemma	အိမ်
08559508-n	mya:exe	ကျွန်မ(/ကျွန်တော်) ညစာစားနေတုန်း သူငယ်ချင်းက အိမ်ကို ရောက်လာတယ်။
15167349-n	mya:lemma	ည
15167349-n	mya:exe	အဲဒီက စူပါမားကက်က ညလည်း ဖွင့်တယ်။
15155747-n	mya:lemma	ည
15155747-n	mya:exe	အဲဒီက စူပါမားကက်က ညလည်း ဖွင့်တယ်။
15167027-n	mya:lemma	ည
15167027-n	mya:exe	အဲဒီက စူပါမားကက်က ညလည်း ဖွင့်တယ်။
15167027-n	mya:lemma	မနေ့ည
15167027-n	mya:exe	မနေ့ညက မစ္စတာ ခိမုရနဲ့ ညစာ သွားစားတယ်။
15167474-n	mya:lemma	ည
15167474-n	mya:exe	အဲဒီက စူပါမားကက်က ညလည်း ဖွင့်တယ်။
03438257-n	mya:lemma	ခွက်
03438257-n	mya:exe	သောက်ပြီးရင် ခွက်ကို ပြောင်အောင် ဆေးမယ်။
08613593-n	mya:lemma	အပြင်
08613593-n	mya:exe	အပြင်ထွက်လို့ ရမလား။
03338821-n	mya:lemma	ဖလင်
03338821-n	mya:exe	ကင်မရာ ထဲကို ဖလင် ထည့်တယ်။
06613686-n	mya:lemma	ဖလင်
06613686-n	mya:exe	ကင်မရာ ထဲကို ဖလင် ထည့်တယ်။
06613686-n	mya:lemma	ရုပ်ရှင်
06613686-n	mya:exe	မနေ့က   ကြည့်ခဲ့တဲ့ ရုပ်ရှင် အရမ်းစိတ်ဝင်စားဖို့ ကောင်းတယ်။
06262567-n	mya:lemma	ဖလင်
06262567-n	mya:exe	ကင်မရာ ထဲကို ဖလင် ထည့်တယ်။
04096066-n	mya:lemma	လမ်း
04096066-n	mya:exe	လမ်းမသိခဲ့ရင် ဖုန်းဆက်မေးပါ။
77000079-a	mya:lemma	အဲဒီ; ဟိ
77000079-a	mya:lemma	အဲဒီ; ဟိ
77000079-a	mya:exe	အဲဒီလူက မစ္စတာခိုဘယရှိ ပါ။
14524198-n	mya:lemma	မိုးအုံ့တယ်; တိမ်ထူတယ
14524198-n	mya:lemma	မိုးအုံ့တယ်; တိမ်ထူတယ
14524198-n	mya:exe	မနက်ဖန် မိုးအုံ့မယ်ဆိုပဲ။
13828795-n	mya:lemma	အနံ; ဒေါင်လိုက်
13828795-n	mya:lemma	အနံ; ဒေါင်လိုက်
13828795-n	mya:exe	ဒီ စက္ကူ ကို ဒေါင်လိုက် ဖြတ်မယ်။
00543233-n	mya:lemma	တေးဂီတ
00543233-n	mya:exe	ကျွန်မ(/ကျွန်တော်) တေးဂီတ ကို နှစ်သက်တယ်။
05718556-n	mya:lemma	တေးဂီတ
05718556-n	mya:exe	ကျွန်မ(/ကျွန်တော်) တေးဂီတ ကို နှစ်သက်တယ်။
05718935-n	mya:lemma	တေးဂီတ
05718935-n	mya:exe	ကျွန်မ(/ကျွန်တော်) တေးဂီတ ကို နှစ်သက်တယ်။
07020895-n	mya:lemma	တေးဂီတ
07020895-n	mya:exe	ကျွန်မ(/ကျွန်တော်) တေးဂီတ ကို နှစ်သက်တယ်။
00409709-r	mya:lemma	အနား; အနီးနာ
00409709-r	mya:lemma	အနား; အနီးနာ
00409709-r	mya:exe	ကျောင်းက အိမ်နားမှာ ပါ။
08641113-n	mya:lemma	အနား; အနီးနာ
08641113-n	mya:lemma	အနား; အနီးနာ
08641113-n	mya:exe	ကျောင်းက အိမ်နားမှာ ပါ။
03112099-n	mya:lemma	စင်္ကြံ; လျှောက်လမ်
03112099-n	mya:lemma	စင်္ကြံ; လျှောက်လမ်
03112099-n	mya:exe	အဝင်၀ နဲ့ စင်္ကြံ ကိုလည်း သန့်ရှင်းရေး လုပ်မယ်။
03661043-n	mya:lemma	စာကြည့်တိုက်
03661043-n	mya:exe	စာကြည့်တိုက်မှာစာဖတ်မလို့လုပ်ထားတာ စာကြည့်တိုက် ပိတ်ထားတယ်(/မဖွင့်ဘူး)။
07840804-n	mya:lemma	ဥ; ကြက်
07840804-n	mya:lemma	ဥ; ကြက်
07840804-n	mya:exe	ကြက်ဥကို ဆားဖြူးပြီး စားတယ်။
90000502-n	mya:lemma	ဒီနှစ်
90000502-n	mya:exe	ဒီနှစ် သုံးလပိုင်းဆယ်ငါးရက်နေ့တုန်းက ဂျပန်ကို လာတယ်။
03908204-n	mya:lemma	ခဲတံ
03908204-n	mya:exe	မစ္စတာ မဆုအိက ခဲတံ ငှားပေးတယ်။
14796748-n	mya:lemma	ခဲတံ
14796748-n	mya:exe	မစ္စတာ မဆုအိက ခဲတံ ငှားပေးတယ်။
05282433-n	mya:lemma	သွား
05282433-n	mya:exe	ထမင်းစားပြီးရင် သွားတိုက်တယ်။
05282746-n	mya:lemma	သွား
05282746-n	mya:exe	ထမင်းစားပြီးရင် သွားတိုက်တယ်။
01649720-a	mya:lemma	ငယ်တယ်; ငယ်ရွယ်တယ်
01649720-a	mya:lemma	ငယ်တယ်; ငယ်ရွယ်တယ်
01649720-a	mya:exe	ဘေးအတန်းက ဆရာက ငယ်ငယ်လေးပဲ ရှိသေးတယ်။
01646941-a	mya:lemma	ငယ်တယ်; ငယ်ရွယ်တယ်
01646941-a	mya:lemma	ငယ်တယ်; ငယ်ရွယ်တယ်
01646941-a	mya:exe	ဘေးအတန်းက ဆရာက ငယ်ငယ်လေးပဲ ရှိသေးတယ်။
00514884-a	mya:lemma	～အနှံ့ ; ～တခွင်; တစ်～လုံ
00514884-a	mya:lemma	～အနှံ့ ; ～တခွင်; တစ်～လုံ
00514884-a	mya:lemma	～အနှံ့ ; ～တခွင်; တစ်～လုံ
00514884-a	mya:exe	မနေ့က တစ်နေ့လုံး(/တစ်နေ့ကုန်) အိမ်မှာမရှိဘူး။
00988232-a	mya:lemma	ပိန်တယ်
00988232-a	mya:exe	ဟိုလူရဲ့ ခြေထောက်က ပိန်ပြီး(/သွယ်ပြီး) ရှည်တယ်။
77000084-n	mya:lemma	ဘယ်; ဘယ်ဟာ; ဘာ; ဘယ်ဘက်
77000084-n	mya:lemma	ဘယ်; ဘယ်ဟာ; ဘာ; ဘယ်ဘက်
77000084-n	mya:lemma	ဘယ်; ဘယ်ဟာ; ဘာ; ဘယ်ဘက်
77000084-n	mya:lemma	ဘယ်; ဘယ်ဟာ; ဘာ; ဘယ်ဘက်
77000084-n	mya:exe	ဘယ် နိုင်ငံ က ပါလဲ။
00220082-a	mya:lemma	သန့်တယ်; လှတယ်; လှပတယ်
00220082-a	mya:lemma	သန့်တယ်; လှတယ်; လှပတယ်
00220082-a	mya:lemma	သန့်တယ်; လှတယ်; လှပတယ်
00220082-a	mya:exe	လှပပြီး တိတ်ဆိတ်တဲ့ အိမ်ခန်း မှာ နေတယ်။
01586342-a	mya:lemma	သန့်တယ်; လှတယ်; လှပတယ်
01586342-a	mya:lemma	သန့်တယ်; လှတယ်; လှပတယ်
01586342-a	mya:lemma	သန့်တယ်; လှတယ်; လှပတယ်
01586342-a	mya:exe	လှပပြီး တိတ်ဆိတ်တဲ့ အိမ်ခန်း မှာ နေတယ်။
01586342-a	mya:lemma	ကောင်းတယ်
01586342-a	mya:exe	ဒီကွန်ပျူတာက ဈေးကြီးပေမယ့် အရမ်း ကောင်းတယ်။
01346003-v	mya:lemma	ဖွင့်တယ်
01346003-v	mya:exe	ပြတင်းပေါက် ဖွင့်ထားတယ်။
09853467-n	mya:lemma	အစ်ကို; ကိုကို
09853467-n	mya:lemma	အစ်ကို; ကိုကို
09853467-n	mya:exe	ကျွန်မ(/ကျွန်တော်)က ကျောင်းသားပေမယ့် အစ်ကိုက ကုမ္ပဏီ ဝန်ထမ်း ပါ။
09853467-n	mya:lemma	(သူတစ်ပါးရဲ့)အစ်ကို; (သူတစ်ပါးရဲ့)ကိုကို
09853467-n	mya:lemma	(သူတစ်ပါးရဲ့)အစ်ကို; (သူတစ်ပါးရဲ့)ကိုကို
09853467-n	mya:exe	နောက်အပတ် မစ္စတာလီရဲ့ အစ်ကို ဂျပန်ကို အလည်လာမယ်။
03102654-n	mya:lemma	ရေခဲသေတ္တာ
03102654-n	mya:exe	ရေခဲသေတ္တာထဲမှာ ဘာမှ မရှိဘူး။
03273913-n	mya:lemma	ရေခဲသေတ္တာ
03273913-n	mya:exe	ရေခဲသေတ္တာထဲမှာ ဘာမှ မရှိဘူး။
02399595-a	mya:lemma	စားမကောင်းဘူး
02399595-a	mya:exe	ဟို(/အဲဒီ) ဆိုင်က ဈေးပေါပေမယ့် စားလို့မကောင်းဘူး။
01716971-a	mya:lemma	စားမကောင်းဘူး
01716971-a	mya:exe	ဟို(/အဲဒီ) ဆိုင်က ဈေးပေါပေမယ့် စားလို့မကောင်းဘူး။
07845335-n	mya:lemma	နွားနို့
07845335-n	mya:exe	ကျွန်မ(/ကျွန်တော်) နွားနို့ မကြိုက်လို့ သိပ် မသောက်ဘူး။
07844042-n	mya:lemma	နွားနို့
07844042-n	mya:exe	ကျွန်မ(/ကျွန်တော်) နွားနို့ မကြိုက်လို့ သိပ် မသောက်ဘူး။
10780632-n	mya:lemma	အမျိုးသမီး; ဇနီး; မိန်းမ; မယား
10780632-n	mya:lemma	အမျိုးသမီး; ဇနီး; မိန်းမ; မယား
10780632-n	mya:lemma	အမျိုးသမီး; ဇနီး; မိန်းမ; မယား
10780632-n	mya:lemma	အမျိုးသမီး; ဇနီး; မိန်းမ; မယား
10780632-n	mya:exe	မစ္စတာ တာနာခါရဲ့ အမျိုးသမီးက တက္ကသိုလ်က ဆရာမ ပါ။
08625462-n	mya:lemma	ဘယ်; ဘယ်ဘက်; (လက်)ဝဲ; (လက်)ဝဲဘက်
08625462-n	mya:lemma	ဘယ်; ဘယ်ဘက်; (လက်)ဝဲ; (လက်)ဝဲဘက်
08625462-n	mya:lemma	ဘယ်; ဘယ်ဘက်; (လက်)ဝဲ; (လက်)ဝဲဘက်
08625462-n	mya:lemma	ဘယ်; ဘယ်ဘက်; (လက်)ဝဲ; (လက်)ဝဲဘက်
08625462-n	mya:exe	မစ္စတာ တာနာခါ ရဲ့ ဘယ်ဘက်မှာ မစ္စတာ ခိမုရ ရှိတယ်။
90000508-n	mya:lemma	နောက်အပတ်
90000508-n	mya:exe	နောက်အပတ် အစ်မ မင်္ဂလာဆောင်မယ်။
01848718-v	mya:lemma	သွားတယ်
01848718-v	mya:exe	အတန်းပြီးရင် သူငယ်ချင်းအိမ် သွားမယ်။
06518719-n	mya:lemma	လက်မှတ်
06518719-n	mya:exe	ရထားစီးတဲ့အခါ လက်မှတ် လိုတယ်။
01470670-v	mya:lemma	တွေ့တယ်; ဆုံတယ
01470670-v	mya:lemma	တွေ့တယ်; ဆုံတယ
01470670-v	mya:exe	မနက်ဖန် မစ္စတာ လီ နဲ့တွေ့ပြီး လက်ဆောင် ပေးမယ်။
02428924-v	mya:lemma	တွေ့တယ်; ဆုံတယ
02428924-v	mya:lemma	တွေ့တယ်; ဆုံတယ
02428924-v	mya:exe	မနက်ဖန် မစ္စတာ လီ နဲ့တွေ့ပြီး လက်ဆောင် ပေးမယ်။
10285313-n	mya:lemma	ယောက်ျားလေး; ကောင်လေး
10285313-n	mya:lemma	ယောက်ျားလေး; ကောင်လေး
10285313-n	mya:exe	ဟိုမှာ ကောင်လေးတစ်ယောက် သစ်ပင်ပေါ်တက်နေတယ်။
03542333-n	mya:lemma	ဟိုတယ
03542333-n	mya:exe	ဟိုတယ်မှာ တည်းမယ်။
02913152-n	mya:lemma	အဆောက်အအုံ
02913152-n	mya:exe	ဒီ အဆောက်အအုံရဲ့ သုံးထပ်(/တတိယထပ်)မှာ ရှိတယ်။
07649854-n	mya:lemma	အသား
07649854-n	mya:exe	ကျွန်မ(/ကျွန်တော်) အသား ထက် ငါးကို ပိုကြိုက်တယ်။
09397391-n	mya:lemma	ကန်; ရေကန်; အိုင်; ရေအိုင်
09397391-n	mya:lemma	ကန်; ရေကန်; အိုင်; ရေအိုင်
09397391-n	mya:lemma	ကန်; ရေကန်; အိုင်; ရေအိုင်
09397391-n	mya:lemma	ကန်; ရေကန်; အိုင်; ရေအိုင်
09397391-n	mya:exe	ပန်းခြံ ထဲမှာ ရေကန် အကြီးကြီး ရှိတယ်။
07935152-n	mya:lemma	လက်ဖက်ရည်; ရေနွေးကြမ်း
07935152-n	mya:lemma	လက်ဖက်ရည်; ရေနွေးကြမ်း
07935152-n	mya:exe	လက်ဘက်ရည်တို့ဘာတို့ သောက်ဦးမလား။
03082979-n	mya:lemma	ကွန်ပျူတာ
03082979-n	mya:exe	ကျွန်မ(/ကျွန်တော်) အခု ကွန်ပျူတာ လိုချင်တယ်။
00312553-n	mya:lemma	ခရီး; ခရီးသွား
00312553-n	mya:lemma	ခရီး; ခရီးသွား
00312553-n	mya:exe	စာအုပ်ဆိုင်ကနေ ခရီးသွားလမ်းညွှန် စာအုပ် ဝယ်လာတယ်။
04043733-n	mya:lemma	ရေဒီယို
04043733-n	mya:exe	ရေဒီယိုနဲ့ သတင်း နားထောင်တယ်။
01442186-a	mya:lemma	တိုတယ်; တိုတို
01442186-a	mya:lemma	တိုတယ်; တိုတို
01442186-a	mya:exe	နေ့တစ်နေ့ဆိုတာ အရမ်း တိုတယ်။
01436003-a	mya:lemma	တိုတယ်; တိုတို
01436003-a	mya:lemma	တိုတယ်; တိုတို
01436003-a	mya:exe	နေ့တစ်နေ့ဆိုတာ အရမ်း တိုတယ်။
01442826-a	mya:lemma	တိုတယ်; တိုတို
01442826-a	mya:lemma	တိုတယ်; တိုတို
01442826-a	mya:exe	နေ့တစ်နေ့ဆိုတာ အရမ်း တိုတယ်။
14513694-n	mya:lemma	အိမ်; အိမ်ထောင်\
14513694-n	mya:lemma	အိမ်; အိမ်ထောင်\
14513694-n	mya:exe	ဒီ ဟင်းက အိမ်မှာ ချက်လို့ရတယ်။
15274074-n	mya:lemma	နားတယ်; နားရက်; ပိတ်ရက်
15274074-n	mya:lemma	နားတယ်; နားရက်; ပိတ်ရက်
15274074-n	mya:lemma	နားတယ်; နားရက်; ပိတ်ရက်
15274074-n	mya:exe	ကျောင်း ပိတ်တယ်။
15183428-n	mya:lemma	နားတယ်; နားရက်; ပိတ်ရက်
15183428-n	mya:lemma	နားတယ်; နားရက်; ပိတ်ရက်
15183428-n	mya:lemma	နားတယ်; နားရက်; ပိတ်ရက်
15183428-n	mya:exe	ကျောင်း ပိတ်တယ်။
15137890-n	mya:lemma	နားတယ်; နားရက်; ပိတ်ရက်
15137890-n	mya:lemma	နားတယ်; နားရက်; ပိတ်ရက်
15137890-n	mya:lemma	နားတယ်; နားရက်; ပိတ်ရက်
15137890-n	mya:exe	ကျောင်း ပိတ်တယ်။
00027918-r	mya:lemma	～သေးတယ်
00027918-r	mya:exe	အခု ဆယ်နာရီပဲ ရှိသေးတယ်။
00031304-r	mya:lemma	～သေးတယ်
00031304-r	mya:exe	အခု ဆယ်နာရီပဲ ရှိသေးတယ်။
03925226-n	mya:lemma	ဓာတ်ပုံ
03925226-n	mya:exe	ဂျပန်ကိုလာတုန်းက လေယာဉ်ကွင်းမှာ ဓာတ်ပုံ ရိုက်ခဲ့တယ်။
03931044-n	mya:lemma	ဓာတ်ပုံ
03931044-n	mya:exe	ဂျပန်ကိုလာတုန်းက လေယာဉ်ကွင်းမှာ ဓာတ်ပုံ ရိုက်ခဲ့တယ်။
04248607-n	mya:lemma	ဓာတ်ပုံ
04248607-n	mya:exe	ဂျပန်ကိုလာတုန်းက လေယာဉ်ကွင်းမှာ ဓာတ်ပုံ ရိုက်ခဲ့တယ်။
15164233-n	mya:lemma	ဗုဒ္ဓဟူး; ဗုဒ္ဓဟူးနေ့
15164233-n	mya:lemma	ဗုဒ္ဓဟူး; ဗုဒ္ဓဟူးနေ့
15164233-n	mya:exe	ဟိုနားက ဆေးရုံက ဗုဒ္ဓဟူးနေ့ နဲ့ တနင်္ဂနွေနေ့ ပိတ်တယ်။
11524662-n	mya:lemma	မိုးလေ၀သ; ရာသီဥတုအခြေအနေ; ရာသီဥတ
11524662-n	mya:lemma	မိုးလေ၀သ; ရာသီဥတုအခြေအနေ; ရာသီဥတ
11524662-n	mya:lemma	မိုးလေ၀သ; ရာသီဥတုအခြေအနေ; ရာသီဥတ
11524662-n	mya:exe	ဒီနေ့ ရာသီဥတု အရမ်း သာယာတယ်။
07193184-n	mya:lemma	မေးခွန်း; အမေ
07193184-n	mya:lemma	မေးခွန်း; အမေ
07193184-n	mya:exe	ဆရာကနေ မေးခွန်း မေးခဲ့တယ်။
07196682-n	mya:lemma	မေးခွန်း; အမေ
07196682-n	mya:lemma	မေးခွန်း; အမေ
07196682-n	mya:exe	ဆရာကနေ မေးခွန်း မေးခဲ့တယ်။
05797597-n	mya:lemma	မေးခွန်း; အမေ
05797597-n	mya:lemma	မေးခွန်း; အမေ
05797597-n	mya:exe	ဆရာကနေ မေးခွန်း မေးခဲ့တယ်။
07193596-n	mya:lemma	မေးခွန်း; အမေ
07193596-n	mya:lemma	မေးခွန်း; အမေ
07193596-n	mya:exe	ဆရာကနေ မေးခွန်း မေးခဲ့တယ်။
01904930-v	mya:lemma	ခြေလျင်လျှောက်တယ်; လမ်းလျှောက်တယ
01904930-v	mya:lemma	ခြေလျင်လျှောက်တယ်; လမ်းလျှောက်တယ
01904930-v	mya:exe	နီးတယ်ဆိုရင် ခြေလျင်လျှောက်မယ်လေ။
03383948-n	mya:lemma	ခရင်း
03383948-n	mya:exe	ကိတ်မုန့်စားတဲ့အခါ ခရင်းကို သုံးတယ်။
08286569-n	mya:lemma	တက္ကသိုလ်
08286569-n	mya:exe	တိုကျိုက တက္ကသိုလ် မှာ တက်ချင်တယ်။
08286163-n	mya:lemma	တက္ကသိုလ်
08286163-n	mya:exe	တိုကျိုက တက္ကသိုလ် မှာ တက်ချင်တယ်။
08278169-n	mya:lemma	တက္ကသိုလ်
08278169-n	mya:exe	တိုကျိုက တက္ကသိုလ် မှာ တက်ချင်တယ်။
01000214-v	mya:lemma	ရေးတယ်
01000214-v	mya:exe	မနေ့က သူငယ်ချင်းဆီ စာရေးခဲ့တယ်။
02471690-v	mya:lemma	ရေးတယ်
02471690-v	mya:exe	မနေ့က သူငယ်ချင်းဆီ စာရေးခဲ့တယ်။
01020356-v	mya:lemma	ရေးတယ်
01020356-v	mya:exe	မနေ့က သူငယ်ချင်းဆီ စာရေးခဲ့တယ်။
01691057-v	mya:lemma	ရေးတယ်
01691057-v	mya:exe	မနေ့က သူငယ်ချင်းဆီ စာရေးခဲ့တယ်။
01698271-v	mya:lemma	ရေးတယ်
01698271-v	mya:exe	မနေ့က သူငယ်ချင်းဆီ စာရေးခဲ့တယ်။
01020934-v	mya:lemma	ရေးတယ်
01020934-v	mya:exe	မနေ့က သူငယ်ချင်းဆီ စာရေးခဲ့တယ်။
00993014-v	mya:lemma	ရေးတယ်
00993014-v	mya:exe	မနေ့က သူငယ်ချင်းဆီ စာရေးခဲ့တယ်။
03822171-n	mya:lemma	သတင်းစာ
03822171-n	mya:exe	နေ့တိုင်း သတင်းစာ ဖတ်ရင် မှတ်မိ လိမ့်မယ်။
06267145-n	mya:lemma	သတင်းစာ
06267145-n	mya:exe	နေ့တိုင်း သတင်းစာ ဖတ်ရင် မှတ်မိ လိမ့်မယ်။
14961722-n	mya:lemma	သတင်းစာ
14961722-n	mya:exe	နေ့တိုင်း သတင်းစာ ဖတ်ရင် မှတ်မိ လိမ့်မယ်။
07197021-n	mya:lemma	စာမေးပွဲ
07197021-n	mya:exe	ကျောင်းမှာ နေ့တိုင်း ခန်းဂျီး စာမေးပွဲ ရှိတယ်။
13714184-n	mya:lemma	ဒီဂရီ
13714184-n	mya:exe	မနက်ဖန် အပူချိန်သုံးဆယ်ဒီဂရီအထိ မြင့်မှာဆိုတော့ ပူတယ်။
00119568-n	mya:lemma	ပျံတယ်
00119568-n	mya:exe	လေယာဉ်ပျံက တောင်ဘက်ကို ပျံသွားတယ်။
08145553-n	mya:lemma	စာတိုက်
08145553-n	mya:exe	စာတိုက်က ဘူတာဘေးမှာ ရှိတယ်။
15237044-n	mya:lemma	နွေဦး; နွေဦးရာသ
15237044-n	mya:lemma	နွေဦး; နွေဦးရာသ
15237044-n	mya:exe	နွေဦးဆို ပန်းတွေ အများကြီး ပွင့်တယ်။
01270199-v	mya:lemma	အဝတ်လျှော်တယ်
01270199-v	mya:exe	နက်ဖန်မနက်ကျရင် အဝတ် မလျှော်လို့ မဖြစ်ဘူး။
06505517-n	mya:lemma	မိတ္တူ ; ကော်ပီ
06505517-n	mya:lemma	မိတ္တူ ; ကော်ပီ
06505517-n	mya:exe	ဆရာက ကျောင်းသားကို သတင်းစာ မိတ္တူ (/ကော်ပီ) ပေးလိုက်တယ်။
15166462-n	mya:lemma	ညနေ; ညနေစောင်း
15166462-n	mya:lemma	ညနေ; ညနေစောင်း
15166462-n	mya:exe	ညနေ ပန်းခြံကို လမ်းလျှောက်ဖို့ သွားမယ်။(ညနေ ပန်းခြံမှာ လမ်းသွားလျှောက်မယ်။)
15166462-n	mya:lemma	မနေ့ည
15166462-n	mya:exe	မနေ့ညက မစ္စတာ ခိမုရနဲ့ ညစာ သွားစားတယ်။
01343918-a	mya:lemma	စိတ်ဝင်စားစရာကောင်းတယ်; စိတ်ဝင်စားဖို့ကောင်းတယ်
01343918-a	mya:lemma	စိတ်ဝင်စားစရာကောင်းတယ်; စိတ်ဝင်စားဖို့ကောင်းတယ်
01343918-a	mya:exe	ဒီ အတန်းက အရမ်း စိတ်ဝင်စားဖို့ ကောင်းတယ်။
01344344-a	mya:lemma	စိတ်ဝင်စားစရာကောင်းတယ်; စိတ်ဝင်စားဖို့ကောင်းတယ်
01344344-a	mya:lemma	စိတ်ဝင်စားစရာကောင်းတယ်; စိတ်ဝင်စားဖို့ကောင်းတယ်
01344344-a	mya:exe	ဒီ အတန်းက အရမ်း စိတ်ဝင်စားဖို့ ကောင်းတယ်။
01344344-a	mya:lemma	ပျော်တယ်; ပျော်စရာကောင်းတယ်; ပျော်ဖို့ကောင်းတယ်
01344344-a	mya:lemma	ပျော်တယ်; ပျော်စရာကောင်းတယ်; ပျော်ဖို့ကောင်းတယ်
01344344-a	mya:lemma	ပျော်တယ်; ပျော်စရာကောင်းတယ်; ပျော်ဖို့ကောင်းတယ်
01344344-a	mya:exe	ကျွန်မ(/ကျွန်တော်) အတန်းတက်ရတာ ပျော်တယ်။
01265308-a	mya:lemma	စိတ်ဝင်စားစရာကောင်းတယ်; စိတ်ဝင်စားဖို့ကောင်းတယ်
01265308-a	mya:lemma	စိတ်ဝင်စားစရာကောင်းတယ်; စိတ်ဝင်စားဖို့ကောင်းတယ်
01265308-a	mya:exe	ဒီ အတန်းက အရမ်း စိတ်ဝင်စားဖို့ ကောင်းတယ်။
01344485-a	mya:lemma	စိတ်ဝင်စားစရာကောင်းတယ်; စိတ်ဝင်စားဖို့ကောင်းတယ်
01344485-a	mya:lemma	စိတ်ဝင်စားစရာကောင်းတယ်; စိတ်ဝင်စားဖို့ကောင်းတယ်
01344485-a	mya:exe	ဒီ အတန်းက အရမ်း စိတ်ဝင်စားဖို့ ကောင်းတယ်။
90000515-n	mya:lemma	သန်ဘက်ခါ
90000515-n	mya:exe	သန်ဘက်ခါ ဘေ့စ်ဘော ပြိုင်ပွဲ ရှိတယ်။
01801029-a	mya:lemma	ပျော်တယ်; ပျော်စရာကောင်းတယ်; ပျော်ဖို့ကောင်းတယ်
01801029-a	mya:lemma	ပျော်တယ်; ပျော်စရာကောင်းတယ်; ပျော်ဖို့ကောင်းတယ်
01801029-a	mya:lemma	ပျော်တယ်; ပျော်စရာကောင်းတယ်; ပျော်ဖို့ကောင်းတယ်
01801029-a	mya:exe	ကျွန်မ(/ကျွန်တော်) အတန်းတက်ရတာ ပျော်တယ်။
03906997-n	mya:lemma	ဘောပင်
03906997-n	mya:exe	ဘောပင်နဲ့ စာရေးတယ်။
77000095-n	mya:lemma	ဘယ်သူ; ဘယ်ပုဂ္ဂိုလ်
77000095-n	mya:lemma	ဘယ်သူ; ဘယ်ပုဂ္ဂိုလ်
77000095-n	mya:exe	ဆရာ အသစ်က ဘယ်သူပါလဲ။
77000095-n	mya:lemma	ဘယ်သူ
77000095-n	mya:exe	ဟိုမှာ လူတစ်ယောက် ရှိတယ်နော်။ အဲဒီလူက ဘယ်သူလဲ။(ဟိုမှာ လူတစ်ယောက် ရှိတယ်မလား။ အဲဒီလူက ဘယ်သူလဲ။)
90000500-n	mya:lemma	တနှစ်က; တမြန်နှစ်က
90000500-n	mya:lemma	တနှစ်က; တမြန်နှစ်က
90000500-n	mya:exe	တမြန်နှစ်က မစ္စတာ တာနာခါ ကျောင်းထွက်ခဲ့တယ်။
03221720-n	mya:lemma	တံခါး; တံခါးမ
03221720-n	mya:lemma	တံခါး; တံခါးမ
03221720-n	mya:exe	ရထားတံခါး ပိတ်မယ်။
03221720-n	mya:lemma	တံခါး
03221720-n	mya:exe	အဲဒီက တံခါးကို ဖွင့်လို့ မရဘူး။
77000012-n	mya:lemma	ကျွန်ုပ်; ကျွန်တော်; ကျွန်မ
77000012-n	mya:lemma	ကျွန်ုပ်; ကျွန်တော်; ကျွန်မ
77000012-n	mya:lemma	ကျွန်ုပ်; ကျွန်တော်; ကျွန်မ
77000012-n	mya:exe	အဲဒီ စာအုပ်က  ကျွန်မ(/ကျွန်တော်) ဟာ ပါ။
77000015-n	mya:lemma	ကျွန်ုပ်; ကျွန်တော်; ကျွန်မ
77000015-n	mya:lemma	ကျွန်ုပ်; ကျွန်တော်; ကျွန်မ
77000015-n	mya:lemma	ကျွန်ုပ်; ကျွန်တော်; ကျွန်မ
77000015-n	mya:exe	အဲဒီ စာအုပ်က  ကျွန်မ(/ကျွန်တော်) ဟာ ပါ။
01344963-a	mya:lemma	ပျင်းစရာကောင်းတယ်; စိတ်ဝင်စားဖို့မကောင်းဘူး; စိတ်ဝင်စားစရာမကောင်းဘူး
01344963-a	mya:lemma	ပျင်းစရာကောင်းတယ်; စိတ်ဝင်စားဖို့မကောင်းဘူး; စိတ်ဝင်စားစရာမကောင်းဘူး
01344963-a	mya:lemma	ပျင်းစရာကောင်းတယ်; စိတ်ဝင်စားဖို့မကောင်းဘူး; စိတ်ဝင်စားစရာမကောင်းဘူး
01344963-a	mya:exe	ဒီစာအုပ်က စိတ်ဝင်စားဖို့မကောင်းဘူး။
01170052-v	mya:lemma	သောက်တယ်
01170052-v	mya:exe	ဆေးသောက်လိုက်ရင် ကောင်းသွားမှာပါ။
03282295-n	mya:lemma	သံရုံး
03282295-n	mya:exe	ကျွန်မ(/ကျွန်တော်) မနက်ဖန် သံရုံးကို သွားမယ်။
06796119-n	mya:lemma	တံဆိပ်ခေါင်း
06796119-n	mya:exe	တံဆိပ်ခေါင်း ဆယ်ခု နဲ့ ပို့စကတ် သုံးခု ဝယ်မယ်။
07775375-n	mya:lemma	ငါး
07775375-n	mya:exe	ပင်လယ်နဲ့ နီးတဲ့ နေရာက ငါးတွေက စားလို့ကောင်းတယ်။
02512053-n	mya:lemma	ငါး
02512053-n	mya:exe	ပင်လယ်နဲ့ နီးတဲ့ နေရာက ငါးတွေက စားလို့ကောင်းတယ်။
01586866-a	mya:lemma	ကောင်းတယ်
01586866-a	mya:exe	ဒီကွန်ပျူတာက ဈေးကြီးပေမယ့် အရမ်း ကောင်းတယ်။
01048762-a	mya:lemma	ကောင်းတယ်
01048762-a	mya:exe	ဒီကွန်ပျူတာက ဈေးကြီးပေမယ့် အရမ်း ကောင်းတယ်။
00067638-a	mya:lemma	ကောင်းတယ်
00067638-a	mya:exe	ဒီကွန်ပျူတာက ဈေးကြီးပေမယ့် အရမ်း ကောင်းတယ်။
01993408-a	mya:lemma	ကောင်းတယ်
01993408-a	mya:exe	ဒီကွန်ပျူတာက ဈေးကြီးပေမယ့် အရမ်း ကောင်းတယ်။
01171213-a	mya:lemma	ကောင်းတယ်
01171213-a	mya:exe	ဒီကွန်ပျူတာက ဈေးကြီးပေမယ့် အရမ်း ကောင်းတယ်။
01800349-a	mya:lemma	ကောင်းတယ်
01800349-a	mya:exe	ဒီကွန်ပျူတာက ဈေးကြီးပေမယ့် အရမ်း ကောင်းတယ်။
01123148-a	mya:lemma	ကောင်းတယ်
01123148-a	mya:exe	ဒီကွန်ပျူတာက ဈေးကြီးပေမယ့် အရမ်း ကောင်းတယ်။
00064787-a	mya:lemma	ကောင်းတယ်
00064787-a	mya:exe	ဒီကွန်ပျူတာက ဈေးကြီးပေမယ့် အရမ်း ကောင်းတယ်။
00850183-a	mya:lemma	ကောင်းတယ်
00850183-a	mya:exe	ဒီကွန်ပျူတာက ဈေးကြီးပေမယ့် အရမ်း ကောင်းတယ်။
01129977-a	mya:lemma	ကောင်းတယ်
01129977-a	mya:exe	ဒီကွန်ပျူတာက ဈေးကြီးပေမယ့် အရမ်း ကောင်းတယ်။
01586752-a	mya:lemma	ကောင်းတယ်
01586752-a	mya:exe	ဒီကွန်ပျူတာက ဈေးကြီးပေမယ့် အရမ်း ကောင်းတယ်။
04588365-n	mya:lemma	ပြတင်းပေါက်
04588365-n	mya:exe	ဒီအခန်းက ပြတင်းပေါက် မရှိဘူး။
04587648-n	mya:lemma	ပြတင်းပေါက်
04587648-n	mya:exe	ဒီအခန်းက ပြတင်းပေါက် မရှိဘူး။
05216365-n	mya:lemma	ကိုယ်ခန္ဓာ; ခန္ဓာကိုယ်
05216365-n	mya:lemma	ကိုယ်ခန္ဓာ; ခန္ဓာကိုယ်
05216365-n	mya:exe	မောင်လေး(/ညီလေး) က ကိုယ်ခန္ဓာ အရမ်း သန်မာတယ်။
76100002-x	mya:lemma	～အုပ်
76100002-x	mya:exe	ဆရာ့ စာကြည့်စားပွဲပေါ်မှာ အဘိဓာန် နှစ်အုပ် နဲ့ မဂ္ဂဇင်း တစ်အုပ် ရှိတယ်။
04967191-n	mya:lemma	အစိမ်း; အစိမ်းရောင်
04967191-n	mya:lemma	အစိမ်း; အစိမ်းရောင်
04967191-n	mya:exe	မစ္စတာ တာနာခါ က အစိမ်းရောင် နက်ကတိုင်ကို စည်းထားတယ်။
80001047-v	mya:lemma	သေတယ်
80001047-v	mya:exe	လူတွေ အများကြီး သေကုန်တယ်။
03497657-n	mya:lemma	ဦးထုပ်
03497657-n	mya:exe	ပူတဲ့နေ့ဆို ဦးထုပ် ဆောင်းပြီး အပြင်ထွက်တယ်။
15129927-n	mya:lemma	～နာရီ
15129927-n	mya:exe	အခု ဘယ်နှနာရီ ဘယ်နှမိနစ် ရှိပြီလဲ။(အခု ဘယ်နှနာရီလဲ။)
00546389-n	mya:lemma	သီချင်း
00546389-n	mya:exe	ကျွန်မ(/ကျွန်တော်) သီချင်းဆို ညံ့တယ်။(ကျွန်မ(/ကျွန်တော်) သီချင်းမဆိုတတ်ဘူး။)
07048000-n	mya:lemma	သီချင်း
07048000-n	mya:exe	ကျွန်မ(/ကျွန်တော်) သီချင်းဆို ညံ့တယ်။(ကျွန်မ(/ကျွန်တော်) သီချင်းမဆိုတတ်ဘူး။)
01754737-v	mya:lemma	ပိတ်တယ်; ဖြတ်တောက်တယ်
01754737-v	mya:lemma	ပိတ်တယ်; ဖြတ်တောက်တယ်
01754737-v	mya:exe	ကွန်ပျုတာ ခလုတ်ကို ပိတ်တယ်။
07447641-n	mya:lemma	ပွဲ; ပါတ
07447641-n	mya:lemma	ပွဲ; ပါတ
07447641-n	mya:exe	မစ္စတာ ရာမဒ ရဲ့ မွေးနေ့မှာ ပါတီ လုပ်မယ်။/မစ္စတာ ရာမဒ ရဲ့ မွေးနေ့ကျရင် ပါတီ လုပ်မယ်။
01842204-v	mya:lemma	အပြင်ထွက်တယ်
01842204-v	mya:exe	မနေ့က ဘယ်မှ မထွက်ဘူး။
04241394-n	mya:lemma	ဖိနပ်အပါး; ဖိနပ်ပါး
04241394-n	mya:lemma	ဖိနပ်အပါး; ဖိနပ်ပါး
04241394-n	mya:exe	ရှူးဖိနပ်ကို ချွတ်ပြီး ဖိနပ်ပါး ကို စီးတယ်။
05301908-n	mya:lemma	ပါးစပ်; အ၀
05301908-n	mya:lemma	ပါးစပ်; အ၀
05301908-n	mya:exe	သွားနာလို့ ပါးစပ်ဟလို့ မရဘူး။
02440250-n	mya:lemma	လက်
02440250-n	mya:exe	ထမင်းမစားခင် လက်ဆေးတယ်။
06277280-n	mya:lemma	တီဗွီ; ရုပ်မြင်သံကြား
06277280-n	mya:lemma	တီဗွီ; ရုပ်မြင်သံကြား
06277280-n	mya:exe	တီဗွီက မျက်စိ အတွက် မကောင်းဘူး။
13831176-n	mya:lemma	မြောက်; မြောက်ဘက်
13831176-n	mya:lemma	မြောက်; မြောက်ဘက်
13831176-n	mya:exe	ဆောင်းတွင်းရောက်ရင် ဂျပန်ရဲ့မြောက်ဘက်ပိုင်းမှာ အရမ်းအေးတယ်။
01318741-a	mya:lemma	နာတယ်; ကိုက်တယ
01318741-a	mya:lemma	နာတယ်; ကိုက်တယ
01318741-a	mya:exe	ဟင့်အင်း၊မနာဘူး(/မကိုက်ဘူး)။
01712753-a	mya:lemma	နာတယ်; ကိုက်တယ
01712753-a	mya:lemma	နာတယ်; ကိုက်တယ
01712753-a	mya:exe	ဟင့်အင်း၊မနာဘူး(/မကိုက်ဘူး)။
05395690-n	mya:lemma	ဗိုက်; ဝမ်းဗိုက်\
05395690-n	mya:lemma	ဗိုက်; ဝမ်းဗိုက်\
05395690-n	mya:exe	ဗိုက်နာလို့ ဆေးရုံ သွားတယ်။
05556943-n	mya:lemma	ဗိုက်; ဝမ်းဗိုက်\
05556943-n	mya:lemma	ဗိုက်; ဝမ်းဗိုက်\
05556943-n	mya:exe	ဗိုက်နာလို့ ဆေးရုံ သွားတယ်။
00749230-a	mya:lemma	လွယ်တယ်
00749230-a	mya:exe	မနေ့က စာမေးပွဲက လွယ်တယ်။
14061805-n	mya:lemma	နေမကောင်းဖြစ်တယ်; ရောဂါဖြစ်တယ်
14061805-n	mya:lemma	နေမကောင်းဖြစ်တယ်; ရောဂါဖြစ်တယ်
14061805-n	mya:exe	မနေ့က ဆရာ နေမကောင်းလို့ အတန်း မရှိဘူး။
14055408-n	mya:lemma	နေမကောင်းဖြစ်တယ်; ရောဂါဖြစ်တယ်
14055408-n	mya:lemma	နေမကောင်းဖြစ်တယ်; ရောဂါဖြစ်တယ်
14055408-n	mya:exe	မနေ့က ဆရာ နေမကောင်းလို့ အတန်း မရှိဘူး။
14473054-n	mya:lemma	နေမကောင်းဖြစ်တယ်; ရောဂါဖြစ်တယ်
14473054-n	mya:lemma	နေမကောင်းဖြစ်တယ်; ရောဂါဖြစ်တယ်
14473054-n	mya:exe	မနေ့က ဆရာ နေမကောင်းလို့ အတန်း မရှိဘူး။
10399491-n	mya:lemma	မိဘ
10399491-n	mya:exe	အခု ကျွန်မ(/ကျွန်တော်) မိဘတွေ  နိုင်ငံခြားမှာ နေတယ်။
13833375-n	mya:lemma	တောင်; တောင်ဘက
13833375-n	mya:lemma	တောင်; တောင်ဘက
13833375-n	mya:exe	ကျွန်မ(/ကျွန်တော်) အခန်းက တောင်ဘက်မှာ ရှိလို့ အလင်းရောင်ကောင်းတယ်။
02472293-n	mya:lemma	လူ
02472293-n	mya:exe	အဲဒီလူ က ဂျပန်စာဆရာ ဖြစ်မယ် ထင်တယ်။
00442917-a	mya:lemma	ဝေးတယ်
00442917-a	mya:exe	ဘူတာကနေ ကျောင်းကို ဝေးလို့ ဘတ်စ်ကား စီးတယ်။
01421622-v	mya:lemma	ထည့်တယ်; ဖွင့်တယ်; မီးထွန်းတယ်
01421622-v	mya:lemma	ထည့်တယ်; ဖွင့်တယ်; မီးထွန်းတယ်
01421622-v	mya:lemma	ထည့်တယ်; ဖွင့်တယ်; မီးထွန်းတယ်
01421622-v	mya:exe	ခလုတ်ကို ဖွင့်ပြီး မီးထွန်းတယ်။
03398467-n	mya:lemma	ရှေ့; အရှေ့
03398467-n	mya:lemma	ရှေ့; အရှေ့
03398467-n	mya:exe	အိမ် ရဲ့ အရှေ့မှာ ကြောင် ရှိတယ်။
00964768-a	mya:lemma	ကိုယ်ခံအားနည်းတယ်; ကိုယ်ခံအားမကောင်းဘူး
00964768-a	mya:lemma	ကိုယ်ခံအားနည်းတယ်; ကိုယ်ခံအားမကောင်းဘူး
00964768-a	mya:exe	ကိုယ်ခံအားနည်းလို့(/ကိုယ်ခံအားမကောင်းလို့ )အားကစား လုပ်လို့မရဘူး။
02324397-a	mya:lemma	ကိုယ်ခံအားနည်းတယ်; ကိုယ်ခံအားမကောင်းဘူး
02324397-a	mya:lemma	ကိုယ်ခံအားနည်းတယ်; ကိုယ်ခံအားမကောင်းဘူး
02324397-a	mya:exe	ကိုယ်ခံအားနည်းလို့(/ကိုယ်ခံအားမကောင်းလို့ )အားကစား လုပ်လို့မရဘူး။
00709215-a	mya:lemma	ကိုယ်ခံအားနည်းတယ်; ကိုယ်ခံအားမကောင်းဘူး
00709215-a	mya:lemma	ကိုယ်ခံအားနည်းတယ်; ကိုယ်ခံအားမကောင်းဘူး
00709215-a	mya:exe	ကိုယ်ခံအားနည်းလို့(/ကိုယ်ခံအားမကောင်းလို့ )အားကစား လုပ်လို့မရဘူး။
02040233-a	mya:lemma	ကိုယ်ခံအားနည်းတယ်; ကိုယ်ခံအားမကောင်းဘူး
02040233-a	mya:lemma	ကိုယ်ခံအားနည်းတယ်; ကိုယ်ခံအားမကောင်းဘူး
02040233-a	mya:exe	ကိုယ်ခံအားနည်းလို့(/ကိုယ်ခံအားမကောင်းလို့ )အားကစား လုပ်လို့မရဘူး။
02040049-a	mya:lemma	ကိုယ်ခံအားနည်းတယ်; ကိုယ်ခံအားမကောင်းဘူး
02040049-a	mya:lemma	ကိုယ်ခံအားနည်းတယ်; ကိုယ်ခံအားမကောင်းဘူး
02040049-a	mya:exe	ကိုယ်ခံအားနည်းလို့(/ကိုယ်ခံအားမကောင်းလို့ )အားကစား လုပ်လို့မရဘူး။
00254978-r	mya:lemma	လတိုင်း; လစဉ်
00254978-r	mya:lemma	လတိုင်း; လစဉ်
00254978-r	mya:exe	လစဉ် ဘဏ်မှာ ငွေအပ်တယ်။
77000091-n	mya:lemma	ဘယ်လို; ဘယ်လိုမျို
77000091-n	mya:lemma	ဘယ်လို; ဘယ်လိုမျို
77000091-n	mya:exe	ဘယ်လို ရုပ်ရှင်မျိုးလဲ။
06605897-n	mya:lemma	အဓိပ္ပာယ်
06605897-n	mya:exe	မစ္စတာ လီ ကို ဒီစကားရဲ့ အဓိပ္ပာယ် ကို သင်ပေးခဲ့တယ်။
05919866-n	mya:lemma	အဓိပ္ပာယ်
05919866-n	mya:exe	မစ္စတာ လီ ကို ဒီစကားရဲ့ အဓိပ္ပာယ် ကို သင်ပေးခဲ့တယ်။
06601327-n	mya:lemma	အဓိပ္ပာယ်
06601327-n	mya:exe	မစ္စတာ လီ ကို ဒီစကားရဲ့ အဓိပ္ပာယ် ကို သင်ပေးခဲ့တယ်။
04059701-n	mya:lemma	နောက်; အနောက
04059701-n	mya:lemma	နောက်; အနောက
04059701-n	mya:exe	ဘူတာရဲ့ အနောက်မှာ စူပါမားကက် ရှိတယ်။
02767665-n	mya:lemma	နောက်; အနောက
02767665-n	mya:lemma	နောက်; အနောက
02767665-n	mya:exe	ဘူတာရဲ့ အနောက်မှာ စူပါမားကက် ရှိတယ်။
03540595-n	mya:lemma	ဆေးရုံ ; ဆေးခန်း
03540595-n	mya:lemma	ဆေးရုံ ; ဆေးခန်း
03540595-n	mya:exe	ဆေးရုံ(/ဆေးခန်း)မှာ လက်ကိုင်ဖုန်း မသုံးရဘူး။
08054417-n	mya:lemma	ဆေးရုံ ; ဆေးခန်း
08054417-n	mya:lemma	ဆေးရုံ ; ဆေးခန်း
08054417-n	mya:exe	ဆေးရုံ(/ဆေးခန်း)မှာ လက်ကိုင်ဖုန်း မသုံးရဘူး။
05311054-n	mya:lemma	မျက်စိ; မျက်လုံး
05311054-n	mya:lemma	မျက်စိ; မျက်လုံး
05311054-n	mya:exe	အမှောင်ခန်းထဲမှာ စာအုပ်ဖတ်လိုက်တာ မျက်စိ ညောင်းသွားတယ်။
05316025-n	mya:lemma	မျက်စိ; မျက်လုံး
05316025-n	mya:lemma	မျက်စိ; မျက်လုံး
05316025-n	mya:exe	အမှောင်ခန်းထဲမှာ စာအုပ်ဖတ်လိုက်တာ မျက်စိ ညောင်းသွားတယ်။
02871439-n	mya:lemma	စာအုပ်စင်
02871439-n	mya:exe	အဘိဓာန် ဟိုက စာအုပ်စင်မှာရှိတယ်။
01186408-a	mya:lemma	ပေါ့တယ်
01186408-a	mya:exe	ကျွန်မ(/ကျွန်တော်)  ပေါ့တဲ့ ဖိနပ် လိုချင်တယ်။
04049098-n	mya:lemma	ဘူတာ; ဘူတာရုံ
04049098-n	mya:lemma	ဘူတာ; ဘူတာရုံ
04049098-n	mya:exe	ကျွန်မ(/ကျွန်တော်) မနက်ဖန် ဘူတာမှာ သူငယ်ချင်းနဲ့တွေ့ပြီး သူနဲ့အတူ ဂီတပွဲ သွားမယ်။
03030663-n	mya:lemma	ဆေးလိပ်
03030663-n	mya:exe	ဆေးလိပ် ဖျက်လိုက်ပြီ။
02230772-v	mya:lemma	လှမ်းပေးတယ်; ပေးလိုက်တယ်
02230772-v	mya:lemma	လှမ်းပေးတယ်; ပေးလိုက်တယ်
02230772-v	mya:exe	မနေ့က မစ္စတာ ခိမုရ ကို ဒီမြို့ရဲ့မြေပုံ ပေးလိုက်တယ်။
90000504-n	mya:lemma	နောက်နှစ်ရဲ့နောက်တစ်နှစ်
90000504-n	mya:exe	နောက်နှစ်ရဲ့နောက်တစ်နှစ်ကျရင် အဲဒီမှာ စာကြည့်တိုက် ဖွင့်မယ်ကြားတယ်။(နောက်တစ်နှစ်ကျော်လောက်ကျရင် အဲဒီမှာ စာကြည့်တိုက် ဖွင့်မယ်ကြားတယ်။)
00729108-n	mya:lemma	အိမ်စာ
00729108-n	mya:exe	အိမ်စာ မမေ့ စေနဲ့။
03815615-n	mya:lemma	နက်ကတိုင်
03815615-n	mya:exe	ဒါ အီတလီက နက်ကတိုင်ပါ။
07596684-n	mya:lemma	မုန့
07596684-n	mya:exe	မစ္စတာ ခိမုရ က ကျွန်မ(/ကျွန်တော်)ကို မုန့်ပေးတယ်။
05560787-n	mya:lemma	ခြေ; ခြေထောက်
05560787-n	mya:lemma	ခြေ; ခြေထောက်
05560787-n	mya:exe	အဲဒီလူ ရဲ့ ခြေထောက်က အရှည်ကြီးပဲ။
05563266-n	mya:lemma	ခြေ; ခြေထောက်
05563266-n	mya:lemma	ခြေ; ခြေထောက်
05563266-n	mya:exe	အဲဒီလူ ရဲ့ ခြေထောက်က အရှည်ကြီးပဲ။
02310007-v	mya:lemma	ပြန်ပေးတယ်; ပြန်အပ်တယ်
02310007-v	mya:lemma	ပြန်ပေးတယ်; ပြန်အပ်တယ်
02310007-v	mya:exe	နေ့ခင်းနားတဲ့အချိန်မှ ပြန်ပေးလည်းရတယ်။
01308381-v	mya:lemma	ပြန်ပေးတယ်; ပြန်အပ်တယ်
01308381-v	mya:lemma	ပြန်ပေးတယ်; ပြန်အပ်တယ်
01308381-v	mya:exe	နေ့ခင်းနားတဲ့အချိန်မှ ပြန်ပေးလည်းရတယ်။
80001595-v	mya:lemma	ပြန်ပေးတယ်; ပြန်အပ်တယ်
80001595-v	mya:lemma	ပြန်ပေးတယ်; ပြန်အပ်တယ်
80001595-v	mya:exe	နေ့ခင်းနားတဲ့အချိန်မှ ပြန်ပေးလည်းရတယ်။
10080869-n	mya:lemma	(သူတစ်ပါးရဲ့)အဖေ; (သူတစ်ပါးရဲ့)ဖေဖေ
10080869-n	mya:lemma	(သူတစ်ပါးရဲ့)အဖေ; (သူတစ်ပါးရဲ့)ဖေဖေ
10080869-n	mya:exe	မစ္စတာ ခိမုရ ရဲ့အဖေက အသက်ငါးဆယ့်နှစ် နှစ်ပါ။
10080869-n	mya:lemma	(မိမိရဲ့)အဖေ; (မိမိရဲ့)ဖေဖေ
10080869-n	mya:lemma	(မိမိရဲ့)အဖေ; (မိမိရဲ့)ဖေဖေ
10080869-n	mya:exe	ကျွန်မ(/ကျွန်တော်) အဖေ့ ကို ပန်း ပေးတယ်။
02411224-a	mya:lemma	ဝတယ်; တုတ်တယ်
02411224-a	mya:lemma	ဝတယ်; တုတ်တယ်
02411224-a	mya:exe	ပန်းခြံမှာ သစ်ပင် တုတ်တုတ်ကြီးတွေ ရှိတယ်။
04446276-n	mya:lemma	အိမ်သာ; သန့်စင်ခန်
04446276-n	mya:lemma	အိမ်သာ; သန့်စင်ခန်
04446276-n	mya:exe	တစ်ဆိတ်လောက်မေးပါရစေ၊ အိမ်သာက ဘယ်နားမှာပါလဲ။
04555291-n	mya:lemma	အိမ်သာ; သန့်စင်ခန်
04555291-n	mya:lemma	အိမ်သာ; သန့်စင်ခန်
04555291-n	mya:exe	တစ်ဆိတ်လောက်မေးပါရစေ၊ အိမ်သာက ဘယ်နားမှာပါလဲ။
00292937-a	mya:lemma	အလုပ်များတယ်; အလုပ်ရှုတ်တယ်
00292937-a	mya:lemma	အလုပ်များတယ်; အလုပ်ရှုတ်တယ်
00292937-a	mya:exe	အလုပ်က ပင်ပန်းပေမယ့် စိတ်ဝင်စားဖို့ကောင်းတယ်။
00273082-a	mya:lemma	မှောင်တယ်
00273082-a	mya:exe	မှောင်တဲ့နေရာမှာ(/အမှောင်ထဲမှာ) စာဖတ်ရင် မျက်စိပျက်တတ်တယ်။
03291819-n	mya:lemma	စာအိတ်
03291819-n	mya:exe	စာအိတ် မှာ နာမည်ကို ရေးတယ်။
80001545-n	mya:lemma	ဘေးနား
80001545-n	mya:exe	အဲဒီ ကော်ဖီဆိုင်က စာအုပ်ဆိုင်ရဲ့ ဘေးနားမှာ ရှိတယ်။
09215315-n	mya:lemma	အောက်
09215315-n	mya:exe	ထိုင်ခုံ အောက်မှာ ကြောင် ရှိတယ်။
80001661-n	mya:lemma	အောက်
80001661-n	mya:exe	ထိုင်ခုံ အောက်မှာ ကြောင် ရှိတယ်။
00523513-n	mya:lemma	အားကစာ
00523513-n	mya:exe	ကျွန်မ(/ကျွန်တော်) အားကစား ဝါသနာမပါဘူး။
03179701-n	mya:lemma	စာရေးခုံ; စာကြည့်စားပွဲ
03179701-n	mya:lemma	စာရေးခုံ; စာကြည့်စားပွဲ
03179701-n	mya:exe	ကျွန်မ(/ကျွန်တော်)ရဲ့ အခန်းမှာ စာရေးခုံ(/စာကြည့်စားပွဲ) တို့ အိပ်ရာတို့ တီဗွီတို့ ရှိတယ်။
04202417-n	mya:lemma	ဆိုင်; ဈေးဆိုင်
04202417-n	mya:lemma	ဆိုင်; ဈေးဆိုင်
04202417-n	mya:exe	ဘူတာရှေ့မှာ ဆိုင်ကြီးဆိုင်ကောင်းတွေ အများကြီးရှိတယ်။
02016062-v	mya:lemma	ဆင်းတယ်
02016062-v	mya:exe	သံရုံးသွားမှာဆိုရင် နောက်ဘူတာမှာ ဆင်းရမယ်။
15237782-n	mya:lemma	ဆောင်း; ဆောင်းတွင်း; ဆောင်းရာသီ; ဆောင်းဥတု
15237782-n	mya:lemma	ဆောင်း; ဆောင်းတွင်း; ဆောင်းရာသီ; ဆောင်းဥတု
15237782-n	mya:lemma	ဆောင်း; ဆောင်းတွင်း; ဆောင်းရာသီ; ဆောင်းဥတု
15237782-n	mya:lemma	ဆောင်း; ဆောင်းတွင်း; ဆောင်းရာသီ; ဆောင်းဥတု
15237782-n	mya:exe	ဆောင်းတွင်းဆို ချမ်းလို့ အပူစက်(/အနွေးစက်) ဖွင့်တယ်။
80001691-n	mya:lemma	ပေါ်; အပေါ်
80001691-n	mya:lemma	ပေါ်; အပေါ်
80001691-n	mya:exe	ဆရာ့ စာကြည့်စားပွဲပေါ်မှာ အဘိဓာန် နှစ်အုပ် နဲ့ မဂ္ဂဇင်း တစ်အုပ် ရှိတယ်။
08663354-n	mya:lemma	ပေါ်; အပေါ်
08663354-n	mya:lemma	ပေါ်; အပေါ်
08663354-n	mya:exe	ဆရာ့ စာကြည့်စားပွဲပေါ်မှာ အဘိဓာန် နှစ်အုပ် နဲ့ မဂ္ဂဇင်း တစ်အုပ် ရှိတယ်။
07804323-n	mya:lemma	ထမင်း
07804323-n	mya:exe	ဒီည သူငယ်ချင်းရဲ့ အိမ်မှာ ထမင်းစားမယ်။
15245990-n	mya:lemma	ထမင်း
15245990-n	mya:exe	ဒီည သူငယ်ချင်းရဲ့ အိမ်မှာ ထမင်းစားမယ်။
90000417-n	mya:lemma	ထမင်း
90000417-n	mya:exe	ဒီည သူငယ်ချင်းရဲ့ အိမ်မှာ ထမင်းစားမယ်။
07575076-n	mya:lemma	နေ့လယ်စာ
07575076-n	mya:exe	အမြဲတမ်း ဒီမှာ နေ့လယ်စာ စားတယ်။
15156001-n	mya:lemma	ဒီနေ့
15156001-n	mya:exe	ဒီနေ့ မစ္စတာလီနဲ့ ရုပ်ရှင်သွားကြည့်မယ်။
09604981-n	mya:lemma	ကိုယ်; ကိုယ်တိုင်; ကိုယ်ဟာကိုယ
09604981-n	mya:lemma	ကိုယ်; ကိုယ်တိုင်; ကိုယ်ဟာကိုယ
09604981-n	mya:lemma	ကိုယ်; ကိုယ်တိုင်; ကိုယ်ဟာကိုယ
09604981-n	mya:exe	အဲဒီအလုပ်ကိုတော့ ကိုယ့်ဟာကိုယ် လုပ်မယ်။
02395115-a	mya:lemma	စားလို့ကောင်းတယ်; အရသာရှိတယ်
02395115-a	mya:lemma	စားလို့ကောင်းတယ်; အရသာရှိတယ်
02395115-a	mya:exe	ဒီ မုန့်က စားလို့ကောင်းတယ်။
02396720-a	mya:lemma	စားလို့ကောင်းတယ်; အရသာရှိတယ်
02396720-a	mya:lemma	စားလို့ကောင်းတယ်; အရသာရှိတယ်
02396720-a	mya:exe	ဒီ မုန့်က စားလို့ကောင်းတယ်။
