# TUFS Basic Russian Wordnet	rus	http://www.coelang.tufs.ac.jp/mt/ru/	CC BY 4.0
15210045-n	rus:lemma	январь
15210045-n	rus:exe	Какое сегодня число?  － Сегодня двадцать трéтье января.
05755883-n	rus:lemma	учёба
05755883-n	rus:exe	Желаю вам больших успехов в учёбе.
04971928-n	rus:lemma	коричневый
04971928-n	rus:exe	Где коричневый карандаш?
15163797-n	rus:lemma	воскресенье
15163797-n	rus:exe	Я не могу работать в воскресенье.
15043763-n	rus:lemma	снег
15043763-n	rus:exe	Идёт дождь / снег.
00251013-n	rus:lemma	уборка
00251013-n	rus:exe	Я попросил сестру сделать уборку в моей комнате.
08058098-n	rus:lemma	фирма
08058098-n	rus:exe	Наша фирма занимается оптовой торговлей.
01382086-a	rus:lemma	большой
01382086-a	rus:exe	В её комнате большое зеркало.
01453084-a	rus:lemma	большой
01453084-a	rus:exe	В её комнате большое зеркало.
00527870-a	rus:lemma	большой
00527870-a	rus:exe	В её комнате большое зеркало.
01677433-a	rus:lemma	большой
01677433-a	rus:exe	В её комнате большое зеркало.
10084295-n	rus:lemma	девочка
10084295-n	rus:exe	Девочки любят конфеты.
10129825-n	rus:lemma	девочка
10129825-n	rus:exe	Девочки любят конфеты.
10129825-n	rus:lemma	старшая сестра
10129825-n	rus:exe	Где живёт твоя старшая сестра?
00065495-v	rus:lemma	бодрый
00065495-v	rus:exe	У него всегда бодрый вид.
80001734-n	rus:lemma	урок
80001734-n	rus:exe	Ты был на уроке английского языка?
00889472-n	rus:lemma	урок
00889472-n	rus:exe	Ты был на уроке английского языка?
02608347-v	rus:lemma	начинаться
02608347-v	rus:exe	Во сколько начинается фильм?
07850329-n	rus:lemma	сыр
07850329-n	rus:exe	Я очень люблю сыр.
03623556-n	rus:lemma	нож
03623556-n	rus:exe	Разрежьте мясо этим ножом.
03624134-n	rus:lemma	нож
03624134-n	rus:exe	Разрежьте мясо этим ножом.
01776727-v	rus:lemma	ненавидеть
01776727-v	rus:exe	Я ненавижу этого человека.
01774136-v	rus:lemma	ненавидеть
01774136-v	rus:exe	Я ненавижу этого человека.
02783161-n	rus:lemma	ручка
02783161-n	rus:exe	На этой фабрике выпускают шариковые ручки.
02632567-v	rus:lemma	хотеть
02632567-v	rus:exe	Я хочу чай с лимоном, а не с молоком.
01579608-a	rus:lemma	сразу
01579608-a	rus:exe	Он пришёл сразу после звонка.
03427296-n	rus:lemma	ворота
03427296-n	rus:exe	Эти ворота открываются в девять часов утра.
04026417-n	rus:lemma	бумажник
04026417-n	rus:exe	Внук подарил дедушке кожаный бумажник.
11456462-n	rus:lemma	ясная погода
11456462-n	rus:exe	На следующей неделе будет ясная погода.
07848338-n	rus:lemma	масло
07848338-n	rus:exe	Я мажу хлеб маслом.
90000501-n	rus:lemma	прошлый год
90000501-n	rus:exe	В прошлом году я путешествовала по России.
15210870-n	rus:lemma	март
15210870-n	rus:exe	Восьмое марта - Международный женский день.
77000072-n	rus:lemma	здесь
77000072-n	rus:exe	Иди сюда. Здесь светлее.
08489497-n	rus:lemma	здесь
08489497-n	rus:exe	Иди сюда. Здесь светлее.
03561345-n	rus:lemma	картина
03561345-n	rus:exe	Художник рисует картину.
03234306-n	rus:lemma	картина
03234306-n	rus:exe	Художник рисует картину.
03876519-n	rus:lemma	картина
03876519-n	rus:exe	Художник рисует картину.
07110615-n	rus:lemma	голос
07110615-n	rus:exe	Я люблю её нежный голос.
05202284-n	rus:lemma	голос
05202284-n	rus:exe	Я люблю её нежный голос.
09411430-n	rus:lemma	река
09411430-n	rus:exe	Река течёт быстро.
15236859-n	rus:lemma	осень
15236859-n	rus:exe	Наступила осень, и листья пожелтели.
02107442-v	rus:lemma	спрашивать
02107442-v	rus:exe	Но в Японии, знаете, совсем мало возможности слушать и говорить по-русски.
02169891-v	rus:lemma	спрашивать
02169891-v	rus:exe	Но в Японии, знаете, совсем мало возможности слушать и говорить по-русски.
02242464-v	rus:lemma	продавать
02242464-v	rus:exe	Здесь продают мужские костюмы.
00271022-a	rus:lemma	светлый
00271022-a	rus:exe	Эта комната светлая.
00271022-a	rus:lemma	светлый
00271022-a	rus:exe	Саша носит светлые костюмы.
00396523-a	rus:lemma	светлый
00396523-a	rus:exe	Эта комната светлая.
00396523-a	rus:lemma	светлый
00396523-a	rus:exe	Саша носит светлые костюмы.
00269989-a	rus:lemma	светлый
00269989-a	rus:exe	Эта комната светлая.
00269989-a	rus:lemma	светлый
00269989-a	rus:exe	Саша носит светлые костюмы.
00278551-a	rus:lemma	светлый
00278551-a	rus:exe	Эта комната светлая.
00278551-a	rus:lemma	светлый
00278551-a	rus:exe	Саша носит светлые костюмы.
02924116-n	rus:lemma	автобус
02924116-n	rus:exe	Ушёл последний автобус.
01614426-v	rus:lemma	наклеивать
01614426-v	rus:exe	Я наклеиваю марку на конверт.
80001230-x	rus:lemma	да
80001230-x	rus:exe	Да, знаю.
80001230-x	rus:exe	Да.
01184932-a	rus:lemma	тяжёлый
01184932-a	rus:exe	Мне нельзя поднимать тяжёлые вещи.
07881800-n	rus:lemma	напиток
07881800-n	rus:exe	Да, самый любимый алкогольный напиток.
01119192-a	rus:lemma	хорошо
01119192-a	rus:exe	Она очень хорошо говорит по-английски.
02226162-a	rus:lemma	хорошо
02226162-a	rus:exe	Она очень хорошо говорит по-английски.
01838916-a	rus:lemma	хорошо
01838916-a	rus:exe	Она очень хорошо говорит по-английски.
03467517-n	rus:lemma	гитара
03467517-n	rus:exe	Гриша очень хорошо играет на гитаре.
03613294-n	rus:lemma	ключ
03613294-n	rus:exe	Дайте мне ключ  от комнаты.
01553629-a	rus:lemma	многие
01553629-a	rus:exe	Многие из моих друзей уже побывали в Москве.
01551633-a	rus:lemma	многие
01551633-a	rus:exe	Многие из моих друзей уже побывали в Москве.
01552419-a	rus:lemma	многие
01552419-a	rus:exe	Многие из моих друзей уже побывали в Москве.
00127137-a	rus:lemma	старый
00127137-a	rus:exe	Вы говорите о старом Нóвом гóде?
01638438-a	rus:lemma	старый
01638438-a	rus:exe	Вы говорите о старом Нóвом гóде?
01729384-a	rus:lemma	старый
01729384-a	rus:exe	Вы говорите о старом Нóвом гóде?
10694258-n	rus:lemma	учитель
10694258-n	rus:exe	Наш учитель часто даёт нам хорошие советы.
07859284-n	rus:lemma	сахар
07859284-n	rus:exe	Вам кофе с сахаром?
09605289-n	rus:lemma	взрослый
09605289-n	rus:exe	Взрослые тоже иногда плачут.
04081281-n	rus:lemma	ресторан
04081281-n	rus:exe	В вашей гостинице есть хороший ресторан.
04081281-n	rus:lemma	столовая
04081281-n	rus:exe	В столовой пусто.
10448983-n	rus:lemma	полицейский
10448983-n	rus:exe	Мой папа служит полицейским.
10448983-n	rus:lemma	полицейский
10448983-n	rus:exe	Полицейский идёт по улице.
90000507-n	rus:lemma	эта неделя
90000507-n	rus:exe	Но на этой неделе я занята.
02686568-n	rus:lemma	самолёт
02686568-n	rus:exe	Из Москвы в Санкт-Петербург я летел на самолёте.
02691156-n	rus:lemma	самолёт
02691156-n	rus:exe	Из Москвы в Санкт-Петербург я летел на самолёте.
08420278-n	rus:lemma	банк
08420278-n	rus:exe	Мама открыла счёт в банке.
02787772-n	rus:lemma	банк
02787772-n	rus:exe	Мама открыла счёт в банке.
02018049-v	rus:lemma	садиться
02018049-v	rus:exe	Настя садится на велосипед.
02324026-v	rus:lemma	брать
02324026-v	rus:exe	Я часто беру книги в библиотеке.
01447257-v	rus:lemma	толкать
01447257-v	rus:exe	Кто-то толкает меня в спину.
02398378-a	rus:lemma	острый
02398378-a	rus:exe	Моя младшая сестра очень любит острые блюда.
02397732-a	rus:lemma	острый
02397732-a	rus:exe	Моя младшая сестра очень любит острые блюда.
06628228-n	rus:lemma	открытка
06628228-n	rus:exe	Я послала открытку маме.
06627938-n	rus:lemma	открытка
06627938-n	rus:exe	Я послала открытку маме.
03959485-n	rus:lemma	тарелка
03959485-n	rus:exe	Тётя разбила тарелку.
00393105-a	rus:lemma	белый
00393105-a	rus:exe	Дети любят белый хлеб больше чёрного.
08625073-n	rus:lemma	направо
08625073-n	rus:exe	Там поверните направо.
03051540-n	rus:lemma	одежда
03051540-n	rus:exe	Мне нужна зимняя одежда.
02728440-n	rus:lemma	одежда
02728440-n	rus:exe	Мне нужна зимняя одежда.
02728440-n	rus:lemma	одежда
02728440-n	rus:exe	Мне нужна зимняя одежда.
03419014-n	rus:lemma	одежда
03419014-n	rus:exe	Мне нужна зимняя одежда.
15165289-n	rus:lemma	утро
15165289-n	rus:exe	Муж работает с утра до ночи.
15165289-n	rus:lemma	первая половина дня
15165289-n	rus:exe	В первой половине дня ученики занимаются математикой.
00109151-r	rus:lemma	там
00109151-r	rus:exe	Там поверните направо.
03720163-n	rus:lemma	карта
03720163-n	rus:exe	У вас есть карта Окинавы?
00024996-a	rus:lemma	новый
00024996-a	rus:exe	Мне хочется посмотреть новый фильм.
01642477-a	rus:lemma	новый
01642477-a	rus:exe	Мне хочется посмотреть новый фильм.
01641648-a	rus:lemma	новый
01641648-a	rus:exe	Мне хочется посмотреть новый фильм.
01687167-a	rus:lemma	новый
01687167-a	rus:exe	Мне хочется посмотреть новый фильм.
02584699-a	rus:lemma	новый
02584699-a	rus:exe	Мне хочется посмотреть новый фильм.
01686439-a	rus:lemma	новый
01686439-a	rus:exe	Мне хочется посмотреть новый фильм.
02070491-a	rus:lemma	новый
02070491-a	rus:exe	Мне хочется посмотреть новый фильм.
02013758-a	rus:lemma	новый
02013758-a	rus:exe	Мне хочется посмотреть новый фильм.
01640850-a	rus:lemma	новый
01640850-a	rus:exe	Мне хочется посмотреть новый фильм.
00894552-n	rus:lemma	упражнение
00894552-n	rus:exe	Я сделала все упражнения из учебника.
01292683-a	rus:lemma	нравиться
01292683-a	rus:exe	Очень нравится.
01292683-a	rus:exe	Этот роман мне нравится.
01292683-a	rus:lemma	нравиться
01292683-a	rus:exe	Очень нравится.
01292683-a	rus:exe	Я рад, что тебе нравится подарок.
01292683-a	rus:lemma	нравиться
01292683-a	rus:exe	Этот роман мне нравится.
01777210-v	rus:lemma	нравиться
01777210-v	rus:exe	Очень нравится.
01777210-v	rus:exe	Этот роман мне нравится.
01777210-v	rus:lemma	нравиться
01777210-v	rus:exe	Очень нравится.
01777210-v	rus:exe	Я рад, что тебе нравится подарок.
01777210-v	rus:lemma	нравиться
01777210-v	rus:exe	Этот роман мне нравится.
03038685-n	rus:lemma	класс
03038685-n	rus:exe	Вадим вошёл в класс.
00296131-r	rus:lemma	наверное
00296131-r	rus:exe	Наверное он не придёт сегодня.
00154449-r	rus:lemma	наверное
00154449-r	rus:exe	Наверное он не придёт сегодня.
03001627-n	rus:lemma	стул
03001627-n	rus:exe	Врач сел на стул.
01734929-v	rus:lemma	копировать
01734929-v	rus:exe	Вы не копировали данные?
01914947-v	rus:lemma	бегать
01914947-v	rus:exe	Дети бегают во дворе .
01926311-v	rus:lemma	бегать
01926311-v	rus:exe	Дети бегают во дворе .
02005496-v	rus:lemma	возвращаться
02005496-v	rus:exe	Он всегда возвращается к ночи.
04379243-n	rus:lemma	стол
04379243-n	rus:exe	Ну, прошу к столу.
04298308-n	rus:lemma	лестница
04298308-n	rus:exe	Она поднялась по лестнице на четвёртый этаж.
00037919-v	rus:lemma	принимать душ
00037919-v	rus:lemma	ванну
00037919-v	rus:exe	Прими ванну!
01532589-v	rus:lemma	убирать
01532589-v	rus:exe	По воскресеньям я убираю в комнате.
01533442-v	rus:lemma	убирать
01533442-v	rus:exe	По воскресеньям я убираю в комнате.
07663592-n	rus:lemma	говядина
07663592-n	rus:exe	Я люблю щи с говядиной.
08182962-n	rus:lemma	много народу
08182962-n	rus:exe	На стадионе много народу.
08182379-n	rus:lemma	много народу
08182379-n	rus:exe	На стадионе много народу.
80000079-n	rus:lemma	прошлый месяц
80000079-n	rus:exe	Напечатан в прошлом месяце.
10020890-n	rus:lemma	врач
10020890-n	rus:exe	Через год я бýду врачом.
10305802-n	rus:lemma	врач
10305802-n	rus:exe	Через год я бýду врачом.
03710193-n	rus:lemma	почтовый ящик
03710193-n	rus:exe	Молодой человек опустил письмо в почтовый ящик.
03989074-n	rus:lemma	почтовый ящик
03989074-n	rus:exe	Молодой человек опустил письмо в почтовый ящик.
15136147-n	rus:lemma	неделя
15136147-n	rus:exe	Всего три недели.
15169873-n	rus:lemma	неделя
15169873-n	rus:exe	Всего три недели.
15211806-n	rus:lemma	июнь
15211806-n	rus:exe	В июне в Японии очень часто идёт дождь.
04489008-n	rus:lemma	брюки
04489008-n	rus:exe	Брюки ему велики.
04230808-n	rus:lemma	юбка
04230808-n	rus:exe	Анна носит красивые юбки.
08544813-n	rus:lemma	страна
08544813-n	rus:exe	К тому же, знание английского языка открывает мне возможность общаться с людьми из разных стран.
08490199-n	rus:lemma	страна
08490199-n	rus:exe	К тому же, знание английского языка открывает мне возможность общаться с людьми из разных стран.
00081737-r	rus:lemma	каждый год
00081737-r	rus:exe	Каждый год мы ездим в Ялту.
00018158-v	rus:lemma	вставать
00018158-v	rus:exe	Вы должны рáно ложиться спать и рáно вставáть.
05538625-n	rus:lemma	голова
05538625-n	rus:exe	У меня болит голова.
02418686-v	rus:lemma	играть
02418686-v	rus:exe	Дети играют во дворе.
04965661-n	rus:lemma	жёлтый
04965661-n	rus:exe	Осенью листья становятся жёлтыми.
02561888-a	rus:lemma	узкий
02561888-a	rus:exe	Узкая тропинка ведет к нашему дому.
00476663-a	rus:lemma	узкий
00476663-a	rus:exe	Узкая тропинка ведет к нашему дому.
05137165-n	rus:lemma	высота
05137165-n	rus:exe	Высота этой горы две тысячи метров над уровнем моря.
05131647-n	rus:lemma	высота
05131647-n	rus:exe	Высота этой горы две тысячи метров над уровнем моря.
00009966-r	rus:lemma	пожалуйста
00009966-r	rus:exe	Скажите, пожалуйста,
00009966-r	rus:exe	Дайте, пожалуйста, этот хлеб.
00009966-r	rus:lemma	пожалуйста
00009966-r	rus:exe	Вот, пожалуйста.
00009966-r	rus:exe	Пожалуйста.
00009966-r	rus:lemma	пожалуйста
00009966-r	rus:exe	Вот, пожалуйста.
10103485-n	rus:lemma	иностранец
10103485-n	rus:lemma	иностранка (morph:f)
10103485-n	rus:exe	Я не поняла, что вы иностранец, когда мы с вами вчера разговаривали по телефону.
02958343-n	rus:lemma	машина
02958343-n	rus:exe	Вы умеете водить машину?
03924069-n	rus:lemma	пластинка
03924069-n	rus:exe	Мама любит слушать пластинки.
10332385-n	rus:lemma	мать
10332385-n	rus:exe	Мой отец и моя мать живут там.
10332385-n	rus:lemma	мать
10332385-n	rus:exe	Мой отец и моя мать живут там.
02410855-v	rus:lemma	работать
02410855-v	rus:exe	Каждый день они работают до шести часов.
02410855-v	rus:exe	Кто не работает, тот не ест.
07668702-n	rus:lemma	свинина
07668702-n	rus:exe	Я приготовил котлеты из свинины.
00081836-n	rus:lemma	покупка
00081836-n	rus:exe	Пойдём за покупками！
04203889-n	rus:lemma	покупка
04203889-n	rus:exe	Пойдём за покупками！
13836136-n	rus:lemma	запад
13836136-n	rus:exe	Поезда шли на запад.
02368336-a	rus:lemma	сладкий
02368336-a	rus:exe	Слишком сладкое пирожное.
04254777-n	rus:lemma	носки
04254777-n	rus:exe	Там продаются носки.
01845229-v	rus:lemma	путешествовать
01845229-v	rus:exe	Я люблю путешествовать.
01846916-v	rus:lemma	путешествовать
01846916-v	rus:exe	Я люблю путешествовать.
01845720-v	rus:lemma	путешествовать
01845720-v	rus:exe	Я люблю путешествовать.
00061203-r	rus:lemma	за
00061203-r	rus:exe	Пётр следует за мной.
10112591-n	rus:lemma	друг
10112591-n	rus:exe	Без вас  ваш друг пришёл.
08588294-n	rus:lemma	в
08588294-n	rus:exe	Мальчик спит в тёмной комнате.
08588294-n	rus:exe	Я буду в кабинете.
08588152-n	rus:lemma	в
08588152-n	rus:exe	Мальчик спит в тёмной комнате.
08588152-n	rus:exe	Я буду в кабинете.
77000021-n	rus:lemma	ты
77000021-n	rus:exe	Ты любишь белое вино?
77000021-n	rus:exe	Ты меня  любишь?
77000021-n	rus:lemma	вы
77000021-n	rus:exe	Вы  были  в  Японии?
02771169-v	rus:lemma	проясняться
02771169-v	rus:exe	Завтра небо прояснится.
77000061-a	rus:lemma	этот
77000061-a	rus:exe	Попробуй этот шоколад.
77000061-a	rus:exe	этот дом
80001619-a	rus:lemma	этот
80001619-a	rus:exe	Попробуй этот шоколад.
80001619-a	rus:exe	этот дом
77000075-a	rus:lemma	этот
77000075-a	rus:exe	Попробуй этот шоколад.
77000075-a	rus:exe	этот дом
04018667-n	rus:lemma	туалет
04018667-n	rus:exe	Скажите, пожалуйста, где туалет?
08649345-n	rus:lemma	рядом
08649345-n	rus:exe	Рядом со столом стоит шкаф.
08649345-n	rus:lemma	у
08649345-n	rus:exe	У ворот стояла красивая девушка.
08649345-n	rus:lemma	рядом
08649345-n	rus:exe	Рядом с книжным магазином находится универсам.
05136150-n	rus:lemma	рядом
05136150-n	rus:exe	Рядом со столом стоит шкаф.
15211484-n	rus:lemma	май
15211484-n	rus:exe	Девятое мая - День Победы.
05563770-n	rus:lemma	рука
05563770-n	rus:exe	Антон скрестил руки на груди.
15165490-n	rus:lemma	день
15165490-n	rus:exe	Скоро зима, дни становятся короче.
04272054-n	rus:lemma	очки
04272054-n	rus:exe	Он обычно не носит очки.
80000746-n	rus:lemma	китайский иероглиф
80000746-n	rus:exe	Японцы используют китайские иероглифы.
10287213-n	rus:lemma	мужчина
10287213-n	rus:exe	Мужчина кормит собаку.
09624168-n	rus:lemma	мужчина
09624168-n	rus:exe	Мужчина кормит собаку.
15164105-n	rus:lemma	вторник
15164105-n	rus:exe	По вторникам мы ходим в театр.
77000099-n	rus:lemma	все
77000099-n	rus:exe	Все за одногó, один за всех.
00479391-v	rus:lemma	стирать
00479391-v	rus:exe	Зачем стираешь с доски? Я ещё переписываю!
03238879-n	rus:lemma	рубашка
03238879-n	rus:exe	Погладьте рубашку.
02412164-a	rus:lemma	тонкий
02412164-a	rus:exe	Тонкий лёд покрывает озеро.
02414188-a	rus:lemma	тонкий
02414188-a	rus:exe	Тонкий лёд покрывает озеро.
08489627-n	rus:lemma	там
08489627-n	rus:exe	Там белое здание, видите?
01168468-v	rus:lemma	есть
01168468-v	rus:exe	Утром я ем много.
01168468-v	rus:exe	Я хочу есть.
01166351-v	rus:lemma	есть
01166351-v	rus:exe	Утром я ем много.
01166351-v	rus:exe	Я хочу есть.
01179865-v	rus:lemma	есть
01179865-v	rus:exe	Утром я ем много.
01179865-v	rus:exe	Я хочу есть.
15122231-n	rus:lemma	время
15122231-n	rus:exe	Время летит .
02818832-n	rus:lemma	кровать
02818832-n	rus:exe	Катя лежала на кровати.
90000503-n	rus:lemma	следующий год
90000503-n	rus:exe	В следующем году я выхожу замуж.
08168367-n	rus:lemma	заграница
08168367-n	rus:exe	Наша страна наконец-то начала торговать с заграницей.
02560548-a	rus:lemma	широкий
02560548-a	rus:exe	Перед нами простирается широкое поле.
01384212-a	rus:lemma	широкий
01384212-a	rus:exe	Перед нами простирается широкое поле.
01031256-v	rus:lemma	опускать
01031256-v	rus:exe	Я опускаю письмо в ящик.
01995211-v	rus:lemma	опускать
01995211-v	rus:exe	Я опускаю письмо в ящик.
00255710-n	rus:lemma	стирка
00255710-n	rus:exe	Брось платье в стирку.
07110457-n	rus:lemma	разговор
07110457-n	rus:exe	Давайте закончим этот разговор.
00893243-n	rus:lemma	разговор
00893243-n	rus:exe	Давайте закончим этот разговор.
07221094-n	rus:lemma	разговор
07221094-n	rus:exe	Давайте закончим этот разговор.
07139316-n	rus:lemma	разговор
07139316-n	rus:exe	Давайте закончим этот разговор.
00031798-r	rus:lemma	уже
00031798-r	rus:exe	Уже пора ужинать.
07555863-n	rus:lemma	пища
07555863-n	rus:exe	Больному трудно глотать пищу.
07560652-n	rus:lemma	пища
07560652-n	rus:exe	Больному трудно глотать пищу.
00157412-r	rus:lemma	иногда
00157412-r	rus:exe	Я иногда не понимаю его.
00021212-r	rus:lemma	иногда
00021212-r	rus:exe	Я иногда не понимаю его.
03740161-n	rus:lemma	лекарство
03740161-n	rus:exe	Вчера я была у врача и приняла лекарство.
02318272-a	rus:lemma	прямой
02318272-a	rus:exe	Начерти прямую линию.
02310895-a	rus:lemma	прямой
02310895-a	rus:exe	Начерти прямую линию.
02314584-a	rus:lemma	прямой
02314584-a	rus:exe	Начерти прямую линию.
10787470-n	rus:lemma	женщина
10787470-n	rus:exe	Женщина, которая сидит у окна,  моя жена.
10736091-n	rus:lemma	дядя
10736091-n	rus:exe	У моего дяди длинная борода.
04404997-n	rus:lemma	фотоаппарат
04404997-n	rus:exe	Фотограф-любитель обычно снимает недорогим фотоаппаратом.
02942699-n	rus:lemma	фотоаппарат
02942699-n	rus:exe	Фотограф-любитель обычно снимает недорогим фотоаппаратом.
04370048-n	rus:lemma	свитер
04370048-n	rus:exe	Степан купил новый свитер.
02626604-v	rus:lemma	статься
02626604-v	rus:exe	Что сталось с ним потом?
02623529-v	rus:lemma	статься
02623529-v	rus:exe	Что сталось с ним потом?
04398497-n	rus:lemma	кафе
04398497-n	rus:exe	Пойдём в кафе!
00081591-r	rus:lemma	каждая неделя
00081591-r	rus:exe	Каждую неделю мы с женой ходим в кино.
01535246-v	rus:lemma	мыть
01535246-v	rus:exe	Сестра моет посуду на кухне.
01535246-v	rus:lemma	стирать
01535246-v	rus:exe	Папа стирает.
00036362-v	rus:lemma	мыть
00036362-v	rus:exe	Сестра моет посуду на кухне.
01536168-v	rus:lemma	мыть
01536168-v	rus:exe	Сестра моет посуду на кухне.
00606093-v	rus:lemma	упражняться
00606093-v	rus:exe	Упражняйся каждый день!
01723224-v	rus:lemma	упражняться
01723224-v	rus:exe	Упражняйся каждый день!
15156187-n	rus:lemma	вчера
15156187-n	rus:exe	Вчера ночью мы позвонили матери.
01919428-a	rus:lemma	тихий
01919428-a	rus:exe	Мне нравится тихая музыка.
01918984-a	rus:lemma	тихий
01918984-a	rus:exe	Мне нравится тихая музыка.
04437953-n	rus:lemma	часы
04437953-n	rus:exe	Муж подарил мне наручные часы.
03046257-n	rus:lemma	часы
03046257-n	rus:exe	Муж подарил мне наручные часы.
04350905-n	rus:lemma	пиджак
04350905-n	rus:exe	Мама сшила мне этот пиджак.
00409440-a	rus:lemma	тёмный
00409440-a	rus:exe	Мне нравится тёмный цвет.
00842199-a	rus:lemma	сильный
00842199-a	rus:exe	У дяди сильные руки.
15163979-n	rus:lemma	понедельник
15163979-n	rus:exe	В понедельник у меня будет экзамен по русскому языку.
00059413-r	rus:lemma	часто
00059413-r	rus:exe	В России я часто вспоминаю о матери.
00059413-r	rus:exe	Часто так говорят.
00035058-r	rus:lemma	часто
00035058-r	rus:exe	В России я часто вспоминаю о матери.
00035058-r	rus:exe	Часто так говорят.
05687338-n	rus:lemma	вопрос
05687338-n	rus:exe	Это более важный вопрос.
06784003-n	rus:lemma	вопрос
06784003-n	rus:exe	Это более важный вопрос.
03281145-n	rus:lemma	лифт
03281145-n	rus:exe	Поднимитесь на этом лифте на девятый этаж.
05320899-n	rus:lemma	ухо
05320899-n	rus:exe	У слона большие уши.
00007846-n	rus:lemma	кто-то
00007846-n	rus:exe	Да, кто-то звонил.
03436182-n	rus:lemma	магнитола
03436182-n	rus:exe	Дай мне на день твою магнитолу.
04284002-n	rus:lemma	ложка
04284002-n	rus:exe	Я ем суп ложкой.
13134947-n	rus:lemma	фрукт
13134947-n	rus:exe	На рынке я купила свежие фрукты.
11683989-n	rus:lemma	фрукт
11683989-n	rus:exe	На рынке я купила свежие фрукты.
02730813-v	rus:lemma	говорить
02730813-v	rus:exe	Часто так говорят.
01009240-v	rus:lemma	говорить
01009240-v	rus:exe	Часто так говорят.
00941990-v	rus:lemma	говорить
00941990-v	rus:exe	Часто так говорят.
00979870-v	rus:lemma	говорить
00979870-v	rus:exe	Часто так говорят.
09854218-n	rus:lemma	старшая сестра
09854218-n	rus:exe	Моей старшей сестре тридцать лет.
09854218-n	rus:lemma	сестра
09854218-n	rus:exe	У меня две сестры - старшая и младшая.
04507155-n	rus:lemma	зонт
04507155-n	rus:exe	Женя держит зонт.
02229324-a	rus:lemma	плохо
02229324-a	rus:exe	Я ещё плохо говорю по-русски.
01870636-a	rus:lemma	плохо
01870636-a	rus:exe	Я ещё плохо говорю по-русски.
01128103-a	rus:lemma	плохо
01128103-a	rus:exe	Я ещё плохо говорю по-русски.
02229000-a	rus:lemma	плохо
02229000-a	rus:exe	Я ещё плохо говорю по-русски.
15270431-n	rus:lemma	час
15270431-n	rus:exe	Мы дадим этот магнитофóн на час.
15227846-n	rus:lemma	час
15227846-n	rus:exe	Мы дадим этот магнитофóн на час.
15269513-n	rus:lemma	час
15269513-n	rus:exe	Мы дадим этот магнитофóн на час.
00744916-a	rus:lemma	трудный
00744916-a	rus:exe	Это трудный вопрос.
04401088-n	rus:lemma	телефон
04401088-n	rus:exe	Я не поняла, что вы иностранец, когда мы с вами вчера разговаривали по телефону.
06272803-n	rus:lemma	телефон
06272803-n	rus:exe	Я не поняла, что вы иностранец, когда мы с вами вчера разговаривали по телефону.
02870092-n	rus:lemma	книга
02870092-n	rus:exe	У меня есть  интересная  книга.
06410904-n	rus:lemma	книга
06410904-n	rus:exe	У меня есть  интересная  книга.
09972010-n	rus:lemma	двоюродный брат
09972010-n	rus:exe	Моего двоюродного брата зовут Игорь.
14974264-n	rus:lemma	бумага
14974264-n	rus:exe	Антон купил туалетную бумагу.
80000677-n	rus:lemma	бумага
80000677-n	rus:exe	Антон купил туалетную бумагу.
06255777-n	rus:lemma	бумага
06255777-n	rus:exe	Антон купил туалетную бумагу.
04960277-n	rus:lemma	чёрный
04960277-n	rus:exe	Дети любят белый хлеб больше чёрного.
04960277-n	rus:exe	У нас чёрные глазá.
02770717-v	rus:lemma	покрываться облаками
02770717-v	rus:exe	Небо покрывается облаками.
02529945-a	rus:lemma	прохладный
02529945-a	rus:exe	Завтра будет прохладный день.
02207206-v	rus:lemma	покупать
02207206-v	rus:exe	Мы покупаем кинги в новых книжных магазинах.
02207206-v	rus:lemma	покупать
02207206-v	rus:exe	Мы покупаем кинги в новых книжных магазинах.
02207206-v	rus:lemma	покупать
02207206-v	rus:exe	Мы покупаем кинги в новых книжных магазинах.
02208265-v	rus:lemma	покупать
02208265-v	rus:exe	Мы покупаем кинги в новых книжных магазинах.
02208265-v	rus:lemma	покупать
02208265-v	rus:exe	Мы покупаем кинги в новых книжных магазинах.
02208265-v	rus:lemma	покупать
02208265-v	rus:exe	Мы покупаем кинги в новых книжных магазинах.
00422620-a	rus:lemma	грязный
00422620-a	rus:exe	Вымойте грязные руки!
01908889-a	rus:lemma	грязный
01908889-a	rus:exe	Вымойте грязные руки!
00419289-a	rus:lemma	грязный
00419289-a	rus:exe	Вымойте грязные руки!
01345109-v	rus:lemma	закрыть
01345109-v	rus:exe	Папа закрыл окно.
01960911-v	rus:lemma	плавать
01960911-v	rus:exe	Вы умеете плавать?
00933154-a	rus:lemma	дорогой
00933154-a	rus:exe	Он купил очень дорогую машину.
04199027-n	rus:lemma	обувь
04199027-n	rus:exe	Эта кожаная обувь мне не подходит.
04330340-n	rus:lemma	печь
04330340-n	rus:exe	Затопите печь.
07823951-n	rus:lemma	карри
07823951-n	rus:exe	Карри можно попробовать в индийском ресторане.
05598147-n	rus:lemma	нос
05598147-n	rus:exe	У дедушки большой нос.
05658826-n	rus:lemma	нос
05658826-n	rus:exe	У дедушки большой нос.
06947032-n	rus:lemma	английский язык
06947032-n	rus:exe	Я начала учить английский язык.
07575726-n	rus:lemma	ужин
07575726-n	rus:exe	Перед ужином мы пойдём гулять.
07575726-n	rus:lemma	ужин
07575726-n	rus:exe	Сегодня на ужин мы ели гречневую лапшу.
03485794-n	rus:lemma	носовой платок
03485794-n	rus:exe	Она вытерла слёзы носовым платком.
01198101-v	rus:lemma	впитывать
01198101-v	rus:exe	Полотенце впитывает пот.
02741003-v	rus:lemma	вешать
02741003-v	rus:exe	Она вешает пальто на вешалку.
01206474-a	rus:lemma	низкий
01206474-a	rus:exe	У него низкий голос.
13832355-n	rus:lemma	восток
13832355-n	rus:exe	Солнце встаёт на востоке.
11525955-n	rus:lemma	ветер
11525955-n	rus:exe	Ветер дует с моря.
02324182-v	rus:lemma	одалживать
02324182-v	rus:exe	Я одолжу ему две тысячи рублей.
02324182-v	rus:exe	Я не могу одалживать ему деньги каждый раз!
01437963-a	rus:lemma	длинный
01437963-a	rus:exe	У неё длинные волосы.
01433493-a	rus:lemma	длинный
01433493-a	rus:exe	У неё длинные волосы.
01444022-a	rus:lemma	длинный
01444022-a	rus:exe	У неё длинные волосы.
80001077-n	rus:lemma	сколько
80001077-n	rus:exe	Сколько человек в вашей семье?
80001077-n	rus:exe	Сколько яиц вам нужно?
80001077-n	rus:lemma	сколько
80001077-n	rus:exe	Сколько стоит билет?
10665698-n	rus:lemma	ученик
10665698-n	rus:lemma	ученица (morph:f)
10665698-n	rus:exe	Он примерный ученик.
10665698-n	rus:lemma	студент
10665698-n	rus:lemma	студентка (morph:f)
10665698-n	rus:exe	Он ещё студент.
10251779-n	rus:lemma	ученик
10251779-n	rus:lemma	ученица (morph:f)
10251779-n	rus:exe	Он примерный ученик.
08615374-n	rus:lemma	парк
08615374-n	rus:exe	Давай погуляем в парке, да?
77000064-n	rus:lemma	который
77000064-n	rus:exe	Который сейчас час?
77000064-n	rus:lemma	какой
77000064-n	rus:exe	Какая из этих книг тебе больше всего нравится?
03290771-n	rus:lemma	прихожая
03290771-n	rus:exe	Прихожая находится на первом этаже.
03290771-n	rus:lemma	вход
03290771-n	rus:exe	Давай встретимся у входа в кинотеатр.
06409752-n	rus:lemma	сочинение
06409752-n	rus:exe	Домашнее задание - сочинение на тему «Музыка в моей жизни». 
10286084-n	rus:lemma	брат
10286084-n	rus:exe	Папа, мама, брат и я.
09876454-n	rus:lemma	брат
09876454-n	rus:exe	Папа, мама, брат и я.
80001731-n	rus:lemma	иностранный студент
80001731-n	rus:lemma	иностранная студентка (morph:f)
80001731-n	rus:exe	Сегодня я буду обедать с иностранным студентом.
77000031-n	rus:lemma	он 
77000031-n	rus:lemma	она
77000031-n	rus:exe	Он  был  в  России.
77000031-n	rus:exe	Она ничего не знает.
77000031-n	rus:lemma	они
77000031-n	rus:exe	Они не едят ни рыбы, ни мяса.
77000031-n	rus:exe	Они передали привет своим школьным друзьям.
00934199-a	rus:lemma	дешёвый
00934199-a	rus:exe	Какой фотоаппарат самый дешёвый?
00935103-a	rus:lemma	дешёвый
00935103-a	rus:exe	Какой фотоаппарат самый дешёвый?
02747802-n	rus:lemma	пепельница
02747802-n	rus:exe	Пепельница на столе.
15213115-n	rus:lemma	октябрь
15213115-n	rus:exe	Моя сестра поедет в Киото четвёртого октября.
15203791-n	rus:lemma	год
15203791-n	rus:exe	Через год я бýду врачом.
03619890-n	rus:lemma	кухня
03619890-n	rus:exe	Мама на кухне готовит ужин.
00273734-v	rus:lemma	учить
00273734-v	rus:exe	Преподаватель учит студентов произносить новые слова.
00829107-v	rus:lemma	учить
00829107-v	rus:exe	Преподаватель учит студентов произносить новые слова.
00963570-v	rus:lemma	говорить
00963570-v	rus:exe	Давáйте говорить по-рýсски.
00815686-v	rus:lemma	отвечать
00815686-v	rus:exe	Он всегда очень быстро отвечает на вопросы.
00635523-v	rus:lemma	отвечать
00635523-v	rus:exe	Он всегда очень быстро отвечает на вопросы.
03417345-n	rus:lemma	сад
03417345-n	rus:exe	Мы ходим по саду.
03417749-n	rus:lemma	сад
03417749-n	rus:exe	Мы ходим по саду.
01775164-v	rus:lemma	любить
01775164-v	rus:exe	Я люблю вас.
01775164-v	rus:exe	Я очень люблю спорт.
01828736-v	rus:lemma	любить
01828736-v	rus:exe	Я люблю вас.
01828736-v	rus:exe	Я очень люблю спорт.
06418901-n	rus:lemma	словарь
06418901-n	rus:exe	Это русско-английский словарь.
15164570-n	rus:lemma	суббота
15164570-n	rus:exe	Давай встретимся в субботу.
00284798-n	rus:lemma	прогулка
00284798-n	rus:exe	Чудесная была прогулка!
00284101-n	rus:lemma	прогулка
00284101-n	rus:exe	Чудесная была прогулка!
01712704-v	rus:lemma	делать
01712704-v	rus:exe	Так, что делать завтра?
01712704-v	rus:exe	Что мне делать?
08277393-n	rus:lemma	школа
08277393-n	rus:exe	Мы с ним учились в одной школе.
08276720-n	rus:lemma	школа
08276720-n	rus:exe	Мы с ним учились в одной школе.
00161630-r	rus:lemma	медленно
00161630-r	rus:exe	Моя бабушка говорит медленно.
90000506-n	rus:lemma	прошлая неделя
90000506-n	rus:exe	Я слышал, что на прошлой неделе он так сказал.
03057021-n	rus:lemma	пиджак
03057021-n	rus:exe	Где продаются пиджаки?
03057021-n	rus:lemma	пальто
03057021-n	rus:exe	Повесьте пальто на вешалку.
03589791-n	rus:lemma	пиджак
03589791-n	rus:exe	Где продаются пиджаки?
06929279-n	rus:lemma	японский язык
06929279-n	rus:exe	Вы знáете япóнский язык?
06929279-n	rus:exe	Мы изучаем японский язык.
03303965-n	rus:lemma	выход
03303965-n	rus:exe	В шесть часов у метро "Спортивная", около выхода к стадиону.
10142391-n	rus:lemma	дедушка
10142391-n	rus:exe	Дедушка любит гулять с внучкой.
07934530-n	rus:lemma	чай
07934530-n	rus:exe	Моя мама любит чай.
07933274-n	rus:lemma	чай
07933274-n	rus:exe	Моя мама любит чай.
07933274-n	rus:lemma	зелёный чай
07933274-n	rus:exe	Моя мама пьёт все сорта чая, кроме зелёного.
07989373-n	rus:lemma	супруги
07989373-n	rus:exe	Супруги Петровы приехали к нам в гости.
10146559-n	rus:lemma	овощной магазин
10146559-n	rus:exe	Овощной магазин находится рядом с почтой.
03457686-n	rus:lemma	овощной магазин
03457686-n	rus:exe	Овощной магазин находится рядом с почтой.
03147509-n	rus:lemma	чашка
03147509-n	rus:exe	Вымойте чашки, пожалуйста.
03972524-n	rus:lemma	карман
03972524-n	rus:exe	Сейчас у меня в кармане 800 рулбей.
04968895-n	rus:lemma	синий
04968895-n	rus:exe	Вдруг небо стало синим.
01555416-a	rus:lemma	маленький
01555416-a	rus:exe	В этом магазине маленький выбор.
01552885-a	rus:lemma	маленький
01552885-a	rus:exe	В этом магазине маленький выбор.
00017865-v	rus:lemma	ложиться спать
00017865-v	rus:exe	Вы должны рáно ложиться спать и рáно вставáть.
00450147-a	rus:lemma	близкий
00450147-a	rus:exe	Самый близкий для меня человек – это мама.
00450147-a	rus:exe	Ближайший магазин находится перед нашим домом.
00444519-a	rus:lemma	близкий
00444519-a	rus:exe	Самый близкий для меня человек – это мама.
00444519-a	rus:exe	Ближайший магазин находится перед нашим домом.
00445169-a	rus:lemma	близкий
00445169-a	rus:exe	Самый близкий для меня человек – это мама.
00445169-a	rus:exe	Ближайший магазин находится перед нашим домом.
00584367-n	rus:lemma	работа
00584367-n	rus:exe	－Мне некогда. Я опоздываю на работу.
07574602-n	rus:lemma	завтрак
07574602-n	rus:exe	Во сколько будет завтрак?
08078020-n	rus:lemma	семья
08078020-n	rus:exe	Вот моя семья.
10236304-n	rus:lemma	семья
10236304-n	rus:exe	Вот моя семья.
07970406-n	rus:lemma	семья
07970406-n	rus:exe	Вот моя семья.
07970406-n	rus:lemma	семья
07970406-n	rus:exe	Я рада, что родилась в дружной семье.
04197391-n	rus:lemma	нижнее бельё
04197391-n	rus:exe	Сегодня утром я выстирала всё нижнее бельё. 
09918248-n	rus:lemma	дети
09918248-n	rus:exe	Дети любят белый хлеб больше чёрного.
12212361-n	rus:lemma	овощь
12212361-n	rus:exe	Там продают свежие овощи.
07707451-n	rus:lemma	овощь
07707451-n	rus:exe	Там продают свежие овощи.
03365991-n	rus:lemma	этаж
03365991-n	rus:exe	На каком этаже вы живёте?
00976508-a	rus:lemma	быстрый
00976508-a	rus:exe	Быстрый поток нёс его к водопаду.
00981818-a	rus:lemma	быстрый
00981818-a	rus:exe	Быстрый поток нёс его к водопаду.
00979862-a	rus:lemma	быстрый
00979862-a	rus:exe	Быстрый поток нёс его к водопаду.
01367431-a	rus:lemma	весёлый
01367431-a	rus:exe	Её весёлый смех слышен даже на улице.
07644382-n	rus:lemma	курица
07644382-n	rus:exe	Взвесте мне, пожалуйста, вот эту курицу.
07644967-n	rus:lemma	курица
07644967-n	rus:exe	Взвесте мне, пожалуйста, вот эту курицу.
07813107-n	rus:lemma	соль
07813107-n	rus:exe	Передай мне соль, пожалуйста.
07825972-n	rus:lemma	соевый соус
07825972-n	rus:exe	Добавьте соевый соус.
02005948-v	rus:lemma	приезжать
02005948-v	rus:exe	Оксана приедет вовремя.
02930766-n	rus:lemma	такси
02930766-n	rus:exe	Мы едем на такси.
04371225-n	rus:lemma	бассейн
04371225-n	rus:exe	Весь день они плавали в бассейне.
00604617-a	rus:lemma	удобный
00604617-a	rus:exe	Наша кухня очень удобная.
15237250-n	rus:lemma	лето
15237250-n	rus:exe	Лето - моё любимое время года.
03757138-n	rus:lemma	метро
03757138-n	rus:exe	В шесть часов у метро "Спортивная", около выхода к стадиону.
04349306-n	rus:lemma	метро
04349306-n	rus:exe	В шесть часов у метро "Спортивная", около выхода к стадиону.
77000090-n	rus:lemma	как
77000090-n	rus:exe	А как ты думаешь?
77000090-n	rus:exe	Как поживаете?
80001331-x	rus:lemma	как
80001331-x	rus:exe	А как ты думаешь?
80001331-x	rus:exe	Как поживаете?
77000104-n	rus:lemma	когда
77000104-n	rus:exe	Когда её день рождения?
04105893-n	rus:lemma	комната
04105893-n	rus:exe	Дайте мне ключ  от комнаты.
04105893-n	rus:lemma	квартира
04105893-n	rus:exe	Я живу в однокомнатной квартире.
06415419-n	rus:lemma	тетрадь
06415419-n	rus:exe	Мне хочется, чтобы ты показал мне твою тетрадь.
01376705-a	rus:lemma	известный
01376705-a	rus:exe	Известный актёр вышел на сцену.
01375831-a	rus:lemma	известный
01375831-a	rus:exe	Известный актёр вышел на сцену.
00953216-v	rus:lemma	рассказывать
00953216-v	rus:exe	Перед сном бабушка всегда рассказывает мне сказку.
00962447-v	rus:lemma	рассказывать
00962447-v	rus:exe	Перед сном бабушка всегда рассказывает мне сказку.
02935891-n	rus:lemma	столовая
02935891-n	rus:exe	В столовой пусто.
01984902-v	rus:lemma	садиться
01984902-v	rus:exe	Садитесь, пожалуйста.
00120223-r	rus:lemma	-
00120223-r	rus:exe	Читая письмо матери, она улыбалась.
00120095-r	rus:lemma	-
00120095-r	rus:exe	Читая письмо матери, она улыбалась.
02386612-a	rus:lemma	маленький
02386612-a	rus:exe	Маша живёт в маленьком домике.
02386612-a	rus:lemma	короткий
02386612-a	rus:exe	У моего брата короткие волосы.
02345713-a	rus:lemma	плохой
02345713-a	rus:exe	Он плохой человек.
00478311-a	rus:lemma	плохой
00478311-a	rus:exe	Он плохой человек.
01174222-a	rus:lemma	плохой
01174222-a	rus:exe	Он плохой человек.
03025755-n	rus:lemma	палочки
03025755-n	rus:exe	Наташа хорошо ест палочками.
15166191-n	rus:lemma	вторая половина дня
15166191-n	rus:exe	Во второй половине дня будут соревнования по плаванию.
80000080-n	rus:lemma	этот месяц
80000080-n	rus:exe	В этом месяце я не буду есть сладости.
06624161-n	rus:lemma	письмо
06624161-n	rus:exe	Теперь вы можете послать письмо через Интернет!
01909812-v	rus:lemma	поворачивать
01909812-v	rus:exe	Машина поворачивает за угол.
07929519-n	rus:lemma	кофе
07929519-n	rus:exe	Каждое утро папа пьёт кофе с молоком.
01729431-v	rus:lemma	петь
01729431-v	rus:exe	Тот певец очень хорошо поёт.
11501381-n	rus:lemma	дождь
11501381-n	rus:exe	Если не будет дождя, поеду с семьёй на дачу за город.
11501381-n	rus:exe	Идёт дождь / снег.
07749582-n	rus:lemma	лимон
07749582-n	rus:exe	Чай с лимоном, пожалуйста.
90000511-n	rus:lemma	позавчера
90000511-n	rus:exe	Позавчера мы вернулись из Турции.
00118032-r	rus:lemma	пока
00118032-r	rus:exe	Пока.
00118032-r	rus:lemma	ну
00118032-r	rus:exe	Ну, всего хорошего.
77000002-n	rus:lemma	мы
77000002-n	rus:exe	Мы интересýемся мýзыкой.
15206296-n	rus:lemma	месяц
15206296-n	rus:exe	Она вернётся в Москву через десять месяцев.
02834778-n	rus:lemma	велосипед
02834778-n	rus:exe	Каждый день я езжу в школу на велосипеде.
06597466-n	rus:lemma	журнал
06597466-n	rus:exe	В самолёте он читал журнал.
06595351-n	rus:lemma	журнал
06595351-n	rus:exe	В самолёте он читал журнал.
03704210-n	rus:lemma	журнал
03704210-n	rus:exe	В самолёте он читал журнал.
08238463-n	rus:lemma	класс
08238463-n	rus:exe	В этом классе тридцать учеников.
00050454-v	rus:lemma	снимать
00050454-v	rus:exe	Миша снимает носки.
02649830-v	rus:lemma	жить
02649830-v	rus:exe	В Японии живёт примерно сто двадцать миллионов жителей.
02649830-v	rus:exe	Вы знаете дом, где она живет?
15155891-n	rus:lemma	завтра
15155891-n	rus:exe	Завтра позвоню.
04208936-n	rus:lemma	душ
04208936-n	rus:exe	Моя сестра принимает душ.
15213774-n	rus:lemma	декабрь
15213774-n	rus:exe	Мой день рождения – двадцать седьмого декабря.
00625119-v	rus:lemma	читать
00625119-v	rus:exe	Завтра я буду читать этот роман.
02774152-n	rus:lemma	сумка
02774152-n	rus:exe	Я положила мобильник в сумку.
02773037-n	rus:lemma	сумка
02773037-n	rus:exe	Я положила мобильник в сумку.
13250542-n	rus:lemma	деньги
13250542-n	rus:exe	У меня нет денег.
13384557-n	rus:lemma	деньги
13384557-n	rus:exe	У меня нет денег.
05600637-n	rus:lemma	лицо
05600637-n	rus:exe	У неё красивое лицо.
07597365-n	rus:lemma	конфета
07597365-n	rus:exe	Мальчик подарил девочке конфеты.
00024356-r	rus:lemma	нет
00024356-r	rus:exe	Нет, не надо платить.
00024356-r	rus:exe	Нет.
03176763-n	rus:lemma	универмаг
03176763-n	rus:exe	По средам я хожу в универмаг.
01725051-v	rus:lemma	играть
01725051-v	rus:exe	Дима хорошо играет на гармонике.
03388183-n	rus:lemma	авторучка
03388183-n	rus:exe	Обычно я пишу авторучкой.
77000089-a	rus:lemma	такой
77000089-a	rus:exe	Такие книги нам нужны.
15164354-n	rus:lemma	четверг
15164354-n	rus:exe	В четверг мы с папой поедем в зоопарк.
00056916-r	rus:lemma	пожалуйста
00056916-r	rus:exe	Вот, пожалуйста.
00056916-r	rus:exe	Пожалуйста.
00056916-r	rus:lemma	пожалуйста
00056916-r	rus:exe	Вот, пожалуйста.
00816481-a	rus:lemma	поздний
00816481-a	rus:exe	Я люблю лес поздней осенью.
01901186-a	rus:lemma	поздний
01901186-a	rus:exe	Я люблю лес поздней осенью.
04956594-n	rus:lemma	цвет
04956594-n	rus:exe	Цвет у неба всегда разный.
04674968-n	rus:lemma	цвет
04674968-n	rus:exe	Цвет у неба всегда разный.
07109730-n	rus:lemma	язык
07109730-n	rus:exe	Это выражение используется только в разговорном языке.
06282651-n	rus:lemma	язык
06282651-n	rus:exe	Это выражение используется только в разговорном языке.
00121135-r	rus:lemma	так
00121135-r	rus:exe	Люди так говорят.
04962784-n	rus:lemma	красный
04962784-n	rus:exe	Ты любишь красное вино больше всего?
03871083-n	rus:lemma	багаж
03871083-n	rus:exe	Я сдал багаж в камеру хранения.
02774630-n	rus:lemma	багаж
02774630-n	rus:exe	Я сдал багаж в камеру хранения.
07891726-n	rus:lemma	алкоголь
07891726-n	rus:exe	Он умер от отравления алкоголем.
07891726-n	rus:exe	Там есть все виды алкоголя.
07891726-n	rus:lemma	вино
07891726-n	rus:exe	Я люблю пиво, вино и водку.
07884567-n	rus:lemma	алкоголь
07884567-n	rus:exe	Он умер от отравления алкоголем.
07884567-n	rus:exe	Там есть все виды алкоголя.
07884567-n	rus:lemma	вино
07884567-n	rus:exe	Я люблю пиво, вино и водку.
07891433-n	rus:lemma	алкоголь
07891433-n	rus:exe	Он умер от отравления алкоголем.
07891433-n	rus:exe	Там есть все виды алкоголя.
07891433-n	rus:lemma	вино
07891433-n	rus:exe	Я люблю пиво, вино и водку.
15164463-n	rus:lemma	пятница
15164463-n	rus:exe	Обязательно принесу в пятницу.
03581125-n	rus:lemma	перекрёсток
03581125-n	rus:exe	Утром я попал в пробку на перекрёстке.
02410393-a	rus:lemma	толстый
02410393-a	rus:exe	Эта книга толстая.
02410393-a	rus:lemma	толстый
02410393-a	rus:exe	Тот мужчина толстый.
02415390-a	rus:lemma	толстый
02415390-a	rus:exe	Эта книга толстая.
02756821-v	rus:lemma	идёт дождь
02756821-v	rus:exe	Идёт дождь / снег.
02529264-a	rus:lemma	тёплый
02529264-a	rus:exe	Молоко тёплое?
01546111-v	rus:lemma	встать
01546111-v	rus:exe	Он медленно встал из-за стола и пошёл к двери.
10142747-n	rus:lemma	бабушка
10142747-n	rus:exe	Я сейчас живу у моей бабушки.
07679356-n	rus:lemma	хлеб
07679356-n	rus:exe	Дайте, пожалуйста,  хлеба.
03259505-n	rus:lemma	дом
03259505-n	rus:exe	Вы знаете дом, где она живет?
03544360-n	rus:lemma	дом
03544360-n	rus:exe	Вы знаете дом, где она живет?
03544360-n	rus:lemma	дом
03544360-n	rus:exe	Буду читать дома.
08559508-n	rus:lemma	дом
08559508-n	rus:exe	Вы знаете дом, где она живет?
08559508-n	rus:lemma	дом
08559508-n	rus:exe	Буду читать дома.
15210486-n	rus:lemma	февраль
15210486-n	rus:exe	Двадцать третье февраля - День защитника Отечества.
15167349-n	rus:lemma	ночь
15167349-n	rus:exe	Муж работает с утра до ночи.
15155747-n	rus:lemma	ночь
15155747-n	rus:exe	Муж работает с утра до ночи.
15167027-n	rus:lemma	ночь
15167027-n	rus:exe	Муж работает с утра до ночи.
15167027-n	rus:lemma	вчера вечером
15167027-n	rus:exe	Вчера вечером мы с мужем посмотрели фильм.
15167474-n	rus:lemma	ночь
15167474-n	rus:exe	Муж работает с утра до ночи.
03438257-n	rus:lemma	стакан
03438257-n	rus:exe	Дайте мне стакан воды.
08613593-n	rus:lemma	вне
08613593-n	rus:exe	Могли бы вы жить вне России?
03338821-n	rus:lemma	плёнка
03338821-n	rus:exe	Проявите плёнку, пожалуйста.
06613686-n	rus:lemma	плёнка
06613686-n	rus:exe	Проявите плёнку, пожалуйста.
06613686-n	rus:lemma	кино
06613686-n	rus:exe	Давай пойдём в кино!
06262567-n	rus:lemma	плёнка
06262567-n	rus:exe	Проявите плёнку, пожалуйста.
04096066-n	rus:lemma	дорога
04096066-n	rus:exe	На дороге лежит снег.
15212739-n	rus:lemma	сентябрь
15212739-n	rus:exe	В Токио в сентябре ещё жарко.
77000079-a	rus:lemma	тот
77000079-a	rus:exe	Будьте добры, покажите мне тот японско-русский словарь.
77000079-a	rus:exe	тот дом
14524198-n	rus:lemma	пасмурная погода
14524198-n	rus:exe	В апреле часто бывает пасмурная погода.
13828795-n	rus:lemma	продольный
13828795-n	rus:exe	Надо сделать продольный разрез.
00543233-n	rus:lemma	музыка
00543233-n	rus:exe	Я слушаю музыку.
05718556-n	rus:lemma	музыка
05718556-n	rus:exe	Я слушаю музыку.
05718935-n	rus:lemma	музыка
05718935-n	rus:exe	Я слушаю музыку.
07020895-n	rus:lemma	музыка
07020895-n	rus:exe	Я слушаю музыку.
00409709-r	rus:lemma	близко
00409709-r	rus:exe	-Отсюда недалеко?\n-Нет, совсем близко. Станция находится недалеко от университета.
08641113-n	rus:lemma	близко
08641113-n	rus:exe	-Отсюда недалеко?\n-Нет, совсем близко. Станция находится недалеко от университета.
03112099-n	rus:lemma	коридор
03112099-n	rus:exe	Нельзя бегать по коридору.
03661043-n	rus:lemma	библиотека
03661043-n	rus:exe	Утром я буду заниматься в библиотеке.
07840804-n	rus:lemma	яйцо
07840804-n	rus:exe	Взбейте яйца.
90000502-n	rus:lemma	этот год
90000502-n	rus:exe	В этом году я буду учиться в Москве.
03908204-n	rus:lemma	карандаш
03908204-n	rus:exe	Можно вписать карандашом?
14796748-n	rus:lemma	карандаш
14796748-n	rus:exe	Можно вписать карандашом?
05282433-n	rus:lemma	зуб
05282433-n	rus:exe	После завтрака я чищу зубы.
05282746-n	rus:lemma	зуб
05282746-n	rus:exe	После завтрака я чищу зубы.
01649720-a	rus:lemma	молодой
01649720-a	rus:exe	Я часто разговаривал с молодыми студентами.
01646941-a	rus:lemma	молодой
01646941-a	rus:exe	Я часто разговаривал с молодыми студентами.
00514884-a	rus:lemma	весь
00514884-a	rus:exe	весь дом
00514884-a	rus:exe	Я весь день думаю о вас.
00988232-a	rus:lemma	тонкий
00988232-a	rus:exe	У неё тонкие пальцы.
01029368-v	rus:lemma	меня зовут ～
01029368-v	rus:exe	Меня зовут Иван.
01029368-v	rus:exe	Меня зовут Мария.
77000084-n	rus:lemma	где
77000084-n	rus:exe	Так, где мы встретимся?
00220082-a	rus:lemma	красивый
00220082-a	rus:exe	Марико даёт емý красивый шарф, а подрýги дают прекрáсные цветы.
01586342-a	rus:lemma	красивый
01586342-a	rus:exe	Марико даёт емý красивый шарф, а подрýги дают прекрáсные цветы.
01586342-a	rus:lemma	хороший
01586342-a	rus:exe	В вашей гостинице есть хороший ресторан.
01346003-v	rus:lemma	открывать
01346003-v	rus:exe	К тому же, знание английского языка открывает мне возможность общаться с людьми из разных стран.
09853467-n	rus:lemma	старший брат
09853467-n	rus:exe	Мой старший брат работает в Токио.
09853467-n	rus:lemma	старший брат
09853467-n	rus:exe	Твой старший брат женился будучи студентом?
03102654-n	rus:lemma	холодильник
03102654-n	rus:exe	Положите яйцо в холодильник.
03273913-n	rus:lemma	холодильник
03273913-n	rus:exe	Положите яйцо в холодильник.
02399595-a	rus:lemma	невкусный
02399595-a	rus:exe	Какой невкусный торт!
01716971-a	rus:lemma	невкусный
01716971-a	rus:exe	Какой невкусный торт!
07845335-n	rus:lemma	молоко
07845335-n	rus:exe	Вскипятите молоко.
07844042-n	rus:lemma	молоко
07844042-n	rus:exe	Вскипятите молоко.
10780632-n	rus:lemma	жена
10780632-n	rus:exe	Жена старше мужа на три года.
10780632-n	rus:lemma	жена
10780632-n	rus:exe	Моя жена сказала, что тебе нравятся красные розы.
08625462-n	rus:lemma	налево
08625462-n	rus:exe	Поверните налево.
90000508-n	rus:lemma	следующая неделя
90000508-n	rus:exe	На следующей неделе мама вышлет мне посылку.
01848718-v	rus:lemma	ездить
01848718-v	rus:exe	Куда ты ездил?
06518719-n	rus:lemma	билет
06518719-n	rus:exe	Сколько стоит билет?
01470670-v	rus:lemma	встретить
01470670-v	rus:exe	Вчера в театре Марина встретила профессора Иванова.
02428924-v	rus:lemma	встретить
02428924-v	rus:exe	Вчера в театре Марина встретила профессора Иванова.
10285313-n	rus:lemma	мальчик
10285313-n	rus:exe	Мальчики играют в футбол на спортивной площадке.
03542333-n	rus:lemma	гостиница
03542333-n	rus:exe	Тогда давайте пойдём в гостиницу.
02913152-n	rus:lemma	здание
02913152-n	rus:exe	Там белое здание, видите?
07649854-n	rus:lemma	мясо
07649854-n	rus:exe	Они не едят ни рыбы, ни мяса.
09397391-n	rus:lemma	пруд
09397391-n	rus:exe	Без труда не вынешь и рыбку из пруда.
07935152-n	rus:lemma	зелёный чай
07935152-n	rus:exe	Моя мама пьёт все сорта чая, кроме зелёного.
03082979-n	rus:lemma	компьютер
03082979-n	rus:exe	Сначала вам надо включить компьютер.
00312553-n	rus:lemma	поездка
00312553-n	rus:exe	Я был в России в туристической поездке.
00312553-n	rus:exe	Я только что вернулся из поездки.
04043733-n	rus:lemma	радио
04043733-n	rus:exe	Но завтра испортится погода, будет дождь, так говорят по радио.
01442186-a	rus:lemma	короткий
01442186-a	rus:exe	У моего брата короткие волосы.
01436003-a	rus:lemma	короткий
01436003-a	rus:exe	У моего брата короткие волосы.
01442826-a	rus:lemma	короткий
01442826-a	rus:exe	У моего брата короткие волосы.
14513694-n	rus:lemma	семья
14513694-n	rus:exe	Я рада, что родилась в дружной семье.
02808440-n	rus:lemma	ванная
02808440-n	rus:exe	Где находится ванная?
02807731-n	rus:lemma	ванная
02807731-n	rus:exe	Где находится ванная?
15274074-n	rus:lemma	каникулы
15274074-n	rus:exe	Во время летних каникул мы с друзьями путешествовали по Японии.
15183428-n	rus:lemma	каникулы
15183428-n	rus:exe	Во время летних каникул мы с друзьями путешествовали по Японии.
15137890-n	rus:lemma	каникулы
15137890-n	rus:exe	Во время летних каникул мы с друзьями путешествовали по Японии.
00027918-r	rus:lemma	ещё
00027918-r	rus:exe	Нет ещё.
00027918-r	rus:exe	Он ещё студент.
00031304-r	rus:lemma	ещё
00031304-r	rus:exe	Нет ещё.
00031304-r	rus:exe	Он ещё студент.
03925226-n	rus:lemma	фотография
03925226-n	rus:exe	Ты мне покажешь фотографии?
03931044-n	rus:lemma	фотография
03931044-n	rus:exe	Ты мне покажешь фотографии?
04248607-n	rus:lemma	фотография
04248607-n	rus:exe	Ты мне покажешь фотографии?
15164233-n	rus:lemma	среда
15164233-n	rus:exe	Вы не можете принести их в следующую среду?
11524662-n	rus:lemma	погода
11524662-n	rus:exe	Сегодня хорошая погода.
07193184-n	rus:lemma	вопрос
07193184-n	rus:exe	Дорогие друзья, у вас есть вопросы?
07196682-n	rus:lemma	вопрос
07196682-n	rus:exe	Дорогие друзья, у вас есть вопросы?
05797597-n	rus:lemma	вопрос
05797597-n	rus:exe	Дорогие друзья, у вас есть вопросы?
07193596-n	rus:lemma	вопрос
07193596-n	rus:exe	Дорогие друзья, у вас есть вопросы?
01904930-v	rus:lemma	ходить
01904930-v	rus:exe	Мы ходим по саду.
03383948-n	rus:lemma	вилка
03383948-n	rus:exe	Я ем салат вилкой.
08286569-n	rus:lemma	университет
08286569-n	rus:exe	Сколько лет он учится в университете?
08286163-n	rus:lemma	университет
08286163-n	rus:exe	Сколько лет он учится в университете?
08278169-n	rus:lemma	университет
08278169-n	rus:exe	Сколько лет он учится в университете?
01000214-v	rus:lemma	писать
01000214-v	rus:exe	Он чáсто пишет письма.
02471690-v	rus:lemma	писать
02471690-v	rus:exe	Он чáсто пишет письма.
01020356-v	rus:lemma	писать
01020356-v	rus:exe	Он чáсто пишет письма.
01691057-v	rus:lemma	писать
01691057-v	rus:exe	Он чáсто пишет письма.
01698271-v	rus:lemma	писать
01698271-v	rus:exe	Он чáсто пишет письма.
01020934-v	rus:lemma	писать
01020934-v	rus:exe	Он чáсто пишет письма.
00993014-v	rus:lemma	писать
00993014-v	rus:exe	Он чáсто пишет письма.
03822171-n	rus:lemma	газета
03822171-n	rus:exe	Вот мой друг, о котором писали во всех газетах.                  （前置（詞）格）
03822171-n	rus:exe	эта газета
06267145-n	rus:lemma	газета
06267145-n	rus:exe	Вот мой друг, о котором писали во всех газетах.                  （前置（詞）格）
06267145-n	rus:exe	эта газета
14961722-n	rus:lemma	газета
14961722-n	rus:exe	Вот мой друг, о котором писали во всех газетах.                  （前置（詞）格）
14961722-n	rus:exe	эта газета
07197021-n	rus:lemma	проверочная работа
07197021-n	rus:exe	Завтра на уроке математики будет проверочная работа.
00158309-r	rus:lemma	ровно
00158309-r	rus:exe	Родион приехал ровно в три часа.
00002621-r	rus:lemma	ровно
00002621-r	rus:exe	Родион приехал ровно в три часа.
00002950-r	rus:lemma	ровно
00002950-r	rus:exe	Родион приехал ровно в три часа.
13714184-n	rus:lemma	градус
13714184-n	rus:exe	Термометр показывает двадцать шесть градусов тепла.
00119568-n	rus:lemma	летать
00119568-n	rus:exe	Время летит .
08145553-n	rus:lemma	почта
08145553-n	rus:exe	Мне надо сходить на почту.
15237044-n	rus:lemma	весна
15237044-n	rus:exe	Наступила весна, и снег растаял.
01270199-v	rus:lemma	стирать
01270199-v	rus:exe	Папа стирает.
06505517-n	rus:lemma	копирование
06505517-n	rus:exe	Копирование более пятидесяти страниц запрещено.
15166462-n	rus:lemma	вечер
15166462-n	rus:exe	Добрый вечер.
15166462-n	rus:exe	Пойдём куда-нибудь сегодня вечером.
15166462-n	rus:lemma	вчера вечером
15166462-n	rus:exe	Вчера вечером мы с мужем посмотрели фильм.
01343918-a	rus:lemma	интересный
01343918-a	rus:exe	У меня есть  интересная  книга.
01344344-a	rus:lemma	интересный
01344344-a	rus:exe	У меня есть  интересная  книга.
01344344-a	rus:lemma	весёлый
01344344-a	rus:exe	Весёлое было время.
01265308-a	rus:lemma	интересный
01265308-a	rus:exe	У меня есть  интересная  книга.
01344485-a	rus:lemma	интересный
01344485-a	rus:exe	У меня есть  интересная  книга.
00067045-r	rus:lemma	впереди
00067045-r	rus:exe	Впереди стоит высокий дуб.
00067265-r	rus:lemma	впереди
00067265-r	rus:exe	Впереди стоит высокий дуб.
90000515-n	rus:lemma	послезавтра
90000515-n	rus:exe	Послезавтра моя подруга приедет в Японию.
01801029-a	rus:lemma	весёлый
01801029-a	rus:exe	Весёлое было время.
03906997-n	rus:lemma	ручка
03906997-n	rus:exe	У меня нет ручки.
77000095-n	rus:lemma	кто
77000095-n	rus:exe	Кто  это?
77000095-n	rus:lemma	кто
77000095-n	rus:exe	Кто  это?
90000500-n	rus:lemma	позапрошлый год
90000500-n	rus:exe	В позапрошлом году я училась на втором курсе.
03221720-n	rus:lemma	дверь
03221720-n	rus:exe	Мама закрыла  дверь.
03221720-n	rus:lemma	дверь
03221720-n	rus:exe	Дверь открыта.
00050681-r	rus:lemma	нет
00050681-r	rus:exe	У нас нет времени.
00024587-r	rus:lemma	нет
00024587-r	rus:exe	У нас нет времени.
77000012-n	rus:lemma	я
77000012-n	rus:exe	Я люблю вас.
77000015-n	rus:lemma	я
77000015-n	rus:exe	Я люблю вас.
01344963-a	rus:lemma	скучный
01344963-a	rus:exe	Какая скучная лекция!
01170052-v	rus:lemma	пить
01170052-v	rus:exe	Иван, ты будешь что-нибудь пить?
03282295-n	rus:lemma	посольство
03282295-n	rus:exe	Посольство Российской Федерации находится в Токио.
14145501-n	rus:lemma	простуда
14145501-n	rus:exe	Простуда прошла?
06796119-n	rus:lemma	марка
06796119-n	rus:exe	Дайте, пожалуйста, три марки по десять рублей.
07775375-n	rus:lemma	рыба
07775375-n	rus:exe	Без труда не вынешь и рыбку из пруда.
07775375-n	rus:exe	Они не едят ни рыбы, ни мяса.
02512053-n	rus:lemma	рыба
02512053-n	rus:exe	Без труда не вынешь и рыбку из пруда.
02512053-n	rus:exe	Они не едят ни рыбы, ни мяса.
01586866-a	rus:lemma	хороший
01586866-a	rus:exe	В вашей гостинице есть хороший ресторан.
01048762-a	rus:lemma	хороший
01048762-a	rus:exe	В вашей гостинице есть хороший ресторан.
00067638-a	rus:lemma	хороший
00067638-a	rus:exe	В вашей гостинице есть хороший ресторан.
01993408-a	rus:lemma	хороший
01993408-a	rus:exe	В вашей гостинице есть хороший ресторан.
01171213-a	rus:lemma	хороший
01171213-a	rus:exe	В вашей гостинице есть хороший ресторан.
01800349-a	rus:lemma	хороший
01800349-a	rus:exe	В вашей гостинице есть хороший ресторан.
01123148-a	rus:lemma	хороший
01123148-a	rus:exe	В вашей гостинице есть хороший ресторан.
00064787-a	rus:lemma	хороший
00064787-a	rus:exe	В вашей гостинице есть хороший ресторан.
00850183-a	rus:lemma	хороший
00850183-a	rus:exe	В вашей гостинице есть хороший ресторан.
01129977-a	rus:lemma	хороший
01129977-a	rus:exe	В вашей гостинице есть хороший ресторан.
01586752-a	rus:lemma	хороший
01586752-a	rus:exe	В вашей гостинице есть хороший ресторан.
04588365-n	rus:lemma	окно
04588365-n	rus:exe	Открой окно.
04587648-n	rus:lemma	окно
04587648-n	rus:exe	Открой окно.
05216365-n	rus:lemma	тело
05216365-n	rus:exe	В здоровом теле - здоровый дух. 
76100002-x	rus:lemma	экземпляр
76100002-x	rus:exe	Юбилейная марка вышла тиражом два миллиона экземпляров.
04967191-n	rus:lemma	зелёный
04967191-n	rus:exe	Мой сын рисует зелёным карандашом.
80001047-v	rus:lemma	умирать
80001047-v	rus:exe	Она умирает от горя.
03497657-n	rus:lemma	головной убор
03497657-n	rus:exe	Отдел головных уборов находится на третьем этаже.
15129927-n	rus:lemma	час
15129927-n	rus:exe	Каждый день они работают до четырёх часов.
15129927-n	rus:exe	Котóрый сейчас час?  - 3 часá.
06359877-n	rus:lemma	предложение
06359877-n	rus:exe	Составьте какое-нибудь предложение.
00546389-n	rus:lemma	песня
00546389-n	rus:exe	Мы поём русские народные песни.
07048000-n	rus:lemma	песня
07048000-n	rus:exe	Мы поём русские народные песни.
01754737-v	rus:lemma	подстригать
01754737-v	rus:exe	Я сама подстригаю себе волосы.
07447641-n	rus:lemma	вечер
07447641-n	rus:exe	Меня пригласили на новогодний вечер.
01842204-v	rus:lemma	выходить
01842204-v	rus:exe	Он мне позвонил, когда я выходила из дома.
04241394-n	rus:lemma	тапочки
04241394-n	rus:exe	Дома я хожу в тапочках.
05301908-n	rus:lemma	рот
05301908-n	rus:exe	Он держит косточку во рту.
02440250-n	rus:lemma	рука
02440250-n	rus:exe	Студенты пожали друг другу руки.
09823502-n	rus:lemma	тётя
09823502-n	rus:exe	У тёти две дочери.
10193967-n	rus:lemma	муж
10193967-n	rus:exe	Муж работает с утра до ночи.
15213406-n	rus:lemma	ноябрь
15213406-n	rus:exe	Моя подруга родилась третьего ноября.
06277280-n	rus:lemma	телевизор
06277280-n	rus:exe	Я прочитáл газету и посмотрел телевизор.
13831176-n	rus:lemma	север
13831176-n	rus:exe	Эта птица живёт на севере нашей страны.
06964901-n	rus:lemma	французский язык
06964901-n	rus:exe	Мария изучает французский язык.
01318741-a	rus:lemma	болеть
01318741-a	rus:exe	У меня болит живот.
01712753-a	rus:lemma	болеть
01712753-a	rus:exe	У меня болит живот.
05395690-n	rus:lemma	живот
05395690-n	rus:exe	У меня болит живот.
05395690-n	rus:lemma	живот
05395690-n	rus:exe	У меня болит живот.
05556943-n	rus:lemma	живот
05556943-n	rus:exe	У меня болит живот.
05556943-n	rus:lemma	живот
05556943-n	rus:exe	У меня болит живот.
02324478-v	rus:lemma	прибавлять
02324478-v	rus:exe	Не надо ничего прибавлять, юбка и так длинная.
00640828-v	rus:lemma	прибавлять
00640828-v	rus:exe	Не надо ничего прибавлять, юбка и так длинная.
00182406-v	rus:lemma	прибавлять
00182406-v	rus:exe	Не надо ничего прибавлять, юбка и так длинная.
00749230-a	rus:lemma	лёгкий
00749230-a	rus:exe	Упражнения по русскому языку лёгкие?
14061805-n	rus:lemma	болезнь
14061805-n	rus:exe	Она поправилась после тяжёлой болезни.
14055408-n	rus:lemma	болезнь
14055408-n	rus:exe	Она поправилась после тяжёлой болезни.
14473054-n	rus:lemma	болезнь
14473054-n	rus:exe	Она поправилась после тяжёлой болезни.
10399491-n	rus:lemma	родители
10399491-n	rus:exe	Там живут мои родители.
13833375-n	rus:lemma	юг
13833375-n	rus:exe	Весной с юга прилетают птицы.
02472293-n	rus:lemma	человек
02472293-n	rus:exe	Мой спутник оказался интересным человеком.
02472293-n	rus:exe	Сколько человек в вашей семье?
15212167-n	rus:lemma	июль
15212167-n	rus:exe	В июле я поеду в Москву.
00442917-a	rus:lemma	далёкий
00442917-a	rus:exe	Мне часто снится далёкий африканский берег. 
01421622-v	rus:lemma	класть
01421622-v	rus:exe	-Вам положить сахар?\n-Нет, не кладите.
03398467-n	rus:lemma	перед
03398467-n	rus:exe	Перед нами простирается широкое поле.
00964768-a	rus:lemma	слабый
00964768-a	rus:exe	У Коли слабое сердце.
02324397-a	rus:lemma	слабый
02324397-a	rus:exe	У Коли слабое сердце.
00709215-a	rus:lemma	слабый
00709215-a	rus:exe	У Коли слабое сердце.
02040233-a	rus:lemma	слабый
02040233-a	rus:exe	У Коли слабое сердце.
02040049-a	rus:lemma	слабый
02040049-a	rus:exe	У Коли слабое сердце.
00254978-r	rus:lemma	каждый месяц
00254978-r	rus:exe	Каждый месяц мы платим за квартиру.
77000091-n	rus:lemma	какой
77000091-n	rus:exe	Какой словарь у тебя?
06605897-n	rus:lemma	значение
06605897-n	rus:exe	Это движение имеет огромное значение.
05919866-n	rus:lemma	значение
05919866-n	rus:exe	Это движение имеет огромное значение.
06601327-n	rus:lemma	значение
06601327-n	rus:exe	Это движение имеет огромное значение.
03540595-n	rus:lemma	больница
03540595-n	rus:exe	Мой сын лежит в больнице.
08054417-n	rus:lemma	больница
08054417-n	rus:exe	Мой сын лежит в больнице.
05311054-n	rus:lemma	глаз
05311054-n	rus:exe	У нас чёрные глазá.
05316025-n	rus:lemma	глаз
05316025-n	rus:exe	У нас чёрные глазá.
02871439-n	rus:lemma	книжная полка
02871439-n	rus:exe	Поставьте эту книгу на книжную полку.
01186408-a	rus:lemma	лёгкий
01186408-a	rus:exe	Этот чемодан очень лёгкий.
04049098-n	rus:lemma	станция
04049098-n	rus:exe	Следующая станция - "Менделеевская".
03030663-n	rus:lemma	сигарета
03030663-n	rus:exe	Дайте, пожалуйста, пачку сигарет.
02230772-v	rus:lemma	передавать
02230772-v	rus:exe	Вот.  (Иван передаёт Марии свой словарь.)
90000504-n	rus:lemma	через два года
90000504-n	rus:exe	Через два года я окончу университет.
00729108-n	rus:lemma	домашнее задание
00729108-n	rus:exe	После обеда Максим сделал домашнее задание.
03815615-n	rus:lemma	галстук
03815615-n	rus:exe	Моя девушка подарила мне этот галстук.
07596684-n	rus:lemma	сладость
07596684-n	rus:exe	Все девочки любят сладости.
05560787-n	rus:lemma	нога
05560787-n	rus:exe	У них длинные ноги.
05560787-n	rus:lemma	нога
05560787-n	rus:exe	У меня болит левая нога.
05563266-n	rus:lemma	нога
05563266-n	rus:exe	У них длинные ноги.
05563266-n	rus:lemma	нога
05563266-n	rus:exe	У меня болит левая нога.
15211189-n	rus:lemma	апрель
15211189-n	rus:exe	В апреле все любуются сакурой.
02310007-v	rus:lemma	отдавать
02310007-v	rus:exe	Он потом отдаст вам ручку.
02310007-v	rus:exe	Он всегда вовремя отдаёт долги.
01308381-v	rus:lemma	отдавать
01308381-v	rus:exe	Он потом отдаст вам ручку.
01308381-v	rus:exe	Он всегда вовремя отдаёт долги.
80001595-v	rus:lemma	отдавать
80001595-v	rus:exe	Он потом отдаст вам ручку.
80001595-v	rus:exe	Он всегда вовремя отдаёт долги.
10080869-n	rus:lemma	отец
10080869-n	rus:exe	Мой отец и моя мать живут там.
10080869-n	rus:lemma	отец
10080869-n	rus:exe	Мой отец и моя мать живут там.
02411224-a	rus:lemma	толстый
02411224-a	rus:exe	Тот мужчина толстый.
04446276-n	rus:lemma	туалет
04446276-n	rus:exe	Это мужской туалет, а это - женский.
04555291-n	rus:lemma	туалет
04555291-n	rus:exe	Это мужской туалет, а это - женский.
15212455-n	rus:lemma	август
15212455-n	rus:exe	Мой друг родился девятнадцатого августа.
00292937-a	rus:lemma	занятый
00292937-a	rus:exe	Вы не заняты?
00273082-a	rus:lemma	тёмный
00273082-a	rus:exe	Мальчик спит в тёмной комнате.
03291819-n	rus:lemma	конверт
03291819-n	rus:exe	Дайте мне, пожалуйста, два конверта.
80001545-n	rus:lemma	рядом
80001545-n	rus:exe	Рядом с книжным магазином находится универсам.
09215315-n	rus:lemma	под
09215315-n	rus:exe	Подарки лежат под ёлкой.
80001661-n	rus:lemma	под
80001661-n	rus:exe	Подарки лежат под ёлкой.
00523513-n	rus:lemma	спорт
00523513-n	rus:exe	Я очень люблю спорт.
03179701-n	rus:lemma	письменный стол
03179701-n	rus:exe	Письменный стол в кабинете.
04202417-n	rus:lemma	магазин
04202417-n	rus:exe	Я иду в магазин.
15237782-n	rus:lemma	зима
15237782-n	rus:exe	Наступила зима.
80001691-n	rus:lemma	на
80001691-n	rus:exe	Пепельница на столе.
08663354-n	rus:lemma	на
08663354-n	rus:exe	Пепельница на столе.
07575076-n	rus:lemma	обед
07575076-n	rus:exe	Тогда принесите после обеда.
15156001-n	rus:lemma	сегодня
15156001-n	rus:exe	Сегодня хорошая погода.
09604981-n	rus:lemma	сам
09604981-n	rus:exe	Я сам спрошу её.
07557434-n	rus:lemma	блюдо
07557434-n	rus:exe	Моё любимое блюдо - борщ.
02395115-a	rus:lemma	вкусно
02395115-a	rus:exe	Очень вкусно.
02396720-a	rus:lemma	вкусно
02396720-a	rus:exe	Очень вкусно.
